reform_id,reform_name,year,baseline_income,income_change,household_weight,household_id
bus_fare_cap,£2 bus fare cap,2026,61595.875,0.0,663.75446,183
bus_fare_cap,£2 bus fare cap,2026,44216.863,60.05078,2175.013,222
bus_fare_cap,£2 bus fare cap,2026,54952.812,0.0,702.3996,257
bus_fare_cap,£2 bus fare cap,2026,7648.653,0.0,4989.9497,321
bus_fare_cap,£2 bus fare cap,2026,52507.758,0.0,1931.6782,366
bus_fare_cap,£2 bus fare cap,2026,41685.48,0.0,37845.137,385
bus_fare_cap,£2 bus fare cap,2026,64939.32,0.0,7730.4873,507
bus_fare_cap,£2 bus fare cap,2026,47045.41,0.0,3858.7468,603
bus_fare_cap,£2 bus fare cap,2026,35584.426,0.0,1204.6614,621
bus_fare_cap,£2 bus fare cap,2026,32247.045,0.0,634.173,668
bus_fare_cap,£2 bus fare cap,2026,17006.973,0.0,714.5541,675
bus_fare_cap,£2 bus fare cap,2026,18250.973,54.904297,46616.04,769
bus_fare_cap,£2 bus fare cap,2026,34794.57,0.0,2216.8916,800
bus_fare_cap,£2 bus fare cap,2026,52727.203,0.0,22547.178,848
bus_fare_cap,£2 bus fare cap,2026,58210.26,0.0,27195.488,978
bus_fare_cap,£2 bus fare cap,2026,102592.99,0.0,23913.79,986
bus_fare_cap,£2 bus fare cap,2026,37918.41,0.0,2069.0198,1068
bus_fare_cap,£2 bus fare cap,2026,97709.266,59.734375,30859.734,1075
bus_fare_cap,£2 bus fare cap,2026,52665.016,0.0,41274.824,1116
bus_fare_cap,£2 bus fare cap,2026,43035.473,0.0,10918.962,1144
bus_fare_cap,£2 bus fare cap,2026,31557.416,0.0,5273.972,1151
bus_fare_cap,£2 bus fare cap,2026,48167.273,0.0,33633.742,1179
bus_fare_cap,£2 bus fare cap,2026,53426.03,0.0,204711.17,1243
bus_fare_cap,£2 bus fare cap,2026,50603.086,0.0,1917.9135,1293
bus_fare_cap,£2 bus fare cap,2026,31005.05,0.0,11526.386,1379
bus_fare_cap,£2 bus fare cap,2026,17533.033,29.751953,1205.126,1441
bus_fare_cap,£2 bus fare cap,2026,40733.867,0.0,18209.834,1445
bus_fare_cap,£2 bus fare cap,2026,90329.016,61.125,30974.266,1508
bus_fare_cap,£2 bus fare cap,2026,61764.574,0.0,5522.9023,1577
bus_fare_cap,£2 bus fare cap,2026,35624.062,3.7734375,1239.0973,1664
bus_fare_cap,£2 bus fare cap,2026,30744.992,0.0,328.64478,1803
bus_fare_cap,£2 bus fare cap,2026,47532.46,0.0,783.49634,1948
bus_fare_cap,£2 bus fare cap,2026,43374.61,79.33984,9503.147,2040
bus_fare_cap,£2 bus fare cap,2026,53097.06,0.0,5059.4546,2084
bus_fare_cap,£2 bus fare cap,2026,60275.977,66.0625,6757.096,2128
bus_fare_cap,£2 bus fare cap,2026,83366.68,0.0,94167.5,2156
bus_fare_cap,£2 bus fare cap,2026,93342.44,67.90625,48160.41,2176
bus_fare_cap,£2 bus fare cap,2026,63080.91,0.0,4606.9644,2199
bus_fare_cap,£2 bus fare cap,2026,13540.733,0.0,2636.9983,2307
bus_fare_cap,£2 bus fare cap,2026,56188.426,0.0,3861.434,2315
bus_fare_cap,£2 bus fare cap,2026,69788.82,80.625,1468.0137,2339
bus_fare_cap,£2 bus fare cap,2026,10738.05,0.0,1659.1023,2341
bus_fare_cap,£2 bus fare cap,2026,33845.055,0.0,311.43945,2412
bus_fare_cap,£2 bus fare cap,2026,11400.443,94.36621,45115.555,2465
bus_fare_cap,£2 bus fare cap,2026,65749.81,0.0,62247.5,2529
bus_fare_cap,£2 bus fare cap,2026,37322.117,0.0,1016.3172,2554
bus_fare_cap,£2 bus fare cap,2026,26849.06,0.0,4319.588,2624
bus_fare_cap,£2 bus fare cap,2026,55874.74,0.0,15248.75,2642
bus_fare_cap,£2 bus fare cap,2026,46887.277,0.0,3849.3733,2670
bus_fare_cap,£2 bus fare cap,2026,37498.215,0.0,31283.027,2694
bus_fare_cap,£2 bus fare cap,2026,54254.754,0.0,1261.2319,2703
bus_fare_cap,£2 bus fare cap,2026,55601.633,0.0,6159.4155,2722
bus_fare_cap,£2 bus fare cap,2026,42803.047,12.921875,3725.3357,2753
bus_fare_cap,£2 bus fare cap,2026,38373.05,0.0,50095.656,2892
bus_fare_cap,£2 bus fare cap,2026,22576.389,0.0,78885.375,2913
bus_fare_cap,£2 bus fare cap,2026,46282.293,0.0,4403.0117,2932
bus_fare_cap,£2 bus fare cap,2026,30022.818,0.0,1133.585,2960
bus_fare_cap,£2 bus fare cap,2026,60482.125,0.0,813.82196,2967
bus_fare_cap,£2 bus fare cap,2026,24592.055,0.0,5492.3906,3039
bus_fare_cap,£2 bus fare cap,2026,93677.13,171.5625,115.609764,3052
bus_fare_cap,£2 bus fare cap,2026,72932.336,35.609375,12558.571,3079
bus_fare_cap,£2 bus fare cap,2026,18255.89,0.0,5212.548,3094
bus_fare_cap,£2 bus fare cap,2026,55668.02,0.0,7765.3037,3107
bus_fare_cap,£2 bus fare cap,2026,40093.742,0.0,7983.033,3139
bus_fare_cap,£2 bus fare cap,2026,60994.395,0.0,830.50446,3284
bus_fare_cap,£2 bus fare cap,2026,54302.754,0.0,26034.9,3341
bus_fare_cap,£2 bus fare cap,2026,73048.99,0.0,169.47452,3344
bus_fare_cap,£2 bus fare cap,2026,64152.094,0.0,4692.375,3386
bus_fare_cap,£2 bus fare cap,2026,27020.867,0.0,882.26953,3399
bus_fare_cap,£2 bus fare cap,2026,11937.943,0.0,40026.61,3460
bus_fare_cap,£2 bus fare cap,2026,50528.797,0.0,75015.61,3520
bus_fare_cap,£2 bus fare cap,2026,64552.414,39.164062,12707.246,3562
bus_fare_cap,£2 bus fare cap,2026,65284.695,143.82031,47378.586,3577
bus_fare_cap,£2 bus fare cap,2026,125018.44,0.0,296.72733,3640
bus_fare_cap,£2 bus fare cap,2026,73497.42,11.953125,142.9268,3643
bus_fare_cap,£2 bus fare cap,2026,42431.19,0.0,787.07996,3645
bus_fare_cap,£2 bus fare cap,2026,23942.936,0.0,10140.389,3660
bus_fare_cap,£2 bus fare cap,2026,44667.004,24.667969,54673.453,3664
bus_fare_cap,£2 bus fare cap,2026,40038.88,0.0,137469.28,3711
bus_fare_cap,£2 bus fare cap,2026,38317.027,0.0,9412.422,3740
bus_fare_cap,£2 bus fare cap,2026,57271.75,0.0,22664.572,3747
bus_fare_cap,£2 bus fare cap,2026,30073.877,0.0,3359.1316,3751
bus_fare_cap,£2 bus fare cap,2026,34172.68,0.0,18607.344,3796
bus_fare_cap,£2 bus fare cap,2026,13802.516,0.0,2955.7554,3804
bus_fare_cap,£2 bus fare cap,2026,19776.51,0.0,4056.8774,3901
bus_fare_cap,£2 bus fare cap,2026,69537.41,13.2109375,4949.5713,3996
bus_fare_cap,£2 bus fare cap,2026,41361.164,0.0,3384.5176,4061
bus_fare_cap,£2 bus fare cap,2026,53789.582,0.0,454.75525,4098
bus_fare_cap,£2 bus fare cap,2026,47019.15,0.0,10673.34,4113
bus_fare_cap,£2 bus fare cap,2026,33273.48,0.0,10158.272,4115
bus_fare_cap,£2 bus fare cap,2026,22567.283,0.0,3988.5283,4189
bus_fare_cap,£2 bus fare cap,2026,105133.8,11.953125,2188.7153,4301
bus_fare_cap,£2 bus fare cap,2026,18774.656,0.0,3594.324,4336
bus_fare_cap,£2 bus fare cap,2026,75653.91,0.0,1093.2156,4443
bus_fare_cap,£2 bus fare cap,2026,79120.82,0.0,1478.0002,4450
bus_fare_cap,£2 bus fare cap,2026,48232.402,0.0,4846.5103,4497
bus_fare_cap,£2 bus fare cap,2026,20669.875,16.986328,1244.2167,4522
bus_fare_cap,£2 bus fare cap,2026,16411.191,132.23047,24117.852,4560
bus_fare_cap,£2 bus fare cap,2026,27845.137,0.0,443.37088,4634
bus_fare_cap,£2 bus fare cap,2026,71754.19,0.0,2459.0906,4712
bus_fare_cap,£2 bus fare cap,2026,33101.53,0.0,1904.8591,4721
bus_fare_cap,£2 bus fare cap,2026,82838.04,0.0,8412.747,4759
bus_fare_cap,£2 bus fare cap,2026,130037.95,2.15625,13266.36,4864
bus_fare_cap,£2 bus fare cap,2026,24814.34,0.0,7352.9805,4934
bus_fare_cap,£2 bus fare cap,2026,16575.217,113.24609,21295.94,4953
bus_fare_cap,£2 bus fare cap,2026,22736.203,0.0,18782.96,4970
bus_fare_cap,£2 bus fare cap,2026,25831.742,0.0,109475.664,5003
bus_fare_cap,£2 bus fare cap,2026,59464.72,0.0,4982.4136,5031
bus_fare_cap,£2 bus fare cap,2026,29026.81,78.23828,3583.8198,5038
bus_fare_cap,£2 bus fare cap,2026,24000.238,0.0,9418.976,5090
bus_fare_cap,£2 bus fare cap,2026,38665.523,67.94531,1559.618,5106
bus_fare_cap,£2 bus fare cap,2026,84795.79,10.859375,1571.9172,5108
bus_fare_cap,£2 bus fare cap,2026,32124.908,0.0,33736.58,5420
bus_fare_cap,£2 bus fare cap,2026,95669.12,0.0,438.8037,5436
bus_fare_cap,£2 bus fare cap,2026,46233.973,0.0,1068.7816,5475
bus_fare_cap,£2 bus fare cap,2026,38670.45,0.0,4047.2002,5706
bus_fare_cap,£2 bus fare cap,2026,15395.484,0.0,41591.79,5711
bus_fare_cap,£2 bus fare cap,2026,51084.516,0.0,4873.452,5716
bus_fare_cap,£2 bus fare cap,2026,34415.793,0.0,5578.864,5808
bus_fare_cap,£2 bus fare cap,2026,68353.055,0.0,81112.13,5813
bus_fare_cap,£2 bus fare cap,2026,49001.008,0.0,9421.224,5814
bus_fare_cap,£2 bus fare cap,2026,48313.805,0.0,336.23062,5845
bus_fare_cap,£2 bus fare cap,2026,100259.96,9.375,1566.3269,5905
bus_fare_cap,£2 bus fare cap,2026,63811.18,0.0,2068.71,5906
bus_fare_cap,£2 bus fare cap,2026,39370.043,0.0,283.22113,5966
bus_fare_cap,£2 bus fare cap,2026,63626.0,0.0,37063.598,5971
bus_fare_cap,£2 bus fare cap,2026,87117.5,0.0,69452.766,5972
bus_fare_cap,£2 bus fare cap,2026,31902.438,0.0,2864.6516,6127
bus_fare_cap,£2 bus fare cap,2026,51562.58,0.0,13312.591,6157
bus_fare_cap,£2 bus fare cap,2026,38595.22,0.0,24053.248,6196
bus_fare_cap,£2 bus fare cap,2026,22244.594,0.0,68221.25,6244
bus_fare_cap,£2 bus fare cap,2026,55237.133,0.0,46493.285,6249
bus_fare_cap,£2 bus fare cap,2026,9924.329,0.0,14340.748,6391
bus_fare_cap,£2 bus fare cap,2026,39247.8,0.0,25710.195,6458
bus_fare_cap,£2 bus fare cap,2026,35354.34,0.0,3040.0732,6462
bus_fare_cap,£2 bus fare cap,2026,43390.52,0.0,331.84073,6479
bus_fare_cap,£2 bus fare cap,2026,15166.802,70.38281,114704.96,6494
bus_fare_cap,£2 bus fare cap,2026,26953.55,0.0,8232.439,6533
bus_fare_cap,£2 bus fare cap,2026,61828.305,0.0,7488.72,6598
bus_fare_cap,£2 bus fare cap,2026,38363.082,0.0,1107.7172,6687
bus_fare_cap,£2 bus fare cap,2026,21056.268,0.0,1424.6663,6695
bus_fare_cap,£2 bus fare cap,2026,26610.934,15.099609,79307.05,6732
bus_fare_cap,£2 bus fare cap,2026,67082.99,0.0,216.6249,6753
bus_fare_cap,£2 bus fare cap,2026,31364.572,0.0,49591.543,6815
bus_fare_cap,£2 bus fare cap,2026,18100.854,0.0,19110.76,6864
bus_fare_cap,£2 bus fare cap,2026,31599.62,0.0,786.047,6904
bus_fare_cap,£2 bus fare cap,2026,14607.018,67.947266,21591.1,6912
bus_fare_cap,£2 bus fare cap,2026,21062.066,0.0,138696.06,6965
bus_fare_cap,£2 bus fare cap,2026,58857.758,7.8046875,46491.156,6975
bus_fare_cap,£2 bus fare cap,2026,72196.15,0.0,44264.47,6987
bus_fare_cap,£2 bus fare cap,2026,46477.71,0.0,1733.3953,7020
bus_fare_cap,£2 bus fare cap,2026,50639.16,5.484375,3218.1843,7036
bus_fare_cap,£2 bus fare cap,2026,40272.06,6.8867188,436.48062,7080
bus_fare_cap,£2 bus fare cap,2026,21476.736,37.01953,66575.3,7159
bus_fare_cap,£2 bus fare cap,2026,42325.227,0.0,4226.516,7163
bus_fare_cap,£2 bus fare cap,2026,50741.41,0.0,155354.19,7229
bus_fare_cap,£2 bus fare cap,2026,30272.271,0.0,3971.8435,7248
bus_fare_cap,£2 bus fare cap,2026,9434.684,0.0,25392.473,7428
bus_fare_cap,£2 bus fare cap,2026,40295.277,0.0,48391.254,7444
bus_fare_cap,£2 bus fare cap,2026,26376.865,0.0,11065.285,7459
bus_fare_cap,£2 bus fare cap,2026,97993.57,0.0,18849.0,7504
bus_fare_cap,£2 bus fare cap,2026,23217.898,5.6601562,43877.926,7539
bus_fare_cap,£2 bus fare cap,2026,45621.566,0.0,3031.3557,7624
bus_fare_cap,£2 bus fare cap,2026,90003.125,0.0,1338.762,7632
bus_fare_cap,£2 bus fare cap,2026,25054.04,0.0,371.76028,7743
bus_fare_cap,£2 bus fare cap,2026,26718.92,0.0,745.8145,7763
bus_fare_cap,£2 bus fare cap,2026,66085.03,0.0,6555.721,7908
bus_fare_cap,£2 bus fare cap,2026,12938.138,0.0,79648.28,8037
bus_fare_cap,£2 bus fare cap,2026,16437.543,0.0,7320.6284,8077
bus_fare_cap,£2 bus fare cap,2026,23097.104,0.0,1285.2063,8101
bus_fare_cap,£2 bus fare cap,2026,35080.434,0.0,76068.87,8228
bus_fare_cap,£2 bus fare cap,2026,60552.82,0.0,30898.637,8272
bus_fare_cap,£2 bus fare cap,2026,58287.36,0.0,7305.267,8342
bus_fare_cap,£2 bus fare cap,2026,37536.68,0.0,4065.5393,8392
bus_fare_cap,£2 bus fare cap,2026,61970.938,0.0,5432.5713,8468
bus_fare_cap,£2 bus fare cap,2026,20708.506,0.0,519.45197,8478
bus_fare_cap,£2 bus fare cap,2026,52567.52,0.0,1137.6483,8480
bus_fare_cap,£2 bus fare cap,2026,56922.348,0.0,79028.21,8511
bus_fare_cap,£2 bus fare cap,2026,35706.984,0.0,264801.1,8566
bus_fare_cap,£2 bus fare cap,2026,100923.125,0.0,433.4227,8595
bus_fare_cap,£2 bus fare cap,2026,59064.71,0.0,39128.742,8686
bus_fare_cap,£2 bus fare cap,2026,39897.266,22.648438,17060.041,8762
bus_fare_cap,£2 bus fare cap,2026,29085.137,0.0,52547.875,8782
bus_fare_cap,£2 bus fare cap,2026,106066.23,1.5,266.56357,8790
bus_fare_cap,£2 bus fare cap,2026,47554.68,0.0,5317.506,8879
bus_fare_cap,£2 bus fare cap,2026,47034.203,0.0,512.2654,8945
bus_fare_cap,£2 bus fare cap,2026,27656.656,0.0,13617.901,9118
bus_fare_cap,£2 bus fare cap,2026,93890.8,2.375,88919.9,9196
bus_fare_cap,£2 bus fare cap,2026,6816.9805,0.0,7159.8296,9288
bus_fare_cap,£2 bus fare cap,2026,91093.72,4.875,26026.904,9313
bus_fare_cap,£2 bus fare cap,2026,29116.447,0.0,39522.996,9395
bus_fare_cap,£2 bus fare cap,2026,15448.237,0.0,44908.465,9396
bus_fare_cap,£2 bus fare cap,2026,56145.1,45.398438,14354.898,9409
bus_fare_cap,£2 bus fare cap,2026,21276.629,0.0,8898.142,9418
bus_fare_cap,£2 bus fare cap,2026,51526.766,0.0,10267.381,9419
bus_fare_cap,£2 bus fare cap,2026,38850.78,0.0,59285.81,9497
bus_fare_cap,£2 bus fare cap,2026,87331.63,0.0,118820.445,9588
bus_fare_cap,£2 bus fare cap,2026,37724.895,0.0,11408.34,9652
bus_fare_cap,£2 bus fare cap,2026,45283.61,62.285156,182.27571,9664
bus_fare_cap,£2 bus fare cap,2026,31298.068,0.0,91330.266,9734
bus_fare_cap,£2 bus fare cap,2026,64816.09,0.0,9740.176,9744
bus_fare_cap,£2 bus fare cap,2026,56276.445,20.074219,20006.688,9754
bus_fare_cap,£2 bus fare cap,2026,18862.037,0.0,440.48132,9779
bus_fare_cap,£2 bus fare cap,2026,69153.55,0.0,306.15463,9782
bus_fare_cap,£2 bus fare cap,2026,62582.266,0.0,51258.637,9851
bus_fare_cap,£2 bus fare cap,2026,26807.014,0.0,94518.56,9876
bus_fare_cap,£2 bus fare cap,2026,109746.516,0.0,9974.923,9933
bus_fare_cap,£2 bus fare cap,2026,22730.69,0.0,821.25287,9962
bus_fare_cap,£2 bus fare cap,2026,27797.139,7.548828,42888.156,10072
bus_fare_cap,£2 bus fare cap,2026,46789.19,0.0,95551.64,10082
bus_fare_cap,£2 bus fare cap,2026,50667.65,523.3672,645.30133,10125
bus_fare_cap,£2 bus fare cap,2026,18568.291,39.164062,695.0125,10153
bus_fare_cap,£2 bus fare cap,2026,15405.363,67.94922,112182.95,10159
bus_fare_cap,£2 bus fare cap,2026,29496.477,61.70703,35566.15,10230
bus_fare_cap,£2 bus fare cap,2026,37147.38,0.0,10378.542,10231
bus_fare_cap,£2 bus fare cap,2026,84991.32,106.625,551.1143,10256
bus_fare_cap,£2 bus fare cap,2026,51121.836,0.0,16373.816,10325
bus_fare_cap,£2 bus fare cap,2026,27512.455,0.0,510.62442,10386
bus_fare_cap,£2 bus fare cap,2026,45809.945,0.0,7968.9683,10491
bus_fare_cap,£2 bus fare cap,2026,34009.145,0.0,313.6757,10530
bus_fare_cap,£2 bus fare cap,2026,41898.125,2.828125,453.9923,10535
bus_fare_cap,£2 bus fare cap,2026,58797.33,60.046875,2522.3894,10567
bus_fare_cap,£2 bus fare cap,2026,81264.46,73.46875,78614.26,10582
bus_fare_cap,£2 bus fare cap,2026,5369.4634,0.0,5015.5435,10629
bus_fare_cap,£2 bus fare cap,2026,19615.98,0.0,17485.684,10632
bus_fare_cap,£2 bus fare cap,2026,5810.1885,0.0,14384.87,10644
bus_fare_cap,£2 bus fare cap,2026,36372.812,0.0,119354.12,10646
bus_fare_cap,£2 bus fare cap,2026,18422.518,0.0,17386.412,10675
bus_fare_cap,£2 bus fare cap,2026,29012.213,0.0,14680.654,10682
bus_fare_cap,£2 bus fare cap,2026,53618.08,0.0,279.5879,10728
bus_fare_cap,£2 bus fare cap,2026,29885.799,0.0,3629.8535,10772
bus_fare_cap,£2 bus fare cap,2026,44955.246,0.0,1873.57,10821
bus_fare_cap,£2 bus fare cap,2026,51957.258,0.0,13863.605,10900
bus_fare_cap,£2 bus fare cap,2026,29730.979,0.0,1179.029,11037
bus_fare_cap,£2 bus fare cap,2026,36328.59,0.0,304.3075,11054
bus_fare_cap,£2 bus fare cap,2026,64590.918,0.0,832.9537,11137
bus_fare_cap,£2 bus fare cap,2026,60465.457,0.0,3949.0786,11199
bus_fare_cap,£2 bus fare cap,2026,100130.84,6.234375,472.50986,11260
bus_fare_cap,£2 bus fare cap,2026,42695.47,0.0,5624.043,11356
bus_fare_cap,£2 bus fare cap,2026,68101.195,0.0,114.63916,11384
bus_fare_cap,£2 bus fare cap,2026,117370.77,0.0,497.5694,11444
bus_fare_cap,£2 bus fare cap,2026,88889.08,0.0,5130.7573,11457
bus_fare_cap,£2 bus fare cap,2026,55089.242,0.0,227.77876,11560
bus_fare_cap,£2 bus fare cap,2026,67222.24,9.59375,749.8322,11599
bus_fare_cap,£2 bus fare cap,2026,130974.414,0.0,130570.84,11615
bus_fare_cap,£2 bus fare cap,2026,51114.348,41.523438,37272.66,11757
bus_fare_cap,£2 bus fare cap,2026,102969.63,0.0,4521.725,11834
bus_fare_cap,£2 bus fare cap,2026,27556.602,0.0,281.26135,11877
bus_fare_cap,£2 bus fare cap,2026,31871.951,0.0,6608.2866,11945
bus_fare_cap,£2 bus fare cap,2026,40565.746,0.0,1127.9462,11980
bus_fare_cap,£2 bus fare cap,2026,44593.406,0.0,3828.362,11992
bus_fare_cap,£2 bus fare cap,2026,51901.914,0.0,27442.586,11995
bus_fare_cap,£2 bus fare cap,2026,81123.25,0.0,45668.07,12162
bus_fare_cap,£2 bus fare cap,2026,63527.992,8.59375,14930.697,12275
bus_fare_cap,£2 bus fare cap,2026,120707.36,0.0,12904.98,12346
bus_fare_cap,£2 bus fare cap,2026,32682.562,81.609375,16284.652,12352
bus_fare_cap,£2 bus fare cap,2026,71922.67,0.0,715.5213,12362
bus_fare_cap,£2 bus fare cap,2026,72903.46,0.0,879.3156,12396
bus_fare_cap,£2 bus fare cap,2026,21747.61,0.0,25252.576,12404
bus_fare_cap,£2 bus fare cap,2026,103884.55,0.0,12078.52,12441
bus_fare_cap,£2 bus fare cap,2026,62224.49,39.671875,18730.54,12506
bus_fare_cap,£2 bus fare cap,2026,39397.16,0.0,9855.645,12512
bus_fare_cap,£2 bus fare cap,2026,131125.5,0.0,90374.92,12585
bus_fare_cap,£2 bus fare cap,2026,23842.871,0.0,2338.5903,12604
bus_fare_cap,£2 bus fare cap,2026,45500.223,49.339844,8777.994,12635
bus_fare_cap,£2 bus fare cap,2026,36508.348,0.0,521.99854,12716
bus_fare_cap,£2 bus fare cap,2026,19109.154,61.765625,13524.193,12785
bus_fare_cap,£2 bus fare cap,2026,133460.67,0.0,5573.788,12788
bus_fare_cap,£2 bus fare cap,2026,54205.27,0.0,5757.178,12821
bus_fare_cap,£2 bus fare cap,2026,45185.785,0.0,1013.0044,12972
bus_fare_cap,£2 bus fare cap,2026,61072.797,0.0,750.80475,12981
bus_fare_cap,£2 bus fare cap,2026,119811.53,8.609375,26163.611,12990
bus_fare_cap,£2 bus fare cap,2026,39081.81,0.0,15246.645,13041
bus_fare_cap,£2 bus fare cap,2026,39468.68,97.734375,86158.23,13118
bus_fare_cap,£2 bus fare cap,2026,117581.9,0.0,24520.12,13139
bus_fare_cap,£2 bus fare cap,2026,24816.133,113.24609,401.81705,13150
bus_fare_cap,£2 bus fare cap,2026,26173.236,0.0,2822.5073,13154
bus_fare_cap,£2 bus fare cap,2026,22289.918,0.0,5300.051,13196
bus_fare_cap,£2 bus fare cap,2026,65382.094,5.46875,34477.145,13209
bus_fare_cap,£2 bus fare cap,2026,105074.51,0.0,2814.3047,13287
bus_fare_cap,£2 bus fare cap,2026,112423.65,0.0,530.6424,13303
bus_fare_cap,£2 bus fare cap,2026,39097.066,0.0,12862.523,13339
bus_fare_cap,£2 bus fare cap,2026,112842.07,7.75,8869.071,13358
bus_fare_cap,£2 bus fare cap,2026,27321.072,0.0,2424.809,13417
bus_fare_cap,£2 bus fare cap,2026,59686.25,14.9296875,13408.6875,13419
bus_fare_cap,£2 bus fare cap,2026,21395.297,0.0,593.1883,13463
bus_fare_cap,£2 bus fare cap,2026,41819.566,35.601562,22010.535,13533
bus_fare_cap,£2 bus fare cap,2026,79598.72,1.5,26669.67,13627
bus_fare_cap,£2 bus fare cap,2026,42445.875,0.0,931.307,13735
bus_fare_cap,£2 bus fare cap,2026,6803.634,107.37012,327.9916,13784
bus_fare_cap,£2 bus fare cap,2026,13052.15,0.0,40444.387,13786
bus_fare_cap,£2 bus fare cap,2026,53623.035,0.0,70083.016,13843
bus_fare_cap,£2 bus fare cap,2026,21880.672,0.0,355.89853,13939
bus_fare_cap,£2 bus fare cap,2026,107728.24,8.609375,647.42377,13985
bus_fare_cap,£2 bus fare cap,2026,51089.875,0.0,140656.5,14066
bus_fare_cap,£2 bus fare cap,2026,25517.676,0.0,182.75111,14081
bus_fare_cap,£2 bus fare cap,2026,56181.43,2.7421875,3413.146,14086
bus_fare_cap,£2 bus fare cap,2026,38320.637,0.0,2342.3533,14123
bus_fare_cap,£2 bus fare cap,2026,30589.934,0.0,431.01,14161
bus_fare_cap,£2 bus fare cap,2026,84232.01,7.109375,37771.453,14219
bus_fare_cap,£2 bus fare cap,2026,69642.445,0.0,33361.207,14225
bus_fare_cap,£2 bus fare cap,2026,63546.42,0.0,4510.422,14298
bus_fare_cap,£2 bus fare cap,2026,76709.734,0.0,50435.305,14332
bus_fare_cap,£2 bus fare cap,2026,14661.58,0.0,9795.042,14424
bus_fare_cap,£2 bus fare cap,2026,40875.188,0.0,1777.9557,14458
bus_fare_cap,£2 bus fare cap,2026,56456.61,2.7421875,7787.283,14474
bus_fare_cap,£2 bus fare cap,2026,76157.79,0.0,1326.9979,14483
bus_fare_cap,£2 bus fare cap,2026,35963.504,0.0,1733.6395,14558
bus_fare_cap,£2 bus fare cap,2026,70198.38,0.0,1558.2562,14580
bus_fare_cap,£2 bus fare cap,2026,71121.42,0.0,456.124,14591
bus_fare_cap,£2 bus fare cap,2026,48399.82,0.0,67193.4,14660
bus_fare_cap,£2 bus fare cap,2026,64878.53,0.0,2940.6355,14674
bus_fare_cap,£2 bus fare cap,2026,3207.398,121.21045,821.41425,14686
bus_fare_cap,£2 bus fare cap,2026,64749.684,2.5703125,3922.92,14746
bus_fare_cap,£2 bus fare cap,2026,21599.412,0.0,329.07275,14757
bus_fare_cap,£2 bus fare cap,2026,5786.995,0.0,21414.94,14791
bus_fare_cap,£2 bus fare cap,2026,33191.285,67.94922,80495.195,14809
bus_fare_cap,£2 bus fare cap,2026,131704.16,13.84375,27976.45,14895
bus_fare_cap,£2 bus fare cap,2026,48960.438,0.0,5132.643,14910
bus_fare_cap,£2 bus fare cap,2026,36432.61,14.15625,137.36948,14961
bus_fare_cap,£2 bus fare cap,2026,75879.92,0.0,18781.006,14989
bus_fare_cap,£2 bus fare cap,2026,31139.873,67.94531,16601.332,15036
bus_fare_cap,£2 bus fare cap,2026,67805.93,0.0,256.2087,15072
bus_fare_cap,£2 bus fare cap,2026,68549.9,40.296875,6401.5444,15169
bus_fare_cap,£2 bus fare cap,2026,109370.8,8.625,404.4964,15182
bus_fare_cap,£2 bus fare cap,2026,33502.24,0.0,590.96216,15216
bus_fare_cap,£2 bus fare cap,2026,107959.63,0.0,5130.4155,15234
bus_fare_cap,£2 bus fare cap,2026,49330.67,5.9453125,317.9078,15322
bus_fare_cap,£2 bus fare cap,2026,101098.42,5.578125,1192.8608,15348
bus_fare_cap,£2 bus fare cap,2026,87204.15,0.0,11413.056,15394
bus_fare_cap,£2 bus fare cap,2026,58066.484,0.0,151174.28,15519
bus_fare_cap,£2 bus fare cap,2026,61088.188,22.21875,560.93634,15548
bus_fare_cap,£2 bus fare cap,2026,49297.53,65.4375,18980.312,15599
bus_fare_cap,£2 bus fare cap,2026,90988.31,0.0,5709.1787,15611
bus_fare_cap,£2 bus fare cap,2026,29893.531,0.0,11493.491,15633
bus_fare_cap,£2 bus fare cap,2026,84692.8,0.0,5806.2437,15642
bus_fare_cap,£2 bus fare cap,2026,72618.53,0.0,32601.586,15668
bus_fare_cap,£2 bus fare cap,2026,97905.86,3.765625,124114.86,15721
bus_fare_cap,£2 bus fare cap,2026,54847.49,22.34375,862.9561,15728
bus_fare_cap,£2 bus fare cap,2026,47245.15,0.0,23814.512,15740
bus_fare_cap,£2 bus fare cap,2026,39019.562,49.804688,24714.736,15945
bus_fare_cap,£2 bus fare cap,2026,28377.53,0.0,2343.44,15966
bus_fare_cap,£2 bus fare cap,2026,12522.507,0.0,1835.3478,15981
bus_fare_cap,£2 bus fare cap,2026,57035.375,0.0,389.9138,16003
bus_fare_cap,£2 bus fare cap,2026,26161.596,0.0,654.8686,16058
bus_fare_cap,£2 bus fare cap,2026,44519.934,0.0,11902.915,16180
bus_fare_cap,£2 bus fare cap,2026,45899.93,0.0,490.88718,16411
bus_fare_cap,£2 bus fare cap,2026,52824.824,0.0,215.73302,16439
bus_fare_cap,£2 bus fare cap,2026,101289.945,0.0,51361.17,16724
bus_fare_cap,£2 bus fare cap,2026,101659.35,0.0,402.4654,16845
bus_fare_cap,£2 bus fare cap,2026,3542.124,0.0,345.359,17074
bus_fare_cap,£2 bus fare cap,2026,34460.918,0.0,544.9004,17104
bus_fare_cap,£2 bus fare cap,2026,28887.465,79.33594,31915.123,17379
bus_fare_cap,£2 bus fare cap,2026,57701.17,103.5,860.2458,17740
bus_fare_cap,£2 bus fare cap,2026,57128.99,0.0,589.8951,17800
bus_fare_cap,£2 bus fare cap,2026,6915.2686,0.0,287.17422,17876
bus_fare_cap,£2 bus fare cap,2026,122348.09,2.5625,7416.062,17918
bus_fare_cap,£2 bus fare cap,2026,87590.69,12.015625,7989.248,17925
bus_fare_cap,£2 bus fare cap,2026,70703.05,51.101562,15205.29,17983
bus_fare_cap,£2 bus fare cap,2026,101472.766,67.90625,95477.76,18465
bus_fare_cap,£2 bus fare cap,2026,18483.594,33.058594,940.0187,18670
bus_fare_cap,£2 bus fare cap,2026,129471.84,0.0,44076.16,18686
bus_fare_cap,£2 bus fare cap,2026,17302.844,94.36719,22970.807,18754
bus_fare_cap,£2 bus fare cap,2026,31886.5,0.0,930.1046,18843
bus_fare_cap,£2 bus fare cap,2026,77765.92,0.0,12084.708,19014
bus_fare_cap,£2 bus fare cap,2026,11027.917,105.23242,582.7216,19199
bus_fare_cap,£2 bus fare cap,2026,104605.85,16.265625,526.3707,19212
bus_fare_cap,£2 bus fare cap,2026,61102.125,35.601562,3897.8972,19368
bus_fare_cap,£2 bus fare cap,2026,103630.39,11.15625,22.734783,19419
bus_fare_cap,£2 bus fare cap,2026,38112.555,0.0,1590.2798,19707
bus_fare_cap,£2 bus fare cap,2026,74008.43,0.0,939.2445,19725
bus_fare_cap,£2 bus fare cap,2026,26192.87,0.0,1608.2172,19809
bus_fare_cap,£2 bus fare cap,2026,47533.605,28.878906,9202.447,19932
bus_fare_cap,£2 bus fare cap,2026,16514.0,79.33594,3675.6475,19936
bus_fare_cap,£2 bus fare cap,2026,81549.86,3.875,7242.9497,19953
bus_fare_cap,£2 bus fare cap,2026,26284.04,0.0,325.45633,20000
bus_fare_cap,£2 bus fare cap,2026,31653.44,0.0,29441.25,20039
bus_fare_cap,£2 bus fare cap,2026,69214.28,0.0,3335.0688,20057
bus_fare_cap,£2 bus fare cap,2026,21167.234,0.0,1566.025,20120
bus_fare_cap,£2 bus fare cap,2026,54808.05,0.0,569.92676,20310
bus_fare_cap,£2 bus fare cap,2026,43737.54,0.0,269.30002,20323
bus_fare_cap,£2 bus fare cap,2026,98586.81,6.859375,6441.69,20383
bus_fare_cap,£2 bus fare cap,2026,29588.238,0.0,230.8097,20426
bus_fare_cap,£2 bus fare cap,2026,47292.188,125.25,764.85425,20457
bus_fare_cap,£2 bus fare cap,2026,90525.29,4.265625,16155.742,20555
bus_fare_cap,£2 bus fare cap,2026,21897.875,0.0,2455.5999,20642
bus_fare_cap,£2 bus fare cap,2026,66006.47,934.5781,192.2505,20692
bus_fare_cap,£2 bus fare cap,2026,85769.14,0.0,538.6465,20751
bus_fare_cap,£2 bus fare cap,2026,32746.094,0.0,38683.457,21263
bus_fare_cap,£2 bus fare cap,2026,18062.77,82.18359,458.5957,21304
bus_fare_cap,£2 bus fare cap,2026,75948.09,0.0,273.33133,21486
bus_fare_cap,£2 bus fare cap,2026,62126.71,0.0,967.7491,21759
bus_fare_cap,£2 bus fare cap,2026,70106.54,144.38281,305.0577,21763
bus_fare_cap,£2 bus fare cap,2026,37581.52,0.0,504.85037,21894
bus_fare_cap,£2 bus fare cap,2026,54527.266,0.0,283.7688,21905
bus_fare_cap,£2 bus fare cap,2026,103685.09,30.453125,5970.1816,21952
bus_fare_cap,£2 bus fare cap,2026,88091.14,106.625,1675.5438,22015
bus_fare_cap,£2 bus fare cap,2026,117151.76,25.53125,4164.003,22150
bus_fare_cap,£2 bus fare cap,2026,52030.508,109.390625,309.2119,22171
bus_fare_cap,£2 bus fare cap,2026,27391.326,0.0,1779.8701,22179
bus_fare_cap,£2 bus fare cap,2026,17848.7,0.0,394.49393,22197
bus_fare_cap,£2 bus fare cap,2026,18642.477,0.0,417.29037,22367
bus_fare_cap,£2 bus fare cap,2026,20017.83,0.0,625.5954,22485
bus_fare_cap,£2 bus fare cap,2026,16410.678,0.0,970.9635,23016
bus_fare_cap,£2 bus fare cap,2026,32429.062,64.79297,582.20233,23179
bus_fare_cap,£2 bus fare cap,2026,53495.242,128.67969,433.1425,23654
bus_fare_cap,£2 bus fare cap,2026,22469.16,0.0,3171.349,23867
bus_fare_cap,£2 bus fare cap,2026,26563.15,0.0,490.79578,23904
bus_fare_cap,£2 bus fare cap,2026,63959.83,0.0,45929.348,23972
bus_fare_cap,£2 bus fare cap,2026,43680.63,0.0,493.95914,23992
bus_fare_cap,£2 bus fare cap,2026,127335.5,0.0,11200.829,24109
bus_fare_cap,£2 bus fare cap,2026,67584.54,56.625,8145.2036,24110
bus_fare_cap,£2 bus fare cap,2026,54465.656,0.0,399.23676,24112
bus_fare_cap,£2 bus fare cap,2026,97152.875,0.0,239.22018,24169
bus_fare_cap,£2 bus fare cap,2026,87141.17,0.0,34896.156,24170
bus_fare_cap,£2 bus fare cap,2026,54982.387,0.0,9870.496,24189
bus_fare_cap,£2 bus fare cap,2026,29375.666,48.96875,6128.5137,24240
bus_fare_cap,£2 bus fare cap,2026,58104.32,57.007812,23990.031,24503
bus_fare_cap,£2 bus fare cap,2026,23296.125,0.0,369.73538,24527
bus_fare_cap,£2 bus fare cap,2026,63150.97,0.0,718.0804,25073
bus_fare_cap,£2 bus fare cap,2026,46903.08,0.0,476.8223,25564
bus_fare_cap,£2 bus fare cap,2026,21350.48,0.0,591.56555,25667
bus_fare_cap,£2 bus fare cap,2026,78514.3,0.0,2677.9958,25784
bus_fare_cap,£2 bus fare cap,2026,69340.484,0.0,185.77478,25858
bus_fare_cap,£2 bus fare cap,2026,25417.22,109.640625,39185.023,26003
bus_fare_cap,£2 bus fare cap,2026,16944.764,0.0,582.5834,26044
bus_fare_cap,£2 bus fare cap,2026,6465.451,0.0,12894.867,26272
bus_fare_cap,£2 bus fare cap,2026,28180.072,39.66797,5044.5137,26346
bus_fare_cap,£2 bus fare cap,2026,51009.785,0.0,309.9357,26408
bus_fare_cap,£2 bus fare cap,2026,1149.0247,79.33789,58547.043,26448
bus_fare_cap,£2 bus fare cap,2026,22904.86,0.0,655.14404,26726
bus_fare_cap,£2 bus fare cap,2026,62276.97,37.289062,2153.4133,26811
bus_fare_cap,£2 bus fare cap,2026,49527.816,5.4765625,30743.016,26832
bus_fare_cap,£2 bus fare cap,2026,23687.781,6.609375,2809.8538,27077
bus_fare_cap,£2 bus fare cap,2026,40028.52,0.0,370.228,27093
bus_fare_cap,£2 bus fare cap,2026,48821.508,14.9296875,2101.5012,27113
bus_fare_cap,£2 bus fare cap,2026,114610.99,0.0,1837.418,27254
bus_fare_cap,£2 bus fare cap,2026,29543.09,21.375,19511.436,27293
bus_fare_cap,£2 bus fare cap,2026,52512.227,109.390625,30344.648,27736
bus_fare_cap,£2 bus fare cap,2026,28704.701,0.0,530.12616,27751
bus_fare_cap,£2 bus fare cap,2026,56026.2,30.421875,124382.1,27767
bus_fare_cap,£2 bus fare cap,2026,49869.43,0.0,11469.32,27991
bus_fare_cap,£2 bus fare cap,2026,20590.13,0.0,483.36002,28026
bus_fare_cap,£2 bus fare cap,2026,117125.41,16.46875,24844.406,28725
bus_fare_cap,£2 bus fare cap,2026,53590.28,0.0,274.54657,28792
bus_fare_cap,£2 bus fare cap,2026,70738.99,0.0,752.32605,28899
bus_fare_cap,£2 bus fare cap,2026,44540.574,0.0,1580.5643,28941
bus_fare_cap,£2 bus fare cap,2026,16222.19,0.0,1738.809,29088
bus_fare_cap,£2 bus fare cap,2026,31301.648,0.0,658.7437,29189
bus_fare_cap,£2 bus fare cap,2026,88788.21,0.0,2277.0708,29333
bus_fare_cap,£2 bus fare cap,2026,25403.371,0.0,1105.9918,29745
bus_fare_cap,£2 bus fare cap,2026,111100.47,0.0,228.57877,29749
bus_fare_cap,£2 bus fare cap,2026,37867.406,14.328125,20652.871,30124
bus_fare_cap,£2 bus fare cap,2026,39699.016,0.0,443.20956,30238
bus_fare_cap,£2 bus fare cap,2026,70917.836,0.0,18958.299,30391
bus_fare_cap,£2 bus fare cap,2026,13175.265,0.0,43631.875,30913
bus_fare_cap,£2 bus fare cap,2026,79691.71,0.0,2745.2964,31066
bus_fare_cap,£2 bus fare cap,2026,21096.553,0.0,412.38977,31254
bus_fare_cap,£2 bus fare cap,2026,19819.855,0.0,7443.135,31538
bus_fare_cap,£2 bus fare cap,2026,44158.402,1.9179688,5529.197,31541
bus_fare_cap,£2 bus fare cap,2026,37629.71,0.0,80.04101,31546
bus_fare_cap,£2 bus fare cap,2026,128525.55,8.59375,12926.315,31691
bus_fare_cap,£2 bus fare cap,2026,128061.055,0.0,432.12747,31767
bus_fare_cap,£2 bus fare cap,2026,84798.57,0.0,201.36993,31806
bus_fare_cap,£2 bus fare cap,2026,40624.656,100.046875,26410.275,31886
bus_fare_cap,£2 bus fare cap,2026,99939.82,0.0,40528.54,31943
bus_fare_cap,£2 bus fare cap,2026,44143.445,0.0,398.22314,32163
bus_fare_cap,£2 bus fare cap,2026,69569.23,0.0,3142.5305,32168
bus_fare_cap,£2 bus fare cap,2026,44854.03,35.601562,1192.481,32172
bus_fare_cap,£2 bus fare cap,2026,63352.473,0.0,297.4388,32174
bus_fare_cap,£2 bus fare cap,2026,32129.21,0.0,295.7604,32254
bus_fare_cap,£2 bus fare cap,2026,57642.457,0.0,12899.222,32331
bus_fare_cap,£2 bus fare cap,2026,77488.445,0.0,1272.5336,32475
bus_fare_cap,£2 bus fare cap,2026,53937.95,0.0,23.487137,33814
bus_fare_cap,£2 bus fare cap,2026,43782.57,0.0,37.514545,41944
bus_fare_cap,£2 bus fare cap,2026,94106.734,0.0,60.990444,41950
bus_fare_cap,£2 bus fare cap,2026,21768.621,0.0,14.553328,46185
bus_fare_cap,£2 bus fare cap,2026,117142.12,0.0,196.69351,49121
bus_fare_cap,£2 bus fare cap,2026,47646.34,0.0,526.6629,49812
bus_fare_cap,£2 bus fare cap,2026,43909.96,0.0,3280.7253,50537
bus_fare_cap,£2 bus fare cap,2026,7187.666,0.0,8262.948,51580
bus_fare_cap,£2 bus fare cap,2026,54885.133,0.0,106.873764,51640
bus_fare_cap,£2 bus fare cap,2026,28243.459,0.0,547.3525,52783
bus_fare_cap,£2 bus fare cap,2026,23369.094,0.0,395.80518,54403
bus_fare_cap,£2 bus fare cap,2026,61183.273,109.39844,142.44048,54749
bus_fare_cap,£2 bus fare cap,2026,120486.914,0.0,909.8094,54824
bus_fare_cap,£2 bus fare cap,2026,71328.336,106.640625,200.21541,55334
bus_fare_cap,£2 bus fare cap,2026,16651.787,0.0,5355.3013,55805
bus_fare_cap,£2 bus fare cap,2026,9388.467,168.59375,283.3876,56245
bus_fare_cap,£2 bus fare cap,2026,88448.34,0.0,14934.876,57181
bus_fare_cap,£2 bus fare cap,2026,137310.06,0.0,17.079592,58496
bus_fare_cap,£2 bus fare cap,2026,4308.907,0.0,3658.6865,58677
bus_fare_cap,£2 bus fare cap,2026,14685.105,0.0,280.27002,58702
bus_fare_cap,£2 bus fare cap,2026,26540.52,0.0,267.32553,60626
bus_fare_cap,£2 bus fare cap,2026,52951.85,47.96875,767.7883,62259
bus_fare_cap,£2 bus fare cap,2026,97478.3,0.0,98.431656,62593
bus_fare_cap,£2 bus fare cap,2026,72846.04,0.0,2871.5784,62794
bus_fare_cap,£2 bus fare cap,2026,105027.75,1.140625,125.81081,63791
bus_fare_cap,£2 bus fare cap,2026,56016.75,15.0703125,19175.662,64098
bus_fare_cap,£2 bus fare cap,2026,47619.816,0.0,1811.7172,64774
bus_fare_cap,£2 bus fare cap,2027,62355.406,0.0,666.2104,183
bus_fare_cap,£2 bus fare cap,2027,44885.945,61.253906,2183.0605,222
bus_fare_cap,£2 bus fare cap,2027,55948.688,0.0,704.9985,257
bus_fare_cap,£2 bus fare cap,2027,7701.9873,0.0,5008.4126,321
bus_fare_cap,£2 bus fare cap,2027,53402.63,0.0,1938.8254,366
bus_fare_cap,£2 bus fare cap,2027,42578.61,0.0,37985.164,385
bus_fare_cap,£2 bus fare cap,2027,66118.17,0.0,7759.0903,507
bus_fare_cap,£2 bus fare cap,2027,47934.8,0.0,3873.0242,603
bus_fare_cap,£2 bus fare cap,2027,36126.69,0.0,1209.1187,621
bus_fare_cap,£2 bus fare cap,2027,32837.3,0.0,636.5194,668
bus_fare_cap,£2 bus fare cap,2027,17295.77,0.0,717.19794,675
bus_fare_cap,£2 bus fare cap,2027,18544.035,56.0,46788.52,769
bus_fare_cap,£2 bus fare cap,2027,35500.23,0.0,2225.0942,800
bus_fare_cap,£2 bus fare cap,2027,53478.22,0.0,22630.604,848
bus_fare_cap,£2 bus fare cap,2027,59274.02,0.0,27296.111,978
bus_fare_cap,£2 bus fare cap,2027,104585.85,0.0,24002.271,986
bus_fare_cap,£2 bus fare cap,2027,38829.566,0.0,2076.6753,1068
bus_fare_cap,£2 bus fare cap,2027,98801.83,60.9375,30973.916,1075
bus_fare_cap,£2 bus fare cap,2027,53720.38,0.0,41427.543,1116
bus_fare_cap,£2 bus fare cap,2027,43912.984,0.0,10959.362,1144
bus_fare_cap,£2 bus fare cap,2027,32256.6,0.0,5293.486,1151
bus_fare_cap,£2 bus fare cap,2027,49032.277,0.0,33758.188,1179
bus_fare_cap,£2 bus fare cap,2027,54329.85,0.0,205468.61,1243
bus_fare_cap,£2 bus fare cap,2027,51643.926,0.0,1925.0098,1293
bus_fare_cap,£2 bus fare cap,2027,31532.982,0.0,11569.033,1379
bus_fare_cap,£2 bus fare cap,2027,17761.332,30.345703,1209.585,1441
bus_fare_cap,£2 bus fare cap,2027,41509.855,0.0,18277.21,1445
bus_fare_cap,£2 bus fare cap,2027,92091.34,62.359375,31088.871,1508
bus_fare_cap,£2 bus fare cap,2027,62879.992,0.0,5543.3374,1577
bus_fare_cap,£2 bus fare cap,2027,36430.758,3.8476562,1243.682,1664
bus_fare_cap,£2 bus fare cap,2027,31266.715,0.0,329.86078,1803
bus_fare_cap,£2 bus fare cap,2027,48592.047,0.0,786.39526,1948
bus_fare_cap,£2 bus fare cap,2027,43831.664,80.921875,9538.31,2040
bus_fare_cap,£2 bus fare cap,2027,54310.63,0.0,5078.175,2084
bus_fare_cap,£2 bus fare cap,2027,61305.51,67.375,6782.0977,2128
bus_fare_cap,£2 bus fare cap,2027,84624.59,0.0,94515.92,2156
bus_fare_cap,£2 bus fare cap,2027,94909.35,69.265625,48338.605,2176
bus_fare_cap,£2 bus fare cap,2027,64553.375,0.0,4624.0103,2199
bus_fare_cap,£2 bus fare cap,2027,13797.151,0.0,2646.7551,2307
bus_fare_cap,£2 bus fare cap,2027,57499.414,0.0,3875.7214,2315
bus_fare_cap,£2 bus fare cap,2027,70758.9,82.234375,1473.4453,2339
bus_fare_cap,£2 bus fare cap,2027,10946.4,0.0,1665.241,2341
bus_fare_cap,£2 bus fare cap,2027,34369.645,0.0,312.5918,2412
bus_fare_cap,£2 bus fare cap,2027,11455.677,96.25391,45282.484,2465
bus_fare_cap,£2 bus fare cap,2027,66969.11,0.0,62477.816,2529
bus_fare_cap,£2 bus fare cap,2027,38319.836,0.0,1020.0776,2554
bus_fare_cap,£2 bus fare cap,2027,27126.803,0.0,4335.5703,2624
bus_fare_cap,£2 bus fare cap,2027,56797.73,0.0,15305.171,2642
bus_fare_cap,£2 bus fare cap,2027,47860.914,0.0,3863.616,2670
bus_fare_cap,£2 bus fare cap,2027,37978.44,0.0,31398.775,2694
bus_fare_cap,£2 bus fare cap,2027,55038.223,0.0,1265.8986,2703
bus_fare_cap,£2 bus fare cap,2027,56622.45,0.0,6182.2056,2722
bus_fare_cap,£2 bus fare cap,2027,43395.477,13.1796875,3739.1194,2753
bus_fare_cap,£2 bus fare cap,2027,39089.34,0.0,50281.01,2892
bus_fare_cap,£2 bus fare cap,2027,23059.082,0.0,79177.25,2913
bus_fare_cap,£2 bus fare cap,2027,47396.176,0.0,4419.3027,2932
bus_fare_cap,£2 bus fare cap,2027,30534.217,0.0,1137.7793,2960
bus_fare_cap,£2 bus fare cap,2027,61640.234,0.0,816.8331,2967
bus_fare_cap,£2 bus fare cap,2027,24859.535,0.0,5512.7124,3039
bus_fare_cap,£2 bus fare cap,2027,94885.65,175.0,116.03752,3052
bus_fare_cap,£2 bus fare cap,2027,74247.195,36.320312,12605.038,3079
bus_fare_cap,£2 bus fare cap,2027,18522.648,0.0,5231.8345,3094
bus_fare_cap,£2 bus fare cap,2027,56700.42,0.0,7794.0356,3107
bus_fare_cap,£2 bus fare cap,2027,40962.258,0.0,8012.571,3139
bus_fare_cap,£2 bus fare cap,2027,62285.082,0.0,833.57733,3284
bus_fare_cap,£2 bus fare cap,2027,55264.11,0.0,26131.23,3341
bus_fare_cap,£2 bus fare cap,2027,74308.15,0.0,170.10158,3344
bus_fare_cap,£2 bus fare cap,2027,65468.004,0.0,4709.737,3386
bus_fare_cap,£2 bus fare cap,2027,27538.027,0.0,885.53394,3399
bus_fare_cap,£2 bus fare cap,2027,11946.671,0.0,40174.707,3460
bus_fare_cap,£2 bus fare cap,2027,51581.383,0.0,75293.17,3520
bus_fare_cap,£2 bus fare cap,2027,65456.18,39.945312,12754.263,3562
bus_fare_cap,£2 bus fare cap,2027,66434.38,146.69531,47553.887,3577
bus_fare_cap,£2 bus fare cap,2027,127250.63,0.0,297.82523,3640
bus_fare_cap,£2 bus fare cap,2027,74570.66,12.1875,143.45564,3643
bus_fare_cap,£2 bus fare cap,2027,43251.56,0.0,789.9922,3645
bus_fare_cap,£2 bus fare cap,2027,24378.06,0.0,10177.908,3660
bus_fare_cap,£2 bus fare cap,2027,45324.812,25.160156,54875.746,3664
bus_fare_cap,£2 bus fare cap,2027,40915.016,0.0,137977.92,3711
bus_fare_cap,£2 bus fare cap,2027,38958.355,0.0,9447.248,3740
bus_fare_cap,£2 bus fare cap,2027,58130.598,0.0,22748.432,3747
bus_fare_cap,£2 bus fare cap,2027,30794.402,0.0,3371.5605,3751
bus_fare_cap,£2 bus fare cap,2027,34713.78,0.0,18676.191,3796
bus_fare_cap,£2 bus fare cap,2027,14060.083,0.0,2966.6917,3804
bus_fare_cap,£2 bus fare cap,2027,20061.18,0.0,4071.888,3901
bus_fare_cap,£2 bus fare cap,2027,70495.586,13.46875,4967.885,3996
bus_fare_cap,£2 bus fare cap,2027,41486.023,0.0,3397.0403,4061
bus_fare_cap,£2 bus fare cap,2027,55042.254,0.0,456.43787,4098
bus_fare_cap,£2 bus fare cap,2027,47888.965,0.0,10712.831,4113
bus_fare_cap,£2 bus fare cap,2027,33500.2,0.0,10195.858,4115
bus_fare_cap,£2 bus fare cap,2027,23081.44,0.0,4003.286,4189
bus_fare_cap,£2 bus fare cap,2027,104982.37,12.1875,2196.8137,4301
bus_fare_cap,£2 bus fare cap,2027,18930.168,0.0,3607.623,4336
bus_fare_cap,£2 bus fare cap,2027,76831.39,0.0,1097.2605,4443
bus_fare_cap,£2 bus fare cap,2027,80453.62,0.0,1483.4689,4450
bus_fare_cap,£2 bus fare cap,2027,48903.17,0.0,4864.4424,4497
bus_fare_cap,£2 bus fare cap,2027,20999.957,17.326172,1248.8203,4522
bus_fare_cap,£2 bus fare cap,2027,18143.674,134.87305,24207.088,4560
bus_fare_cap,£2 bus fare cap,2027,28152.078,0.0,445.01135,4634
bus_fare_cap,£2 bus fare cap,2027,73518.43,0.0,2468.1892,4712
bus_fare_cap,£2 bus fare cap,2027,32761.77,0.0,1911.9071,4721
bus_fare_cap,£2 bus fare cap,2027,84857.2,0.0,8443.874,4759
bus_fare_cap,£2 bus fare cap,2027,132329.23,2.1875,13315.446,4864
bus_fare_cap,£2 bus fare cap,2027,25370.533,0.0,7380.1865,4934
bus_fare_cap,£2 bus fare cap,2027,16186.981,115.51172,21374.734,4953
bus_fare_cap,£2 bus fare cap,2027,23217.0,0.0,18852.459,4970
bus_fare_cap,£2 bus fare cap,2027,26556.37,0.0,109880.73,5003
bus_fare_cap,£2 bus fare cap,2027,60735.207,0.0,5000.8486,5031
bus_fare_cap,£2 bus fare cap,2027,29424.902,79.80469,3597.08,5038
bus_fare_cap,£2 bus fare cap,2027,24409.979,0.0,9453.826,5090
bus_fare_cap,£2 bus fare cap,2027,39237.938,69.30859,1565.3887,5106
bus_fare_cap,£2 bus fare cap,2027,86150.35,11.0625,1577.7334,5108
bus_fare_cap,£2 bus fare cap,2027,32674.613,0.0,33861.402,5420
bus_fare_cap,£2 bus fare cap,2027,97045.64,0.0,440.4273,5436
bus_fare_cap,£2 bus fare cap,2027,47110.453,0.0,1072.7361,5475
bus_fare_cap,£2 bus fare cap,2027,39455.227,0.0,4062.1748,5706
bus_fare_cap,£2 bus fare cap,2027,15748.31,0.0,41745.68,5711
bus_fare_cap,£2 bus fare cap,2027,51302.77,0.0,4891.484,5716
bus_fare_cap,£2 bus fare cap,2027,35335.85,0.0,5599.506,5808
bus_fare_cap,£2 bus fare cap,2027,69476.086,0.0,81412.25,5813
bus_fare_cap,£2 bus fare cap,2027,49723.17,0.0,9456.082,5814
bus_fare_cap,£2 bus fare cap,2027,49465.71,0.0,337.47467,5845
bus_fare_cap,£2 bus fare cap,2027,101990.1,9.546875,1572.1223,5905
bus_fare_cap,£2 bus fare cap,2027,64401.133,0.0,2076.3643,5906
bus_fare_cap,£2 bus fare cap,2027,40172.73,0.0,284.26904,5966
bus_fare_cap,£2 bus fare cap,2027,65042.46,0.0,37200.734,5971
bus_fare_cap,£2 bus fare cap,2027,88803.09,0.0,69709.74,5972
bus_fare_cap,£2 bus fare cap,2027,32584.494,0.0,2875.251,6127
bus_fare_cap,£2 bus fare cap,2027,52413.24,0.0,13361.848,6157
bus_fare_cap,£2 bus fare cap,2027,39035.41,0.0,24142.246,6196
bus_fare_cap,£2 bus fare cap,2027,22691.184,0.0,68473.67,6244
bus_fare_cap,£2 bus fare cap,2027,55955.977,0.0,46665.312,6249
bus_fare_cap,£2 bus fare cap,2027,10133.435,0.0,14393.809,6391
bus_fare_cap,£2 bus fare cap,2027,39939.637,0.0,25805.324,6458
bus_fare_cap,£2 bus fare cap,2027,36063.918,0.0,3051.3215,6462
bus_fare_cap,£2 bus fare cap,2027,44228.86,0.0,333.06854,6479
bus_fare_cap,£2 bus fare cap,2027,14780.089,71.79297,115129.375,6494
bus_fare_cap,£2 bus fare cap,2027,27207.422,0.0,8262.899,6533
bus_fare_cap,£2 bus fare cap,2027,62917.18,0.0,7516.4287,6598
bus_fare_cap,£2 bus fare cap,2027,39155.45,0.0,1111.8158,6687
bus_fare_cap,£2 bus fare cap,2027,21365.367,0.0,1429.9375,6695
bus_fare_cap,£2 bus fare cap,2027,29020.594,15.400391,79600.484,6732
bus_fare_cap,£2 bus fare cap,2027,68512.15,0.0,217.4264,6753
bus_fare_cap,£2 bus fare cap,2027,31927.848,0.0,49775.03,6815
bus_fare_cap,£2 bus fare cap,2027,18429.32,0.0,19181.47,6864
bus_fare_cap,£2 bus fare cap,2027,32275.54,0.0,788.9554,6904
bus_fare_cap,£2 bus fare cap,2027,14600.243,69.30664,21670.986,6912
bus_fare_cap,£2 bus fare cap,2027,21408.393,0.0,139209.23,6965
bus_fare_cap,£2 bus fare cap,2027,59868.125,7.9609375,46663.176,6975
bus_fare_cap,£2 bus fare cap,2027,73503.73,0.0,44428.25,6987
bus_fare_cap,£2 bus fare cap,2027,47417.676,0.0,1739.8088,7020
bus_fare_cap,£2 bus fare cap,2027,51397.93,5.59375,3230.0916,7036
bus_fare_cap,£2 bus fare cap,2027,41323.64,7.0273438,438.0956,7080
bus_fare_cap,£2 bus fare cap,2027,21339.027,37.757812,66821.625,7159
bus_fare_cap,£2 bus fare cap,2027,43074.863,0.0,4242.1543,7163
bus_fare_cap,£2 bus fare cap,2027,51610.457,0.0,155929.0,7229
bus_fare_cap,£2 bus fare cap,2027,30250.938,0.0,3986.5393,7248
bus_fare_cap,£2 bus fare cap,2027,9531.893,0.0,25486.426,7428
bus_fare_cap,£2 bus fare cap,2027,41051.082,0.0,48570.3,7444
bus_fare_cap,£2 bus fare cap,2027,26999.494,0.0,11106.227,7459
bus_fare_cap,£2 bus fare cap,2027,99652.17,0.0,18918.742,7504
bus_fare_cap,£2 bus fare cap,2027,23560.215,5.7773438,44040.273,7539
bus_fare_cap,£2 bus fare cap,2027,46212.883,0.0,3042.5718,7624
bus_fare_cap,£2 bus fare cap,2027,91341.31,0.0,1343.7155,7632
bus_fare_cap,£2 bus fare cap,2027,25579.84,0.0,373.1358,7743
bus_fare_cap,£2 bus fare cap,2027,27163.414,0.0,748.57404,7763
bus_fare_cap,£2 bus fare cap,2027,67237.84,0.0,6579.9775,7908
bus_fare_cap,£2 bus fare cap,2027,13152.654,0.0,79942.984,8037
bus_fare_cap,£2 bus fare cap,2027,16771.262,0.0,7347.715,8077
bus_fare_cap,£2 bus fare cap,2027,23552.05,0.0,1289.9615,8101
bus_fare_cap,£2 bus fare cap,2027,35936.125,0.0,76350.32,8228
bus_fare_cap,£2 bus fare cap,2027,61880.074,0.0,31012.963,8272
bus_fare_cap,£2 bus fare cap,2027,59721.48,0.0,7332.297,8342
bus_fare_cap,£2 bus fare cap,2027,38273.465,0.0,4080.5818,8392
bus_fare_cap,£2 bus fare cap,2027,63193.285,0.0,5452.672,8468
bus_fare_cap,£2 bus fare cap,2027,21006.012,0.0,521.37396,8478
bus_fare_cap,£2 bus fare cap,2027,53762.273,0.0,1141.8577,8480
bus_fare_cap,£2 bus fare cap,2027,57726.68,0.0,79320.62,8511
bus_fare_cap,£2 bus fare cap,2027,36176.418,0.0,265780.88,8566
bus_fare_cap,£2 bus fare cap,2027,104120.34,0.0,435.02637,8595
bus_fare_cap,£2 bus fare cap,2027,59959.156,0.0,39273.52,8686
bus_fare_cap,£2 bus fare cap,2027,40578.156,23.101562,17123.164,8762
bus_fare_cap,£2 bus fare cap,2027,29496.127,0.0,52742.305,8782
bus_fare_cap,£2 bus fare cap,2027,110890.11,1.53125,267.54987,8790
bus_fare_cap,£2 bus fare cap,2027,48469.777,0.0,5337.1807,8879
bus_fare_cap,£2 bus fare cap,2027,47807.438,0.0,514.16077,8945
bus_fare_cap,£2 bus fare cap,2027,28297.965,0.0,13668.288,9118
bus_fare_cap,£2 bus fare cap,2027,95342.625,2.40625,89248.91,9196
bus_fare_cap,£2 bus fare cap,2027,6874.145,0.0,7186.3213,9288
bus_fare_cap,£2 bus fare cap,2027,92898.7,4.953125,26123.205,9313
bus_fare_cap,£2 bus fare cap,2027,29681.818,0.0,39669.23,9395
bus_fare_cap,£2 bus fare cap,2027,15800.6875,0.0,45074.63,9396
bus_fare_cap,£2 bus fare cap,2027,57349.926,46.304688,14408.012,9409
bus_fare_cap,£2 bus fare cap,2027,21658.602,0.0,8931.064,9418
bus_fare_cap,£2 bus fare cap,2027,52650.91,0.0,10305.37,9419
bus_fare_cap,£2 bus fare cap,2027,39512.39,0.0,59505.168,9497
bus_fare_cap,£2 bus fare cap,2027,89711.48,0.0,119260.086,9588
bus_fare_cap,£2 bus fare cap,2027,38104.68,0.0,11450.551,9652
bus_fare_cap,£2 bus fare cap,2027,45950.953,63.53125,182.95013,9664
bus_fare_cap,£2 bus fare cap,2027,31994.94,0.0,91668.19,9734
bus_fare_cap,£2 bus fare cap,2027,65494.13,0.0,9776.215,9744
bus_fare_cap,£2 bus fare cap,2027,57415.934,20.476562,20080.713,9754
bus_fare_cap,£2 bus fare cap,2027,19200.533,0.0,442.1111,9779
bus_fare_cap,£2 bus fare cap,2027,70254.91,0.0,307.2874,9782
bus_fare_cap,£2 bus fare cap,2027,63714.44,0.0,51448.293,9851
bus_fare_cap,£2 bus fare cap,2027,27399.55,0.0,94868.28,9876
bus_fare_cap,£2 bus fare cap,2027,112222.31,0.0,10011.83,9933
bus_fare_cap,£2 bus fare cap,2027,23166.61,0.0,824.2915,9962
bus_fare_cap,£2 bus fare cap,2027,28191.682,7.701172,43046.844,10072
bus_fare_cap,£2 bus fare cap,2027,47960.75,0.0,95905.18,10082
bus_fare_cap,£2 bus fare cap,2027,54010.902,533.83594,647.68896,10125
bus_fare_cap,£2 bus fare cap,2027,18842.23,39.94922,697.58405,10153
bus_fare_cap,£2 bus fare cap,2027,15020.064,69.30859,112598.03,10159
bus_fare_cap,£2 bus fare cap,2027,29868.172,62.945312,35697.742,10230
bus_fare_cap,£2 bus fare cap,2027,37279.125,0.0,10416.942,10231
bus_fare_cap,£2 bus fare cap,2027,86454.22,108.75,553.15344,10256
bus_fare_cap,£2 bus fare cap,2027,52212.133,0.0,16434.4,10325
bus_fare_cap,£2 bus fare cap,2027,28099.61,0.0,512.51373,10386
bus_fare_cap,£2 bus fare cap,2027,46752.44,0.0,7998.4536,10491
bus_fare_cap,£2 bus fare cap,2027,34581.22,0.0,314.8363,10530
bus_fare_cap,£2 bus fare cap,2027,42746.074,2.8828125,455.6721,10535
bus_fare_cap,£2 bus fare cap,2027,59771.004,61.25,2531.7224,10567
bus_fare_cap,£2 bus fare cap,2027,82775.445,74.9375,78905.13,10582
bus_fare_cap,£2 bus fare cap,2027,5430.5537,0.0,5034.101,10629
bus_fare_cap,£2 bus fare cap,2027,19884.178,0.0,17550.38,10632
bus_fare_cap,£2 bus fare cap,2027,5819.9033,0.0,14438.095,10644
bus_fare_cap,£2 bus fare cap,2027,37377.137,0.0,119795.73,10646
bus_fare_cap,£2 bus fare cap,2027,18556.064,0.0,17450.742,10675
bus_fare_cap,£2 bus fare cap,2027,29552.438,0.0,14734.973,10682
bus_fare_cap,£2 bus fare cap,2027,54725.918,0.0,280.62238,10728
bus_fare_cap,£2 bus fare cap,2027,30320.113,0.0,3643.284,10772
bus_fare_cap,£2 bus fare cap,2027,45809.2,0.0,1880.5022,10821
bus_fare_cap,£2 bus fare cap,2027,52941.555,0.0,13914.901,10900
bus_fare_cap,£2 bus fare cap,2027,30242.484,0.0,1183.3915,11037
bus_fare_cap,£2 bus fare cap,2027,36971.965,0.0,305.43344,11054
bus_fare_cap,£2 bus fare cap,2027,66218.305,0.0,836.03564,11137
bus_fare_cap,£2 bus fare cap,2027,61577.99,0.0,3963.6902,11199
bus_fare_cap,£2 bus fare cap,2027,101228.5,6.375,474.25815,11260
bus_fare_cap,£2 bus fare cap,2027,43911.883,0.0,5644.852,11356
bus_fare_cap,£2 bus fare cap,2027,69357.59,0.0,115.063324,11384
bus_fare_cap,£2 bus fare cap,2027,119286.44,0.0,499.4104,11444
bus_fare_cap,£2 bus fare cap,2027,90305.6,0.0,5149.741,11457
bus_fare_cap,£2 bus fare cap,2027,56126.96,0.0,228.62155,11560
bus_fare_cap,£2 bus fare cap,2027,68346.47,9.7890625,752.6066,11599
bus_fare_cap,£2 bus fare cap,2027,133206.19,0.0,131053.96,11615
bus_fare_cap,£2 bus fare cap,2027,52049.164,42.351562,37410.57,11757
bus_fare_cap,£2 bus fare cap,2027,104837.48,0.0,4538.4556,11834
bus_fare_cap,£2 bus fare cap,2027,28073.756,0.0,282.30203,11877
bus_fare_cap,£2 bus fare cap,2027,31801.299,0.0,6632.7373,11945
bus_fare_cap,£2 bus fare cap,2027,41819.87,0.0,1132.1196,11980
bus_fare_cap,£2 bus fare cap,2027,45298.832,0.0,3842.527,11992
bus_fare_cap,£2 bus fare cap,2027,53058.457,0.0,27544.123,11995
bus_fare_cap,£2 bus fare cap,2027,82538.7,0.0,45837.043,12162
bus_fare_cap,£2 bus fare cap,2027,64860.86,8.765625,14985.941,12275
bus_fare_cap,£2 bus fare cap,2027,122384.2,0.0,12952.7295,12346
bus_fare_cap,£2 bus fare cap,2027,33317.82,83.24219,16344.906,12352
bus_fare_cap,£2 bus fare cap,2027,73106.93,0.0,718.16876,12362
bus_fare_cap,£2 bus fare cap,2027,75085.484,0.0,882.5691,12396
bus_fare_cap,£2 bus fare cap,2027,22318.225,0.0,25346.012,12404
bus_fare_cap,£2 bus fare cap,2027,105779.45,0.0,12123.21,12441
bus_fare_cap,£2 bus fare cap,2027,63096.31,40.460938,18799.842,12506
bus_fare_cap,£2 bus fare cap,2027,39406.395,0.0,9892.11,12512
bus_fare_cap,£2 bus fare cap,2027,133100.89,0.0,90709.31,12585
bus_fare_cap,£2 bus fare cap,2027,24237.016,0.0,2347.2432,12604
bus_fare_cap,£2 bus fare cap,2027,46317.62,50.32422,8810.473,12635
bus_fare_cap,£2 bus fare cap,2027,37188.383,0.0,523.92993,12716
bus_fare_cap,£2 bus fare cap,2027,19260.654,63.003906,13574.233,12785
bus_fare_cap,£2 bus fare cap,2027,136472.7,0.0,5594.411,12788
bus_fare_cap,£2 bus fare cap,2027,55589.348,0.0,5778.48,12821
bus_fare_cap,£2 bus fare cap,2027,45907.484,0.0,1016.7525,12972
bus_fare_cap,£2 bus fare cap,2027,62239.55,0.0,753.58276,12981
bus_fare_cap,£2 bus fare cap,2027,121275.086,8.78125,26260.418,12990
bus_fare_cap,£2 bus fare cap,2027,39831.203,0.0,15303.058,13041
bus_fare_cap,£2 bus fare cap,2027,40180.184,99.69141,86477.016,13118
bus_fare_cap,£2 bus fare cap,2027,119191.63,0.0,24610.844,13139
bus_fare_cap,£2 bus fare cap,2027,25117.955,115.51172,403.30377,13150
bus_fare_cap,£2 bus fare cap,2027,26731.75,0.0,2832.9507,13154
bus_fare_cap,£2 bus fare cap,2027,22760.955,0.0,5319.661,13196
bus_fare_cap,£2 bus fare cap,2027,66266.54,5.578125,34604.71,13209
bus_fare_cap,£2 bus fare cap,2027,107304.05,0.0,2824.7178,13287
bus_fare_cap,£2 bus fare cap,2027,113919.4,0.0,532.6058,13303
bus_fare_cap,£2 bus fare cap,2027,39949.57,0.0,12910.115,13339
bus_fare_cap,£2 bus fare cap,2027,114453.07,7.90625,8901.887,13358
bus_fare_cap,£2 bus fare cap,2027,27418.416,0.0,2433.781,13417
bus_fare_cap,£2 bus fare cap,2027,60679.715,15.2265625,13458.3,13419
bus_fare_cap,£2 bus fare cap,2027,21846.234,0.0,595.3831,13463
bus_fare_cap,£2 bus fare cap,2027,42723.29,36.3125,22091.975,13533
bus_fare_cap,£2 bus fare cap,2027,81057.336,1.5390625,26768.348,13627
bus_fare_cap,£2 bus fare cap,2027,43254.844,0.0,934.75287,13735
bus_fare_cap,£2 bus fare cap,2027,6700.5127,109.51758,329.20517,13784
bus_fare_cap,£2 bus fare cap,2027,13210.473,0.0,40594.03,13786
bus_fare_cap,£2 bus fare cap,2027,54580.86,0.0,70342.32,13843
bus_fare_cap,£2 bus fare cap,2027,22308.883,0.0,357.21536,13939
bus_fare_cap,£2 bus fare cap,2027,109098.375,8.796875,649.8193,13985
bus_fare_cap,£2 bus fare cap,2027,51885.508,0.0,141176.94,14066
bus_fare_cap,£2 bus fare cap,2027,26127.268,0.0,183.42729,14081
bus_fare_cap,£2 bus fare cap,2027,59551.457,2.796875,3425.7747,14086
bus_fare_cap,£2 bus fare cap,2027,39078.438,0.0,2351.02,14123
bus_fare_cap,£2 bus fare cap,2027,31059.838,0.0,432.60477,14161
bus_fare_cap,£2 bus fare cap,2027,85295.92,7.2421875,37911.207,14219
bus_fare_cap,£2 bus fare cap,2027,71490.234,0.0,33484.645,14225
bus_fare_cap,£2 bus fare cap,2027,64410.92,0.0,4527.1104,14298
bus_fare_cap,£2 bus fare cap,2027,77571.78,0.0,50621.918,14332
bus_fare_cap,£2 bus fare cap,2027,14921.69,0.0,9831.284,14424
bus_fare_cap,£2 bus fare cap,2027,41809.703,0.0,1784.5342,14458
bus_fare_cap,£2 bus fare cap,2027,59301.395,2.796875,7816.096,14474
bus_fare_cap,£2 bus fare cap,2027,77658.695,0.0,1331.9078,14483
bus_fare_cap,£2 bus fare cap,2027,36652.336,0.0,1740.0541,14558
bus_fare_cap,£2 bus fare cap,2027,71138.11,0.0,1564.0219,14580
bus_fare_cap,£2 bus fare cap,2027,72508.0,0.0,457.81165,14591
bus_fare_cap,£2 bus fare cap,2027,49286.79,0.0,67442.016,14660
bus_fare_cap,£2 bus fare cap,2027,66608.086,0.0,2951.5159,14674
bus_fare_cap,£2 bus fare cap,2027,3207.8179,123.635254,824.4535,14686
bus_fare_cap,£2 bus fare cap,2027,66427.78,2.625,3937.4348,14746
bus_fare_cap,£2 bus fare cap,2027,22003.592,0.0,330.29034,14757
bus_fare_cap,£2 bus fare cap,2027,5822.4595,0.0,21494.176,14791
bus_fare_cap,£2 bus fare cap,2027,33639.66,69.30469,80793.03,14809
bus_fare_cap,£2 bus fare cap,2027,130348.914,14.125,28079.963,14895
bus_fare_cap,£2 bus fare cap,2027,47160.188,0.0,5151.634,14910
bus_fare_cap,£2 bus fare cap,2027,37045.297,14.441406,137.87775,14961
bus_fare_cap,£2 bus fare cap,2027,77281.27,0.0,18850.496,14989
bus_fare_cap,£2 bus fare cap,2027,31429.86,69.30469,16662.758,15036
bus_fare_cap,£2 bus fare cap,2027,68909.95,0.0,257.15668,15072
bus_fare_cap,£2 bus fare cap,2027,69316.35,41.09375,6425.2305,15169
bus_fare_cap,£2 bus fare cap,2027,111449.766,8.796875,405.99304,15182
bus_fare_cap,£2 bus fare cap,2027,34087.004,0.0,593.14874,15216
bus_fare_cap,£2 bus fare cap,2027,109888.766,0.0,5149.398,15234
bus_fare_cap,£2 bus fare cap,2027,50199.207,6.0664062,319.08408,15322
bus_fare_cap,£2 bus fare cap,2027,103398.91,5.6875,1197.2744,15348
bus_fare_cap,£2 bus fare cap,2027,88988.13,0.0,11455.284,15394
bus_fare_cap,£2 bus fare cap,2027,58257.4,0.0,151733.62,15519
bus_fare_cap,£2 bus fare cap,2027,62483.23,22.664062,563.01184,15548
bus_fare_cap,£2 bus fare cap,2027,50040.16,66.75,19050.54,15599
bus_fare_cap,£2 bus fare cap,2027,92782.086,0.0,5730.3027,15611
bus_fare_cap,£2 bus fare cap,2027,29830.467,0.0,11536.018,15633
bus_fare_cap,£2 bus fare cap,2027,85369.52,0.0,5827.727,15642
bus_fare_cap,£2 bus fare cap,2027,74013.43,0.0,32722.213,15668
bus_fare_cap,£2 bus fare cap,2027,99037.57,3.84375,124574.086,15721
bus_fare_cap,£2 bus fare cap,2027,55721.31,22.789062,866.14905,15728
bus_fare_cap,£2 bus fare cap,2027,48225.008,0.0,23902.625,15740
bus_fare_cap,£2 bus fare cap,2027,39473.234,50.80078,24806.182,15945
bus_fare_cap,£2 bus fare cap,2027,28865.688,0.0,2352.1106,15966
bus_fare_cap,£2 bus fare cap,2027,12753.824,0.0,1842.1385,15981
bus_fare_cap,£2 bus fare cap,2027,58202.375,0.0,391.35648,16003
bus_fare_cap,£2 bus fare cap,2027,26665.273,0.0,657.2916,16058
bus_fare_cap,£2 bus fare cap,2027,45352.844,0.0,11946.956,16180
bus_fare_cap,£2 bus fare cap,2027,46810.812,0.0,492.70346,16411
bus_fare_cap,£2 bus fare cap,2027,53871.562,0.0,216.53123,16439
bus_fare_cap,£2 bus fare cap,2027,101413.46,0.0,51551.21,16724
bus_fare_cap,£2 bus fare cap,2027,103280.53,0.0,403.95453,16845
bus_fare_cap,£2 bus fare cap,2027,3466.5083,0.0,346.63684,17074
bus_fare_cap,£2 bus fare cap,2027,35073.777,0.0,546.9165,17104
bus_fare_cap,£2 bus fare cap,2027,29139.043,80.92578,32033.209,17379
bus_fare_cap,£2 bus fare cap,2027,58965.492,105.5625,863.4287,17740
bus_fare_cap,£2 bus fare cap,2027,58126.406,0.0,592.0777,17800
bus_fare_cap,£2 bus fare cap,2027,7090.0312,0.0,288.2368,17876
bus_fare_cap,£2 bus fare cap,2027,124224.83,2.640625,7443.5015,17918
bus_fare_cap,£2 bus fare cap,2027,89034.11,12.25,8018.8086,17925
bus_fare_cap,£2 bus fare cap,2027,71957.4,52.125,15261.55,17983
bus_fare_cap,£2 bus fare cap,2027,103384.87,69.265625,95831.02,18465
bus_fare_cap,£2 bus fare cap,2027,18710.918,33.71875,943.49677,18670
bus_fare_cap,£2 bus fare cap,2027,131832.45,0.0,44239.242,18686
bus_fare_cap,£2 bus fare cap,2027,17463.543,96.25195,23055.799,18754
bus_fare_cap,£2 bus fare cap,2027,32208.637,0.0,933.546,18843
bus_fare_cap,£2 bus fare cap,2027,79183.5,0.0,12129.422,19014
bus_fare_cap,£2 bus fare cap,2027,11103.355,107.33789,584.8777,19199
bus_fare_cap,£2 bus fare cap,2027,106478.84,16.585938,528.3183,19212
bus_fare_cap,£2 bus fare cap,2027,62167.7,36.3125,3912.3196,19368
bus_fare_cap,£2 bus fare cap,2027,105588.86,11.375,22.818903,19419
bus_fare_cap,£2 bus fare cap,2027,38815.5,0.0,1596.1638,19707
bus_fare_cap,£2 bus fare cap,2027,75257.234,0.0,942.7197,19725
bus_fare_cap,£2 bus fare cap,2027,26607.502,0.0,1614.1676,19809
bus_fare_cap,£2 bus fare cap,2027,48117.098,29.453125,9236.496,19932
bus_fare_cap,£2 bus fare cap,2027,16520.676,80.921875,3689.2473,19936
bus_fare_cap,£2 bus fare cap,2027,82923.56,3.953125,7269.7485,19953
bus_fare_cap,£2 bus fare cap,2027,26885.146,0.0,326.66052,20000
bus_fare_cap,£2 bus fare cap,2027,32178.535,0.0,29550.184,20039
bus_fare_cap,£2 bus fare cap,2027,70387.06,0.0,3347.4087,20057
bus_fare_cap,£2 bus fare cap,2027,21445.078,0.0,1571.8193,20120
bus_fare_cap,£2 bus fare cap,2027,55734.438,0.0,572.0355,20310
bus_fare_cap,£2 bus fare cap,2027,44410.24,0.0,270.29645,20323
bus_fare_cap,£2 bus fare cap,2027,100163.16,7.0,6465.5244,20383
bus_fare_cap,£2 bus fare cap,2027,30052.637,0.0,231.6637,20426
bus_fare_cap,£2 bus fare cap,2027,49257.668,127.75781,767.6842,20457
bus_fare_cap,£2 bus fare cap,2027,91987.734,4.34375,16215.519,20555
bus_fare_cap,£2 bus fare cap,2027,22291.336,0.0,2464.6855,20642
bus_fare_cap,£2 bus fare cap,2027,66877.12,953.28125,192.96184,20692
bus_fare_cap,£2 bus fare cap,2027,87262.54,0.0,540.63947,20751
bus_fare_cap,£2 bus fare cap,2027,32982.203,0.0,38826.586,21263
bus_fare_cap,£2 bus fare cap,2027,18240.787,83.82422,460.2925,21304
bus_fare_cap,£2 bus fare cap,2027,77497.266,0.0,274.34265,21486
bus_fare_cap,£2 bus fare cap,2027,63171.76,0.0,971.3298,21759
bus_fare_cap,£2 bus fare cap,2027,70904.77,147.27344,306.18643,21763
bus_fare_cap,£2 bus fare cap,2027,39739.32,0.0,506.71832,21894
bus_fare_cap,£2 bus fare cap,2027,55691.754,0.0,284.81876,21905
bus_fare_cap,£2 bus fare cap,2027,105043.38,31.0625,5992.2715,21952
bus_fare_cap,£2 bus fare cap,2027,89753.125,108.765625,1681.7434,22015
bus_fare_cap,£2 bus fare cap,2027,119368.13,26.046875,4179.4097,22150
bus_fare_cap,£2 bus fare cap,2027,52663.63,111.58594,310.35602,22171
bus_fare_cap,£2 bus fare cap,2027,27841.744,0.0,1786.4557,22179
bus_fare_cap,£2 bus fare cap,2027,18066.934,0.0,395.95355,22197
bus_fare_cap,£2 bus fare cap,2027,18886.252,0.0,418.83435,22367
bus_fare_cap,£2 bus fare cap,2027,20378.967,0.0,627.9101,22485
bus_fare_cap,£2 bus fare cap,2027,16722.064,0.0,974.5561,23016
bus_fare_cap,£2 bus fare cap,2027,32911.117,66.08984,584.3565,23179
bus_fare_cap,£2 bus fare cap,2027,54572.145,131.2539,434.74512,23654
bus_fare_cap,£2 bus fare cap,2027,22747.773,0.0,3183.0833,23867
bus_fare_cap,£2 bus fare cap,2027,27225.957,0.0,492.61172,23904
bus_fare_cap,£2 bus fare cap,2027,65140.453,0.0,46099.285,23972
bus_fare_cap,£2 bus fare cap,2027,44414.797,0.0,495.7868,23992
bus_fare_cap,£2 bus fare cap,2027,129727.63,0.0,11242.272,24109
bus_fare_cap,£2 bus fare cap,2027,68579.33,57.75,8175.341,24110
bus_fare_cap,£2 bus fare cap,2027,55045.348,0.0,400.71393,24112
bus_fare_cap,£2 bus fare cap,2027,99132.35,0.0,240.1053,24169
bus_fare_cap,£2 bus fare cap,2027,88584.516,0.0,35025.273,24170
bus_fare_cap,£2 bus fare cap,2027,55962.695,0.0,9907.018,24189
bus_fare_cap,£2 bus fare cap,2027,29785.918,49.94922,6151.1895,24240
bus_fare_cap,£2 bus fare cap,2027,59111.242,58.148438,24078.795,24503
bus_fare_cap,£2 bus fare cap,2027,23570.875,0.0,371.10342,24527
bus_fare_cap,£2 bus fare cap,2027,63667.984,0.0,720.7373,25073
bus_fare_cap,£2 bus fare cap,2027,47864.16,0.0,478.58655,25564
bus_fare_cap,£2 bus fare cap,2027,21721.697,0.0,593.75433,25667
bus_fare_cap,£2 bus fare cap,2027,79701.04,0.0,2687.9045,25784
bus_fare_cap,£2 bus fare cap,2027,70669.72,0.0,186.46214,25858
bus_fare_cap,£2 bus fare cap,2027,25755.746,111.83203,39330.008,26003
bus_fare_cap,£2 bus fare cap,2027,17227.496,0.0,584.73895,26044
bus_fare_cap,£2 bus fare cap,2027,6476.303,0.0,12942.578,26272
bus_fare_cap,£2 bus fare cap,2027,28532.12,40.464844,5063.178,26346
bus_fare_cap,£2 bus fare cap,2027,51781.88,0.0,311.08246,26408
bus_fare_cap,£2 bus fare cap,2027,502.3326,80.924774,58763.668,26448
bus_fare_cap,£2 bus fare cap,2027,23318.07,0.0,657.5681,26726
bus_fare_cap,£2 bus fare cap,2027,63460.496,38.039062,2161.381,26811
bus_fare_cap,£2 bus fare cap,2027,50655.637,5.5859375,30856.766,26832
bus_fare_cap,£2 bus fare cap,2027,24099.707,6.7421875,2820.2502,27077
bus_fare_cap,£2 bus fare cap,2027,41039.32,0.0,371.59784,27093
bus_fare_cap,£2 bus fare cap,2027,49830.344,15.2265625,2109.2769,27113
bus_fare_cap,£2 bus fare cap,2027,116780.414,0.0,1844.2164,27254
bus_fare_cap,£2 bus fare cap,2027,30145.521,21.808594,19583.629,27293
bus_fare_cap,£2 bus fare cap,2027,53063.586,111.58594,30456.924,27736
bus_fare_cap,£2 bus fare cap,2027,29249.059,0.0,532.08765,27751
bus_fare_cap,£2 bus fare cap,2027,56849.9,31.03125,124842.32,27767
bus_fare_cap,£2 bus fare cap,2027,50800.4,0.0,11511.757,27991
bus_fare_cap,£2 bus fare cap,2027,20969.564,0.0,485.14847,28026
bus_fare_cap,£2 bus fare cap,2027,116805.3,16.796875,24936.33,28725
bus_fare_cap,£2 bus fare cap,2027,54684.977,0.0,275.5624,28792
bus_fare_cap,£2 bus fare cap,2027,72100.33,0.0,755.1097,28899
bus_fare_cap,£2 bus fare cap,2027,45479.734,0.0,1586.4125,28941
bus_fare_cap,£2 bus fare cap,2027,16557.963,0.0,1745.2426,29088
bus_fare_cap,£2 bus fare cap,2027,32238.209,0.0,661.1811,29189
bus_fare_cap,£2 bus fare cap,2027,90240.66,0.0,2285.496,29333
bus_fare_cap,£2 bus fare cap,2027,25922.23,0.0,1110.084,29745
bus_fare_cap,£2 bus fare cap,2027,113210.81,0.0,229.42451,29749
bus_fare_cap,£2 bus fare cap,2027,38258.94,14.613281,20729.287,30124
bus_fare_cap,£2 bus fare cap,2027,40408.39,0.0,444.84946,30238
bus_fare_cap,£2 bus fare cap,2027,72100.44,0.0,19028.445,30391
bus_fare_cap,£2 bus fare cap,2027,13365.604,0.0,43793.312,30913
bus_fare_cap,£2 bus fare cap,2027,81169.24,0.0,2755.454,31066
bus_fare_cap,£2 bus fare cap,2027,21505.842,0.0,413.91562,31254
bus_fare_cap,£2 bus fare cap,2027,20170.291,0.0,7470.6743,31538
bus_fare_cap,£2 bus fare cap,2027,45084.805,1.9609375,5549.655,31541
bus_fare_cap,£2 bus fare cap,2027,38362.062,0.0,80.33716,31546
bus_fare_cap,£2 bus fare cap,2027,130973.44,8.765625,12974.143,31691
bus_fare_cap,£2 bus fare cap,2027,130132.21,0.0,433.72635,31767
bus_fare_cap,£2 bus fare cap,2027,86823.164,0.0,202.115,31806
bus_fare_cap,£2 bus fare cap,2027,41362.438,102.046875,26507.994,31886
bus_fare_cap,£2 bus fare cap,2027,102077.6,0.0,40678.496,31943
bus_fare_cap,£2 bus fare cap,2027,44870.375,0.0,399.69656,32163
bus_fare_cap,£2 bus fare cap,2027,71018.234,0.0,3154.158,32168
bus_fare_cap,£2 bus fare cap,2027,47512.965,36.3125,1196.8932,32172
bus_fare_cap,£2 bus fare cap,2027,64785.504,0.0,298.53934,32174
bus_fare_cap,£2 bus fare cap,2027,32604.488,0.0,296.85474,32254
bus_fare_cap,£2 bus fare cap,2027,58942.258,0.0,12946.949,32331
bus_fare_cap,£2 bus fare cap,2027,78927.2,0.0,1277.242,32475
bus_fare_cap,£2 bus fare cap,2027,54998.438,0.0,23.57404,33814
bus_fare_cap,£2 bus fare cap,2027,46127.918,0.0,37.65335,41944
bus_fare_cap,£2 bus fare cap,2027,95715.61,0.0,61.21611,41950
bus_fare_cap,£2 bus fare cap,2027,22030.771,0.0,14.607175,46185
bus_fare_cap,£2 bus fare cap,2027,119479.46,0.0,197.42128,49121
bus_fare_cap,£2 bus fare cap,2027,48356.17,0.0,528.6116,49812
bus_fare_cap,£2 bus fare cap,2027,44456.414,0.0,3292.864,50537
bus_fare_cap,£2 bus fare cap,2027,7248.1504,0.0,8293.521,51580
bus_fare_cap,£2 bus fare cap,2027,56009.91,0.0,107.269196,51640
bus_fare_cap,£2 bus fare cap,2027,28398.186,0.0,549.3777,52783
bus_fare_cap,£2 bus fare cap,2027,23574.34,0.0,397.26965,54403
bus_fare_cap,£2 bus fare cap,2027,62094.586,111.58594,142.96751,54749
bus_fare_cap,£2 bus fare cap,2027,123839.87,0.0,913.1757,54824
bus_fare_cap,£2 bus fare cap,2027,72839.29,108.765625,200.9562,55334
bus_fare_cap,£2 bus fare cap,2027,17005.986,0.0,5375.116,55805
bus_fare_cap,£2 bus fare cap,2027,8966.333,171.96484,284.43616,56245
bus_fare_cap,£2 bus fare cap,2027,90350.57,0.0,14990.136,57181
bus_fare_cap,£2 bus fare cap,2027,139465.25,0.0,17.142786,58496
bus_fare_cap,£2 bus fare cap,2027,4325.952,0.0,3672.2236,58677
bus_fare_cap,£2 bus fare cap,2027,14760.577,0.0,281.30704,58702
bus_fare_cap,£2 bus fare cap,2027,26889.775,0.0,268.31464,60626
bus_fare_cap,£2 bus fare cap,2027,53849.395,48.921875,770.62915,62259
bus_fare_cap,£2 bus fare cap,2027,98973.47,0.0,98.79585,62593
bus_fare_cap,£2 bus fare cap,2027,74430.89,0.0,2882.2034,62794
bus_fare_cap,£2 bus fare cap,2027,106875.72,1.15625,126.276306,63791
bus_fare_cap,£2 bus fare cap,2027,57113.95,15.3828125,19246.613,64098
bus_fare_cap,£2 bus fare cap,2027,48539.824,0.0,1818.4205,64774
bus_fare_cap,£2 bus fare cap,2028,63260.93,0.0,668.8752,183
bus_fare_cap,£2 bus fare cap,2028,45685.918,62.48047,2191.7927,222
bus_fare_cap,£2 bus fare cap,2028,56878.95,0.0,707.8184,257
bus_fare_cap,£2 bus fare cap,2028,7737.386,0.0,5028.446,321
bus_fare_cap,£2 bus fare cap,2028,54167.57,0.0,1946.5807,366
bus_fare_cap,£2 bus fare cap,2028,43449.83,0.0,38137.1,385
bus_fare_cap,£2 bus fare cap,2028,67193.01,0.0,7790.1265,507
bus_fare_cap,£2 bus fare cap,2028,48706.887,0.0,3888.516,603
bus_fare_cap,£2 bus fare cap,2028,36737.53,0.0,1213.9551,621
bus_fare_cap,£2 bus fare cap,2028,33372.348,0.0,639.0654,668
bus_fare_cap,£2 bus fare cap,2028,17472.115,0.0,720.0667,675
bus_fare_cap,£2 bus fare cap,2028,18922.004,57.121094,46975.67,769
bus_fare_cap,£2 bus fare cap,2028,36122.523,0.0,2233.9944,800
bus_fare_cap,£2 bus fare cap,2028,54151.133,0.0,22721.125,848
bus_fare_cap,£2 bus fare cap,2028,60240.887,0.0,27405.295,978
bus_fare_cap,£2 bus fare cap,2028,106380.47,0.0,24098.28,986
bus_fare_cap,£2 bus fare cap,2028,39663.69,0.0,2084.982,1068
bus_fare_cap,£2 bus fare cap,2028,96931.5,62.15625,31097.81,1075
bus_fare_cap,£2 bus fare cap,2028,54755.875,0.0,41593.25,1116
bus_fare_cap,£2 bus fare cap,2028,44663.695,0.0,11003.199,1144
bus_fare_cap,£2 bus fare cap,2028,32878.918,0.0,5314.6597,1151
bus_fare_cap,£2 bus fare cap,2028,49849.3,0.0,33893.22,1179
bus_fare_cap,£2 bus fare cap,2028,55207.57,0.0,206290.47,1243
bus_fare_cap,£2 bus fare cap,2028,52541.46,0.0,1932.7097,1293
bus_fare_cap,£2 bus fare cap,2028,31912.693,0.0,11615.309,1379
bus_fare_cap,£2 bus fare cap,2028,18000.48,30.955078,1214.4232,1441
bus_fare_cap,£2 bus fare cap,2028,42159.105,0.0,18350.318,1445
bus_fare_cap,£2 bus fare cap,2028,93904.164,63.609375,31213.225,1508
bus_fare_cap,£2 bus fare cap,2028,63935.656,0.0,5565.5103,1577
bus_fare_cap,£2 bus fare cap,2028,37247.05,3.9257812,1248.6566,1664
bus_fare_cap,£2 bus fare cap,2028,31717.363,0.0,331.1802,1803
bus_fare_cap,£2 bus fare cap,2028,49546.21,0.0,789.54083,1948
bus_fare_cap,£2 bus fare cap,2028,44409.594,82.546875,9576.462,2040
bus_fare_cap,£2 bus fare cap,2028,55503.156,0.0,5098.4873,2084
bus_fare_cap,£2 bus fare cap,2028,62432.266,68.734375,6809.2256,2128
bus_fare_cap,£2 bus fare cap,2028,86103.305,0.0,94893.984,2156
bus_fare_cap,£2 bus fare cap,2028,96310.375,70.640625,48531.957,2176
bus_fare_cap,£2 bus fare cap,2028,65914.805,0.0,4642.506,2199
bus_fare_cap,£2 bus fare cap,2028,14022.787,0.0,2657.342,2307
bus_fare_cap,£2 bus fare cap,2028,58655.816,0.0,3891.224,2315
bus_fare_cap,£2 bus fare cap,2028,71627.7,83.875,1479.339,2339
bus_fare_cap,£2 bus fare cap,2028,11129.755,0.0,1671.9019,2341
bus_fare_cap,£2 bus fare cap,2028,34835.016,0.0,313.84216,2412
bus_fare_cap,£2 bus fare cap,2028,11604.845,98.17871,45463.613,2465
bus_fare_cap,£2 bus fare cap,2028,68114.266,0.0,62727.723,2529
bus_fare_cap,£2 bus fare cap,2028,39319.23,0.0,1024.1578,2554
bus_fare_cap,£2 bus fare cap,2028,27365.691,0.0,4352.9126,2624
bus_fare_cap,£2 bus fare cap,2028,57544.3,0.0,15366.391,2642
bus_fare_cap,£2 bus fare cap,2028,48618.68,0.0,3879.0703,2670
bus_fare_cap,£2 bus fare cap,2028,38379.93,0.0,31524.37,2694
bus_fare_cap,£2 bus fare cap,2028,55726.742,0.0,1270.962,2703
bus_fare_cap,£2 bus fare cap,2028,57533.605,0.0,6206.934,2722
bus_fare_cap,£2 bus fare cap,2028,44049.28,13.4453125,3754.0757,2753
bus_fare_cap,£2 bus fare cap,2028,39882.71,0.0,50482.133,2892
bus_fare_cap,£2 bus fare cap,2028,23468.625,0.0,79493.95,2913
bus_fare_cap,£2 bus fare cap,2028,48481.195,0.0,4436.9795,2932
bus_fare_cap,£2 bus fare cap,2028,31038.256,0.0,1142.3303,2960
bus_fare_cap,£2 bus fare cap,2028,62738.023,0.0,820.1004,2967
bus_fare_cap,£2 bus fare cap,2028,25099.615,0.0,5534.763,3039
bus_fare_cap,£2 bus fare cap,2028,96324.21,178.51562,116.50166,3052
bus_fare_cap,£2 bus fare cap,2028,75534.77,37.046875,12655.458,3079
bus_fare_cap,£2 bus fare cap,2028,18759.951,0.0,5252.7617,3094
bus_fare_cap,£2 bus fare cap,2028,57598.418,0.0,7825.2114,3107
bus_fare_cap,£2 bus fare cap,2028,41759.227,0.0,8044.6206,3139
bus_fare_cap,£2 bus fare cap,2028,63441.742,0.0,836.9116,3284
bus_fare_cap,£2 bus fare cap,2028,56179.32,0.0,26235.754,3341
bus_fare_cap,£2 bus fare cap,2028,75418.664,0.0,170.78198,3344
bus_fare_cap,£2 bus fare cap,2028,66749.88,0.0,4728.5757,3386
bus_fare_cap,£2 bus fare cap,2028,27983.387,0.0,889.07605,3399
bus_fare_cap,£2 bus fare cap,2028,11936.838,0.0,40335.402,3460
bus_fare_cap,£2 bus fare cap,2028,52590.883,0.0,75594.34,3520
bus_fare_cap,£2 bus fare cap,2028,66402.43,40.75,12805.279,3562
bus_fare_cap,£2 bus fare cap,2028,67592.516,149.625,47744.1,3577
bus_fare_cap,£2 bus fare cap,2028,129228.67,0.0,299.0165,3640
bus_fare_cap,£2 bus fare cap,2028,75779.51,12.4296875,144.02946,3643
bus_fare_cap,£2 bus fare cap,2028,43942.07,0.0,793.1521,3645
bus_fare_cap,£2 bus fare cap,2028,24764.49,0.0,10218.619,3660
bus_fare_cap,£2 bus fare cap,2028,46077.0,25.664062,55095.246,3664
bus_fare_cap,£2 bus fare cap,2028,41613.855,0.0,138529.83,3711
bus_fare_cap,£2 bus fare cap,2028,39571.19,0.0,9485.036,3740
bus_fare_cap,£2 bus fare cap,2028,58958.945,0.0,22839.424,3747
bus_fare_cap,£2 bus fare cap,2028,31488.637,0.0,3385.0466,3751
bus_fare_cap,£2 bus fare cap,2028,34642.945,0.0,18750.895,3796
bus_fare_cap,£2 bus fare cap,2028,14224.791,0.0,2978.5583,3804
bus_fare_cap,£2 bus fare cap,2028,20314.426,0.0,4088.1753,3901
bus_fare_cap,£2 bus fare cap,2028,71418.0,13.7421875,4987.756,3996
bus_fare_cap,£2 bus fare cap,2028,41580.98,0.0,3410.6282,4061
bus_fare_cap,£2 bus fare cap,2028,56025.062,0.0,458.26358,4098
bus_fare_cap,£2 bus fare cap,2028,48680.74,0.0,10755.682,4113
bus_fare_cap,£2 bus fare cap,2028,33709.547,0.0,10236.642,4115
bus_fare_cap,£2 bus fare cap,2028,23537.113,0.0,4019.2988,4189
bus_fare_cap,£2 bus fare cap,2028,106766.58,12.421875,2205.6008,4301
bus_fare_cap,£2 bus fare cap,2028,19063.695,0.0,3622.0535,4336
bus_fare_cap,£2 bus fare cap,2028,77821.83,0.0,1101.6495,4443
bus_fare_cap,£2 bus fare cap,2028,81714.79,0.0,1489.4027,4450
bus_fare_cap,£2 bus fare cap,2028,49538.58,0.0,4883.9,4497
bus_fare_cap,£2 bus fare cap,2028,21339.3,17.673828,1253.8156,4522
bus_fare_cap,£2 bus fare cap,2028,18569.414,137.57422,24303.914,4560
bus_fare_cap,£2 bus fare cap,2028,28425.217,0.0,446.79138,4634
bus_fare_cap,£2 bus fare cap,2028,74974.8,0.0,2478.0618,4712
bus_fare_cap,£2 bus fare cap,2028,33265.957,0.0,1919.5547,4721
bus_fare_cap,£2 bus fare cap,2028,86823.58,0.0,8477.649,4759
bus_fare_cap,£2 bus fare cap,2028,134614.84,2.25,13368.707,4864
bus_fare_cap,£2 bus fare cap,2028,25817.033,0.0,7409.707,4934
bus_fare_cap,£2 bus fare cap,2028,16517.098,117.82031,21460.232,4953
bus_fare_cap,£2 bus fare cap,2028,23694.854,0.0,18927.867,4970
bus_fare_cap,£2 bus fare cap,2028,27268.537,0.0,110320.24,5003
bus_fare_cap,£2 bus fare cap,2028,61819.453,0.0,5020.8516,5031
bus_fare_cap,£2 bus fare cap,2028,29982.738,81.39844,3611.4683,5038
bus_fare_cap,£2 bus fare cap,2028,24769.63,0.0,9491.641,5090
bus_fare_cap,£2 bus fare cap,2028,42272.58,70.69531,1571.6501,5106
bus_fare_cap,£2 bus fare cap,2028,87431.55,11.296875,1584.0443,5108
bus_fare_cap,£2 bus fare cap,2028,33272.535,0.0,33996.848,5420
bus_fare_cap,£2 bus fare cap,2028,98636.445,0.0,442.189,5436
bus_fare_cap,£2 bus fare cap,2028,47823.36,0.0,1077.027,5475
bus_fare_cap,£2 bus fare cap,2028,40142.0,0.0,4078.4233,5706
bus_fare_cap,£2 bus fare cap,2028,16060.477,0.0,41912.66,5711
bus_fare_cap,£2 bus fare cap,2028,51564.26,0.0,4911.05,5716
bus_fare_cap,£2 bus fare cap,2028,36174.895,0.0,5621.904,5808
bus_fare_cap,£2 bus fare cap,2028,70445.35,0.0,81737.9,5813
bus_fare_cap,£2 bus fare cap,2028,50548.402,0.0,9493.906,5814
bus_fare_cap,£2 bus fare cap,2028,50525.188,0.0,338.82455,5845
bus_fare_cap,£2 bus fare cap,2028,103598.37,9.75,1578.4108,5905
bus_fare_cap,£2 bus fare cap,2028,65012.617,0.0,2084.6697,5906
bus_fare_cap,£2 bus fare cap,2028,40851.406,0.0,285.4061,5966
bus_fare_cap,£2 bus fare cap,2028,66431.13,0.0,37349.535,5971
bus_fare_cap,£2 bus fare cap,2028,90376.99,0.0,69988.58,5972
bus_fare_cap,£2 bus fare cap,2028,33225.21,0.0,2886.752,6127
bus_fare_cap,£2 bus fare cap,2028,53187.746,0.0,13415.294,6157
bus_fare_cap,£2 bus fare cap,2028,39863.867,0.0,24238.814,6196
bus_fare_cap,£2 bus fare cap,2028,23096.49,0.0,68747.56,6244
bus_fare_cap,£2 bus fare cap,2028,56663.496,0.0,46851.973,6249
bus_fare_cap,£2 bus fare cap,2028,10314.967,0.0,14451.383,6391
bus_fare_cap,£2 bus fare cap,2028,40563.09,0.0,25908.545,6458
bus_fare_cap,£2 bus fare cap,2028,36705.504,0.0,3063.5266,6462
bus_fare_cap,£2 bus fare cap,2028,44927.113,0.0,334.4008,6479
bus_fare_cap,£2 bus fare cap,2028,15135.451,73.22656,115589.88,6494
bus_fare_cap,£2 bus fare cap,2028,27458.021,0.0,8295.95,6533
bus_fare_cap,£2 bus fare cap,2028,63948.305,0.0,7546.494,6598
bus_fare_cap,£2 bus fare cap,2028,39893.586,0.0,1116.2631,6687
bus_fare_cap,£2 bus fare cap,2028,21640.338,0.0,1435.6572,6695
bus_fare_cap,£2 bus fare cap,2028,29563.855,15.7109375,79918.88,6732
bus_fare_cap,£2 bus fare cap,2028,69810.36,0.0,218.2961,6753
bus_fare_cap,£2 bus fare cap,2028,32468.387,0.0,49974.13,6815
bus_fare_cap,£2 bus fare cap,2028,18749.475,0.0,19258.195,6864
bus_fare_cap,£2 bus fare cap,2028,32918.625,0.0,792.11115,6904
bus_fare_cap,£2 bus fare cap,2028,14740.609,70.69336,21757.67,6912
bus_fare_cap,£2 bus fare cap,2028,21738.717,0.0,139766.06,6965
bus_fare_cap,£2 bus fare cap,2028,60823.11,8.125,46849.824,6975
bus_fare_cap,£2 bus fare cap,2028,74737.33,0.0,44605.96,6987
bus_fare_cap,£2 bus fare cap,2028,49287.367,0.0,1746.768,7020
bus_fare_cap,£2 bus fare cap,2028,52203.43,5.703125,3243.0117,7036
bus_fare_cap,£2 bus fare cap,2028,42299.11,7.1640625,439.84796,7080
bus_fare_cap,£2 bus fare cap,2028,21899.363,38.51172,67088.91,7159
bus_fare_cap,£2 bus fare cap,2028,43810.887,0.0,4259.1226,7163
bus_fare_cap,£2 bus fare cap,2028,52408.438,0.0,156552.7,7229
bus_fare_cap,£2 bus fare cap,2028,30226.436,0.0,4002.4854,7248
bus_fare_cap,£2 bus fare cap,2028,9640.725,0.0,25588.371,7428
bus_fare_cap,£2 bus fare cap,2028,41617.637,0.0,48764.58,7444
bus_fare_cap,£2 bus fare cap,2028,24830.62,0.0,11150.651,7459
bus_fare_cap,£2 bus fare cap,2028,101069.125,0.0,18994.416,7504
bus_fare_cap,£2 bus fare cap,2028,23931.012,5.890625,44216.434,7539
bus_fare_cap,£2 bus fare cap,2028,46674.875,0.0,3054.742,7624
bus_fare_cap,£2 bus fare cap,2028,92470.98,0.0,1349.0902,7632
bus_fare_cap,£2 bus fare cap,2028,25996.96,0.0,374.62833,7743
bus_fare_cap,£2 bus fare cap,2028,27541.97,0.0,751.5683,7763
bus_fare_cap,£2 bus fare cap,2028,68847.875,0.0,6606.297,7908
bus_fare_cap,£2 bus fare cap,2028,13307.852,0.0,80262.75,8037
bus_fare_cap,£2 bus fare cap,2028,17063.713,0.0,7377.1055,8077
bus_fare_cap,£2 bus fare cap,2028,23977.379,0.0,1295.1213,8101
bus_fare_cap,£2 bus fare cap,2028,36725.613,0.0,76655.72,8228
bus_fare_cap,£2 bus fare cap,2028,63203.03,0.0,31137.014,8272
bus_fare_cap,£2 bus fare cap,2028,60969.902,0.0,7361.6255,8342
bus_fare_cap,£2 bus fare cap,2028,38944.53,0.0,4096.904,8392
bus_fare_cap,£2 bus fare cap,2028,64337.582,0.0,5474.4824,8468
bus_fare_cap,£2 bus fare cap,2028,21278.402,0.0,523.4594,8478
bus_fare_cap,£2 bus fare cap,2028,54747.805,0.0,1146.425,8480
bus_fare_cap,£2 bus fare cap,2028,58486.926,0.0,79637.9,8511
bus_fare_cap,£2 bus fare cap,2028,36531.734,0.0,266844.0,8566
bus_fare_cap,£2 bus fare cap,2028,106502.0,0.0,436.76645,8595
bus_fare_cap,£2 bus fare cap,2028,60742.902,0.0,39430.613,8686
bus_fare_cap,£2 bus fare cap,2028,43574.016,23.5625,17191.656,8762
bus_fare_cap,£2 bus fare cap,2028,30166.967,0.0,52953.27,8782
bus_fare_cap,£2 bus fare cap,2028,112059.35,1.5625,268.62006,8790
bus_fare_cap,£2 bus fare cap,2028,49252.324,0.0,5358.5293,8879
bus_fare_cap,£2 bus fare cap,2028,48521.785,0.0,516.2174,8945
bus_fare_cap,£2 bus fare cap,2028,28806.848,0.0,13722.961,9118
bus_fare_cap,£2 bus fare cap,2028,96844.83,2.46875,89605.9,9196
bus_fare_cap,£2 bus fare cap,2028,6916.9873,0.0,7215.0664,9288
bus_fare_cap,£2 bus fare cap,2028,95086.53,5.0625,26227.697,9313
bus_fare_cap,£2 bus fare cap,2028,30201.75,0.0,39827.906,9395
bus_fare_cap,£2 bus fare cap,2028,16136.046,0.0,45254.926,9396
bus_fare_cap,£2 bus fare cap,2028,58797.938,47.234375,14465.643,9409
bus_fare_cap,£2 bus fare cap,2028,22095.736,0.0,8966.788,9418
bus_fare_cap,£2 bus fare cap,2028,53695.246,0.0,10346.591,9419
bus_fare_cap,£2 bus fare cap,2028,40566.594,0.0,59743.188,9497
bus_fare_cap,£2 bus fare cap,2028,91925.41,0.0,119737.12,9588
bus_fare_cap,£2 bus fare cap,2028,38471.484,0.0,11496.353,9652
bus_fare_cap,£2 bus fare cap,2028,46644.03,64.80469,183.68193,9664
bus_fare_cap,£2 bus fare cap,2028,32554.068,0.0,92034.86,9734
bus_fare_cap,£2 bus fare cap,2028,66069.4,0.0,9815.319,9744
bus_fare_cap,£2 bus fare cap,2028,58464.656,20.882812,20161.035,9754
bus_fare_cap,£2 bus fare cap,2028,19432.85,0.0,443.87955,9779
bus_fare_cap,£2 bus fare cap,2028,71200.75,0.0,308.51654,9782
bus_fare_cap,£2 bus fare cap,2028,64779.004,0.0,51654.082,9851
bus_fare_cap,£2 bus fare cap,2028,27906.553,0.0,95247.75,9876
bus_fare_cap,£2 bus fare cap,2028,114612.36,0.0,10051.877,9933
bus_fare_cap,£2 bus fare cap,2028,23507.582,0.0,827.5886,9962
bus_fare_cap,£2 bus fare cap,2028,28529.758,7.8554688,43219.027,10072
bus_fare_cap,£2 bus fare cap,2028,49148.523,0.0,96288.8,10082
bus_fare_cap,£2 bus fare cap,2028,54989.438,544.5078,650.27966,10125
bus_fare_cap,£2 bus fare cap,2028,19198.057,40.746094,700.3743,10153
bus_fare_cap,£2 bus fare cap,2028,15351.054,70.69531,113048.414,10159
bus_fare_cap,£2 bus fare cap,2028,29718.328,64.19922,35840.53,10230
bus_fare_cap,£2 bus fare cap,2028,37405.35,0.0,10458.609,10231
bus_fare_cap,£2 bus fare cap,2028,87859.03,110.9375,555.366,10256
bus_fare_cap,£2 bus fare cap,2028,53181.85,0.0,16500.137,10325
bus_fare_cap,£2 bus fare cap,2028,28654.951,0.0,514.5638,10386
bus_fare_cap,£2 bus fare cap,2028,47599.09,0.0,8030.447,10491
bus_fare_cap,£2 bus fare cap,2028,35154.32,0.0,316.09564,10530
bus_fare_cap,£2 bus fare cap,2028,43621.54,2.9453125,457.49475,10535
bus_fare_cap,£2 bus fare cap,2028,60778.85,62.476562,2541.849,10567
bus_fare_cap,£2 bus fare cap,2028,84196.69,76.44531,79220.75,10582
bus_fare_cap,£2 bus fare cap,2028,5479.1567,0.0,5054.2373,10629
bus_fare_cap,£2 bus fare cap,2028,20097.105,0.0,17620.582,10632
bus_fare_cap,£2 bus fare cap,2028,5808.278,0.0,14495.847,10644
bus_fare_cap,£2 bus fare cap,2028,38361.41,0.0,120274.91,10646
bus_fare_cap,£2 bus fare cap,2028,18667.043,0.0,17520.545,10675
bus_fare_cap,£2 bus fare cap,2028,30025.03,0.0,14793.912,10682
bus_fare_cap,£2 bus fare cap,2028,55706.633,0.0,281.74484,10728
bus_fare_cap,£2 bus fare cap,2028,30684.918,0.0,3657.857,10772
bus_fare_cap,£2 bus fare cap,2028,46515.67,0.0,1888.0242,10821
bus_fare_cap,£2 bus fare cap,2028,53936.297,0.0,13970.561,10900
bus_fare_cap,£2 bus fare cap,2028,30713.043,0.0,1188.125,11037
bus_fare_cap,£2 bus fare cap,2028,37574.08,0.0,306.65515,11054
bus_fare_cap,£2 bus fare cap,2028,67743.29,0.0,839.37976,11137
bus_fare_cap,£2 bus fare cap,2028,62442.17,0.0,3979.5447,11199
bus_fare_cap,£2 bus fare cap,2028,102467.99,6.484375,476.15515,11260
bus_fare_cap,£2 bus fare cap,2028,45138.617,0.0,5667.431,11356
bus_fare_cap,£2 bus fare cap,2028,70437.086,0.0,115.523575,11384
bus_fare_cap,£2 bus fare cap,2028,120796.21,0.0,501.40802,11444
bus_fare_cap,£2 bus fare cap,2028,91874.27,0.0,5170.34,11457
bus_fare_cap,£2 bus fare cap,2028,57049.42,0.0,229.53603,11560
bus_fare_cap,£2 bus fare cap,2028,69478.32,9.96875,755.617,11599
bus_fare_cap,£2 bus fare cap,2028,135271.97,0.0,131578.17,11615
bus_fare_cap,£2 bus fare cap,2028,52889.797,43.203125,37560.21,11757
bus_fare_cap,£2 bus fare cap,2028,106494.09,0.0,4556.6094,11834
bus_fare_cap,£2 bus fare cap,2028,28532.357,0.0,283.4312,11877
bus_fare_cap,£2 bus fare cap,2028,31725.133,0.0,6659.268,11945
bus_fare_cap,£2 bus fare cap,2028,42993.68,0.0,1136.6481,11980
bus_fare_cap,£2 bus fare cap,2028,45971.453,0.0,3857.897,11992
bus_fare_cap,£2 bus fare cap,2028,54190.746,0.0,27654.299,11995
bus_fare_cap,£2 bus fare cap,2028,83766.89,0.0,46020.39,12162
bus_fare_cap,£2 bus fare cap,2028,66200.625,8.9375,15045.885,12275
bus_fare_cap,£2 bus fare cap,2028,123799.555,0.0,13004.54,12346
bus_fare_cap,£2 bus fare cap,2028,33853.984,84.90625,16410.285,12352
bus_fare_cap,£2 bus fare cap,2028,74147.39,0.0,721.0414,12362
bus_fare_cap,£2 bus fare cap,2028,77062.93,0.0,886.0993,12396
bus_fare_cap,£2 bus fare cap,2028,22883.035,0.0,25447.395,12404
bus_fare_cap,£2 bus fare cap,2028,107504.92,0.0,12171.702,12441
bus_fare_cap,£2 bus fare cap,2028,64026.453,41.265625,18875.041,12506
bus_fare_cap,£2 bus fare cap,2028,39415.266,0.0,9931.679,12512
bus_fare_cap,£2 bus fare cap,2028,134839.44,0.0,91072.15,12585
bus_fare_cap,£2 bus fare cap,2028,24587.637,0.0,2356.632,12604
bus_fare_cap,£2 bus fare cap,2028,47144.688,51.335938,8845.714,12635
bus_fare_cap,£2 bus fare cap,2028,37850.965,0.0,526.02563,12716
bus_fare_cap,£2 bus fare cap,2028,19529.188,64.26172,13628.529,12785
bus_fare_cap,£2 bus fare cap,2028,139265.9,0.0,5616.7886,12788
bus_fare_cap,£2 bus fare cap,2028,56920.688,0.0,5801.5938,12821
bus_fare_cap,£2 bus fare cap,2028,46574.707,0.0,1020.81946,12972
bus_fare_cap,£2 bus fare cap,2028,63328.74,0.0,756.59705,12981
bus_fare_cap,£2 bus fare cap,2028,122624.49,8.9375,26365.459,12990
bus_fare_cap,£2 bus fare cap,2028,40697.016,0.0,15364.27,13041
bus_fare_cap,£2 bus fare cap,2028,40862.805,101.68359,86822.92,13118
bus_fare_cap,£2 bus fare cap,2028,120762.82,0.0,24709.285,13139
bus_fare_cap,£2 bus fare cap,2028,25569.87,117.82031,404.91696,13150
bus_fare_cap,£2 bus fare cap,2028,27238.916,0.0,2844.2822,13154
bus_fare_cap,£2 bus fare cap,2028,23258.865,0.0,5340.9395,13196
bus_fare_cap,£2 bus fare cap,2028,67124.31,5.6875,34743.13,13209
bus_fare_cap,£2 bus fare cap,2028,109443.21,0.0,2836.0166,13287
bus_fare_cap,£2 bus fare cap,2028,115151.77,0.0,534.73615,13303
bus_fare_cap,£2 bus fare cap,2028,38005.75,0.0,12961.755,13339
bus_fare_cap,£2 bus fare cap,2028,115987.82,8.0625,8937.494,13358
bus_fare_cap,£2 bus fare cap,2028,27493.873,0.0,2443.516,13417
bus_fare_cap,£2 bus fare cap,2028,61684.31,15.53125,13512.132,13419
bus_fare_cap,£2 bus fare cap,2028,22218.701,0.0,597.76465,13463
bus_fare_cap,£2 bus fare cap,2028,43750.13,37.039062,22180.342,13533
bus_fare_cap,£2 bus fare cap,2028,82530.5,1.5703125,26875.42,13627
bus_fare_cap,£2 bus fare cap,2028,43896.438,0.0,938.4918,13735
bus_fare_cap,£2 bus fare cap,2028,6854.6084,111.708984,330.52197,13784
bus_fare_cap,£2 bus fare cap,2028,13356.127,0.0,40756.406,13786
bus_fare_cap,£2 bus fare cap,2028,55458.36,0.0,70623.69,13843
bus_fare_cap,£2 bus fare cap,2028,24785.688,0.0,358.6442,13939
bus_fare_cap,£2 bus fare cap,2028,110214.19,8.953125,652.4185,13985
bus_fare_cap,£2 bus fare cap,2028,52704.957,0.0,141741.64,14066
bus_fare_cap,£2 bus fare cap,2028,26634.395,0.0,184.161,14081
bus_fare_cap,£2 bus fare cap,2028,60715.65,2.8515625,3439.4775,14086
bus_fare_cap,£2 bus fare cap,2028,39754.676,0.0,2360.424,14123
bus_fare_cap,£2 bus fare cap,2028,23436.693,0.0,434.33517,14161
bus_fare_cap,£2 bus fare cap,2028,86381.24,7.390625,38062.85,14219
bus_fare_cap,£2 bus fare cap,2028,73245.77,0.0,33618.582,14225
bus_fare_cap,£2 bus fare cap,2028,65132.438,0.0,4545.2188,14298
bus_fare_cap,£2 bus fare cap,2028,79323.86,0.0,50824.402,14332
bus_fare_cap,£2 bus fare cap,2028,15085.342,0.0,9870.608,14424
bus_fare_cap,£2 bus fare cap,2028,42735.61,0.0,1791.6722,14458
bus_fare_cap,£2 bus fare cap,2028,60543.484,2.8515625,7847.3604,14474
bus_fare_cap,£2 bus fare cap,2028,79049.87,0.0,1337.2354,14483
bus_fare_cap,£2 bus fare cap,2028,37257.31,0.0,1747.0142,14558
bus_fare_cap,£2 bus fare cap,2028,72006.375,0.0,1570.2778,14580
bus_fare_cap,£2 bus fare cap,2028,73715.7,0.0,459.64288,14591
bus_fare_cap,£2 bus fare cap,2028,50087.492,0.0,67711.78,14660
bus_fare_cap,£2 bus fare cap,2028,67601.86,0.0,2963.3218,14674
bus_fare_cap,£2 bus fare cap,2028,3203.4058,126.10791,827.7513,14686
bus_fare_cap,£2 bus fare cap,2028,68124.016,2.6796875,3953.1843,14746
bus_fare_cap,£2 bus fare cap,2028,22319.762,0.0,331.61148,14757
bus_fare_cap,£2 bus fare cap,2028,5838.5938,0.0,21580.152,14791
bus_fare_cap,£2 bus fare cap,2028,34189.984,70.69531,81116.195,14809
bus_fare_cap,£2 bus fare cap,2028,133056.33,14.40625,28192.281,14895
bus_fare_cap,£2 bus fare cap,2028,47815.527,0.0,5172.24,14910
bus_fare_cap,£2 bus fare cap,2028,37661.95,14.730469,138.42924,14961
bus_fare_cap,£2 bus fare cap,2028,78711.63,0.0,18925.896,14989
bus_fare_cap,£2 bus fare cap,2028,31875.559,70.69531,16729.408,15036
bus_fare_cap,£2 bus fare cap,2028,69859.164,0.0,258.1853,15072
bus_fare_cap,£2 bus fare cap,2028,70126.74,41.914062,6450.931,15169
bus_fare_cap,£2 bus fare cap,2028,113332.83,8.96875,407.617,15182
bus_fare_cap,£2 bus fare cap,2028,34539.05,0.0,595.5213,15216
bus_fare_cap,£2 bus fare cap,2028,111590.375,0.0,5169.995,15234
bus_fare_cap,£2 bus fare cap,2028,51055.78,6.1875,320.36038,15322
bus_fare_cap,£2 bus fare cap,2028,105595.46,5.796875,1202.0635,15348
bus_fare_cap,£2 bus fare cap,2028,90528.5,0.0,11501.1045,15394
bus_fare_cap,£2 bus fare cap,2028,59416.21,0.0,152340.55,15519
bus_fare_cap,£2 bus fare cap,2028,63921.508,23.117188,565.26385,15548
bus_fare_cap,£2 bus fare cap,2028,50839.992,68.078125,19126.74,15599
bus_fare_cap,£2 bus fare cap,2028,94574.7,0.0,5753.2236,15611
bus_fare_cap,£2 bus fare cap,2028,29756.678,0.0,11582.161,15633
bus_fare_cap,£2 bus fare cap,2028,86906.22,0.0,5851.0376,15642
bus_fare_cap,£2 bus fare cap,2028,75645.53,0.0,32853.1,15668
bus_fare_cap,£2 bus fare cap,2028,101873.266,3.921875,125072.375,15721
bus_fare_cap,£2 bus fare cap,2028,56611.016,23.242188,869.6136,15728
bus_fare_cap,£2 bus fare cap,2028,49093.36,0.0,23998.234,15740
bus_fare_cap,£2 bus fare cap,2028,39929.445,51.820312,24905.404,15945
bus_fare_cap,£2 bus fare cap,2028,29300.95,0.0,2361.5188,15966
bus_fare_cap,£2 bus fare cap,2028,12955.097,0.0,1849.507,15981
bus_fare_cap,£2 bus fare cap,2028,59376.883,0.0,392.92188,16003
bus_fare_cap,£2 bus fare cap,2028,27107.73,0.0,659.9208,16058
bus_fare_cap,£2 bus fare cap,2028,46089.26,0.0,11994.743,16180
bus_fare_cap,£2 bus fare cap,2028,47572.906,0.0,494.67426,16411
bus_fare_cap,£2 bus fare cap,2028,54381.58,0.0,217.39735,16439
bus_fare_cap,£2 bus fare cap,2028,102741.98,0.0,51757.414,16724
bus_fare_cap,£2 bus fare cap,2028,104927.03,0.0,405.5703,16845
bus_fare_cap,£2 bus fare cap,2028,3384.9849,0.0,348.02338,17074
bus_fare_cap,£2 bus fare cap,2028,35551.895,0.0,549.1041,17104
bus_fare_cap,£2 bus fare cap,2028,29486.043,82.546875,32161.34,17379
bus_fare_cap,£2 bus fare cap,2028,60380.508,107.67969,866.8824,17740
bus_fare_cap,£2 bus fare cap,2028,59031.113,0.0,594.446,17800
bus_fare_cap,£2 bus fare cap,2028,7288.758,0.0,289.3897,17876
bus_fare_cap,£2 bus fare cap,2028,125985.25,2.6875,7473.275,17918
bus_fare_cap,£2 bus fare cap,2028,90463.984,12.5,8050.8833,17925
bus_fare_cap,£2 bus fare cap,2028,73301.664,53.164062,15322.596,17983
bus_fare_cap,£2 bus fare cap,2028,105146.945,70.640625,96214.34,18465
bus_fare_cap,£2 bus fare cap,2028,18987.746,34.390625,947.2707,18670
bus_fare_cap,£2 bus fare cap,2028,134026.2,0.0,44416.195,18686
bus_fare_cap,£2 bus fare cap,2028,17717.818,98.177734,23148.021,18754
bus_fare_cap,£2 bus fare cap,2028,32488.15,0.0,937.28015,18843
bus_fare_cap,£2 bus fare cap,2028,80601.234,0.0,12177.938,19014
bus_fare_cap,£2 bus fare cap,2028,11274.017,109.484375,587.21716,19199
bus_fare_cap,£2 bus fare cap,2028,108451.28,16.921875,530.4315,19212
bus_fare_cap,£2 bus fare cap,2028,63252.17,37.039062,3927.9688,19368
bus_fare_cap,£2 bus fare cap,2028,107404.33,11.609375,22.910177,19419
bus_fare_cap,£2 bus fare cap,2028,39389.18,0.0,1602.5483,19707
bus_fare_cap,£2 bus fare cap,2028,76346.41,0.0,946.49054,19725
bus_fare_cap,£2 bus fare cap,2028,26938.01,0.0,1620.6241,19809
bus_fare_cap,£2 bus fare cap,2028,48750.96,30.046875,9273.441,19932
bus_fare_cap,£2 bus fare cap,2028,16662.191,82.546875,3704.0042,19936
bus_fare_cap,£2 bus fare cap,2028,84256.73,4.03125,7298.827,19953
bus_fare_cap,£2 bus fare cap,2028,27404.502,0.0,327.96713,20000
bus_fare_cap,£2 bus fare cap,2028,32708.545,0.0,29668.383,20039
bus_fare_cap,£2 bus fare cap,2028,71455.79,0.0,3360.798,20057
bus_fare_cap,£2 bus fare cap,2028,21702.326,0.0,1578.1066,20120
bus_fare_cap,£2 bus fare cap,2028,57617.375,0.0,574.3236,20310
bus_fare_cap,£2 bus fare cap,2028,45057.21,0.0,271.37762,20323
bus_fare_cap,£2 bus fare cap,2028,101639.68,7.140625,6491.386,20383
bus_fare_cap,£2 bus fare cap,2028,30510.21,0.0,232.59033,20426
bus_fare_cap,£2 bus fare cap,2028,49833.227,130.30469,770.7549,20457
bus_fare_cap,£2 bus fare cap,2028,94059.42,4.4375,16280.38,20555
bus_fare_cap,£2 bus fare cap,2028,22628.73,0.0,2474.5442,20642
bus_fare_cap,£2 bus fare cap,2028,67908.68,972.34375,193.73367,20692
bus_fare_cap,£2 bus fare cap,2028,88648.734,0.0,542.802,20751
bus_fare_cap,£2 bus fare cap,2028,33187.59,0.0,38981.89,21263
bus_fare_cap,£2 bus fare cap,2028,18465.152,85.50391,462.13367,21304
bus_fare_cap,£2 bus fare cap,2028,78930.4,0.0,275.44,21486
bus_fare_cap,£2 bus fare cap,2028,66798.3,0.0,975.215,21759
bus_fare_cap,£2 bus fare cap,2028,71715.12,150.22656,307.41116,21763
bus_fare_cap,£2 bus fare cap,2028,40230.93,0.0,508.74518,21894
bus_fare_cap,£2 bus fare cap,2028,56701.797,0.0,285.958,21905
bus_fare_cap,£2 bus fare cap,2028,106347.94,31.6875,6016.24,21952
bus_fare_cap,£2 bus fare cap,2028,91443.555,110.9375,1688.4703,22015
bus_fare_cap,£2 bus fare cap,2028,121466.26,26.578125,4196.127,22150
bus_fare_cap,£2 bus fare cap,2028,53421.594,113.82031,311.5974,22171
bus_fare_cap,£2 bus fare cap,2028,28326.562,0.0,1793.6014,22179
bus_fare_cap,£2 bus fare cap,2028,18267.148,0.0,397.53735,22197
bus_fare_cap,£2 bus fare cap,2028,19105.453,0.0,420.50967,22367
bus_fare_cap,£2 bus fare cap,2028,20651.148,0.0,630.4217,22485
bus_fare_cap,£2 bus fare cap,2028,17005.502,0.0,978.4543,23016
bus_fare_cap,£2 bus fare cap,2028,33417.37,67.41016,586.6939,23179
bus_fare_cap,£2 bus fare cap,2028,55593.926,133.88281,436.48407,23654
bus_fare_cap,£2 bus fare cap,2028,23261.83,0.0,3195.8154,23867
bus_fare_cap,£2 bus fare cap,2028,27807.398,0.0,494.58215,23904
bus_fare_cap,£2 bus fare cap,2028,66231.97,0.0,46283.68,23972
bus_fare_cap,£2 bus fare cap,2028,45079.086,0.0,497.76993,23992
bus_fare_cap,£2 bus fare cap,2028,131841.95,0.0,11287.241,24109
bus_fare_cap,£2 bus fare cap,2028,69602.805,58.90625,8208.042,24110
bus_fare_cap,£2 bus fare cap,2028,56113.277,0.0,402.31677,24112
bus_fare_cap,£2 bus fare cap,2028,100942.664,0.0,241.0657,24169
bus_fare_cap,£2 bus fare cap,2028,89918.23,0.0,35165.37,24170
bus_fare_cap,£2 bus fare cap,2028,56862.73,0.0,9946.6455,24189
bus_fare_cap,£2 bus fare cap,2028,30191.3,50.94922,6175.794,24240
bus_fare_cap,£2 bus fare cap,2028,60359.293,59.3125,24175.11,24503
bus_fare_cap,£2 bus fare cap,2028,23821.113,0.0,372.58783,24527
bus_fare_cap,£2 bus fare cap,2028,64175.93,0.0,723.62024,25073
bus_fare_cap,£2 bus fare cap,2028,48681.523,0.0,480.50085,25564
bus_fare_cap,£2 bus fare cap,2028,22003.273,0.0,596.12933,25667
bus_fare_cap,£2 bus fare cap,2028,80767.78,0.0,2698.656,25784
bus_fare_cap,£2 bus fare cap,2028,71868.16,0.0,187.20798,25858
bus_fare_cap,£2 bus fare cap,2028,26283.47,114.07031,39487.324,26003
bus_fare_cap,£2 bus fare cap,2028,17427.9,0.0,587.0779,26044
bus_fare_cap,£2 bus fare cap,2028,6465.9043,0.0,12994.348,26272
bus_fare_cap,£2 bus fare cap,2028,29055.752,41.273438,5083.4307,26346
bus_fare_cap,£2 bus fare cap,2028,52411.87,0.0,312.32678,26408
bus_fare_cap,£2 bus fare cap,2028,579.01764,82.54297,58998.72,26448
bus_fare_cap,£2 bus fare cap,2028,23702.012,0.0,660.19836,26726
bus_fare_cap,£2 bus fare cap,2028,64761.105,38.796875,2170.0266,26811
bus_fare_cap,£2 bus fare cap,2028,51734.17,5.703125,30980.191,26832
bus_fare_cap,£2 bus fare cap,2028,24494.016,6.8789062,2831.531,27077
bus_fare_cap,£2 bus fare cap,2028,42019.418,0.0,373.0842,27093
bus_fare_cap,£2 bus fare cap,2028,50811.938,15.53125,2117.7139,27113
bus_fare_cap,£2 bus fare cap,2028,118877.56,0.0,1851.5933,27254
bus_fare_cap,£2 bus fare cap,2028,30615.348,22.242188,19661.963,27293
bus_fare_cap,£2 bus fare cap,2028,53744.83,113.8125,30578.75,27736
bus_fare_cap,£2 bus fare cap,2028,29612.719,0.0,534.21594,27751
bus_fare_cap,£2 bus fare cap,2028,57737.195,31.65625,125341.68,27767
bus_fare_cap,£2 bus fare cap,2028,51711.203,0.0,11557.804,27991
bus_fare_cap,£2 bus fare cap,2028,21278.672,0.0,487.08905,28026
bus_fare_cap,£2 bus fare cap,2028,116618.18,17.140625,25036.074,28725
bus_fare_cap,£2 bus fare cap,2028,55700.95,0.0,276.66464,28792
bus_fare_cap,£2 bus fare cap,2028,73358.01,0.0,758.13007,28899
bus_fare_cap,£2 bus fare cap,2028,46695.645,0.0,1592.758,28941
bus_fare_cap,£2 bus fare cap,2028,16859.412,0.0,1752.2234,29088
bus_fare_cap,£2 bus fare cap,2028,33213.582,0.0,663.8258,29189
bus_fare_cap,£2 bus fare cap,2028,91596.02,0.0,2294.638,29333
bus_fare_cap,£2 bus fare cap,2028,26395.953,0.0,1114.5243,29745
bus_fare_cap,£2 bus fare cap,2028,115134.51,0.0,230.3422,29749
bus_fare_cap,£2 bus fare cap,2028,38686.42,14.8984375,20812.203,30124
bus_fare_cap,£2 bus fare cap,2028,41084.883,0.0,446.62885,30238
bus_fare_cap,£2 bus fare cap,2028,73267.85,0.0,19104.559,30391
bus_fare_cap,£2 bus fare cap,2028,13513.709,0.0,43968.484,30913
bus_fare_cap,£2 bus fare cap,2028,82565.766,0.0,2766.4758,31066
bus_fare_cap,£2 bus fare cap,2028,21824.93,0.0,415.57126,31254
bus_fare_cap,£2 bus fare cap,2028,20497.914,0.0,7500.5566,31538
bus_fare_cap,£2 bus fare cap,2028,45939.723,1.9960938,5571.853,31541
bus_fare_cap,£2 bus fare cap,2028,39061.207,0.0,80.6585,31546
bus_fare_cap,£2 bus fare cap,2028,133315.16,8.9375,13026.038,31691
bus_fare_cap,£2 bus fare cap,2028,131951.78,0.0,435.46124,31767
bus_fare_cap,£2 bus fare cap,2028,88746.36,0.0,202.92346,31806
bus_fare_cap,£2 bus fare cap,2028,38872.46,104.08594,26614.025,31886
bus_fare_cap,£2 bus fare cap,2028,104106.26,0.0,40841.207,31943
bus_fare_cap,£2 bus fare cap,2028,45738.207,0.0,401.29532,32163
bus_fare_cap,£2 bus fare cap,2028,72329.38,0.0,3166.7744,32168
bus_fare_cap,£2 bus fare cap,2028,48085.277,37.039062,1201.6807,32172
bus_fare_cap,£2 bus fare cap,2028,66045.18,0.0,299.7335,32174
bus_fare_cap,£2 bus fare cap,2028,33036.582,0.0,298.04214,32254
bus_fare_cap,£2 bus fare cap,2028,60122.66,0.0,12998.736,32331
bus_fare_cap,£2 bus fare cap,2028,80259.0,0.0,1282.3508,32475
bus_fare_cap,£2 bus fare cap,2028,55918.57,0.0,23.668335,33814
bus_fare_cap,£2 bus fare cap,2028,46816.61,0.0,37.803963,41944
bus_fare_cap,£2 bus fare cap,2028,97085.26,0.0,61.46097,41950
bus_fare_cap,£2 bus fare cap,2028,22217.053,0.0,14.665603,46185
bus_fare_cap,£2 bus fare cap,2028,121605.766,0.0,198.21095,49121
bus_fare_cap,£2 bus fare cap,2028,48967.58,0.0,530.726,49812
bus_fare_cap,£2 bus fare cap,2028,44969.965,0.0,3306.0354,50537
bus_fare_cap,£2 bus fare cap,2028,7291.8506,0.0,8326.695,51580
bus_fare_cap,£2 bus fare cap,2028,57069.152,0.0,107.698265,51640
bus_fare_cap,£2 bus fare cap,2028,28490.328,0.0,551.5752,52783
bus_fare_cap,£2 bus fare cap,2028,23659.945,0.0,398.8587,54403
bus_fare_cap,£2 bus fare cap,2028,63128.176,113.82031,143.53938,54749
bus_fare_cap,£2 bus fare cap,2028,127192.72,0.0,916.82837,54824
bus_fare_cap,£2 bus fare cap,2028,74615.75,110.9375,201.76003,55334
bus_fare_cap,£2 bus fare cap,2028,17325.416,0.0,5396.616,55805
bus_fare_cap,£2 bus fare cap,2028,8538.804,175.4043,285.57388,56245
bus_fare_cap,£2 bus fare cap,2028,92176.984,0.0,15050.096,57181
bus_fare_cap,£2 bus fare cap,2028,141638.88,0.0,17.211357,58496
bus_fare_cap,£2 bus fare cap,2028,4325.6465,0.0,3686.9124,58677
bus_fare_cap,£2 bus fare cap,2028,15159.371,0.0,282.43225,58702
bus_fare_cap,£2 bus fare cap,2028,27176.514,0.0,269.38788,60626
bus_fare_cap,£2 bus fare cap,2028,54782.273,49.90625,773.7116,62259
bus_fare_cap,£2 bus fare cap,2028,100498.18,0.0,99.19103,62593
bus_fare_cap,£2 bus fare cap,2028,75977.55,0.0,2893.732,62794
bus_fare_cap,£2 bus fare cap,2028,108918.78,1.1875,126.7814,63791
bus_fare_cap,£2 bus fare cap,2028,58141.266,15.6875,19323.6,64098
bus_fare_cap,£2 bus fare cap,2028,49283.066,0.0,1825.6941,64774
bus_fare_cap,£2 bus fare cap,2029,64071.11,0.0,671.81824,183
bus_fare_cap,£2 bus fare cap,2029,46524.996,63.726562,2201.4365,222
bus_fare_cap,£2 bus fare cap,2029,57810.656,0.0,710.93286,257
bus_fare_cap,£2 bus fare cap,2029,7776.9404,0.0,5050.571,321
bus_fare_cap,£2 bus fare cap,2029,54999.2,0.0,1955.1456,366
bus_fare_cap,£2 bus fare cap,2029,44333.75,0.0,38304.906,385
bus_fare_cap,£2 bus fare cap,2029,68271.34,0.0,7824.4033,507
bus_fare_cap,£2 bus fare cap,2029,27101.39,0.0,3905.6257,603
bus_fare_cap,£2 bus fare cap,2029,37375.36,0.0,1219.2965,621
bus_fare_cap,£2 bus fare cap,2029,33879.996,0.0,641.8773,668
bus_fare_cap,£2 bus fare cap,2029,17657.516,0.0,723.235,675
bus_fare_cap,£2 bus fare cap,2029,19346.48,58.265625,47182.367,769
bus_fare_cap,£2 bus fare cap,2029,36763.387,0.0,2243.824,800
bus_fare_cap,£2 bus fare cap,2029,54831.426,0.0,22821.098,848
bus_fare_cap,£2 bus fare cap,2029,61198.105,0.0,27525.879,978
bus_fare_cap,£2 bus fare cap,2029,108152.55,0.0,24204.312,986
bus_fare_cap,£2 bus fare cap,2029,40522.63,0.0,2094.156,1068
bus_fare_cap,£2 bus fare cap,2029,98692.555,63.40625,31234.64,1075
bus_fare_cap,£2 bus fare cap,2029,55780.453,0.0,41776.26,1116
bus_fare_cap,£2 bus fare cap,2029,45420.902,0.0,11051.613,1144
bus_fare_cap,£2 bus fare cap,2029,33511.844,0.0,5338.0444,1151
bus_fare_cap,£2 bus fare cap,2029,50661.17,0.0,34042.348,1179
bus_fare_cap,£2 bus fare cap,2029,55971.63,0.0,207198.16,1243
bus_fare_cap,£2 bus fare cap,2029,53449.414,0.0,1941.2136,1293
bus_fare_cap,£2 bus fare cap,2029,32318.547,0.0,11666.416,1379
bus_fare_cap,£2 bus fare cap,2029,18258.99,31.572266,1219.7667,1441
bus_fare_cap,£2 bus fare cap,2029,42839.574,0.0,18431.06,1445
bus_fare_cap,£2 bus fare cap,2029,95707.945,64.859375,31350.562,1508
bus_fare_cap,£2 bus fare cap,2029,65003.113,0.0,5589.9985,1577
bus_fare_cap,£2 bus fare cap,2029,38064.273,4.0078125,1254.1508,1664
bus_fare_cap,£2 bus fare cap,2029,32180.35,0.0,332.6374,1803
bus_fare_cap,£2 bus fare cap,2029,49909.39,0.0,793.01483,1948
bus_fare_cap,£2 bus fare cap,2029,45044.594,84.19531,9618.599,2040
bus_fare_cap,£2 bus fare cap,2029,56672.41,0.0,5120.921,2084
bus_fare_cap,£2 bus fare cap,2029,63602.207,70.10156,6839.1865,2128
bus_fare_cap,£2 bus fare cap,2029,87561.88,0.0,95311.516,2156
bus_fare_cap,£2 bus fare cap,2029,97681.94,72.0625,48745.5,2176
bus_fare_cap,£2 bus fare cap,2029,67312.75,0.0,4662.933,2199
bus_fare_cap,£2 bus fare cap,2029,14257.226,0.0,2669.0344,2307
bus_fare_cap,£2 bus fare cap,2029,60606.297,0.0,3908.3455,2315
bus_fare_cap,£2 bus fare cap,2029,72393.195,85.5625,1485.8481,2339
bus_fare_cap,£2 bus fare cap,2029,11320.795,0.0,1679.2583,2341
bus_fare_cap,£2 bus fare cap,2029,35290.26,0.0,315.22308,2412
bus_fare_cap,£2 bus fare cap,2029,11807.219,100.14258,45663.652,2465
bus_fare_cap,£2 bus fare cap,2029,69255.016,0.0,63003.727,2529
bus_fare_cap,£2 bus fare cap,2029,40303.207,0.0,1028.6642,2554
bus_fare_cap,£2 bus fare cap,2029,27611.705,0.0,4372.0654,2624
bus_fare_cap,£2 bus fare cap,2029,58318.85,0.0,15434.003,2642
bus_fare_cap,£2 bus fare cap,2029,49319.348,0.0,3896.1382,2670
bus_fare_cap,£2 bus fare cap,2029,38768.293,0.0,31663.076,2694
bus_fare_cap,£2 bus fare cap,2029,56433.08,0.0,1276.5543,2703
bus_fare_cap,£2 bus fare cap,2029,57857.656,0.0,6234.2446,2722
bus_fare_cap,£2 bus fare cap,2029,44755.234,13.7109375,3770.5938,2753
bus_fare_cap,£2 bus fare cap,2029,40638.1,0.0,50704.254,2892
bus_fare_cap,£2 bus fare cap,2029,23896.504,0.0,79843.73,2913
bus_fare_cap,£2 bus fare cap,2029,49550.57,0.0,4456.5024,2932
bus_fare_cap,£2 bus fare cap,2029,31532.232,0.0,1147.3566,2960
bus_fare_cap,£2 bus fare cap,2029,63826.12,0.0,823.70886,2967
bus_fare_cap,£2 bus fare cap,2029,25341.652,0.0,5559.116,3039
bus_fare_cap,£2 bus fare cap,2029,97856.44,182.07812,117.014275,3052
bus_fare_cap,£2 bus fare cap,2029,76814.17,37.78125,12711.143,3079
bus_fare_cap,£2 bus fare cap,2029,19002.006,0.0,5275.874,3094
bus_fare_cap,£2 bus fare cap,2029,58495.75,0.0,7859.6426,3107
bus_fare_cap,£2 bus fare cap,2029,42574.32,0.0,8080.017,3139
bus_fare_cap,£2 bus fare cap,2029,64623.176,0.0,840.59406,3284
bus_fare_cap,£2 bus fare cap,2029,57097.555,0.0,26351.191,3341
bus_fare_cap,£2 bus fare cap,2029,76503.484,0.0,171.53343,3344
bus_fare_cap,£2 bus fare cap,2029,67996.91,0.0,4749.3813,3386
bus_fare_cap,£2 bus fare cap,2029,28449.959,0.0,892.988,3399
bus_fare_cap,£2 bus fare cap,2029,11931.121,0.0,40512.88,3460
bus_fare_cap,£2 bus fare cap,2029,53610.96,0.0,75926.96,3520
bus_fare_cap,£2 bus fare cap,2029,67382.945,41.5625,12861.623,3562
bus_fare_cap,£2 bus fare cap,2029,68775.81,152.625,47954.176,3577
bus_fare_cap,£2 bus fare cap,2029,131191.48,0.0,300.33218,3640
bus_fare_cap,£2 bus fare cap,2029,77015.414,12.6796875,144.6632,3643
bus_fare_cap,£2 bus fare cap,2029,44634.203,0.0,796.64197,3645
bus_fare_cap,£2 bus fare cap,2029,25162.926,0.0,10263.581,3660
bus_fare_cap,£2 bus fare cap,2029,46868.66,26.179688,55337.664,3664
bus_fare_cap,£2 bus fare cap,2029,42342.996,0.0,139139.36,3711
bus_fare_cap,£2 bus fare cap,2029,40176.035,0.0,9526.7705,3740
bus_fare_cap,£2 bus fare cap,2029,59770.1,0.0,22939.918,3747
bus_fare_cap,£2 bus fare cap,2029,31576.717,0.0,3399.941,3751
bus_fare_cap,£2 bus fare cap,2029,35114.402,0.0,18833.398,3796
bus_fare_cap,£2 bus fare cap,2029,14406.988,0.0,2991.664,3804
bus_fare_cap,£2 bus fare cap,2029,20572.74,0.0,4106.163,3901
bus_fare_cap,£2 bus fare cap,2029,72007.81,14.0234375,5009.702,3996
bus_fare_cap,£2 bus fare cap,2029,41676.973,0.0,3425.635,4061
bus_fare_cap,£2 bus fare cap,2029,57185.242,0.0,460.27994,4098
bus_fare_cap,£2 bus fare cap,2029,49500.07,0.0,10803.007,4113
bus_fare_cap,£2 bus fare cap,2029,33938.535,0.0,10281.683,4115
bus_fare_cap,£2 bus fare cap,2029,24007.768,0.0,4036.984,4189
bus_fare_cap,£2 bus fare cap,2029,108550.984,12.671875,2215.3054,4301
bus_fare_cap,£2 bus fare cap,2029,19200.973,0.0,3637.9905,4336
bus_fare_cap,£2 bus fare cap,2029,78772.77,0.0,1106.4968,4443
bus_fare_cap,£2 bus fare cap,2029,82952.16,0.0,1495.956,4450
bus_fare_cap,£2 bus fare cap,2029,50188.04,0.0,4905.389,4497
bus_fare_cap,£2 bus fare cap,2029,21709.209,18.027344,1259.3324,4522
bus_fare_cap,£2 bus fare cap,2029,19061.533,140.32422,24410.852,4560
bus_fare_cap,£2 bus fare cap,2029,28697.455,0.0,448.75726,4634
bus_fare_cap,£2 bus fare cap,2029,76211.68,0.0,2488.9653,4712
bus_fare_cap,£2 bus fare cap,2029,33847.54,0.0,1928.0007,4721
bus_fare_cap,£2 bus fare cap,2029,88761.55,0.0,8514.951,4759
bus_fare_cap,£2 bus fare cap,2029,136905.78,2.28125,13427.529,4864
bus_fare_cap,£2 bus fare cap,2029,26282.043,0.0,7442.31,4934
bus_fare_cap,£2 bus fare cap,2029,17068.79,120.17578,21554.658,4953
bus_fare_cap,£2 bus fare cap,2029,24178.496,0.0,19011.15,4970
bus_fare_cap,£2 bus fare cap,2029,27970.668,0.0,110805.66,5003
bus_fare_cap,£2 bus fare cap,2029,62867.203,0.0,5042.9434,5031
bus_fare_cap,£2 bus fare cap,2029,30594.18,83.02734,3627.359,5038
bus_fare_cap,£2 bus fare cap,2029,25138.598,0.0,9533.404,5090
bus_fare_cap,£2 bus fare cap,2029,42949.766,72.10156,1578.5654,5106
bus_fare_cap,£2 bus fare cap,2029,88738.48,11.515625,1591.0142,5108
bus_fare_cap,£2 bus fare cap,2029,33872.38,0.0,34146.434,5420
bus_fare_cap,£2 bus fare cap,2029,100198.88,0.0,444.13464,5436
bus_fare_cap,£2 bus fare cap,2029,48557.977,0.0,1081.7659,5475
bus_fare_cap,£2 bus fare cap,2029,40825.53,0.0,4096.3687,5706
bus_fare_cap,£2 bus fare cap,2029,16385.344,0.0,42097.08,5711
bus_fare_cap,£2 bus fare cap,2029,51831.445,0.0,4932.6587,5716
bus_fare_cap,£2 bus fare cap,2029,37040.3,0.0,5646.64,5808
bus_fare_cap,£2 bus fare cap,2029,71379.234,0.0,82097.55,5813
bus_fare_cap,£2 bus fare cap,2029,51312.71,0.0,9535.68,5814
bus_fare_cap,£2 bus fare cap,2029,51566.188,0.0,340.3154,5845
bus_fare_cap,£2 bus fare cap,2029,105214.37,9.9375,1585.3558,5905
bus_fare_cap,£2 bus fare cap,2029,65582.39,0.0,2093.8423,5906
bus_fare_cap,£2 bus fare cap,2029,41574.684,0.0,286.6619,5966
bus_fare_cap,£2 bus fare cap,2029,67705.01,0.0,37513.875,5971
bus_fare_cap,£2 bus fare cap,2029,91876.84,0.0,70296.53,5972
bus_fare_cap,£2 bus fare cap,2029,33857.664,0.0,2899.4536,6127
bus_fare_cap,£2 bus fare cap,2029,53988.945,0.0,13474.321,6157
bus_fare_cap,£2 bus fare cap,2029,40698.863,0.0,24345.465,6196
bus_fare_cap,£2 bus fare cap,2029,23511.42,0.0,69050.055,6244
bus_fare_cap,£2 bus fare cap,2029,57380.01,0.0,47058.12,6249
bus_fare_cap,£2 bus fare cap,2029,10505.313,0.0,14514.969,6391
bus_fare_cap,£2 bus fare cap,2029,41200.543,0.0,26022.543,6458
bus_fare_cap,£2 bus fare cap,2029,37298.95,0.0,3077.006,6462
bus_fare_cap,£2 bus fare cap,2029,45620.67,0.0,335.87216,6479
bus_fare_cap,£2 bus fare cap,2029,15716.463,74.69141,116098.48,6494
bus_fare_cap,£2 bus fare cap,2029,27721.986,0.0,8332.452,6533
bus_fare_cap,£2 bus fare cap,2029,64981.64,0.0,7579.6987,6598
bus_fare_cap,£2 bus fare cap,2029,39665.984,0.0,1121.1747,6687
bus_fare_cap,£2 bus fare cap,2029,21920.814,0.0,1441.9741,6695
bus_fare_cap,£2 bus fare cap,2029,30140.875,16.02539,80270.52,6732
bus_fare_cap,£2 bus fare cap,2029,71100.89,0.0,219.2566,6753
bus_fare_cap,£2 bus fare cap,2029,32964.195,0.0,50194.016,6815
bus_fare_cap,£2 bus fare cap,2029,19084.812,0.0,19342.932,6864
bus_fare_cap,£2 bus fare cap,2029,33571.305,0.0,795.59644,6904
bus_fare_cap,£2 bus fare cap,2029,14933.15,72.10742,21853.404,6912
bus_fare_cap,£2 bus fare cap,2029,22090.172,0.0,140381.03,6965
bus_fare_cap,£2 bus fare cap,2029,61815.453,8.2890625,47055.965,6975
bus_fare_cap,£2 bus fare cap,2029,75915.73,0.0,44802.227,6987
bus_fare_cap,£2 bus fare cap,2029,51803.605,0.0,1754.4537,7020
bus_fare_cap,£2 bus fare cap,2029,53039.25,5.8203125,3257.281,7036
bus_fare_cap,£2 bus fare cap,2029,43252.97,7.3046875,441.7833,7080
bus_fare_cap,£2 bus fare cap,2029,22669.258,39.285156,67384.1,7159
bus_fare_cap,£2 bus fare cap,2029,43622.445,0.0,4277.863,7163
bus_fare_cap,£2 bus fare cap,2029,53198.516,0.0,157241.53,7229
bus_fare_cap,£2 bus fare cap,2029,30196.041,0.0,4020.0964,7248
bus_fare_cap,£2 bus fare cap,2029,9745.391,0.0,25700.96,7428
bus_fare_cap,£2 bus fare cap,2029,42148.758,0.0,48979.145,7444
bus_fare_cap,£2 bus fare cap,2029,25301.62,0.0,11199.715,7459
bus_fare_cap,£2 bus fare cap,2029,102454.47,0.0,19077.992,7504
bus_fare_cap,£2 bus fare cap,2029,24339.625,6.0078125,44410.99,7539
bus_fare_cap,£2 bus fare cap,2029,47076.734,0.0,3068.1829,7624
bus_fare_cap,£2 bus fare cap,2029,92909.33,0.0,1355.0262,7632
bus_fare_cap,£2 bus fare cap,2029,26418.234,0.0,376.2767,7743
bus_fare_cap,£2 bus fare cap,2029,27932.516,0.0,754.8752,7763
bus_fare_cap,£2 bus fare cap,2029,69455.69,0.0,6635.3647,7908
bus_fare_cap,£2 bus fare cap,2029,13480.375,0.0,80615.91,8037
bus_fare_cap,£2 bus fare cap,2029,17359.062,0.0,7409.565,8077
bus_fare_cap,£2 bus fare cap,2029,24429.799,0.0,1300.82,8101
bus_fare_cap,£2 bus fare cap,2029,37536.254,0.0,76993.01,8228
bus_fare_cap,£2 bus fare cap,2029,64486.758,0.0,31274.018,8272
bus_fare_cap,£2 bus fare cap,2029,62215.336,0.0,7394.0166,8342
bus_fare_cap,£2 bus fare cap,2029,39622.055,0.0,4114.93,8392
bus_fare_cap,£2 bus fare cap,2029,65468.977,0.0,5498.5703,8468
bus_fare_cap,£2 bus fare cap,2029,21547.672,0.0,525.76263,8478
bus_fare_cap,£2 bus fare cap,2029,55758.87,0.0,1151.4694,8480
bus_fare_cap,£2 bus fare cap,2029,59244.418,0.0,79988.305,8511
bus_fare_cap,£2 bus fare cap,2029,36948.45,0.0,268018.12,8566
bus_fare_cap,£2 bus fare cap,2029,107928.3,0.0,438.68823,8595
bus_fare_cap,£2 bus fare cap,2029,54153.527,0.0,39604.11,8686
bus_fare_cap,£2 bus fare cap,2029,44417.008,24.03125,17267.299,8762
bus_fare_cap,£2 bus fare cap,2029,30827.363,0.0,53186.266,8782
bus_fare_cap,£2 bus fare cap,2029,116902.18,1.609375,269.802,8790
bus_fare_cap,£2 bus fare cap,2029,50043.1,0.0,5382.107,8879
bus_fare_cap,£2 bus fare cap,2029,49229.855,0.0,518.4888,8945
bus_fare_cap,£2 bus fare cap,2029,29333.135,0.0,13783.342,9118
bus_fare_cap,£2 bus fare cap,2029,98300.984,2.515625,90000.164,9196
bus_fare_cap,£2 bus fare cap,2029,6962.979,0.0,7246.813,9288
bus_fare_cap,£2 bus fare cap,2029,97829.62,5.171875,26343.1,9313
bus_fare_cap,£2 bus fare cap,2029,30736.865,0.0,40003.15,9395
bus_fare_cap,£2 bus fare cap,2029,16422.652,0.0,45454.047,9396
bus_fare_cap,£2 bus fare cap,2029,60265.676,48.171875,14529.292,9409
bus_fare_cap,£2 bus fare cap,2029,22520.262,0.0,9006.242,9418
bus_fare_cap,£2 bus fare cap,2029,54751.57,0.0,10392.116,9419
bus_fare_cap,£2 bus fare cap,2029,41616.625,0.0,60006.06,9497
bus_fare_cap,£2 bus fare cap,2029,94128.32,0.0,120263.96,9588
bus_fare_cap,£2 bus fare cap,2029,38846.18,0.0,11546.937,9652
bus_fare_cap,£2 bus fare cap,2029,47390.047,66.10156,184.49013,9664
bus_fare_cap,£2 bus fare cap,2029,33132.492,0.0,92439.81,9734
bus_fare_cap,£2 bus fare cap,2029,66645.195,0.0,9858.507,9744
bus_fare_cap,£2 bus fare cap,2029,59541.586,21.304688,20249.744,9754
bus_fare_cap,£2 bus fare cap,2029,19675.17,0.0,445.8326,9779
bus_fare_cap,£2 bus fare cap,2029,71660.63,0.0,309.87402,9782
bus_fare_cap,£2 bus fare cap,2029,65843.516,0.0,51881.36,9851
bus_fare_cap,£2 bus fare cap,2029,28415.465,0.0,95666.84,9876
bus_fare_cap,£2 bus fare cap,2029,117006.68,0.0,10096.105,9933
bus_fare_cap,£2 bus fare cap,2029,23853.652,0.0,831.23004,9962
bus_fare_cap,£2 bus fare cap,2029,28878.71,8.013672,43409.19,10072
bus_fare_cap,£2 bus fare cap,2029,50301.914,0.0,96712.47,10082
bus_fare_cap,£2 bus fare cap,2029,56024.535,555.40625,653.1409,10125
bus_fare_cap,£2 bus fare cap,2029,19611.018,41.5625,703.456,10153
bus_fare_cap,£2 bus fare cap,2029,15900.482,72.109375,113545.83,10159
bus_fare_cap,£2 bus fare cap,2029,30180.531,65.484375,35998.23,10230
bus_fare_cap,£2 bus fare cap,2029,37530.38,0.0,10504.627,10231
bus_fare_cap,£2 bus fare cap,2029,89292.914,113.15625,557.80963,10256
bus_fare_cap,£2 bus fare cap,2029,54179.574,0.0,16572.738,10325
bus_fare_cap,£2 bus fare cap,2029,29222.605,0.0,516.8279,10386
bus_fare_cap,£2 bus fare cap,2029,47861.336,0.0,8065.781,10491
bus_fare_cap,£2 bus fare cap,2029,35742.242,0.0,317.48648,10530
bus_fare_cap,£2 bus fare cap,2029,44517.492,3.0078125,459.50772,10535
bus_fare_cap,£2 bus fare cap,2029,61793.773,63.726562,2553.0332,10567
bus_fare_cap,£2 bus fare cap,2029,85673.51,77.96875,79569.32,10582
bus_fare_cap,£2 bus fare cap,2029,5527.997,0.0,5076.476,10629
bus_fare_cap,£2 bus fare cap,2029,20325.77,0.0,17698.113,10632
bus_fare_cap,£2 bus fare cap,2029,5802.2173,0.0,14559.629,10644
bus_fare_cap,£2 bus fare cap,2029,39333.156,0.0,120804.12,10646
bus_fare_cap,£2 bus fare cap,2029,18782.492,0.0,17597.635,10675
bus_fare_cap,£2 bus fare cap,2029,30511.8,0.0,14859.006,10682
bus_fare_cap,£2 bus fare cap,2029,56642.164,0.0,282.98453,10728
bus_fare_cap,£2 bus fare cap,2029,28213.025,0.0,3673.9517,10772
bus_fare_cap,£2 bus fare cap,2029,47222.492,0.0,1896.3315,10821
bus_fare_cap,£2 bus fare cap,2029,54951.277,0.0,14032.031,10900
bus_fare_cap,£2 bus fare cap,2029,31176.506,0.0,1193.3528,11037
bus_fare_cap,£2 bus fare cap,2029,38171.945,0.0,308.00443,11054
bus_fare_cap,£2 bus fare cap,2029,66467.2,0.0,843.07306,11137
bus_fare_cap,£2 bus fare cap,2029,63311.258,0.0,3997.0547,11199
bus_fare_cap,£2 bus fare cap,2029,103737.62,6.625,478.25024,11260
bus_fare_cap,£2 bus fare cap,2029,46230.79,0.0,5692.368,11356
bus_fare_cap,£2 bus fare cap,2029,71496.59,0.0,116.03188,11384
bus_fare_cap,£2 bus fare cap,2029,122278.03,0.0,503.61423,11444
bus_fare_cap,£2 bus fare cap,2029,93400.4,0.0,5193.0894,11457
bus_fare_cap,£2 bus fare cap,2029,57994.934,0.0,230.54599,11560
bus_fare_cap,£2 bus fare cap,2029,70638.305,10.1875,758.9417,11599
bus_fare_cap,£2 bus fare cap,2029,137310.92,0.0,132157.12,11615
bus_fare_cap,£2 bus fare cap,2029,53281.113,44.0625,37725.477,11757
bus_fare_cap,£2 bus fare cap,2029,108133.766,0.0,4576.6587,11834
bus_fare_cap,£2 bus fare cap,2029,29000.143,0.0,284.6783,11877
bus_fare_cap,£2 bus fare cap,2029,31651.252,0.0,6688.569,11945
bus_fare_cap,£2 bus fare cap,2029,43956.234,0.0,1141.6493,11980
bus_fare_cap,£2 bus fare cap,2029,46658.47,0.0,3874.8718,11992
bus_fare_cap,£2 bus fare cap,2029,55323.094,0.0,27775.979,11995
bus_fare_cap,£2 bus fare cap,2029,84970.44,0.0,46222.883,12162
bus_fare_cap,£2 bus fare cap,2029,69485.28,9.109375,15112.087,12275
bus_fare_cap,£2 bus fare cap,2029,124860.49,0.0,13061.76,12346
bus_fare_cap,£2 bus fare cap,2029,33461.273,86.60156,16482.49,12352
bus_fare_cap,£2 bus fare cap,2029,75174.04,0.0,724.214,12362
bus_fare_cap,£2 bus fare cap,2029,78998.12,0.0,889.99817,12396
bus_fare_cap,£2 bus fare cap,2029,23434.617,0.0,25559.363,12404
bus_fare_cap,£2 bus fare cap,2029,108794.055,0.0,12225.258,12441
bus_fare_cap,£2 bus fare cap,2029,64952.07,42.09375,18958.092,12506
bus_fare_cap,£2 bus fare cap,2029,39427.223,0.0,9975.378,12512
bus_fare_cap,£2 bus fare cap,2029,136555.14,0.0,91472.87,12585
bus_fare_cap,£2 bus fare cap,2029,24945.283,0.0,2367.0012,12604
bus_fare_cap,£2 bus fare cap,2029,48016.24,52.351562,8884.635,12635
bus_fare_cap,£2 bus fare cap,2029,38505.227,0.0,528.34015,12716
bus_fare_cap,£2 bus fare cap,2029,19832.977,65.546875,13688.495,12785
bus_fare_cap,£2 bus fare cap,2029,142047.47,0.0,5641.5024,12788
bus_fare_cap,£2 bus fare cap,2029,58242.797,0.0,5827.1206,12821
bus_fare_cap,£2 bus fare cap,2029,47237.637,0.0,1025.311,12972
bus_fare_cap,£2 bus fare cap,2029,64411.742,0.0,759.9261,12981
bus_fare_cap,£2 bus fare cap,2029,123967.09,9.140625,26481.467,12990
bus_fare_cap,£2 bus fare cap,2029,41586.14,0.0,15431.872,13041
bus_fare_cap,£2 bus fare cap,2029,41540.305,103.71875,87204.945,13118
bus_fare_cap,£2 bus fare cap,2029,122418.12,0.0,24818.006,13139
bus_fare_cap,£2 bus fare cap,2029,26071.705,120.17969,406.6986,13150
bus_fare_cap,£2 bus fare cap,2029,27758.193,0.0,2856.797,13154
bus_fare_cap,£2 bus fare cap,2029,23790.998,0.0,5364.4395,13196
bus_fare_cap,£2 bus fare cap,2029,68004.05,5.796875,34896.0,13209
bus_fare_cap,£2 bus fare cap,2029,111549.33,0.0,2848.495,13287
bus_fare_cap,£2 bus fare cap,2029,116363.08,0.0,537.089,13303
bus_fare_cap,£2 bus fare cap,2029,38709.83,0.0,13018.787,13339
bus_fare_cap,£2 bus fare cap,2029,117549.055,8.21875,8976.819,13358
bus_fare_cap,£2 bus fare cap,2029,27574.027,0.0,2454.2676,13417
bus_fare_cap,£2 bus fare cap,2029,62700.645,15.84375,13571.585,13419
bus_fare_cap,£2 bus fare cap,2029,22594.57,0.0,600.39484,13463
bus_fare_cap,£2 bus fare cap,2029,44764.67,37.777344,22277.936,13533
bus_fare_cap,£2 bus fare cap,2029,84007.23,1.6015625,26993.672,13627
bus_fare_cap,£2 bus fare cap,2029,44554.69,0.0,942.6212,13735
bus_fare_cap,£2 bus fare cap,2029,7079.9688,113.94336,331.9763,13784
bus_fare_cap,£2 bus fare cap,2029,13507.809,0.0,40935.734,13786
bus_fare_cap,£2 bus fare cap,2029,56326.98,0.0,70934.43,13843
bus_fare_cap,£2 bus fare cap,2029,25166.38,0.0,360.22223,13939
bus_fare_cap,£2 bus fare cap,2029,111282.26,9.140625,655.2892,13985
bus_fare_cap,£2 bus fare cap,2029,53438.64,0.0,142365.31,14066
bus_fare_cap,£2 bus fare cap,2029,27142.682,0.0,184.97131,14081
bus_fare_cap,£2 bus fare cap,2029,61919.656,2.9140625,3454.6113,14086
bus_fare_cap,£2 bus fare cap,2029,40448.53,0.0,2370.81,14123
bus_fare_cap,£2 bus fare cap,2029,23703.096,0.0,436.24625,14161
bus_fare_cap,£2 bus fare cap,2029,87512.875,7.546875,38230.33,14219
bus_fare_cap,£2 bus fare cap,2029,75004.28,0.0,33766.504,14225
bus_fare_cap,£2 bus fare cap,2029,65833.76,0.0,4565.218,14298
bus_fare_cap,£2 bus fare cap,2029,80705.92,0.0,51048.03,14332
bus_fare_cap,£2 bus fare cap,2029,15267.081,0.0,9914.039,14424
bus_fare_cap,£2 bus fare cap,2029,43671.92,0.0,1799.5557,14458
bus_fare_cap,£2 bus fare cap,2029,64349.31,2.90625,7881.8887,14474
bus_fare_cap,£2 bus fare cap,2029,80473.3,0.0,1343.1193,14483
bus_fare_cap,£2 bus fare cap,2029,37881.03,0.0,1754.701,14558
bus_fare_cap,£2 bus fare cap,2029,72890.04,0.0,1577.1871,14580
bus_fare_cap,£2 bus fare cap,2029,74906.28,0.0,461.6653,14591
bus_fare_cap,£2 bus fare cap,2029,50906.703,0.0,68009.71,14660
bus_fare_cap,£2 bus fare cap,2029,69205.25,0.0,2976.3604,14674
bus_fare_cap,£2 bus fare cap,2029,3202.3574,128.62988,831.3934,14686
bus_fare_cap,£2 bus fare cap,2029,69824.69,2.7265625,3970.5784,14746
bus_fare_cap,£2 bus fare cap,2029,22640.447,0.0,333.0706,14757
bus_fare_cap,£2 bus fare cap,2029,5859.461,0.0,21675.105,14791
bus_fare_cap,£2 bus fare cap,2029,34784.93,72.10547,81473.11,14809
bus_fare_cap,£2 bus fare cap,2029,135849.64,14.6875,28316.328,14895
bus_fare_cap,£2 bus fare cap,2029,48440.395,0.0,5194.998,14910
bus_fare_cap,£2 bus fare cap,2029,38281.957,15.0234375,139.03833,14961
bus_fare_cap,£2 bus fare cap,2029,80138.2,0.0,19009.17,14989
bus_fare_cap,£2 bus fare cap,2029,32374.232,72.10547,16803.018,15036
bus_fare_cap,£2 bus fare cap,2029,70790.125,0.0,259.32132,15072
bus_fare_cap,£2 bus fare cap,2029,70986.0,42.757812,6479.3154,15169
bus_fare_cap,£2 bus fare cap,2029,115208.305,9.140625,409.41052,15182
bus_fare_cap,£2 bus fare cap,2029,35022.676,0.0,598.1416,15216
bus_fare_cap,£2 bus fare cap,2029,113275.03,0.0,5192.743,15234
bus_fare_cap,£2 bus fare cap,2029,51944.258,6.3164062,321.76996,15322
bus_fare_cap,£2 bus fare cap,2029,107772.0,5.921875,1207.3525,15348
bus_fare_cap,£2 bus fare cap,2029,92043.86,0.0,11551.71,15394
bus_fare_cap,£2 bus fare cap,2029,60552.297,0.0,153010.84,15519
bus_fare_cap,£2 bus fare cap,2029,65399.67,23.578125,567.75104,15548
bus_fare_cap,£2 bus fare cap,2029,51677.16,69.44531,19210.898,15599
bus_fare_cap,£2 bus fare cap,2029,95351.414,0.0,5778.538,15611
bus_fare_cap,£2 bus fare cap,2029,29685.1,0.0,11633.123,15633
bus_fare_cap,£2 bus fare cap,2029,88449.16,0.0,5876.782,15642
bus_fare_cap,£2 bus fare cap,2029,77267.39,0.0,32997.656,15668
bus_fare_cap,£2 bus fare cap,2029,104697.234,4.0,125622.695,15721
bus_fare_cap,£2 bus fare cap,2029,57525.73,23.703125,873.4399,15728
bus_fare_cap,£2 bus fare cap,2029,49984.547,0.0,24103.826,15740
bus_fare_cap,£2 bus fare cap,2029,40452.25,52.859375,25014.988,15945
bus_fare_cap,£2 bus fare cap,2029,29744.18,0.0,2371.9094,15966
bus_fare_cap,£2 bus fare cap,2029,12181.061,0.0,1857.6448,15981
bus_fare_cap,£2 bus fare cap,2029,60545.75,0.0,394.65073,16003
bus_fare_cap,£2 bus fare cap,2029,27561.988,0.0,662.82446,16058
bus_fare_cap,£2 bus fare cap,2029,44005.312,0.0,12047.5205,16180
bus_fare_cap,£2 bus fare cap,2029,48347.895,0.0,496.85083,16411
bus_fare_cap,£2 bus fare cap,2029,55020.715,0.0,218.35391,16439
bus_fare_cap,£2 bus fare cap,2029,103965.98,0.0,51985.15,16724
bus_fare_cap,£2 bus fare cap,2029,106532.65,0.0,407.35483,16845
bus_fare_cap,£2 bus fare cap,2029,3306.7188,0.0,349.5547,17074
bus_fare_cap,£2 bus fare cap,2029,36057.152,0.0,551.5202,17104
bus_fare_cap,£2 bus fare cap,2029,29894.52,84.19531,32302.85,17379
bus_fare_cap,£2 bus fare cap,2029,60825.832,109.828125,870.69666,17740
bus_fare_cap,£2 bus fare cap,2029,59930.297,0.0,597.0616,17800
bus_fare_cap,£2 bus fare cap,2029,7502.2466,0.0,290.66302,17876
bus_fare_cap,£2 bus fare cap,2029,127668.01,2.734375,7506.157,17918
bus_fare_cap,£2 bus fare cap,2029,91822.92,12.7421875,8086.307,17925
bus_fare_cap,£2 bus fare cap,2029,74698.836,54.234375,15390.016,17983
bus_fare_cap,£2 bus fare cap,2029,106915.91,72.0625,96637.69,18465
bus_fare_cap,£2 bus fare cap,2029,19310.488,35.08203,951.4387,18670
bus_fare_cap,£2 bus fare cap,2029,136034.23,0.0,44611.63,18686
bus_fare_cap,£2 bus fare cap,2029,18021.477,100.140625,23249.873,18754
bus_fare_cap,£2 bus fare cap,2029,32739.666,0.0,941.4042,18843
bus_fare_cap,£2 bus fare cap,2029,82001.92,0.0,12231.521,19014
bus_fare_cap,£2 bus fare cap,2029,11503.717,111.67578,589.8009,19199
bus_fare_cap,£2 bus fare cap,2029,110458.83,17.265625,532.76544,19212
bus_fare_cap,£2 bus fare cap,2029,64318.375,37.78125,3945.252,19368
bus_fare_cap,£2 bus fare cap,2029,109199.88,11.84375,23.010983,19419
bus_fare_cap,£2 bus fare cap,2029,39985.85,0.0,1609.5996,19707
bus_fare_cap,£2 bus fare cap,2029,77301.15,0.0,950.6551,19725
bus_fare_cap,£2 bus fare cap,2029,27306.855,0.0,1627.7549,19809
bus_fare_cap,£2 bus fare cap,2029,49438.516,30.648438,9314.245,19932
bus_fare_cap,£2 bus fare cap,2029,16846.521,84.19141,3720.3018,19936
bus_fare_cap,£2 bus fare cap,2029,85613.93,4.109375,7330.942,19953
bus_fare_cap,£2 bus fare cap,2029,27918.516,0.0,329.4102,20000
bus_fare_cap,£2 bus fare cap,2029,33253.465,0.0,29798.924,20039
bus_fare_cap,£2 bus fare cap,2029,72503.16,0.0,3375.5857,20057
bus_fare_cap,£2 bus fare cap,2029,21959.195,0.0,1585.0503,20120
bus_fare_cap,£2 bus fare cap,2029,58626.023,0.0,576.85065,20310
bus_fare_cap,£2 bus fare cap,2029,45700.75,0.0,272.5717,20323
bus_fare_cap,£2 bus fare cap,2029,103113.484,7.28125,6519.948,20383
bus_fare_cap,£2 bus fare cap,2029,30976.64,0.0,233.61374,20426
bus_fare_cap,£2 bus fare cap,2029,50487.586,132.92188,774.14624,20457
bus_fare_cap,£2 bus fare cap,2029,96112.055,4.53125,16352.014,20555
bus_fare_cap,£2 bus fare cap,2029,22968.191,0.0,2485.4321,20642
bus_fare_cap,£2 bus fare cap,2029,69001.44,991.78906,194.5861,20692
bus_fare_cap,£2 bus fare cap,2029,90023.336,0.0,545.19037,20751
bus_fare_cap,£2 bus fare cap,2029,33395.227,0.0,39153.41,21263
bus_fare_cap,£2 bus fare cap,2029,18739.693,87.21094,464.16705,21304
bus_fare_cap,£2 bus fare cap,2029,80333.25,0.0,276.65195,21486
bus_fare_cap,£2 bus fare cap,2029,68005.59,0.0,979.506,21759
bus_fare_cap,£2 bus fare cap,2029,72553.14,153.23438,308.76376,21763
bus_fare_cap,£2 bus fare cap,2029,40738.105,0.0,510.98367,21894
bus_fare_cap,£2 bus fare cap,2029,59860.863,0.0,287.21622,21905
bus_fare_cap,£2 bus fare cap,2029,107491.51,32.3125,6042.712,21952
bus_fare_cap,£2 bus fare cap,2029,93181.05,113.15625,1695.8997,22015
bus_fare_cap,£2 bus fare cap,2029,123567.914,27.09375,4214.59,22150
bus_fare_cap,£2 bus fare cap,2029,54237.676,116.09375,312.96844,22171
bus_fare_cap,£2 bus fare cap,2029,28829.188,0.0,1801.4933,22179
bus_fare_cap,£2 bus fare cap,2029,18467.166,0.0,399.28653,22197
bus_fare_cap,£2 bus fare cap,2029,19325.102,0.0,422.35992,22367
bus_fare_cap,£2 bus fare cap,2029,20938.611,0.0,633.19556,22485
bus_fare_cap,£2 bus fare cap,2029,17296.752,0.0,982.7595,23016
bus_fare_cap,£2 bus fare cap,2029,33991.61,68.75781,589.2754,23179
bus_fare_cap,£2 bus fare cap,2029,56667.26,136.55469,438.4046,23654
bus_fare_cap,£2 bus fare cap,2029,23787.719,0.0,3209.877,23867
bus_fare_cap,£2 bus fare cap,2029,28398.29,0.0,496.75833,23904
bus_fare_cap,£2 bus fare cap,2029,67235.04,0.0,46487.33,23972
bus_fare_cap,£2 bus fare cap,2029,45737.984,0.0,499.9601,23992
bus_fare_cap,£2 bus fare cap,2029,133939.61,0.0,11336.905,24109
bus_fare_cap,£2 bus fare cap,2029,70652.63,60.085938,8244.157,24110
bus_fare_cap,£2 bus fare cap,2029,57166.312,0.0,404.08698,24112
bus_fare_cap,£2 bus fare cap,2029,102702.85,0.0,242.1264,24169
bus_fare_cap,£2 bus fare cap,2029,91233.69,0.0,35320.098,24170
bus_fare_cap,£2 bus fare cap,2029,57754.406,0.0,9990.411,24189
bus_fare_cap,£2 bus fare cap,2029,30604.643,51.964844,6202.968,24240
bus_fare_cap,£2 bus fare cap,2029,61672.543,60.507812,24281.48,24503
bus_fare_cap,£2 bus fare cap,2029,24069.207,0.0,374.22723,24527
bus_fare_cap,£2 bus fare cap,2029,64710.12,0.0,726.8042,25073
bus_fare_cap,£2 bus fare cap,2029,49491.742,0.0,482.61505,25564
bus_fare_cap,£2 bus fare cap,2029,24750.158,0.0,598.7523,25667
bus_fare_cap,£2 bus fare cap,2029,81846.51,0.0,2710.53,25784
bus_fare_cap,£2 bus fare cap,2029,73058.26,0.0,188.0317,25858
bus_fare_cap,£2 bus fare cap,2029,26849.428,116.35156,39661.07,26003
bus_fare_cap,£2 bus fare cap,2029,17635.123,0.0,589.661,26044
bus_fare_cap,£2 bus fare cap,2029,6461.033,0.0,13051.523,26272
bus_fare_cap,£2 bus fare cap,2029,29635.777,42.097656,5105.798,26346
bus_fare_cap,£2 bus fare cap,2029,53029.777,0.0,313.70102,26408
bus_fare_cap,£2 bus fare cap,2029,829.0745,84.194336,59258.312,26448
bus_fare_cap,£2 bus fare cap,2029,24116.402,0.0,663.1033,26726
bus_fare_cap,£2 bus fare cap,2029,66095.93,39.578125,2179.5747,26811
bus_fare_cap,£2 bus fare cap,2029,52766.836,5.8203125,31116.504,26832
bus_fare_cap,£2 bus fare cap,2029,24915.127,7.0195312,2843.9897,27077
bus_fare_cap,£2 bus fare cap,2029,42983.22,0.0,374.72577,27093
bus_fare_cap,£2 bus fare cap,2029,51809.016,15.84375,2127.0317,27113
bus_fare_cap,£2 bus fare cap,2029,120983.09,0.0,1859.7404,27254
bus_fare_cap,£2 bus fare cap,2029,31092.09,22.6875,19748.477,27293
bus_fare_cap,£2 bus fare cap,2029,54475.76,116.09375,30713.297,27736
bus_fare_cap,£2 bus fare cap,2029,29999.408,0.0,536.5665,27751
bus_fare_cap,£2 bus fare cap,2029,58658.566,32.28125,125893.19,27767
bus_fare_cap,£2 bus fare cap,2029,52609.777,0.0,11608.658,27991
bus_fare_cap,£2 bus fare cap,2029,21590.76,0.0,489.23224,28026
bus_fare_cap,£2 bus fare cap,2029,116847.77,17.46875,25146.232,28725
bus_fare_cap,£2 bus fare cap,2029,56733.598,0.0,277.88196,28792
bus_fare_cap,£2 bus fare cap,2029,74621.58,0.0,761.4658,28899
bus_fare_cap,£2 bus fare cap,2029,47504.285,0.0,1599.7662,28941
bus_fare_cap,£2 bus fare cap,2029,16981.652,0.0,1759.9332,29088
bus_fare_cap,£2 bus fare cap,2029,34201.395,0.0,666.74664,29189
bus_fare_cap,£2 bus fare cap,2029,92949.68,0.0,2304.7344,29333
bus_fare_cap,£2 bus fare cap,2029,26867.33,0.0,1119.4282,29745
bus_fare_cap,£2 bus fare cap,2029,117023.87,0.0,231.3557,29749
bus_fare_cap,£2 bus fare cap,2029,39146.566,15.199219,20903.777,30124
bus_fare_cap,£2 bus fare cap,2029,41756.28,0.0,448.59402,30238
bus_fare_cap,£2 bus fare cap,2029,74455.414,0.0,19188.62,30391
bus_fare_cap,£2 bus fare cap,2029,13651.746,0.0,44161.945,30913
bus_fare_cap,£2 bus fare cap,2029,83943.63,0.0,2778.6484,31066
bus_fare_cap,£2 bus fare cap,2029,22148.258,0.0,417.39978,31254
bus_fare_cap,£2 bus fare cap,2029,20829.547,0.0,7533.559,31538
bus_fare_cap,£2 bus fare cap,2029,46799.805,2.0390625,5596.369,31541
bus_fare_cap,£2 bus fare cap,2029,39752.434,0.0,81.0134,31546
bus_fare_cap,£2 bus fare cap,2029,135621.33,9.125,13083.353,31691
bus_fare_cap,£2 bus fare cap,2029,134047.61,0.0,437.3773,31767
bus_fare_cap,£2 bus fare cap,2029,90656.586,0.0,203.81633,31806
bus_fare_cap,£2 bus fare cap,2029,39949.26,106.16406,26731.127,31886
bus_fare_cap,£2 bus fare cap,2029,106116.99,0.0,41020.91,31943
bus_fare_cap,£2 bus fare cap,2029,46303.414,0.0,403.06104,32163
bus_fare_cap,£2 bus fare cap,2029,73042.54,0.0,3180.7083,32168
bus_fare_cap,£2 bus fare cap,2029,48702.605,37.78125,1206.968,32172
bus_fare_cap,£2 bus fare cap,2029,67111.97,0.0,301.0523,32174
bus_fare_cap,£2 bus fare cap,2029,33472.633,0.0,299.35355,32254
bus_fare_cap,£2 bus fare cap,2029,61324.434,0.0,13055.931,32331
bus_fare_cap,£2 bus fare cap,2029,81578.15,0.0,1287.9932,32475
bus_fare_cap,£2 bus fare cap,2029,56848.91,0.0,23.772476,33814
bus_fare_cap,£2 bus fare cap,2029,47513.88,0.0,37.970303,41944
bus_fare_cap,£2 bus fare cap,2029,98006.23,0.0,61.7314,41950
bus_fare_cap,£2 bus fare cap,2029,22413.322,0.0,14.730131,46185
bus_fare_cap,£2 bus fare cap,2029,123612.23,0.0,199.08308,49121
bus_fare_cap,£2 bus fare cap,2029,49567.695,0.0,533.0612,49812
bus_fare_cap,£2 bus fare cap,2029,45490.027,0.0,3320.582,50537
bus_fare_cap,£2 bus fare cap,2029,7339.3594,0.0,8363.333,51580
bus_fare_cap,£2 bus fare cap,2029,58131.277,0.0,108.17214,51640
bus_fare_cap,£2 bus fare cap,2029,28584.87,0.0,554.00214,52783
bus_fare_cap,£2 bus fare cap,2029,23748.074,0.0,400.61368,54403
bus_fare_cap,£2 bus fare cap,2029,64215.594,116.09375,144.17096,54749
bus_fare_cap,£2 bus fare cap,2029,130562.62,0.0,920.8624,54824
bus_fare_cap,£2 bus fare cap,2029,76523.43,113.15625,202.64777,55334
bus_fare_cap,£2 bus fare cap,2029,17633.994,0.0,5420.3613,55805
bus_fare_cap,£2 bus fare cap,2029,8121.6294,178.91162,286.8304,56245
bus_fare_cap,£2 bus fare cap,2029,94013.164,0.0,15116.316,57181
bus_fare_cap,£2 bus fare cap,2029,143772.7,0.0,17.287086,58496
bus_fare_cap,£2 bus fare cap,2029,4329.7676,0.0,3703.1348,58677
bus_fare_cap,£2 bus fare cap,2029,15223.529,0.0,283.67496,58702
bus_fare_cap,£2 bus fare cap,2029,27460.45,0.0,270.57318,60626
bus_fare_cap,£2 bus fare cap,2029,55709.08,50.898438,777.11597,62259
bus_fare_cap,£2 bus fare cap,2029,101913.15,0.0,99.62747,62593
bus_fare_cap,£2 bus fare cap,2029,77540.21,0.0,2906.4644,62794
bus_fare_cap,£2 bus fare cap,2029,110779.88,1.203125,127.33924,63791
bus_fare_cap,£2 bus fare cap,2029,59202.223,16.0,19408.623,64098
bus_fare_cap,£2 bus fare cap,2029,49439.08,0.0,1833.7272,64774
bus_fare_cap,£2 bus fare cap,2030,65046.656,0.0,674.84143,183
bus_fare_cap,£2 bus fare cap,2030,47538.707,65.0,2211.343,222
bus_fare_cap,£2 bus fare cap,2030,58871.25,0.0,714.1321,257
bus_fare_cap,£2 bus fare cap,2030,7816.366,0.0,5073.2983,321
bus_fare_cap,£2 bus fare cap,2030,55891.4,0.0,1963.9438,366
bus_fare_cap,£2 bus fare cap,2030,45301.17,0.0,38477.28,385
bus_fare_cap,£2 bus fare cap,2030,69541.2,0.0,7859.6133,507
bus_fare_cap,£2 bus fare cap,2030,27450.025,0.0,3923.2012,603
bus_fare_cap,£2 bus fare cap,2030,35309.58,0.0,1224.7833,621
bus_fare_cap,£2 bus fare cap,2030,34529.46,0.0,644.7658,668
bus_fare_cap,£2 bus fare cap,2030,16857.55,0.0,726.48956,675
bus_fare_cap,£2 bus fare cap,2030,19825.941,59.429688,47394.688,769
bus_fare_cap,£2 bus fare cap,2030,34691.844,0.0,2253.9211,800
bus_fare_cap,£2 bus fare cap,2030,55555.38,0.0,22923.793,848
bus_fare_cap,£2 bus fare cap,2030,62372.746,0.0,27649.746,978
bus_fare_cap,£2 bus fare cap,2030,110274.38,0.0,24313.232,986
bus_fare_cap,£2 bus fare cap,2030,38677.387,0.0,2103.5798,1068
bus_fare_cap,£2 bus fare cap,2030,100835.6,64.671875,31375.197,1075
bus_fare_cap,£2 bus fare cap,2030,56958.613,0.0,41964.258,1116
bus_fare_cap,£2 bus fare cap,2030,46207.01,0.0,11101.346,1144
bus_fare_cap,£2 bus fare cap,2030,31429.363,0.0,5362.066,1151
bus_fare_cap,£2 bus fare cap,2030,51658.195,0.0,34195.54,1179
bus_fare_cap,£2 bus fare cap,2030,57055.996,0.0,208130.55,1243
bus_fare_cap,£2 bus fare cap,2030,54395.523,0.0,1949.9491,1293
bus_fare_cap,£2 bus fare cap,2030,32781.02,0.0,11718.915,1379
bus_fare_cap,£2 bus fare cap,2030,18538.918,32.203125,1225.2557,1441
bus_fare_cap,£2 bus fare cap,2030,43555.92,0.0,18514.0,1445
bus_fare_cap,£2 bus fare cap,2030,97851.13,66.15625,31491.64,1508
bus_fare_cap,£2 bus fare cap,2030,65495.074,0.0,5615.154,1577
bus_fare_cap,£2 bus fare cap,2030,38976.094,4.0859375,1259.7944,1664
bus_fare_cap,£2 bus fare cap,2030,32652.926,0.0,334.13428,1803
bus_fare_cap,£2 bus fare cap,2030,48168.42,0.0,796.58344,1948
bus_fare_cap,£2 bus fare cap,2030,45769.523,85.87891,9661.883,2040
bus_fare_cap,£2 bus fare cap,2030,57919.35,0.0,5143.9653,2084
bus_fare_cap,£2 bus fare cap,2030,64985.55,71.515625,6869.963,2128
bus_fare_cap,£2 bus fare cap,2030,89279.65,0.0,95740.42,2156
bus_fare_cap,£2 bus fare cap,2030,99434.67,73.5,48964.855,2176
bus_fare_cap,£2 bus fare cap,2030,68977.945,0.0,4683.9165,2199
bus_fare_cap,£2 bus fare cap,2030,14497.056,0.0,2681.0452,2307
bus_fare_cap,£2 bus fare cap,2030,61866.586,0.0,3925.933,2315
bus_fare_cap,£2 bus fare cap,2030,73503.39,87.27344,1492.5345,2339
bus_fare_cap,£2 bus fare cap,2030,11516.363,0.0,1686.8151,2341
bus_fare_cap,£2 bus fare cap,2030,35869.504,0.0,316.6416,2412
bus_fare_cap,£2 bus fare cap,2030,12051.483,102.14453,45869.14,2465
bus_fare_cap,£2 bus fare cap,2030,70652.53,0.0,63287.246,2529
bus_fare_cap,£2 bus fare cap,2030,40992.816,0.0,1033.2932,2554
bus_fare_cap,£2 bus fare cap,2030,27861.998,0.0,4391.7397,2624
bus_fare_cap,£2 bus fare cap,2030,59178.31,0.0,15503.456,2642
bus_fare_cap,£2 bus fare cap,2030,47318.375,0.0,3913.671,2670
bus_fare_cap,£2 bus fare cap,2030,39162.89,0.0,31805.56,2694
bus_fare_cap,£2 bus fare cap,2030,57283.96,0.0,1282.2988,2703
bus_fare_cap,£2 bus fare cap,2030,56076.703,0.0,6262.299,2722
bus_fare_cap,£2 bus fare cap,2030,45659.953,13.984375,3787.5615,2753
bus_fare_cap,£2 bus fare cap,2030,41475.312,0.0,50932.426,2892
bus_fare_cap,£2 bus fare cap,2030,23751.502,0.0,80203.02,2913
bus_fare_cap,£2 bus fare cap,2030,50740.832,0.0,4476.5566,2932
bus_fare_cap,£2 bus fare cap,2030,32091.14,0.0,1152.5197,2960
bus_fare_cap,£2 bus fare cap,2030,65145.285,0.0,827.4156,2967
bus_fare_cap,£2 bus fare cap,2030,25619.234,0.0,5584.1323,3039
bus_fare_cap,£2 bus fare cap,2030,99825.56,185.71875,117.54084,3052
bus_fare_cap,£2 bus fare cap,2030,78392.94,38.539062,12768.343,3079
bus_fare_cap,£2 bus fare cap,2030,19472.078,0.0,5299.6157,3094
bus_fare_cap,£2 bus fare cap,2030,59527.42,0.0,7895.011,3107
bus_fare_cap,£2 bus fare cap,2030,43429.86,0.0,8116.3774,3139
bus_fare_cap,£2 bus fare cap,2030,65934.23,0.0,844.3768,3284
bus_fare_cap,£2 bus fare cap,2030,58222.508,0.0,26469.773,3341
bus_fare_cap,£2 bus fare cap,2030,77804.03,0.0,172.30534,3344
bus_fare_cap,£2 bus fare cap,2030,69318.02,0.0,4770.754,3386
bus_fare_cap,£2 bus fare cap,2030,28938.969,0.0,897.0065,3399
bus_fare_cap,£2 bus fare cap,2030,11922.529,0.0,40695.188,3460
bus_fare_cap,£2 bus fare cap,2030,54705.566,0.0,76268.63,3520
bus_fare_cap,£2 bus fare cap,2030,68566.42,42.390625,12919.501,3562
bus_fare_cap,£2 bus fare cap,2030,70028.03,155.67188,48169.973,3577
bus_fare_cap,£2 bus fare cap,2030,133600.67,0.0,301.6837,3640
bus_fare_cap,£2 bus fare cap,2030,78385.99,12.9375,145.31418,3643
bus_fare_cap,£2 bus fare cap,2030,45373.48,0.0,800.22687,3645
bus_fare_cap,£2 bus fare cap,2030,25570.29,0.0,10309.768,3660
bus_fare_cap,£2 bus fare cap,2030,47864.75,26.703125,55586.684,3664
bus_fare_cap,£2 bus fare cap,2030,43129.367,0.0,139765.48,3711
bus_fare_cap,£2 bus fare cap,2030,40899.465,0.0,9569.642,3740
bus_fare_cap,£2 bus fare cap,2030,60714.84,0.0,23043.148,3747
bus_fare_cap,£2 bus fare cap,2030,32309.043,0.0,3415.2407,3751
bus_fare_cap,£2 bus fare cap,2030,35625.504,0.0,18918.148,3796
bus_fare_cap,£2 bus fare cap,2030,14531.433,0.0,3005.1267,3804
bus_fare_cap,£2 bus fare cap,2030,20836.207,0.0,4124.641,3901
bus_fare_cap,£2 bus fare cap,2030,73068.91,14.3125,5032.246,3996
bus_fare_cap,£2 bus fare cap,2030,41809.098,0.0,3441.0505,4061
bus_fare_cap,£2 bus fare cap,2030,58419.773,0.0,462.35123,4098
bus_fare_cap,£2 bus fare cap,2030,47615.977,0.0,10851.621,4113
bus_fare_cap,£2 bus fare cap,2030,34177.812,0.0,10327.95,4115
bus_fare_cap,£2 bus fare cap,2030,21763.12,0.0,4055.1504,4189
bus_fare_cap,£2 bus fare cap,2030,110547.72,12.921875,2225.2744,4301
bus_fare_cap,£2 bus fare cap,2030,19358.623,0.0,3654.3616,4336
bus_fare_cap,£2 bus fare cap,2030,79964.01,0.0,1111.4761,4443
bus_fare_cap,£2 bus fare cap,2030,84376.37,0.0,1502.6879,4450
bus_fare_cap,£2 bus fare cap,2030,50893.31,0.0,4927.4634,4497
bus_fare_cap,£2 bus fare cap,2030,22323.947,18.386719,1264.9994,4522
bus_fare_cap,£2 bus fare cap,2030,19617.273,143.1289,24520.701,4560
bus_fare_cap,£2 bus fare cap,2030,29044.088,0.0,450.77667,4634
bus_fare_cap,£2 bus fare cap,2030,77534.88,0.0,2500.1658,4712
bus_fare_cap,£2 bus fare cap,2030,28820.885,0.0,1936.6768,4721
bus_fare_cap,£2 bus fare cap,2030,90902.234,0.0,8553.269,4759
bus_fare_cap,£2 bus fare cap,2030,139611.53,2.328125,13487.953,4864
bus_fare_cap,£2 bus fare cap,2030,26759.518,0.0,7475.801,4934
bus_fare_cap,£2 bus fare cap,2030,17892.736,122.58203,21651.654,4953
bus_fare_cap,£2 bus fare cap,2030,24719.215,0.0,19096.701,4970
bus_fare_cap,£2 bus fare cap,2030,28744.26,0.0,111304.29,5003
bus_fare_cap,£2 bus fare cap,2030,64187.473,0.0,5065.6367,5031
bus_fare_cap,£2 bus fare cap,2030,31357.701,84.68945,3643.6821,5038
bus_fare_cap,£2 bus fare cap,2030,25522.275,0.0,9576.305,5090
bus_fare_cap,£2 bus fare cap,2030,43685.164,73.55078,1585.6691,5106
bus_fare_cap,£2 bus fare cap,2030,90364.61,11.75,1598.1738,5108
bus_fare_cap,£2 bus fare cap,2030,34557.027,0.0,34300.094,5420
bus_fare_cap,£2 bus fare cap,2030,101914.39,0.0,446.13327,5436
bus_fare_cap,£2 bus fare cap,2030,49341.434,0.0,1086.6338,5475
bus_fare_cap,£2 bus fare cap,2030,41635.965,0.0,4114.8022,5706
bus_fare_cap,£2 bus fare cap,2030,16718.068,0.0,42286.516,5711
bus_fare_cap,£2 bus fare cap,2030,52118.258,0.0,4954.856,5716
bus_fare_cap,£2 bus fare cap,2030,35202.535,0.0,5672.0503,5808
bus_fare_cap,£2 bus fare cap,2030,72554.984,0.0,82466.99,5813
bus_fare_cap,£2 bus fare cap,2030,52158.566,0.0,9578.591,5814
bus_fare_cap,£2 bus fare cap,2030,52675.445,0.0,341.84683,5845
bus_fare_cap,£2 bus fare cap,2030,107275.27,10.15625,1592.49,5905
bus_fare_cap,£2 bus fare cap,2030,66217.22,0.0,2103.2646,5906
bus_fare_cap,£2 bus fare cap,2030,42347.953,0.0,287.95187,5966
bus_fare_cap,£2 bus fare cap,2030,69244.45,0.0,37682.688,5971
bus_fare_cap,£2 bus fare cap,2030,93678.34,0.0,70612.87,5972
bus_fare_cap,£2 bus fare cap,2030,34606.348,0.0,2912.5012,6127
bus_fare_cap,£2 bus fare cap,2030,55035.3,0.0,13534.956,6157
bus_fare_cap,£2 bus fare cap,2030,41603.164,0.0,24455.02,6196
bus_fare_cap,£2 bus fare cap,2030,23936.213,0.0,69360.78,6244
bus_fare_cap,£2 bus fare cap,2030,58261.027,0.0,47269.883,6249
bus_fare_cap,£2 bus fare cap,2030,10700.1045,0.0,14580.286,6391
bus_fare_cap,£2 bus fare cap,2030,41852.277,0.0,26139.645,6458
bus_fare_cap,£2 bus fare cap,2030,37479.78,0.0,3090.8528,6462
bus_fare_cap,£2 bus fare cap,2030,48145.992,0.0,337.3836,6479
bus_fare_cap,£2 bus fare cap,2030,16581.125,76.1875,116620.92,6494
bus_fare_cap,£2 bus fare cap,2030,27997.7,0.0,8369.948,6533
bus_fare_cap,£2 bus fare cap,2030,66120.195,0.0,7613.8076,6598
bus_fare_cap,£2 bus fare cap,2030,37734.484,0.0,1126.22,6687
bus_fare_cap,£2 bus fare cap,2030,19480.969,0.0,1448.463,6695
bus_fare_cap,£2 bus fare cap,2030,30749.25,16.34375,80631.74,6732
bus_fare_cap,£2 bus fare cap,2030,72555.53,0.0,220.24327,6753
bus_fare_cap,£2 bus fare cap,2030,32166.537,0.0,50419.89,6815
bus_fare_cap,£2 bus fare cap,2030,19445.262,0.0,19429.975,6864
bus_fare_cap,£2 bus fare cap,2030,34268.664,0.0,799.17664,6904
bus_fare_cap,£2 bus fare cap,2030,15167.875,73.54883,21951.746,6912
bus_fare_cap,£2 bus fare cap,2030,22456.379,0.0,141012.75,6965
bus_fare_cap,£2 bus fare cap,2030,62969.234,8.453125,47267.72,6975
bus_fare_cap,£2 bus fare cap,2030,77310.71,0.0,45003.84,6987
bus_fare_cap,£2 bus fare cap,2030,50375.703,0.0,1762.3489,7020
bus_fare_cap,£2 bus fare cap,2030,54072.617,5.9375,3271.939,7036
bus_fare_cap,£2 bus fare cap,2030,44267.56,7.4570312,443.77133,7080
bus_fare_cap,£2 bus fare cap,2030,23752.08,40.070312,67687.336,7159
bus_fare_cap,£2 bus fare cap,2030,44464.527,0.0,4297.1133,7163
bus_fare_cap,£2 bus fare cap,2030,54165.77,0.0,157949.12,7229
bus_fare_cap,£2 bus fare cap,2030,30159.234,0.0,4038.187,7248
bus_fare_cap,£2 bus fare cap,2030,9851.818,0.0,25816.615,7428
bus_fare_cap,£2 bus fare cap,2030,41756.418,0.0,49199.55,7444
bus_fare_cap,£2 bus fare cap,2030,26007.29,0.0,11250.114,7459
bus_fare_cap,£2 bus fare cap,2030,104195.016,0.0,19163.844,7504
bus_fare_cap,£2 bus fare cap,2030,24775.902,6.1289062,44610.84,7539
bus_fare_cap,£2 bus fare cap,2030,47669.805,0.0,3081.9897,7624
bus_fare_cap,£2 bus fare cap,2030,94224.516,0.0,1361.1239,7632
bus_fare_cap,£2 bus fare cap,2030,26855.639,0.0,377.96997,7743
bus_fare_cap,£2 bus fare cap,2030,28329.676,0.0,758.27216,7763
bus_fare_cap,£2 bus fare cap,2030,71236.35,0.0,6665.224,7908
bus_fare_cap,£2 bus fare cap,2030,13662.783,0.0,80978.68,8037
bus_fare_cap,£2 bus fare cap,2030,17657.035,0.0,7442.908,8077
bus_fare_cap,£2 bus fare cap,2030,24918.219,0.0,1306.6737,8101
bus_fare_cap,£2 bus fare cap,2030,38368.62,0.0,77339.48,8228
bus_fare_cap,£2 bus fare cap,2030,65608.47,0.0,31414.752,8272
bus_fare_cap,£2 bus fare cap,2030,63536.723,0.0,7427.29,8342
bus_fare_cap,£2 bus fare cap,2030,40351.74,0.0,4133.4473,8392
bus_fare_cap,£2 bus fare cap,2030,66815.51,0.0,5523.314,8468
bus_fare_cap,£2 bus fare cap,2030,21884.805,0.0,528.1286,8478
bus_fare_cap,£2 bus fare cap,2030,56848.92,0.0,1156.651,8480
bus_fare_cap,£2 bus fare cap,2030,60137.367,0.0,80348.26,8511
bus_fare_cap,£2 bus fare cap,2030,36311.645,0.0,269224.22,8566
bus_fare_cap,£2 bus fare cap,2030,109742.85,0.0,440.66235,8595
bus_fare_cap,£2 bus fare cap,2030,53643.23,0.0,39782.33,8686
bus_fare_cap,£2 bus fare cap,2030,47956.043,24.515625,17345.002,8762
bus_fare_cap,£2 bus fare cap,2030,31550.955,0.0,53425.605,8782
bus_fare_cap,£2 bus fare cap,2030,118149.5,1.65625,271.0161,8790
bus_fare_cap,£2 bus fare cap,2030,50935.98,0.0,5406.3267,8879
bus_fare_cap,£2 bus fare cap,2030,50095.08,0.0,520.82196,8945
bus_fare_cap,£2 bus fare cap,2030,28894.117,0.0,13845.367,9118
bus_fare_cap,£2 bus fare cap,2030,99986.36,2.5625,90405.164,9196
bus_fare_cap,£2 bus fare cap,2030,7009.2783,0.0,7279.424,9288
bus_fare_cap,£2 bus fare cap,2030,100220.14,5.265625,26461.645,9313
bus_fare_cap,£2 bus fare cap,2030,31506.63,0.0,40183.164,9395
bus_fare_cap,£2 bus fare cap,2030,16749.758,0.0,45658.59,9396
bus_fare_cap,£2 bus fare cap,2030,61792.066,49.140625,14594.674,9409
bus_fare_cap,£2 bus fare cap,2030,22991.953,0.0,9046.7705,9418
bus_fare_cap,£2 bus fare cap,2030,55822.645,0.0,10438.881,9419
bus_fare_cap,£2 bus fare cap,2030,42753.41,0.0,60276.086,9497
bus_fare_cap,£2 bus fare cap,2030,96510.95,0.0,120805.16,9588
bus_fare_cap,£2 bus fare cap,2030,39316.844,0.0,11598.898,9652
bus_fare_cap,£2 bus fare cap,2030,48192.65,67.421875,185.32034,9664
bus_fare_cap,£2 bus fare cap,2030,32713.402,0.0,92855.8,9734
bus_fare_cap,£2 bus fare cap,2030,66652.48,0.0,9902.87,9744
bus_fare_cap,£2 bus fare cap,2030,60676.617,21.726562,20340.87,9754
bus_fare_cap,£2 bus fare cap,2030,19923.549,0.0,447.83887,9779
bus_fare_cap,£2 bus fare cap,2030,72671.74,0.0,311.26846,9782
bus_fare_cap,£2 bus fare cap,2030,67149.25,0.0,52114.83,9851
bus_fare_cap,£2 bus fare cap,2030,28942.582,0.0,96097.34,9876
bus_fare_cap,£2 bus fare cap,2030,119749.9,0.0,10141.538,9933
bus_fare_cap,£2 bus fare cap,2030,24214.62,0.0,834.9706,9962
bus_fare_cap,£2 bus fare cap,2030,26507.832,8.171875,43604.535,10072
bus_fare_cap,£2 bus fare cap,2030,51542.414,0.0,97147.68,10082
bus_fare_cap,£2 bus fare cap,2030,57145.273,566.5078,656.0801,10125
bus_fare_cap,£2 bus fare cap,2030,20081.465,42.39258,706.6216,10153
bus_fare_cap,£2 bus fare cap,2030,16726.064,73.55078,114056.79,10159
bus_fare_cap,£2 bus fare cap,2030,30748.91,66.796875,36160.223,10230
bus_fare_cap,£2 bus fare cap,2030,37670.574,0.0,10551.898,10231
bus_fare_cap,£2 bus fare cap,2030,90895.195,115.40625,560.31976,10256
bus_fare_cap,£2 bus fare cap,2030,52475.06,0.0,16647.316,10325
bus_fare_cap,£2 bus fare cap,2030,27076.91,0.0,519.1536,10386
bus_fare_cap,£2 bus fare cap,2030,46019.477,0.0,8102.077,10491
bus_fare_cap,£2 bus fare cap,2030,36475.617,0.0,318.9152,10530
bus_fare_cap,£2 bus fare cap,2030,45491.01,3.0625,461.57553,10535
bus_fare_cap,£2 bus fare cap,2030,63061.207,65.0,2564.522,10567
bus_fare_cap,£2 bus fare cap,2030,87364.13,79.52344,79927.38,10582
bus_fare_cap,£2 bus fare cap,2030,5577.0435,0.0,5099.3203,10629
bus_fare_cap,£2 bus fare cap,2030,20808.205,0.0,17777.756,10632
bus_fare_cap,£2 bus fare cap,2030,5794.4937,0.0,14625.147,10644
bus_fare_cap,£2 bus fare cap,2030,40405.72,0.0,121347.74,10646
bus_fare_cap,£2 bus fare cap,2030,18899.645,0.0,17676.824,10675
bus_fare_cap,£2 bus fare cap,2030,31231.482,0.0,14925.872,10682
bus_fare_cap,£2 bus fare cap,2030,57612.383,0.0,284.25797,10728
bus_fare_cap,£2 bus fare cap,2030,28717.58,0.0,3690.4846,10772
bus_fare_cap,£2 bus fare cap,2030,47960.652,0.0,1904.8651,10821
bus_fare_cap,£2 bus fare cap,2030,56067.93,0.0,14095.176,10900
bus_fare_cap,£2 bus fare cap,2030,31742.404,0.0,1198.7229,11037
bus_fare_cap,£2 bus fare cap,2030,38911.98,0.0,309.39044,11054
bus_fare_cap,£2 bus fare cap,2030,68185.64,0.0,846.86694,11137
bus_fare_cap,£2 bus fare cap,2030,64246.047,0.0,4015.0415,11199
bus_fare_cap,£2 bus fare cap,2030,105337.32,6.75,480.40237,11260
bus_fare_cap,£2 bus fare cap,2030,47167.28,0.0,5717.984,11356
bus_fare_cap,£2 bus fare cap,2030,72793.984,0.0,116.55403,11384
bus_fare_cap,£2 bus fare cap,2030,124036.59,0.0,505.8805,11444
bus_fare_cap,£2 bus fare cap,2030,95193.5,0.0,5216.4585,11457
bus_fare_cap,£2 bus fare cap,2030,56232.176,0.0,231.58345,11560
bus_fare_cap,£2 bus fare cap,2030,72056.39,10.390625,762.357,11599
bus_fare_cap,£2 bus fare cap,2030,139768.8,0.0,132751.84,11615
bus_fare_cap,£2 bus fare cap,2030,54246.523,44.945312,37895.242,11757
bus_fare_cap,£2 bus fare cap,2030,110117.93,0.0,4597.254,11834
bus_fare_cap,£2 bus fare cap,2030,29477.252,0.0,285.95938,11877
bus_fare_cap,£2 bus fare cap,2030,31574.883,0.0,6718.6675,11945
bus_fare_cap,£2 bus fare cap,2030,44943.58,0.0,1146.7867,11980
bus_fare_cap,£2 bus fare cap,2030,47397.652,0.0,3892.3088,11992
bus_fare_cap,£2 bus fare cap,2030,56547.574,0.0,27900.97,11995
bus_fare_cap,£2 bus fare cap,2030,86458.23,0.0,46430.887,12162
bus_fare_cap,£2 bus fare cap,2030,71004.03,9.296875,15180.092,12275
bus_fare_cap,£2 bus fare cap,2030,126575.09,0.0,13120.538,12346
bus_fare_cap,£2 bus fare cap,2030,31424.389,88.33594,16556.662,12352
bus_fare_cap,£2 bus fare cap,2030,76434.25,0.0,727.47296,12362
bus_fare_cap,£2 bus fare cap,2030,81074.96,0.0,894.0032,12396
bus_fare_cap,£2 bus fare cap,2030,24030.303,0.0,25674.38,12404
bus_fare_cap,£2 bus fare cap,2030,110247.46,0.0,12280.271,12441
bus_fare_cap,£2 bus fare cap,2030,66068.49,42.9375,19043.404,12506
bus_fare_cap,£2 bus fare cap,2030,39438.26,0.0,10020.268,12512
bus_fare_cap,£2 bus fare cap,2030,138590.39,0.0,91884.5,12585
bus_fare_cap,£2 bus fare cap,2030,22584.145,0.0,2377.6528,12604
bus_fare_cap,£2 bus fare cap,2030,49051.68,53.40625,8924.616,12635
bus_fare_cap,£2 bus fare cap,2030,39230.387,0.0,530.7177,12716
bus_fare_cap,£2 bus fare cap,2030,20228.906,66.859375,13750.094,12785
bus_fare_cap,£2 bus fare cap,2030,145257.72,0.0,5666.889,12788
bus_fare_cap,£2 bus fare cap,2030,59674.88,0.0,5853.343,12821
bus_fare_cap,£2 bus fare cap,2030,48042.938,0.0,1029.9249,12972
bus_fare_cap,£2 bus fare cap,2030,65608.12,0.0,763.34576,12981
bus_fare_cap,£2 bus fare cap,2030,126073.99,9.3125,26600.635,12990
bus_fare_cap,£2 bus fare cap,2030,42891.21,0.0,15501.316,13041
bus_fare_cap,£2 bus fare cap,2030,42341.145,105.79297,87597.37,13118
bus_fare_cap,£2 bus fare cap,2030,124269.055,0.0,24929.688,13139
bus_fare_cap,£2 bus fare cap,2030,26705.023,122.58203,408.52878,13150
bus_fare_cap,£2 bus fare cap,2030,28513.045,0.0,2869.6528,13154
bus_fare_cap,£2 bus fare cap,2030,24576.549,0.0,5388.5796,13196
bus_fare_cap,£2 bus fare cap,2030,69100.69,5.90625,35053.03,13209
bus_fare_cap,£2 bus fare cap,2030,113944.12,0.0,2861.3135,13287
bus_fare_cap,£2 bus fare cap,2030,117872.99,0.0,539.5059,13303
bus_fare_cap,£2 bus fare cap,2030,39652.047,0.0,13077.372,13339
bus_fare_cap,£2 bus fare cap,2030,119427.31,8.390625,9017.215,13358
bus_fare_cap,£2 bus fare cap,2030,27654.93,0.0,2465.3118,13417
bus_fare_cap,£2 bus fare cap,2030,63934.24,16.15625,13632.657,13419
bus_fare_cap,£2 bus fare cap,2030,22982.943,0.0,603.0966,13463
bus_fare_cap,£2 bus fare cap,2030,45880.848,38.535156,22378.188,13533
bus_fare_cap,£2 bus fare cap,2030,85748.33,1.625,27115.145,13627
bus_fare_cap,£2 bus fare cap,2030,45240.805,0.0,946.86304,13735
bus_fare_cap,£2 bus fare cap,2030,7381.028,116.2207,333.47018,13784
bus_fare_cap,£2 bus fare cap,2030,13660.996,0.0,41119.945,13786
bus_fare_cap,£2 bus fare cap,2030,57388.86,0.0,71253.64,13843
bus_fare_cap,£2 bus fare cap,2030,25559.248,0.0,361.84323,13939
bus_fare_cap,£2 bus fare cap,2030,112658.3,9.3125,658.238,13985
bus_fare_cap,£2 bus fare cap,2030,54326.234,0.0,143005.95,14066
bus_fare_cap,£2 bus fare cap,2030,27670.562,0.0,185.8037,14081
bus_fare_cap,£2 bus fare cap,2030,63200.22,2.96875,3470.1572,14086
bus_fare_cap,£2 bus fare cap,2030,41160.07,0.0,2381.4788,14123
bus_fare_cap,£2 bus fare cap,2030,23977.002,0.0,438.20938,14161
bus_fare_cap,£2 bus fare cap,2030,88877.52,7.703125,38402.367,14219
bus_fare_cap,£2 bus fare cap,2030,76884.375,0.0,33918.453,14225
bus_fare_cap,£2 bus fare cap,2030,65989.92,0.0,4585.761,14298
bus_fare_cap,£2 bus fare cap,2030,82211.72,0.0,51277.75,14332
bus_fare_cap,£2 bus fare cap,2030,15482.495,0.0,9958.652,14424
bus_fare_cap,£2 bus fare cap,2030,44659.258,0.0,1807.6537,14458
bus_fare_cap,£2 bus fare cap,2030,65754.66,2.96875,7917.3574,14474
bus_fare_cap,£2 bus fare cap,2030,81976.88,0.0,1349.1633,14483
bus_fare_cap,£2 bus fare cap,2030,35791.797,0.0,1762.5973,14558
bus_fare_cap,£2 bus fare cap,2030,71052.36,0.0,1584.2845,14580
bus_fare_cap,£2 bus fare cap,2030,76358.6,0.0,463.74283,14591
bus_fare_cap,£2 bus fare cap,2030,51744.832,0.0,68315.76,14660
bus_fare_cap,£2 bus fare cap,2030,70893.586,0.0,2989.7542,14674
bus_fare_cap,£2 bus fare cap,2030,3203.288,131.20264,835.13464,14686
bus_fare_cap,£2 bus fare cap,2030,71723.91,2.78125,3988.446,14746
bus_fare_cap,£2 bus fare cap,2030,22974.045,0.0,334.56943,14757
bus_fare_cap,£2 bus fare cap,2030,5879.5703,0.0,21772.645,14791
bus_fare_cap,£2 bus fare cap,2030,35519.418,73.55078,81839.74,14809
bus_fare_cap,£2 bus fare cap,2030,139700.75,14.984375,28443.752,14895
bus_fare_cap,£2 bus fare cap,2030,49361.004,0.0,5218.3755,14910
bus_fare_cap,£2 bus fare cap,2030,39008.227,15.324219,139.664,14961
bus_fare_cap,£2 bus fare cap,2030,81745.24,0.0,19094.71,14989
bus_fare_cap,£2 bus fare cap,2030,33018.62,73.546875,16878.63,15036
bus_fare_cap,£2 bus fare cap,2030,71945.21,0.0,260.48828,15072
bus_fare_cap,£2 bus fare cap,2030,72026.55,43.609375,6508.4727,15169
bus_fare_cap,£2 bus fare cap,2030,117521.58,9.3125,411.25287,15182
bus_fare_cap,£2 bus fare cap,2030,35529.875,0.0,600.83325,15216
bus_fare_cap,£2 bus fare cap,2030,115334.19,0.0,5216.111,15234
bus_fare_cap,£2 bus fare cap,2030,52892.457,6.4453125,323.21793,15322
bus_fare_cap,£2 bus fare cap,2030,110254.89,6.03125,1212.7856,15348
bus_fare_cap,£2 bus fare cap,2030,93857.52,0.0,11603.693,15394
bus_fare_cap,£2 bus fare cap,2030,61802.4,0.0,153699.39,15519
bus_fare_cap,£2 bus fare cap,2030,67010.53,24.054688,570.3059,15548
bus_fare_cap,£2 bus fare cap,2030,52741.746,70.828125,19297.348,15599
bus_fare_cap,£2 bus fare cap,2030,97305.23,0.0,5804.5415,15611
bus_fare_cap,£2 bus fare cap,2030,29611.113,0.0,11685.473,15633
bus_fare_cap,£2 bus fare cap,2030,90106.88,0.0,5903.228,15642
bus_fare_cap,£2 bus fare cap,2030,78667.16,0.0,33146.15,15668
bus_fare_cap,£2 bus fare cap,2030,107711.41,4.078125,126188.0,15721
bus_fare_cap,£2 bus fare cap,2030,58641.727,24.179688,877.37036,15728
bus_fare_cap,£2 bus fare cap,2030,50998.78,0.0,24212.295,15740
bus_fare_cap,£2 bus fare cap,2030,41030.95,53.910156,25127.557,15945
bus_fare_cap,£2 bus fare cap,2030,30199.186,0.0,2382.583,15966
bus_fare_cap,£2 bus fare cap,2030,12417.959,0.0,1866.0043,15981
bus_fare_cap,£2 bus fare cap,2030,61804.418,0.0,396.42667,16003
bus_fare_cap,£2 bus fare cap,2030,28041.01,0.0,665.8072,16058
bus_fare_cap,£2 bus fare cap,2030,44891.473,0.0,12101.734,16180
bus_fare_cap,£2 bus fare cap,2030,50889.477,0.0,499.08667,16411
bus_fare_cap,£2 bus fare cap,2030,55771.586,0.0,219.33652,16439
bus_fare_cap,£2 bus fare cap,2030,105590.02,0.0,52219.082,16724
bus_fare_cap,£2 bus fare cap,2030,108341.93,0.0,409.18793,16845
bus_fare_cap,£2 bus fare cap,2030,3225.7095,0.0,351.1277,17074
bus_fare_cap,£2 bus fare cap,2030,36589.414,0.0,554.0021,17104
bus_fare_cap,£2 bus fare cap,2030,30371.006,85.875,32448.213,17379
bus_fare_cap,£2 bus fare cap,2030,62424.07,112.03125,874.6148,17740
bus_fare_cap,£2 bus fare cap,2030,61029.32,0.0,599.74835,17800
bus_fare_cap,£2 bus fare cap,2030,7765.9194,0.0,291.971,17876
bus_fare_cap,£2 bus fare cap,2030,129868.25,2.796875,7539.935,17918
bus_fare_cap,£2 bus fare cap,2030,93526.49,13.0,8122.696,17925
bus_fare_cap,£2 bus fare cap,2030,76341.44,55.3125,15459.271,17983
bus_fare_cap,£2 bus fare cap,2030,109092.42,73.5,97072.56,18465
bus_fare_cap,£2 bus fare cap,2030,19677.977,35.78125,955.7202,18670
bus_fare_cap,£2 bus fare cap,2030,138517.03,0.0,44812.383,18686
bus_fare_cap,£2 bus fare cap,2030,18373.879,102.14453,23354.498,18754
bus_fare_cap,£2 bus fare cap,2030,33076.68,0.0,945.6405,18843
bus_fare_cap,£2 bus fare cap,2030,83512.48,0.0,12286.563,19014
bus_fare_cap,£2 bus fare cap,2030,11782.625,113.9082,592.455,19199
bus_fare_cap,£2 bus fare cap,2030,112727.29,17.609375,535.1629,19212
bus_fare_cap,£2 bus fare cap,2030,65616.09,38.546875,3963.0056,19368
bus_fare_cap,£2 bus fare cap,2030,111344.38,12.0625,23.114532,19419
bus_fare_cap,£2 bus fare cap,2030,40661.973,0.0,1616.8429,19707
bus_fare_cap,£2 bus fare cap,2030,78606.93,0.0,954.93304,19725
bus_fare_cap,£2 bus fare cap,2030,27706.938,0.0,1635.0798,19809
bus_fare_cap,£2 bus fare cap,2030,50221.42,31.257812,9356.159,19932
bus_fare_cap,£2 bus fare cap,2030,17146.453,85.875,3737.0432,19936
bus_fare_cap,£2 bus fare cap,2030,87310.78,4.1875,7363.931,19953
bus_fare_cap,£2 bus fare cap,2030,28458.21,0.0,330.89255,20000
bus_fare_cap,£2 bus fare cap,2030,33835.836,0.0,29933.02,20039
bus_fare_cap,£2 bus fare cap,2030,73684.6,0.0,3390.776,20057
bus_fare_cap,£2 bus fare cap,2030,22352.805,0.0,1592.1831,20120
bus_fare_cap,£2 bus fare cap,2030,59700.688,0.0,579.4465,20310
bus_fare_cap,£2 bus fare cap,2030,46477.145,0.0,273.79828,20323
bus_fare_cap,£2 bus fare cap,2030,104906.21,7.4375,6549.288,20383
bus_fare_cap,£2 bus fare cap,2030,31557.648,0.0,234.66501,20426
bus_fare_cap,£2 bus fare cap,2030,51160.688,135.57031,777.62994,20457
bus_fare_cap,£2 bus fare cap,2030,98440.11,4.609375,16425.598,20555
bus_fare_cap,£2 bus fare cap,2030,23337.658,0.0,2496.6167,20642
bus_fare_cap,£2 bus fare cap,2030,70370.555,1011.625,195.46175,20692
bus_fare_cap,£2 bus fare cap,2030,91692.5,0.0,547.64374,20751
bus_fare_cap,£2 bus fare cap,2030,33638.816,0.0,39329.6,21263
bus_fare_cap,£2 bus fare cap,2030,19054.213,88.953125,466.25583,21304
bus_fare_cap,£2 bus fare cap,2030,81949.234,0.0,277.89688,21486
bus_fare_cap,£2 bus fare cap,2030,69279.35,0.0,983.9138,21759
bus_fare_cap,£2 bus fare cap,2030,73577.86,156.28125,310.1532,21763
bus_fare_cap,£2 bus fare cap,2030,41200.32,0.0,513.28314,21894
bus_fare_cap,£2 bus fare cap,2030,60684.01,0.0,288.5087,21905
bus_fare_cap,£2 bus fare cap,2030,108935.23,32.953125,6069.9043,21952
bus_fare_cap,£2 bus fare cap,2030,95312.19,115.421875,1703.5312,22015
bus_fare_cap,£2 bus fare cap,2030,126119.5,27.640625,4233.5557,22150
bus_fare_cap,£2 bus fare cap,2030,55279.016,118.41406,314.3768,22171
bus_fare_cap,£2 bus fare cap,2030,29403.695,0.0,1809.6001,22179
bus_fare_cap,£2 bus fare cap,2030,18719.703,0.0,401.08334,22197
bus_fare_cap,£2 bus fare cap,2030,19604.791,0.0,424.26056,22367
bus_fare_cap,£2 bus fare cap,2030,21239.582,0.0,636.045,22485
bus_fare_cap,£2 bus fare cap,2030,17611.438,0.0,987.18195,23016
bus_fare_cap,£2 bus fare cap,2030,37241.625,70.13281,591.9271,23179
bus_fare_cap,£2 bus fare cap,2030,57810.824,139.28906,440.37744,23654
bus_fare_cap,£2 bus fare cap,2030,24380.074,0.0,3224.3215,23867
bus_fare_cap,£2 bus fare cap,2030,29016.908,0.0,498.99377,23904
bus_fare_cap,£2 bus fare cap,2030,68430.7,0.0,46696.523,23972
bus_fare_cap,£2 bus fare cap,2030,46529.79,0.0,502.20996,23992
bus_fare_cap,£2 bus fare cap,2030,136514.0,0.0,11387.922,24109
bus_fare_cap,£2 bus fare cap,2030,71879.49,61.289062,8281.256,24110
bus_fare_cap,£2 bus fare cap,2030,58360.465,0.0,405.90536,24112
bus_fare_cap,£2 bus fare cap,2030,104856.5,0.0,243.21597,24169
bus_fare_cap,£2 bus fare cap,2030,92808.23,0.0,35479.04,24170
bus_fare_cap,£2 bus fare cap,2030,58840.465,0.0,10035.368,24189
bus_fare_cap,£2 bus fare cap,2030,31131.734,53.003906,6230.8813,24240
bus_fare_cap,£2 bus fare cap,2030,63130.53,61.710938,24390.748,24503
bus_fare_cap,£2 bus fare cap,2030,24381.926,0.0,375.91125,24527
bus_fare_cap,£2 bus fare cap,2030,65456.457,0.0,730.0748,25073
bus_fare_cap,£2 bus fare cap,2030,50344.977,0.0,484.78683,25564
bus_fare_cap,£2 bus fare cap,2030,25109.574,0.0,601.4467,25667
bus_fare_cap,£2 bus fare cap,2030,80307.24,0.0,2722.7275,25784
bus_fare_cap,£2 bus fare cap,2030,74481.1,0.0,188.87784,25858
bus_fare_cap,£2 bus fare cap,2030,27622.705,118.67578,39839.547,26003
bus_fare_cap,£2 bus fare cap,2030,17848.693,0.0,592.3145,26044
bus_fare_cap,£2 bus fare cap,2030,6454.539,0.0,13110.256,26272
bus_fare_cap,£2 bus fare cap,2030,30321.027,42.9375,5128.774,26346
bus_fare_cap,£2 bus fare cap,2030,53809.79,0.0,315.11267,26408
bus_fare_cap,£2 bus fare cap,2030,1293.4137,85.87891,59524.977,26448
bus_fare_cap,£2 bus fare cap,2030,24593.145,0.0,666.0873,26726
bus_fare_cap,£2 bus fare cap,2030,67634.9,40.367188,2189.3828,26811
bus_fare_cap,£2 bus fare cap,2030,53917.227,5.9375,31256.53,26832
bus_fare_cap,£2 bus fare cap,2030,25372.564,7.158203,2856.7878,27077
bus_fare_cap,£2 bus fare cap,2030,44055.88,0.0,376.41205,27093
bus_fare_cap,£2 bus fare cap,2030,53029.17,16.15625,2136.6035,27113
bus_fare_cap,£2 bus fare cap,2030,123488.62,0.0,1868.1093,27254
bus_fare_cap,£2 bus fare cap,2030,31615.16,23.140625,19837.346,27293
bus_fare_cap,£2 bus fare cap,2030,55398.035,118.40625,30851.508,27736
bus_fare_cap,£2 bus fare cap,2030,30408.572,0.0,538.9811,27751
bus_fare_cap,£2 bus fare cap,2030,59780.496,32.929688,126459.71,27767
bus_fare_cap,£2 bus fare cap,2030,53609.6,0.0,11660.897,27991
bus_fare_cap,£2 bus fare cap,2030,21934.531,0.0,491.4338,28026
bus_fare_cap,£2 bus fare cap,2030,117495.19,17.828125,25259.39,28725
bus_fare_cap,£2 bus fare cap,2030,57835.363,0.0,279.13245,28792
bus_fare_cap,£2 bus fare cap,2030,76086.54,0.0,764.89246,28899
bus_fare_cap,£2 bus fare cap,2030,48355.31,0.0,1606.9652,28941
bus_fare_cap,£2 bus fare cap,2030,16908.553,0.0,1767.853,29088
bus_fare_cap,£2 bus fare cap,2030,35264.637,0.0,669.747,29189
bus_fare_cap,£2 bus fare cap,2030,94523.46,0.0,2315.1057,29333
bus_fare_cap,£2 bus fare cap,2030,27369.0,0.0,1124.4657,29745
bus_fare_cap,£2 bus fare cap,2030,119296.4,0.0,232.3968,29749
bus_fare_cap,£2 bus fare cap,2030,39729.38,15.5078125,20997.846,30124
bus_fare_cap,£2 bus fare cap,2030,42555.363,0.0,450.6127,30238
bus_fare_cap,£2 bus fare cap,2030,75792.79,0.0,19274.969,30391
bus_fare_cap,£2 bus fare cap,2030,13845.318,0.0,44360.676,30913
bus_fare_cap,£2 bus fare cap,2030,85577.91,0.0,2791.1523,31066
bus_fare_cap,£2 bus fare cap,2030,22484.305,0.0,419.2781,31254
bus_fare_cap,£2 bus fare cap,2030,21187.787,0.0,7567.4604,31538
bus_fare_cap,£2 bus fare cap,2030,47727.992,2.078125,5621.5527,31541
bus_fare_cap,£2 bus fare cap,2030,40483.8,0.0,81.37796,31546
bus_fare_cap,£2 bus fare cap,2030,138457.98,9.296875,13142.229,31691
bus_fare_cap,£2 bus fare cap,2030,136825.17,0.0,439.3455,31767
bus_fare_cap,£2 bus fare cap,2030,92782.22,0.0,204.7335,31806
bus_fare_cap,£2 bus fare cap,2030,41185.164,108.296875,26851.418,31886
bus_fare_cap,£2 bus fare cap,2030,108454.39,0.0,41205.504,31943
bus_fare_cap,£2 bus fare cap,2030,46914.457,0.0,404.87482,32163
bus_fare_cap,£2 bus fare cap,2030,71730.61,0.0,3195.0215,32168
bus_fare_cap,£2 bus fare cap,2030,49378.45,38.535156,1212.3994,32172
bus_fare_cap,£2 bus fare cap,2030,69490.49,0.0,302.40704,32174
bus_fare_cap,£2 bus fare cap,2030,34027.09,0.0,300.70065,32254
bus_fare_cap,£2 bus fare cap,2030,61996.3,0.0,13114.683,32331
bus_fare_cap,£2 bus fare cap,2030,83144.23,0.0,1293.7892,32475
bus_fare_cap,£2 bus fare cap,2030,57828.367,0.0,23.879454,33814
bus_fare_cap,£2 bus fare cap,2030,48224.81,0.0,38.14117,41944
bus_fare_cap,£2 bus fare cap,2030,99211.49,0.0,62.009193,41950
bus_fare_cap,£2 bus fare cap,2030,22617.424,0.0,14.796417,46185
bus_fare_cap,£2 bus fare cap,2030,125902.65,0.0,199.97896,49121
bus_fare_cap,£2 bus fare cap,2030,50362.258,0.0,535.46,49812
bus_fare_cap,£2 bus fare cap,2030,46145.164,0.0,3335.5247,50537
bus_fare_cap,£2 bus fare cap,2030,7386.5967,0.0,8400.969,51580
bus_fare_cap,£2 bus fare cap,2030,59407.336,0.0,108.65892,51640
bus_fare_cap,£2 bus fare cap,2030,28788.543,0.0,556.4952,52783
bus_fare_cap,£2 bus fare cap,2030,22833.816,0.0,402.41644,54403
bus_fare_cap,£2 bus fare cap,2030,65554.22,118.41406,144.81973,54749
bus_fare_cap,£2 bus fare cap,2030,134190.47,0.0,925.00635,54824
bus_fare_cap,£2 bus fare cap,2030,78780.695,115.421875,203.5597,55334
bus_fare_cap,£2 bus fare cap,2030,17946.035,0.0,5444.753,55805
bus_fare_cap,£2 bus fare cap,2030,7693.2544,182.49023,288.12115,56245
bus_fare_cap,£2 bus fare cap,2030,96111.5,0.0,15184.34,57181
bus_fare_cap,£2 bus fare cap,2030,146292.1,0.0,17.36488,58496
bus_fare_cap,£2 bus fare cap,2030,4332.716,0.0,3719.799,58677
bus_fare_cap,£2 bus fare cap,2030,15280.242,0.0,284.9515,58702
bus_fare_cap,£2 bus fare cap,2030,27852.123,0.0,271.79077,60626
bus_fare_cap,£2 bus fare cap,2030,56859.117,51.921875,780.61304,62259
bus_fare_cap,£2 bus fare cap,2030,103710.88,0.0,100.0758,62593
bus_fare_cap,£2 bus fare cap,2030,79294.81,0.0,2919.5435,62794
bus_fare_cap,£2 bus fare cap,2030,112778.27,1.234375,127.91227,63791
bus_fare_cap,£2 bus fare cap,2030,60341.086,16.320312,19495.963,64098
bus_fare_cap,£2 bus fare cap,2030,47555.176,0.0,1841.979,64774
cgt_equalisation,CGT equalisation with income tax,2026,61595.875,0.0,663.75446,183
cgt_equalisation,CGT equalisation with income tax,2026,44216.863,0.0,2175.013,222
cgt_equalisation,CGT equalisation with income tax,2026,54952.812,0.0,702.3996,257
cgt_equalisation,CGT equalisation with income tax,2026,7648.653,0.0,4989.9497,321
cgt_equalisation,CGT equalisation with income tax,2026,52507.758,0.0,1931.6782,366
cgt_equalisation,CGT equalisation with income tax,2026,41685.48,0.0,37845.137,385
cgt_equalisation,CGT equalisation with income tax,2026,64939.32,0.0,7730.4873,507
cgt_equalisation,CGT equalisation with income tax,2026,47045.41,0.0,3858.7468,603
cgt_equalisation,CGT equalisation with income tax,2026,35584.426,0.0,1204.6614,621
cgt_equalisation,CGT equalisation with income tax,2026,32247.045,0.0,634.173,668
cgt_equalisation,CGT equalisation with income tax,2026,17006.973,0.0,714.5541,675
cgt_equalisation,CGT equalisation with income tax,2026,18250.973,0.0,46616.04,769
cgt_equalisation,CGT equalisation with income tax,2026,34794.57,0.0,2216.8916,800
cgt_equalisation,CGT equalisation with income tax,2026,52727.203,0.0,22547.178,848
cgt_equalisation,CGT equalisation with income tax,2026,58210.26,0.0,27195.488,978
cgt_equalisation,CGT equalisation with income tax,2026,102592.99,0.0,23913.79,986
cgt_equalisation,CGT equalisation with income tax,2026,37918.41,0.0,2069.0198,1068
cgt_equalisation,CGT equalisation with income tax,2026,97709.266,0.0,30859.734,1075
cgt_equalisation,CGT equalisation with income tax,2026,52665.016,0.0,41274.824,1116
cgt_equalisation,CGT equalisation with income tax,2026,43035.473,0.0,10918.962,1144
cgt_equalisation,CGT equalisation with income tax,2026,31557.416,0.0,5273.972,1151
cgt_equalisation,CGT equalisation with income tax,2026,48167.273,0.0,33633.742,1179
cgt_equalisation,CGT equalisation with income tax,2026,53426.03,0.0,204711.17,1243
cgt_equalisation,CGT equalisation with income tax,2026,50603.086,0.0,1917.9135,1293
cgt_equalisation,CGT equalisation with income tax,2026,31005.05,0.0,11526.386,1379
cgt_equalisation,CGT equalisation with income tax,2026,17533.033,0.0,1205.126,1441
cgt_equalisation,CGT equalisation with income tax,2026,40733.867,0.0,18209.834,1445
cgt_equalisation,CGT equalisation with income tax,2026,90329.016,0.0,30974.266,1508
cgt_equalisation,CGT equalisation with income tax,2026,61764.574,0.0,5522.9023,1577
cgt_equalisation,CGT equalisation with income tax,2026,35624.062,0.0,1239.0973,1664
cgt_equalisation,CGT equalisation with income tax,2026,30744.992,0.0,328.64478,1803
cgt_equalisation,CGT equalisation with income tax,2026,47532.46,0.0,783.49634,1948
cgt_equalisation,CGT equalisation with income tax,2026,43374.61,0.0,9503.147,2040
cgt_equalisation,CGT equalisation with income tax,2026,53097.06,0.0,5059.4546,2084
cgt_equalisation,CGT equalisation with income tax,2026,60275.977,0.0,6757.096,2128
cgt_equalisation,CGT equalisation with income tax,2026,83366.68,0.0,94167.5,2156
cgt_equalisation,CGT equalisation with income tax,2026,93342.44,0.0,48160.41,2176
cgt_equalisation,CGT equalisation with income tax,2026,63080.91,0.0,4606.9644,2199
cgt_equalisation,CGT equalisation with income tax,2026,13540.733,0.0,2636.9983,2307
cgt_equalisation,CGT equalisation with income tax,2026,56188.426,0.0,3861.434,2315
cgt_equalisation,CGT equalisation with income tax,2026,69788.82,0.0,1468.0137,2339
cgt_equalisation,CGT equalisation with income tax,2026,10738.05,0.0,1659.1023,2341
cgt_equalisation,CGT equalisation with income tax,2026,33845.055,0.0,311.43945,2412
cgt_equalisation,CGT equalisation with income tax,2026,11400.443,0.0,45115.555,2465
cgt_equalisation,CGT equalisation with income tax,2026,65749.81,0.0,62247.5,2529
cgt_equalisation,CGT equalisation with income tax,2026,37322.117,0.0,1016.3172,2554
cgt_equalisation,CGT equalisation with income tax,2026,26849.06,0.0,4319.588,2624
cgt_equalisation,CGT equalisation with income tax,2026,55874.74,0.0,15248.75,2642
cgt_equalisation,CGT equalisation with income tax,2026,46887.277,0.0,3849.3733,2670
cgt_equalisation,CGT equalisation with income tax,2026,37498.215,0.0,31283.027,2694
cgt_equalisation,CGT equalisation with income tax,2026,54254.754,0.0,1261.2319,2703
cgt_equalisation,CGT equalisation with income tax,2026,55601.633,0.0,6159.4155,2722
cgt_equalisation,CGT equalisation with income tax,2026,42803.047,0.0,3725.3357,2753
cgt_equalisation,CGT equalisation with income tax,2026,38373.05,0.0,50095.656,2892
cgt_equalisation,CGT equalisation with income tax,2026,22576.389,0.0,78885.375,2913
cgt_equalisation,CGT equalisation with income tax,2026,46282.293,0.0,4403.0117,2932
cgt_equalisation,CGT equalisation with income tax,2026,30022.818,0.0,1133.585,2960
cgt_equalisation,CGT equalisation with income tax,2026,60482.125,0.0,813.82196,2967
cgt_equalisation,CGT equalisation with income tax,2026,24592.055,0.0,5492.3906,3039
cgt_equalisation,CGT equalisation with income tax,2026,93677.13,0.0,115.609764,3052
cgt_equalisation,CGT equalisation with income tax,2026,72932.336,0.0,12558.571,3079
cgt_equalisation,CGT equalisation with income tax,2026,18255.89,0.0,5212.548,3094
cgt_equalisation,CGT equalisation with income tax,2026,55668.02,0.0,7765.3037,3107
cgt_equalisation,CGT equalisation with income tax,2026,40093.742,0.0,7983.033,3139
cgt_equalisation,CGT equalisation with income tax,2026,60994.395,0.0,830.50446,3284
cgt_equalisation,CGT equalisation with income tax,2026,54302.754,0.0,26034.9,3341
cgt_equalisation,CGT equalisation with income tax,2026,73048.99,0.0,169.47452,3344
cgt_equalisation,CGT equalisation with income tax,2026,64152.094,0.0,4692.375,3386
cgt_equalisation,CGT equalisation with income tax,2026,27020.867,0.0,882.26953,3399
cgt_equalisation,CGT equalisation with income tax,2026,11937.943,0.0,40026.61,3460
cgt_equalisation,CGT equalisation with income tax,2026,50528.797,0.0,75015.61,3520
cgt_equalisation,CGT equalisation with income tax,2026,64552.414,0.0,12707.246,3562
cgt_equalisation,CGT equalisation with income tax,2026,65284.695,0.0,47378.586,3577
cgt_equalisation,CGT equalisation with income tax,2026,125018.44,0.0,296.72733,3640
cgt_equalisation,CGT equalisation with income tax,2026,73497.42,0.0,142.9268,3643
cgt_equalisation,CGT equalisation with income tax,2026,42431.19,0.0,787.07996,3645
cgt_equalisation,CGT equalisation with income tax,2026,23942.936,0.0,10140.389,3660
cgt_equalisation,CGT equalisation with income tax,2026,44667.004,0.0,54673.453,3664
cgt_equalisation,CGT equalisation with income tax,2026,40038.88,0.0,137469.28,3711
cgt_equalisation,CGT equalisation with income tax,2026,38317.027,0.0,9412.422,3740
cgt_equalisation,CGT equalisation with income tax,2026,57271.75,0.0,22664.572,3747
cgt_equalisation,CGT equalisation with income tax,2026,30073.877,0.0,3359.1316,3751
cgt_equalisation,CGT equalisation with income tax,2026,34172.68,0.0,18607.344,3796
cgt_equalisation,CGT equalisation with income tax,2026,13802.516,0.0,2955.7554,3804
cgt_equalisation,CGT equalisation with income tax,2026,19776.51,0.0,4056.8774,3901
cgt_equalisation,CGT equalisation with income tax,2026,69537.41,0.0,4949.5713,3996
cgt_equalisation,CGT equalisation with income tax,2026,41361.164,0.0,3384.5176,4061
cgt_equalisation,CGT equalisation with income tax,2026,53789.582,0.0,454.75525,4098
cgt_equalisation,CGT equalisation with income tax,2026,47019.15,0.0,10673.34,4113
cgt_equalisation,CGT equalisation with income tax,2026,33273.48,0.0,10158.272,4115
cgt_equalisation,CGT equalisation with income tax,2026,22567.283,0.0,3988.5283,4189
cgt_equalisation,CGT equalisation with income tax,2026,105133.8,0.0,2188.7153,4301
cgt_equalisation,CGT equalisation with income tax,2026,18774.656,0.0,3594.324,4336
cgt_equalisation,CGT equalisation with income tax,2026,75653.91,0.0,1093.2156,4443
cgt_equalisation,CGT equalisation with income tax,2026,79120.82,0.0,1478.0002,4450
cgt_equalisation,CGT equalisation with income tax,2026,48232.402,0.0,4846.5103,4497
cgt_equalisation,CGT equalisation with income tax,2026,20669.875,0.0,1244.2167,4522
cgt_equalisation,CGT equalisation with income tax,2026,16411.191,0.0,24117.852,4560
cgt_equalisation,CGT equalisation with income tax,2026,27845.137,0.0,443.37088,4634
cgt_equalisation,CGT equalisation with income tax,2026,71754.19,0.0,2459.0906,4712
cgt_equalisation,CGT equalisation with income tax,2026,33101.53,0.0,1904.8591,4721
cgt_equalisation,CGT equalisation with income tax,2026,82838.04,0.0,8412.747,4759
cgt_equalisation,CGT equalisation with income tax,2026,130037.95,0.0,13266.36,4864
cgt_equalisation,CGT equalisation with income tax,2026,24814.34,0.0,7352.9805,4934
cgt_equalisation,CGT equalisation with income tax,2026,16575.217,0.0,21295.94,4953
cgt_equalisation,CGT equalisation with income tax,2026,22736.203,0.0,18782.96,4970
cgt_equalisation,CGT equalisation with income tax,2026,25831.742,0.0,109475.664,5003
cgt_equalisation,CGT equalisation with income tax,2026,59464.72,0.0,4982.4136,5031
cgt_equalisation,CGT equalisation with income tax,2026,29026.81,0.0,3583.8198,5038
cgt_equalisation,CGT equalisation with income tax,2026,24000.238,0.0,9418.976,5090
cgt_equalisation,CGT equalisation with income tax,2026,38665.523,0.0,1559.618,5106
cgt_equalisation,CGT equalisation with income tax,2026,84795.79,0.0,1571.9172,5108
cgt_equalisation,CGT equalisation with income tax,2026,32124.908,0.0,33736.58,5420
cgt_equalisation,CGT equalisation with income tax,2026,95669.12,0.0,438.8037,5436
cgt_equalisation,CGT equalisation with income tax,2026,46233.973,0.0,1068.7816,5475
cgt_equalisation,CGT equalisation with income tax,2026,38670.45,0.0,4047.2002,5706
cgt_equalisation,CGT equalisation with income tax,2026,15395.484,0.0,41591.79,5711
cgt_equalisation,CGT equalisation with income tax,2026,51084.516,0.0,4873.452,5716
cgt_equalisation,CGT equalisation with income tax,2026,34415.793,0.0,5578.864,5808
cgt_equalisation,CGT equalisation with income tax,2026,68353.055,0.0,81112.13,5813
cgt_equalisation,CGT equalisation with income tax,2026,49001.008,0.0,9421.224,5814
cgt_equalisation,CGT equalisation with income tax,2026,48313.805,0.0,336.23062,5845
cgt_equalisation,CGT equalisation with income tax,2026,100259.96,0.0,1566.3269,5905
cgt_equalisation,CGT equalisation with income tax,2026,63811.18,0.0,2068.71,5906
cgt_equalisation,CGT equalisation with income tax,2026,39370.043,0.0,283.22113,5966
cgt_equalisation,CGT equalisation with income tax,2026,63626.0,0.0,37063.598,5971
cgt_equalisation,CGT equalisation with income tax,2026,87117.5,0.0,69452.766,5972
cgt_equalisation,CGT equalisation with income tax,2026,31902.438,0.0,2864.6516,6127
cgt_equalisation,CGT equalisation with income tax,2026,51562.58,0.0,13312.591,6157
cgt_equalisation,CGT equalisation with income tax,2026,38595.22,0.0,24053.248,6196
cgt_equalisation,CGT equalisation with income tax,2026,22244.594,0.0,68221.25,6244
cgt_equalisation,CGT equalisation with income tax,2026,55237.133,0.0,46493.285,6249
cgt_equalisation,CGT equalisation with income tax,2026,9924.329,0.0,14340.748,6391
cgt_equalisation,CGT equalisation with income tax,2026,39247.8,0.0,25710.195,6458
cgt_equalisation,CGT equalisation with income tax,2026,35354.34,0.0,3040.0732,6462
cgt_equalisation,CGT equalisation with income tax,2026,43390.52,0.0,331.84073,6479
cgt_equalisation,CGT equalisation with income tax,2026,15166.802,0.0,114704.96,6494
cgt_equalisation,CGT equalisation with income tax,2026,26953.55,0.0,8232.439,6533
cgt_equalisation,CGT equalisation with income tax,2026,61828.305,0.0,7488.72,6598
cgt_equalisation,CGT equalisation with income tax,2026,38363.082,0.0,1107.7172,6687
cgt_equalisation,CGT equalisation with income tax,2026,21056.268,0.0,1424.6663,6695
cgt_equalisation,CGT equalisation with income tax,2026,26610.934,0.0,79307.05,6732
cgt_equalisation,CGT equalisation with income tax,2026,67082.99,0.0,216.6249,6753
cgt_equalisation,CGT equalisation with income tax,2026,31364.572,0.0,49591.543,6815
cgt_equalisation,CGT equalisation with income tax,2026,18100.854,0.0,19110.76,6864
cgt_equalisation,CGT equalisation with income tax,2026,31599.62,0.0,786.047,6904
cgt_equalisation,CGT equalisation with income tax,2026,14607.018,0.0,21591.1,6912
cgt_equalisation,CGT equalisation with income tax,2026,21062.066,0.0,138696.06,6965
cgt_equalisation,CGT equalisation with income tax,2026,58857.758,0.0,46491.156,6975
cgt_equalisation,CGT equalisation with income tax,2026,72196.15,0.0,44264.47,6987
cgt_equalisation,CGT equalisation with income tax,2026,46477.71,0.0,1733.3953,7020
cgt_equalisation,CGT equalisation with income tax,2026,50639.16,0.0,3218.1843,7036
cgt_equalisation,CGT equalisation with income tax,2026,40272.06,0.0,436.48062,7080
cgt_equalisation,CGT equalisation with income tax,2026,21476.736,0.0,66575.3,7159
cgt_equalisation,CGT equalisation with income tax,2026,42325.227,0.0,4226.516,7163
cgt_equalisation,CGT equalisation with income tax,2026,50741.41,0.0,155354.19,7229
cgt_equalisation,CGT equalisation with income tax,2026,30272.271,0.0,3971.8435,7248
cgt_equalisation,CGT equalisation with income tax,2026,9434.684,0.0,25392.473,7428
cgt_equalisation,CGT equalisation with income tax,2026,40295.277,0.0,48391.254,7444
cgt_equalisation,CGT equalisation with income tax,2026,26376.865,0.0,11065.285,7459
cgt_equalisation,CGT equalisation with income tax,2026,97993.57,0.0,18849.0,7504
cgt_equalisation,CGT equalisation with income tax,2026,23217.898,0.0,43877.926,7539
cgt_equalisation,CGT equalisation with income tax,2026,45621.566,0.0,3031.3557,7624
cgt_equalisation,CGT equalisation with income tax,2026,90003.125,0.0,1338.762,7632
cgt_equalisation,CGT equalisation with income tax,2026,25054.04,0.0,371.76028,7743
cgt_equalisation,CGT equalisation with income tax,2026,26718.92,0.0,745.8145,7763
cgt_equalisation,CGT equalisation with income tax,2026,66085.03,0.0,6555.721,7908
cgt_equalisation,CGT equalisation with income tax,2026,12938.138,0.0,79648.28,8037
cgt_equalisation,CGT equalisation with income tax,2026,16437.543,0.0,7320.6284,8077
cgt_equalisation,CGT equalisation with income tax,2026,23097.104,0.0,1285.2063,8101
cgt_equalisation,CGT equalisation with income tax,2026,35080.434,0.0,76068.87,8228
cgt_equalisation,CGT equalisation with income tax,2026,60552.82,0.0,30898.637,8272
cgt_equalisation,CGT equalisation with income tax,2026,58287.36,0.0,7305.267,8342
cgt_equalisation,CGT equalisation with income tax,2026,37536.68,0.0,4065.5393,8392
cgt_equalisation,CGT equalisation with income tax,2026,61970.938,0.0,5432.5713,8468
cgt_equalisation,CGT equalisation with income tax,2026,20708.506,0.0,519.45197,8478
cgt_equalisation,CGT equalisation with income tax,2026,52567.52,0.0,1137.6483,8480
cgt_equalisation,CGT equalisation with income tax,2026,56922.348,0.0,79028.21,8511
cgt_equalisation,CGT equalisation with income tax,2026,35706.984,0.0,264801.1,8566
cgt_equalisation,CGT equalisation with income tax,2026,100923.125,0.0,433.4227,8595
cgt_equalisation,CGT equalisation with income tax,2026,59064.71,0.0,39128.742,8686
cgt_equalisation,CGT equalisation with income tax,2026,39897.266,0.0,17060.041,8762
cgt_equalisation,CGT equalisation with income tax,2026,29085.137,0.0,52547.875,8782
cgt_equalisation,CGT equalisation with income tax,2026,106066.23,0.0,266.56357,8790
cgt_equalisation,CGT equalisation with income tax,2026,47554.68,0.0,5317.506,8879
cgt_equalisation,CGT equalisation with income tax,2026,47034.203,0.0,512.2654,8945
cgt_equalisation,CGT equalisation with income tax,2026,27656.656,0.0,13617.901,9118
cgt_equalisation,CGT equalisation with income tax,2026,93890.8,0.0,88919.9,9196
cgt_equalisation,CGT equalisation with income tax,2026,6816.9805,0.0,7159.8296,9288
cgt_equalisation,CGT equalisation with income tax,2026,91093.72,0.0,26026.904,9313
cgt_equalisation,CGT equalisation with income tax,2026,29116.447,0.0,39522.996,9395
cgt_equalisation,CGT equalisation with income tax,2026,15448.237,0.0,44908.465,9396
cgt_equalisation,CGT equalisation with income tax,2026,56145.1,0.0,14354.898,9409
cgt_equalisation,CGT equalisation with income tax,2026,21276.629,0.0,8898.142,9418
cgt_equalisation,CGT equalisation with income tax,2026,51526.766,0.0,10267.381,9419
cgt_equalisation,CGT equalisation with income tax,2026,38850.78,0.0,59285.81,9497
cgt_equalisation,CGT equalisation with income tax,2026,87331.63,0.0,118820.445,9588
cgt_equalisation,CGT equalisation with income tax,2026,37724.895,0.0,11408.34,9652
cgt_equalisation,CGT equalisation with income tax,2026,45283.61,0.0,182.27571,9664
cgt_equalisation,CGT equalisation with income tax,2026,31298.068,0.0,91330.266,9734
cgt_equalisation,CGT equalisation with income tax,2026,64816.09,0.0,9740.176,9744
cgt_equalisation,CGT equalisation with income tax,2026,56276.445,0.0,20006.688,9754
cgt_equalisation,CGT equalisation with income tax,2026,18862.037,0.0,440.48132,9779
cgt_equalisation,CGT equalisation with income tax,2026,69153.55,0.0,306.15463,9782
cgt_equalisation,CGT equalisation with income tax,2026,62582.266,0.0,51258.637,9851
cgt_equalisation,CGT equalisation with income tax,2026,26807.014,0.0,94518.56,9876
cgt_equalisation,CGT equalisation with income tax,2026,109746.516,0.0,9974.923,9933
cgt_equalisation,CGT equalisation with income tax,2026,22730.69,0.0,821.25287,9962
cgt_equalisation,CGT equalisation with income tax,2026,27797.139,0.0,42888.156,10072
cgt_equalisation,CGT equalisation with income tax,2026,46789.19,0.0,95551.64,10082
cgt_equalisation,CGT equalisation with income tax,2026,50667.65,0.0,645.30133,10125
cgt_equalisation,CGT equalisation with income tax,2026,18568.291,0.0,695.0125,10153
cgt_equalisation,CGT equalisation with income tax,2026,15405.363,0.0,112182.95,10159
cgt_equalisation,CGT equalisation with income tax,2026,29496.477,0.0,35566.15,10230
cgt_equalisation,CGT equalisation with income tax,2026,37147.38,0.0,10378.542,10231
cgt_equalisation,CGT equalisation with income tax,2026,84991.32,0.0,551.1143,10256
cgt_equalisation,CGT equalisation with income tax,2026,51121.836,0.0,16373.816,10325
cgt_equalisation,CGT equalisation with income tax,2026,27512.455,0.0,510.62442,10386
cgt_equalisation,CGT equalisation with income tax,2026,45809.945,0.0,7968.9683,10491
cgt_equalisation,CGT equalisation with income tax,2026,34009.145,0.0,313.6757,10530
cgt_equalisation,CGT equalisation with income tax,2026,41898.125,0.0,453.9923,10535
cgt_equalisation,CGT equalisation with income tax,2026,58797.33,0.0,2522.3894,10567
cgt_equalisation,CGT equalisation with income tax,2026,81264.46,0.0,78614.26,10582
cgt_equalisation,CGT equalisation with income tax,2026,5369.4634,0.0,5015.5435,10629
cgt_equalisation,CGT equalisation with income tax,2026,19615.98,0.0,17485.684,10632
cgt_equalisation,CGT equalisation with income tax,2026,5810.1885,0.0,14384.87,10644
cgt_equalisation,CGT equalisation with income tax,2026,36372.812,0.0,119354.12,10646
cgt_equalisation,CGT equalisation with income tax,2026,18422.518,0.0,17386.412,10675
cgt_equalisation,CGT equalisation with income tax,2026,29012.213,0.0,14680.654,10682
cgt_equalisation,CGT equalisation with income tax,2026,53618.08,0.0,279.5879,10728
cgt_equalisation,CGT equalisation with income tax,2026,29885.799,0.0,3629.8535,10772
cgt_equalisation,CGT equalisation with income tax,2026,44955.246,0.0,1873.57,10821
cgt_equalisation,CGT equalisation with income tax,2026,51957.258,0.0,13863.605,10900
cgt_equalisation,CGT equalisation with income tax,2026,29730.979,0.0,1179.029,11037
cgt_equalisation,CGT equalisation with income tax,2026,36328.59,0.0,304.3075,11054
cgt_equalisation,CGT equalisation with income tax,2026,64590.918,0.0,832.9537,11137
cgt_equalisation,CGT equalisation with income tax,2026,60465.457,0.0,3949.0786,11199
cgt_equalisation,CGT equalisation with income tax,2026,100130.84,0.0,472.50986,11260
cgt_equalisation,CGT equalisation with income tax,2026,42695.47,0.0,5624.043,11356
cgt_equalisation,CGT equalisation with income tax,2026,68101.195,0.0,114.63916,11384
cgt_equalisation,CGT equalisation with income tax,2026,117370.77,0.0,497.5694,11444
cgt_equalisation,CGT equalisation with income tax,2026,88889.08,0.0,5130.7573,11457
cgt_equalisation,CGT equalisation with income tax,2026,55089.242,0.0,227.77876,11560
cgt_equalisation,CGT equalisation with income tax,2026,67222.24,0.0,749.8322,11599
cgt_equalisation,CGT equalisation with income tax,2026,130974.414,0.0,130570.84,11615
cgt_equalisation,CGT equalisation with income tax,2026,51114.348,0.0,37272.66,11757
cgt_equalisation,CGT equalisation with income tax,2026,102969.63,0.0,4521.725,11834
cgt_equalisation,CGT equalisation with income tax,2026,27556.602,0.0,281.26135,11877
cgt_equalisation,CGT equalisation with income tax,2026,31871.951,0.0,6608.2866,11945
cgt_equalisation,CGT equalisation with income tax,2026,40565.746,0.0,1127.9462,11980
cgt_equalisation,CGT equalisation with income tax,2026,44593.406,0.0,3828.362,11992
cgt_equalisation,CGT equalisation with income tax,2026,51901.914,0.0,27442.586,11995
cgt_equalisation,CGT equalisation with income tax,2026,81123.25,0.0,45668.07,12162
cgt_equalisation,CGT equalisation with income tax,2026,63527.992,0.0,14930.697,12275
cgt_equalisation,CGT equalisation with income tax,2026,120707.36,0.0,12904.98,12346
cgt_equalisation,CGT equalisation with income tax,2026,32682.562,0.0,16284.652,12352
cgt_equalisation,CGT equalisation with income tax,2026,71922.67,0.0,715.5213,12362
cgt_equalisation,CGT equalisation with income tax,2026,72903.46,0.0,879.3156,12396
cgt_equalisation,CGT equalisation with income tax,2026,21747.61,0.0,25252.576,12404
cgt_equalisation,CGT equalisation with income tax,2026,103884.55,0.0,12078.52,12441
cgt_equalisation,CGT equalisation with income tax,2026,62224.49,0.0,18730.54,12506
cgt_equalisation,CGT equalisation with income tax,2026,39397.16,0.0,9855.645,12512
cgt_equalisation,CGT equalisation with income tax,2026,131125.5,0.0,90374.92,12585
cgt_equalisation,CGT equalisation with income tax,2026,23842.871,0.0,2338.5903,12604
cgt_equalisation,CGT equalisation with income tax,2026,45500.223,0.0,8777.994,12635
cgt_equalisation,CGT equalisation with income tax,2026,36508.348,0.0,521.99854,12716
cgt_equalisation,CGT equalisation with income tax,2026,19109.154,0.0,13524.193,12785
cgt_equalisation,CGT equalisation with income tax,2026,133460.67,0.0,5573.788,12788
cgt_equalisation,CGT equalisation with income tax,2026,54205.27,0.0,5757.178,12821
cgt_equalisation,CGT equalisation with income tax,2026,45185.785,0.0,1013.0044,12972
cgt_equalisation,CGT equalisation with income tax,2026,61072.797,0.0,750.80475,12981
cgt_equalisation,CGT equalisation with income tax,2026,119811.53,0.0,26163.611,12990
cgt_equalisation,CGT equalisation with income tax,2026,39081.81,0.0,15246.645,13041
cgt_equalisation,CGT equalisation with income tax,2026,39468.68,0.0,86158.23,13118
cgt_equalisation,CGT equalisation with income tax,2026,117581.9,0.0,24520.12,13139
cgt_equalisation,CGT equalisation with income tax,2026,24816.133,0.0,401.81705,13150
cgt_equalisation,CGT equalisation with income tax,2026,26173.236,0.0,2822.5073,13154
cgt_equalisation,CGT equalisation with income tax,2026,22289.918,0.0,5300.051,13196
cgt_equalisation,CGT equalisation with income tax,2026,65382.094,0.0,34477.145,13209
cgt_equalisation,CGT equalisation with income tax,2026,105074.51,0.0,2814.3047,13287
cgt_equalisation,CGT equalisation with income tax,2026,112423.65,0.0,530.6424,13303
cgt_equalisation,CGT equalisation with income tax,2026,39097.066,0.0,12862.523,13339
cgt_equalisation,CGT equalisation with income tax,2026,112842.07,0.0,8869.071,13358
cgt_equalisation,CGT equalisation with income tax,2026,27321.072,0.0,2424.809,13417
cgt_equalisation,CGT equalisation with income tax,2026,59686.25,0.0,13408.6875,13419
cgt_equalisation,CGT equalisation with income tax,2026,21395.297,0.0,593.1883,13463
cgt_equalisation,CGT equalisation with income tax,2026,41819.566,0.0,22010.535,13533
cgt_equalisation,CGT equalisation with income tax,2026,79598.72,0.0,26669.67,13627
cgt_equalisation,CGT equalisation with income tax,2026,42445.875,0.0,931.307,13735
cgt_equalisation,CGT equalisation with income tax,2026,6803.634,0.0,327.9916,13784
cgt_equalisation,CGT equalisation with income tax,2026,13052.15,0.0,40444.387,13786
cgt_equalisation,CGT equalisation with income tax,2026,53623.035,0.0,70083.016,13843
cgt_equalisation,CGT equalisation with income tax,2026,21880.672,0.0,355.89853,13939
cgt_equalisation,CGT equalisation with income tax,2026,107728.24,0.0,647.42377,13985
cgt_equalisation,CGT equalisation with income tax,2026,51089.875,0.0,140656.5,14066
cgt_equalisation,CGT equalisation with income tax,2026,25517.676,0.0,182.75111,14081
cgt_equalisation,CGT equalisation with income tax,2026,56181.43,0.0,3413.146,14086
cgt_equalisation,CGT equalisation with income tax,2026,38320.637,0.0,2342.3533,14123
cgt_equalisation,CGT equalisation with income tax,2026,30589.934,0.0,431.01,14161
cgt_equalisation,CGT equalisation with income tax,2026,84232.01,0.0,37771.453,14219
cgt_equalisation,CGT equalisation with income tax,2026,69642.445,0.0,33361.207,14225
cgt_equalisation,CGT equalisation with income tax,2026,63546.42,0.0,4510.422,14298
cgt_equalisation,CGT equalisation with income tax,2026,76709.734,0.0,50435.305,14332
cgt_equalisation,CGT equalisation with income tax,2026,14661.58,0.0,9795.042,14424
cgt_equalisation,CGT equalisation with income tax,2026,40875.188,0.0,1777.9557,14458
cgt_equalisation,CGT equalisation with income tax,2026,56456.61,0.0,7787.283,14474
cgt_equalisation,CGT equalisation with income tax,2026,76157.79,0.0,1326.9979,14483
cgt_equalisation,CGT equalisation with income tax,2026,35963.504,0.0,1733.6395,14558
cgt_equalisation,CGT equalisation with income tax,2026,70198.38,0.0,1558.2562,14580
cgt_equalisation,CGT equalisation with income tax,2026,71121.42,0.0,456.124,14591
cgt_equalisation,CGT equalisation with income tax,2026,48399.82,0.0,67193.4,14660
cgt_equalisation,CGT equalisation with income tax,2026,64878.53,0.0,2940.6355,14674
cgt_equalisation,CGT equalisation with income tax,2026,3207.398,0.0,821.41425,14686
cgt_equalisation,CGT equalisation with income tax,2026,64749.684,0.0,3922.92,14746
cgt_equalisation,CGT equalisation with income tax,2026,21599.412,0.0,329.07275,14757
cgt_equalisation,CGT equalisation with income tax,2026,5786.995,0.0,21414.94,14791
cgt_equalisation,CGT equalisation with income tax,2026,33191.285,0.0,80495.195,14809
cgt_equalisation,CGT equalisation with income tax,2026,131704.16,0.0,27976.45,14895
cgt_equalisation,CGT equalisation with income tax,2026,48960.438,0.0,5132.643,14910
cgt_equalisation,CGT equalisation with income tax,2026,36432.61,0.0,137.36948,14961
cgt_equalisation,CGT equalisation with income tax,2026,75879.92,0.0,18781.006,14989
cgt_equalisation,CGT equalisation with income tax,2026,31139.873,0.0,16601.332,15036
cgt_equalisation,CGT equalisation with income tax,2026,67805.93,0.0,256.2087,15072
cgt_equalisation,CGT equalisation with income tax,2026,68549.9,0.0,6401.5444,15169
cgt_equalisation,CGT equalisation with income tax,2026,109370.8,0.0,404.4964,15182
cgt_equalisation,CGT equalisation with income tax,2026,33502.24,0.0,590.96216,15216
cgt_equalisation,CGT equalisation with income tax,2026,107959.63,0.0,5130.4155,15234
cgt_equalisation,CGT equalisation with income tax,2026,49330.67,0.0,317.9078,15322
cgt_equalisation,CGT equalisation with income tax,2026,101098.42,0.0,1192.8608,15348
cgt_equalisation,CGT equalisation with income tax,2026,87204.15,0.0,11413.056,15394
cgt_equalisation,CGT equalisation with income tax,2026,58066.484,0.0,151174.28,15519
cgt_equalisation,CGT equalisation with income tax,2026,61088.188,0.0,560.93634,15548
cgt_equalisation,CGT equalisation with income tax,2026,49297.53,0.0,18980.312,15599
cgt_equalisation,CGT equalisation with income tax,2026,90988.31,0.0,5709.1787,15611
cgt_equalisation,CGT equalisation with income tax,2026,29893.531,0.0,11493.491,15633
cgt_equalisation,CGT equalisation with income tax,2026,84692.8,0.0,5806.2437,15642
cgt_equalisation,CGT equalisation with income tax,2026,72618.53,0.0,32601.586,15668
cgt_equalisation,CGT equalisation with income tax,2026,97905.86,0.0,124114.86,15721
cgt_equalisation,CGT equalisation with income tax,2026,54847.49,0.0,862.9561,15728
cgt_equalisation,CGT equalisation with income tax,2026,47245.15,0.0,23814.512,15740
cgt_equalisation,CGT equalisation with income tax,2026,39019.562,0.0,24714.736,15945
cgt_equalisation,CGT equalisation with income tax,2026,28377.53,0.0,2343.44,15966
cgt_equalisation,CGT equalisation with income tax,2026,12522.507,0.0,1835.3478,15981
cgt_equalisation,CGT equalisation with income tax,2026,57035.375,0.0,389.9138,16003
cgt_equalisation,CGT equalisation with income tax,2026,26161.596,0.0,654.8686,16058
cgt_equalisation,CGT equalisation with income tax,2026,44519.934,0.0,11902.915,16180
cgt_equalisation,CGT equalisation with income tax,2026,45899.93,0.0,490.88718,16411
cgt_equalisation,CGT equalisation with income tax,2026,52824.824,0.0,215.73302,16439
cgt_equalisation,CGT equalisation with income tax,2026,101289.945,0.0,51361.17,16724
cgt_equalisation,CGT equalisation with income tax,2026,101659.35,0.0,402.4654,16845
cgt_equalisation,CGT equalisation with income tax,2026,3542.124,0.0,345.359,17074
cgt_equalisation,CGT equalisation with income tax,2026,34460.918,0.0,544.9004,17104
cgt_equalisation,CGT equalisation with income tax,2026,28887.465,0.0,31915.123,17379
cgt_equalisation,CGT equalisation with income tax,2026,57701.17,0.0,860.2458,17740
cgt_equalisation,CGT equalisation with income tax,2026,57128.99,0.0,589.8951,17800
cgt_equalisation,CGT equalisation with income tax,2026,6915.2686,0.0,287.17422,17876
cgt_equalisation,CGT equalisation with income tax,2026,122348.09,0.0,7416.062,17918
cgt_equalisation,CGT equalisation with income tax,2026,87590.69,0.0,7989.248,17925
cgt_equalisation,CGT equalisation with income tax,2026,70703.05,0.0,15205.29,17983
cgt_equalisation,CGT equalisation with income tax,2026,101472.766,0.0,95477.76,18465
cgt_equalisation,CGT equalisation with income tax,2026,18483.594,0.0,940.0187,18670
cgt_equalisation,CGT equalisation with income tax,2026,129471.84,0.0,44076.16,18686
cgt_equalisation,CGT equalisation with income tax,2026,17302.844,0.0,22970.807,18754
cgt_equalisation,CGT equalisation with income tax,2026,31886.5,0.0,930.1046,18843
cgt_equalisation,CGT equalisation with income tax,2026,77765.92,0.0,12084.708,19014
cgt_equalisation,CGT equalisation with income tax,2026,11027.917,0.0,582.7216,19199
cgt_equalisation,CGT equalisation with income tax,2026,104605.85,0.0,526.3707,19212
cgt_equalisation,CGT equalisation with income tax,2026,61102.125,0.0,3897.8972,19368
cgt_equalisation,CGT equalisation with income tax,2026,103630.39,0.0,22.734783,19419
cgt_equalisation,CGT equalisation with income tax,2026,38112.555,0.0,1590.2798,19707
cgt_equalisation,CGT equalisation with income tax,2026,74008.43,0.0,939.2445,19725
cgt_equalisation,CGT equalisation with income tax,2026,26192.87,0.0,1608.2172,19809
cgt_equalisation,CGT equalisation with income tax,2026,47533.605,0.0,9202.447,19932
cgt_equalisation,CGT equalisation with income tax,2026,16514.0,0.0,3675.6475,19936
cgt_equalisation,CGT equalisation with income tax,2026,81549.86,0.0,7242.9497,19953
cgt_equalisation,CGT equalisation with income tax,2026,26284.04,0.0,325.45633,20000
cgt_equalisation,CGT equalisation with income tax,2026,31653.44,0.0,29441.25,20039
cgt_equalisation,CGT equalisation with income tax,2026,69214.28,0.0,3335.0688,20057
cgt_equalisation,CGT equalisation with income tax,2026,21167.234,0.0,1566.025,20120
cgt_equalisation,CGT equalisation with income tax,2026,54808.05,0.0,569.92676,20310
cgt_equalisation,CGT equalisation with income tax,2026,43737.54,0.0,269.30002,20323
cgt_equalisation,CGT equalisation with income tax,2026,98586.81,0.0,6441.69,20383
cgt_equalisation,CGT equalisation with income tax,2026,29588.238,0.0,230.8097,20426
cgt_equalisation,CGT equalisation with income tax,2026,47292.188,0.0,764.85425,20457
cgt_equalisation,CGT equalisation with income tax,2026,90525.29,0.0,16155.742,20555
cgt_equalisation,CGT equalisation with income tax,2026,21897.875,0.0,2455.5999,20642
cgt_equalisation,CGT equalisation with income tax,2026,66006.47,0.0,192.2505,20692
cgt_equalisation,CGT equalisation with income tax,2026,85769.14,0.0,538.6465,20751
cgt_equalisation,CGT equalisation with income tax,2026,32746.094,0.0,38683.457,21263
cgt_equalisation,CGT equalisation with income tax,2026,18062.77,0.0,458.5957,21304
cgt_equalisation,CGT equalisation with income tax,2026,75948.09,0.0,273.33133,21486
cgt_equalisation,CGT equalisation with income tax,2026,62126.71,0.0,967.7491,21759
cgt_equalisation,CGT equalisation with income tax,2026,70106.54,0.0,305.0577,21763
cgt_equalisation,CGT equalisation with income tax,2026,37581.52,0.0,504.85037,21894
cgt_equalisation,CGT equalisation with income tax,2026,54527.266,0.0,283.7688,21905
cgt_equalisation,CGT equalisation with income tax,2026,103685.09,0.0,5970.1816,21952
cgt_equalisation,CGT equalisation with income tax,2026,88091.14,0.0,1675.5438,22015
cgt_equalisation,CGT equalisation with income tax,2026,117151.76,0.0,4164.003,22150
cgt_equalisation,CGT equalisation with income tax,2026,52030.508,0.0,309.2119,22171
cgt_equalisation,CGT equalisation with income tax,2026,27391.326,0.0,1779.8701,22179
cgt_equalisation,CGT equalisation with income tax,2026,17848.7,0.0,394.49393,22197
cgt_equalisation,CGT equalisation with income tax,2026,18642.477,0.0,417.29037,22367
cgt_equalisation,CGT equalisation with income tax,2026,20017.83,0.0,625.5954,22485
cgt_equalisation,CGT equalisation with income tax,2026,16410.678,0.0,970.9635,23016
cgt_equalisation,CGT equalisation with income tax,2026,32429.062,0.0,582.20233,23179
cgt_equalisation,CGT equalisation with income tax,2026,53495.242,0.0,433.1425,23654
cgt_equalisation,CGT equalisation with income tax,2026,22469.16,0.0,3171.349,23867
cgt_equalisation,CGT equalisation with income tax,2026,26563.15,0.0,490.79578,23904
cgt_equalisation,CGT equalisation with income tax,2026,63959.83,0.0,45929.348,23972
cgt_equalisation,CGT equalisation with income tax,2026,43680.63,0.0,493.95914,23992
cgt_equalisation,CGT equalisation with income tax,2026,127335.5,0.0,11200.829,24109
cgt_equalisation,CGT equalisation with income tax,2026,67584.54,0.0,8145.2036,24110
cgt_equalisation,CGT equalisation with income tax,2026,54465.656,0.0,399.23676,24112
cgt_equalisation,CGT equalisation with income tax,2026,97152.875,0.0,239.22018,24169
cgt_equalisation,CGT equalisation with income tax,2026,87141.17,0.0,34896.156,24170
cgt_equalisation,CGT equalisation with income tax,2026,54982.387,0.0,9870.496,24189
cgt_equalisation,CGT equalisation with income tax,2026,29375.666,0.0,6128.5137,24240
cgt_equalisation,CGT equalisation with income tax,2026,58104.32,0.0,23990.031,24503
cgt_equalisation,CGT equalisation with income tax,2026,23296.125,0.0,369.73538,24527
cgt_equalisation,CGT equalisation with income tax,2026,63150.97,0.0,718.0804,25073
cgt_equalisation,CGT equalisation with income tax,2026,46903.08,0.0,476.8223,25564
cgt_equalisation,CGT equalisation with income tax,2026,21350.48,0.0,591.56555,25667
cgt_equalisation,CGT equalisation with income tax,2026,78514.3,0.0,2677.9958,25784
cgt_equalisation,CGT equalisation with income tax,2026,69340.484,0.0,185.77478,25858
cgt_equalisation,CGT equalisation with income tax,2026,25417.22,0.0,39185.023,26003
cgt_equalisation,CGT equalisation with income tax,2026,16944.764,0.0,582.5834,26044
cgt_equalisation,CGT equalisation with income tax,2026,6465.451,0.0,12894.867,26272
cgt_equalisation,CGT equalisation with income tax,2026,28180.072,0.0,5044.5137,26346
cgt_equalisation,CGT equalisation with income tax,2026,51009.785,0.0,309.9357,26408
cgt_equalisation,CGT equalisation with income tax,2026,1149.0247,0.0,58547.043,26448
cgt_equalisation,CGT equalisation with income tax,2026,22904.86,0.0,655.14404,26726
cgt_equalisation,CGT equalisation with income tax,2026,62276.97,0.0,2153.4133,26811
cgt_equalisation,CGT equalisation with income tax,2026,49527.816,0.0,30743.016,26832
cgt_equalisation,CGT equalisation with income tax,2026,23687.781,0.0,2809.8538,27077
cgt_equalisation,CGT equalisation with income tax,2026,40028.52,0.0,370.228,27093
cgt_equalisation,CGT equalisation with income tax,2026,48821.508,0.0,2101.5012,27113
cgt_equalisation,CGT equalisation with income tax,2026,114610.99,0.0,1837.418,27254
cgt_equalisation,CGT equalisation with income tax,2026,29543.09,0.0,19511.436,27293
cgt_equalisation,CGT equalisation with income tax,2026,52512.227,0.0,30344.648,27736
cgt_equalisation,CGT equalisation with income tax,2026,28704.701,0.0,530.12616,27751
cgt_equalisation,CGT equalisation with income tax,2026,56026.2,0.0,124382.1,27767
cgt_equalisation,CGT equalisation with income tax,2026,49869.43,0.0,11469.32,27991
cgt_equalisation,CGT equalisation with income tax,2026,20590.13,0.0,483.36002,28026
cgt_equalisation,CGT equalisation with income tax,2026,117125.41,0.0,24844.406,28725
cgt_equalisation,CGT equalisation with income tax,2026,53590.28,0.0,274.54657,28792
cgt_equalisation,CGT equalisation with income tax,2026,70738.99,0.0,752.32605,28899
cgt_equalisation,CGT equalisation with income tax,2026,44540.574,0.0,1580.5643,28941
cgt_equalisation,CGT equalisation with income tax,2026,16222.19,0.0,1738.809,29088
cgt_equalisation,CGT equalisation with income tax,2026,31301.648,0.0,658.7437,29189
cgt_equalisation,CGT equalisation with income tax,2026,88788.21,0.0,2277.0708,29333
cgt_equalisation,CGT equalisation with income tax,2026,25403.371,0.0,1105.9918,29745
cgt_equalisation,CGT equalisation with income tax,2026,111100.47,0.0,228.57877,29749
cgt_equalisation,CGT equalisation with income tax,2026,37867.406,0.0,20652.871,30124
cgt_equalisation,CGT equalisation with income tax,2026,39699.016,0.0,443.20956,30238
cgt_equalisation,CGT equalisation with income tax,2026,70917.836,0.0,18958.299,30391
cgt_equalisation,CGT equalisation with income tax,2026,13175.265,0.0,43631.875,30913
cgt_equalisation,CGT equalisation with income tax,2026,79691.71,0.0,2745.2964,31066
cgt_equalisation,CGT equalisation with income tax,2026,21096.553,0.0,412.38977,31254
cgt_equalisation,CGT equalisation with income tax,2026,19819.855,0.0,7443.135,31538
cgt_equalisation,CGT equalisation with income tax,2026,44158.402,0.0,5529.197,31541
cgt_equalisation,CGT equalisation with income tax,2026,37629.71,0.0,80.04101,31546
cgt_equalisation,CGT equalisation with income tax,2026,128525.55,0.0,12926.315,31691
cgt_equalisation,CGT equalisation with income tax,2026,128061.055,0.0,432.12747,31767
cgt_equalisation,CGT equalisation with income tax,2026,84798.57,0.0,201.36993,31806
cgt_equalisation,CGT equalisation with income tax,2026,40624.656,0.0,26410.275,31886
cgt_equalisation,CGT equalisation with income tax,2026,99939.82,0.0,40528.54,31943
cgt_equalisation,CGT equalisation with income tax,2026,44143.445,0.0,398.22314,32163
cgt_equalisation,CGT equalisation with income tax,2026,69569.23,0.0,3142.5305,32168
cgt_equalisation,CGT equalisation with income tax,2026,44854.03,0.0,1192.481,32172
cgt_equalisation,CGT equalisation with income tax,2026,63352.473,0.0,297.4388,32174
cgt_equalisation,CGT equalisation with income tax,2026,32129.21,0.0,295.7604,32254
cgt_equalisation,CGT equalisation with income tax,2026,57642.457,0.0,12899.222,32331
cgt_equalisation,CGT equalisation with income tax,2026,77488.445,0.0,1272.5336,32475
cgt_equalisation,CGT equalisation with income tax,2026,53937.95,-92.48047,23.487137,33814
cgt_equalisation,CGT equalisation with income tax,2026,43782.57,0.0,37.514545,41944
cgt_equalisation,CGT equalisation with income tax,2026,94106.734,0.0,60.990444,41950
cgt_equalisation,CGT equalisation with income tax,2026,21768.621,-8.207031,14.553328,46185
cgt_equalisation,CGT equalisation with income tax,2026,117142.12,-114.9375,196.69351,49121
cgt_equalisation,CGT equalisation with income tax,2026,47646.34,0.0,526.6629,49812
cgt_equalisation,CGT equalisation with income tax,2026,43909.96,0.0,3280.7253,50537
cgt_equalisation,CGT equalisation with income tax,2026,7187.666,0.0,8262.948,51580
cgt_equalisation,CGT equalisation with income tax,2026,54885.133,-377.78906,106.873764,51640
cgt_equalisation,CGT equalisation with income tax,2026,28243.459,0.0,547.3525,52783
cgt_equalisation,CGT equalisation with income tax,2026,23369.094,0.0,395.80518,54403
cgt_equalisation,CGT equalisation with income tax,2026,61183.273,-355.01172,142.44048,54749
cgt_equalisation,CGT equalisation with income tax,2026,120486.914,0.0,909.8094,54824
cgt_equalisation,CGT equalisation with income tax,2026,71328.336,0.0,200.21541,55334
cgt_equalisation,CGT equalisation with income tax,2026,16651.787,-51.76172,5355.3013,55805
cgt_equalisation,CGT equalisation with income tax,2026,9388.467,0.0,283.3876,56245
cgt_equalisation,CGT equalisation with income tax,2026,88448.34,0.0,14934.876,57181
cgt_equalisation,CGT equalisation with income tax,2026,137310.06,-1330.2344,17.079592,58496
cgt_equalisation,CGT equalisation with income tax,2026,4308.907,0.0,3658.6865,58677
cgt_equalisation,CGT equalisation with income tax,2026,14685.105,0.0,280.27002,58702
cgt_equalisation,CGT equalisation with income tax,2026,26540.52,0.0,267.32553,60626
cgt_equalisation,CGT equalisation with income tax,2026,52951.85,0.0,767.7883,62259
cgt_equalisation,CGT equalisation with income tax,2026,97478.3,0.0,98.431656,62593
cgt_equalisation,CGT equalisation with income tax,2026,72846.04,0.0,2871.5784,62794
cgt_equalisation,CGT equalisation with income tax,2026,105027.75,0.0,125.81081,63791
cgt_equalisation,CGT equalisation with income tax,2026,56016.75,0.0,19175.662,64098
cgt_equalisation,CGT equalisation with income tax,2026,47619.816,0.0,1811.7172,64774
cgt_equalisation,CGT equalisation with income tax,2027,62355.406,0.0,666.2104,183
cgt_equalisation,CGT equalisation with income tax,2027,44885.945,0.0,2183.0605,222
cgt_equalisation,CGT equalisation with income tax,2027,55948.688,0.0,704.9985,257
cgt_equalisation,CGT equalisation with income tax,2027,7701.9873,0.0,5008.4126,321
cgt_equalisation,CGT equalisation with income tax,2027,53402.63,0.0,1938.8254,366
cgt_equalisation,CGT equalisation with income tax,2027,42578.61,0.0,37985.164,385
cgt_equalisation,CGT equalisation with income tax,2027,66118.17,0.0,7759.0903,507
cgt_equalisation,CGT equalisation with income tax,2027,47934.8,0.0,3873.0242,603
cgt_equalisation,CGT equalisation with income tax,2027,36126.69,0.0,1209.1187,621
cgt_equalisation,CGT equalisation with income tax,2027,32837.3,0.0,636.5194,668
cgt_equalisation,CGT equalisation with income tax,2027,17295.77,0.0,717.19794,675
cgt_equalisation,CGT equalisation with income tax,2027,18544.035,0.0,46788.52,769
cgt_equalisation,CGT equalisation with income tax,2027,35500.23,0.0,2225.0942,800
cgt_equalisation,CGT equalisation with income tax,2027,53478.22,0.0,22630.604,848
cgt_equalisation,CGT equalisation with income tax,2027,59274.02,0.0,27296.111,978
cgt_equalisation,CGT equalisation with income tax,2027,104585.85,0.0,24002.271,986
cgt_equalisation,CGT equalisation with income tax,2027,38829.566,0.0,2076.6753,1068
cgt_equalisation,CGT equalisation with income tax,2027,98801.83,0.0,30973.916,1075
cgt_equalisation,CGT equalisation with income tax,2027,53720.38,0.0,41427.543,1116
cgt_equalisation,CGT equalisation with income tax,2027,43912.984,0.0,10959.362,1144
cgt_equalisation,CGT equalisation with income tax,2027,32256.6,0.0,5293.486,1151
cgt_equalisation,CGT equalisation with income tax,2027,49032.277,0.0,33758.188,1179
cgt_equalisation,CGT equalisation with income tax,2027,54329.85,0.0,205468.61,1243
cgt_equalisation,CGT equalisation with income tax,2027,51643.926,0.0,1925.0098,1293
cgt_equalisation,CGT equalisation with income tax,2027,31532.982,0.0,11569.033,1379
cgt_equalisation,CGT equalisation with income tax,2027,17761.332,0.0,1209.585,1441
cgt_equalisation,CGT equalisation with income tax,2027,41509.855,0.0,18277.21,1445
cgt_equalisation,CGT equalisation with income tax,2027,92091.34,0.0,31088.871,1508
cgt_equalisation,CGT equalisation with income tax,2027,62879.992,0.0,5543.3374,1577
cgt_equalisation,CGT equalisation with income tax,2027,36430.758,0.0,1243.682,1664
cgt_equalisation,CGT equalisation with income tax,2027,31266.715,0.0,329.86078,1803
cgt_equalisation,CGT equalisation with income tax,2027,48592.047,0.0,786.39526,1948
cgt_equalisation,CGT equalisation with income tax,2027,43831.664,0.0,9538.31,2040
cgt_equalisation,CGT equalisation with income tax,2027,54310.63,0.0,5078.175,2084
cgt_equalisation,CGT equalisation with income tax,2027,61305.51,0.0,6782.0977,2128
cgt_equalisation,CGT equalisation with income tax,2027,84624.59,0.0,94515.92,2156
cgt_equalisation,CGT equalisation with income tax,2027,94909.35,0.0,48338.605,2176
cgt_equalisation,CGT equalisation with income tax,2027,64553.375,0.0,4624.0103,2199
cgt_equalisation,CGT equalisation with income tax,2027,13797.151,0.0,2646.7551,2307
cgt_equalisation,CGT equalisation with income tax,2027,57499.414,0.0,3875.7214,2315
cgt_equalisation,CGT equalisation with income tax,2027,70758.9,0.0,1473.4453,2339
cgt_equalisation,CGT equalisation with income tax,2027,10946.4,0.0,1665.241,2341
cgt_equalisation,CGT equalisation with income tax,2027,34369.645,0.0,312.5918,2412
cgt_equalisation,CGT equalisation with income tax,2027,11455.677,0.0,45282.484,2465
cgt_equalisation,CGT equalisation with income tax,2027,66969.11,0.0,62477.816,2529
cgt_equalisation,CGT equalisation with income tax,2027,38319.836,0.0,1020.0776,2554
cgt_equalisation,CGT equalisation with income tax,2027,27126.803,0.0,4335.5703,2624
cgt_equalisation,CGT equalisation with income tax,2027,56797.73,0.0,15305.171,2642
cgt_equalisation,CGT equalisation with income tax,2027,47860.914,0.0,3863.616,2670
cgt_equalisation,CGT equalisation with income tax,2027,37978.44,0.0,31398.775,2694
cgt_equalisation,CGT equalisation with income tax,2027,55038.223,0.0,1265.8986,2703
cgt_equalisation,CGT equalisation with income tax,2027,56622.45,0.0,6182.2056,2722
cgt_equalisation,CGT equalisation with income tax,2027,43395.477,0.0,3739.1194,2753
cgt_equalisation,CGT equalisation with income tax,2027,39089.34,0.0,50281.01,2892
cgt_equalisation,CGT equalisation with income tax,2027,23059.082,0.0,79177.25,2913
cgt_equalisation,CGT equalisation with income tax,2027,47396.176,0.0,4419.3027,2932
cgt_equalisation,CGT equalisation with income tax,2027,30534.217,0.0,1137.7793,2960
cgt_equalisation,CGT equalisation with income tax,2027,61640.234,0.0,816.8331,2967
cgt_equalisation,CGT equalisation with income tax,2027,24859.535,0.0,5512.7124,3039
cgt_equalisation,CGT equalisation with income tax,2027,94885.65,0.0,116.03752,3052
cgt_equalisation,CGT equalisation with income tax,2027,74247.195,0.0,12605.038,3079
cgt_equalisation,CGT equalisation with income tax,2027,18522.648,0.0,5231.8345,3094
cgt_equalisation,CGT equalisation with income tax,2027,56700.42,0.0,7794.0356,3107
cgt_equalisation,CGT equalisation with income tax,2027,40962.258,0.0,8012.571,3139
cgt_equalisation,CGT equalisation with income tax,2027,62285.082,0.0,833.57733,3284
cgt_equalisation,CGT equalisation with income tax,2027,55264.11,0.0,26131.23,3341
cgt_equalisation,CGT equalisation with income tax,2027,74308.15,0.0,170.10158,3344
cgt_equalisation,CGT equalisation with income tax,2027,65468.004,0.0,4709.737,3386
cgt_equalisation,CGT equalisation with income tax,2027,27538.027,0.0,885.53394,3399
cgt_equalisation,CGT equalisation with income tax,2027,11946.671,0.0,40174.707,3460
cgt_equalisation,CGT equalisation with income tax,2027,51581.383,0.0,75293.17,3520
cgt_equalisation,CGT equalisation with income tax,2027,65456.18,0.0,12754.263,3562
cgt_equalisation,CGT equalisation with income tax,2027,66434.38,0.0,47553.887,3577
cgt_equalisation,CGT equalisation with income tax,2027,127250.63,0.0,297.82523,3640
cgt_equalisation,CGT equalisation with income tax,2027,74570.66,0.0,143.45564,3643
cgt_equalisation,CGT equalisation with income tax,2027,43251.56,0.0,789.9922,3645
cgt_equalisation,CGT equalisation with income tax,2027,24378.06,0.0,10177.908,3660
cgt_equalisation,CGT equalisation with income tax,2027,45324.812,0.0,54875.746,3664
cgt_equalisation,CGT equalisation with income tax,2027,40915.016,0.0,137977.92,3711
cgt_equalisation,CGT equalisation with income tax,2027,38958.355,0.0,9447.248,3740
cgt_equalisation,CGT equalisation with income tax,2027,58130.598,0.0,22748.432,3747
cgt_equalisation,CGT equalisation with income tax,2027,30794.402,0.0,3371.5605,3751
cgt_equalisation,CGT equalisation with income tax,2027,34713.78,0.0,18676.191,3796
cgt_equalisation,CGT equalisation with income tax,2027,14060.083,0.0,2966.6917,3804
cgt_equalisation,CGT equalisation with income tax,2027,20061.18,0.0,4071.888,3901
cgt_equalisation,CGT equalisation with income tax,2027,70495.586,0.0,4967.885,3996
cgt_equalisation,CGT equalisation with income tax,2027,41486.023,0.0,3397.0403,4061
cgt_equalisation,CGT equalisation with income tax,2027,55042.254,0.0,456.43787,4098
cgt_equalisation,CGT equalisation with income tax,2027,47888.965,0.0,10712.831,4113
cgt_equalisation,CGT equalisation with income tax,2027,33500.2,0.0,10195.858,4115
cgt_equalisation,CGT equalisation with income tax,2027,23081.44,0.0,4003.286,4189
cgt_equalisation,CGT equalisation with income tax,2027,104982.37,0.0,2196.8137,4301
cgt_equalisation,CGT equalisation with income tax,2027,18930.168,0.0,3607.623,4336
cgt_equalisation,CGT equalisation with income tax,2027,76831.39,0.0,1097.2605,4443
cgt_equalisation,CGT equalisation with income tax,2027,80453.62,0.0,1483.4689,4450
cgt_equalisation,CGT equalisation with income tax,2027,48903.17,0.0,4864.4424,4497
cgt_equalisation,CGT equalisation with income tax,2027,20999.957,0.0,1248.8203,4522
cgt_equalisation,CGT equalisation with income tax,2027,18143.674,0.0,24207.088,4560
cgt_equalisation,CGT equalisation with income tax,2027,28152.078,0.0,445.01135,4634
cgt_equalisation,CGT equalisation with income tax,2027,73518.43,0.0,2468.1892,4712
cgt_equalisation,CGT equalisation with income tax,2027,32761.77,0.0,1911.9071,4721
cgt_equalisation,CGT equalisation with income tax,2027,84857.2,0.0,8443.874,4759
cgt_equalisation,CGT equalisation with income tax,2027,132329.23,0.0,13315.446,4864
cgt_equalisation,CGT equalisation with income tax,2027,25370.533,0.0,7380.1865,4934
cgt_equalisation,CGT equalisation with income tax,2027,16186.981,0.0,21374.734,4953
cgt_equalisation,CGT equalisation with income tax,2027,23217.0,0.0,18852.459,4970
cgt_equalisation,CGT equalisation with income tax,2027,26556.37,0.0,109880.73,5003
cgt_equalisation,CGT equalisation with income tax,2027,60735.207,0.0,5000.8486,5031
cgt_equalisation,CGT equalisation with income tax,2027,29424.902,0.0,3597.08,5038
cgt_equalisation,CGT equalisation with income tax,2027,24409.979,0.0,9453.826,5090
cgt_equalisation,CGT equalisation with income tax,2027,39237.938,0.0,1565.3887,5106
cgt_equalisation,CGT equalisation with income tax,2027,86150.35,0.0,1577.7334,5108
cgt_equalisation,CGT equalisation with income tax,2027,32674.613,0.0,33861.402,5420
cgt_equalisation,CGT equalisation with income tax,2027,97045.64,0.0,440.4273,5436
cgt_equalisation,CGT equalisation with income tax,2027,47110.453,0.0,1072.7361,5475
cgt_equalisation,CGT equalisation with income tax,2027,39455.227,0.0,4062.1748,5706
cgt_equalisation,CGT equalisation with income tax,2027,15748.31,0.0,41745.68,5711
cgt_equalisation,CGT equalisation with income tax,2027,51302.77,0.0,4891.484,5716
cgt_equalisation,CGT equalisation with income tax,2027,35335.85,0.0,5599.506,5808
cgt_equalisation,CGT equalisation with income tax,2027,69476.086,0.0,81412.25,5813
cgt_equalisation,CGT equalisation with income tax,2027,49723.17,0.0,9456.082,5814
cgt_equalisation,CGT equalisation with income tax,2027,49465.71,0.0,337.47467,5845
cgt_equalisation,CGT equalisation with income tax,2027,101990.1,0.0,1572.1223,5905
cgt_equalisation,CGT equalisation with income tax,2027,64401.133,0.0,2076.3643,5906
cgt_equalisation,CGT equalisation with income tax,2027,40172.73,0.0,284.26904,5966
cgt_equalisation,CGT equalisation with income tax,2027,65042.46,0.0,37200.734,5971
cgt_equalisation,CGT equalisation with income tax,2027,88803.09,0.0,69709.74,5972
cgt_equalisation,CGT equalisation with income tax,2027,32584.494,0.0,2875.251,6127
cgt_equalisation,CGT equalisation with income tax,2027,52413.24,0.0,13361.848,6157
cgt_equalisation,CGT equalisation with income tax,2027,39035.41,0.0,24142.246,6196
cgt_equalisation,CGT equalisation with income tax,2027,22691.184,0.0,68473.67,6244
cgt_equalisation,CGT equalisation with income tax,2027,55955.977,0.0,46665.312,6249
cgt_equalisation,CGT equalisation with income tax,2027,10133.435,0.0,14393.809,6391
cgt_equalisation,CGT equalisation with income tax,2027,39939.637,0.0,25805.324,6458
cgt_equalisation,CGT equalisation with income tax,2027,36063.918,0.0,3051.3215,6462
cgt_equalisation,CGT equalisation with income tax,2027,44228.86,0.0,333.06854,6479
cgt_equalisation,CGT equalisation with income tax,2027,14780.089,0.0,115129.375,6494
cgt_equalisation,CGT equalisation with income tax,2027,27207.422,0.0,8262.899,6533
cgt_equalisation,CGT equalisation with income tax,2027,62917.18,0.0,7516.4287,6598
cgt_equalisation,CGT equalisation with income tax,2027,39155.45,0.0,1111.8158,6687
cgt_equalisation,CGT equalisation with income tax,2027,21365.367,0.0,1429.9375,6695
cgt_equalisation,CGT equalisation with income tax,2027,29020.594,0.0,79600.484,6732
cgt_equalisation,CGT equalisation with income tax,2027,68512.15,0.0,217.4264,6753
cgt_equalisation,CGT equalisation with income tax,2027,31927.848,0.0,49775.03,6815
cgt_equalisation,CGT equalisation with income tax,2027,18429.32,0.0,19181.47,6864
cgt_equalisation,CGT equalisation with income tax,2027,32275.54,0.0,788.9554,6904
cgt_equalisation,CGT equalisation with income tax,2027,14600.243,0.0,21670.986,6912
cgt_equalisation,CGT equalisation with income tax,2027,21408.393,0.0,139209.23,6965
cgt_equalisation,CGT equalisation with income tax,2027,59868.125,0.0,46663.176,6975
cgt_equalisation,CGT equalisation with income tax,2027,73503.73,0.0,44428.25,6987
cgt_equalisation,CGT equalisation with income tax,2027,47417.676,0.0,1739.8088,7020
cgt_equalisation,CGT equalisation with income tax,2027,51397.93,0.0,3230.0916,7036
cgt_equalisation,CGT equalisation with income tax,2027,41323.64,0.0,438.0956,7080
cgt_equalisation,CGT equalisation with income tax,2027,21339.027,0.0,66821.625,7159
cgt_equalisation,CGT equalisation with income tax,2027,43074.863,0.0,4242.1543,7163
cgt_equalisation,CGT equalisation with income tax,2027,51610.457,0.0,155929.0,7229
cgt_equalisation,CGT equalisation with income tax,2027,30250.938,0.0,3986.5393,7248
cgt_equalisation,CGT equalisation with income tax,2027,9531.893,0.0,25486.426,7428
cgt_equalisation,CGT equalisation with income tax,2027,41051.082,0.0,48570.3,7444
cgt_equalisation,CGT equalisation with income tax,2027,26999.494,0.0,11106.227,7459
cgt_equalisation,CGT equalisation with income tax,2027,99652.17,0.0,18918.742,7504
cgt_equalisation,CGT equalisation with income tax,2027,23560.215,0.0,44040.273,7539
cgt_equalisation,CGT equalisation with income tax,2027,46212.883,0.0,3042.5718,7624
cgt_equalisation,CGT equalisation with income tax,2027,91341.31,0.0,1343.7155,7632
cgt_equalisation,CGT equalisation with income tax,2027,25579.84,0.0,373.1358,7743
cgt_equalisation,CGT equalisation with income tax,2027,27163.414,0.0,748.57404,7763
cgt_equalisation,CGT equalisation with income tax,2027,67237.84,0.0,6579.9775,7908
cgt_equalisation,CGT equalisation with income tax,2027,13152.654,0.0,79942.984,8037
cgt_equalisation,CGT equalisation with income tax,2027,16771.262,0.0,7347.715,8077
cgt_equalisation,CGT equalisation with income tax,2027,23552.05,0.0,1289.9615,8101
cgt_equalisation,CGT equalisation with income tax,2027,35936.125,0.0,76350.32,8228
cgt_equalisation,CGT equalisation with income tax,2027,61880.074,0.0,31012.963,8272
cgt_equalisation,CGT equalisation with income tax,2027,59721.48,0.0,7332.297,8342
cgt_equalisation,CGT equalisation with income tax,2027,38273.465,0.0,4080.5818,8392
cgt_equalisation,CGT equalisation with income tax,2027,63193.285,0.0,5452.672,8468
cgt_equalisation,CGT equalisation with income tax,2027,21006.012,0.0,521.37396,8478
cgt_equalisation,CGT equalisation with income tax,2027,53762.273,0.0,1141.8577,8480
cgt_equalisation,CGT equalisation with income tax,2027,57726.68,0.0,79320.62,8511
cgt_equalisation,CGT equalisation with income tax,2027,36176.418,0.0,265780.88,8566
cgt_equalisation,CGT equalisation with income tax,2027,104120.34,0.0,435.02637,8595
cgt_equalisation,CGT equalisation with income tax,2027,59959.156,0.0,39273.52,8686
cgt_equalisation,CGT equalisation with income tax,2027,40578.156,0.0,17123.164,8762
cgt_equalisation,CGT equalisation with income tax,2027,29496.127,0.0,52742.305,8782
cgt_equalisation,CGT equalisation with income tax,2027,110890.11,0.0,267.54987,8790
cgt_equalisation,CGT equalisation with income tax,2027,48469.777,0.0,5337.1807,8879
cgt_equalisation,CGT equalisation with income tax,2027,47807.438,0.0,514.16077,8945
cgt_equalisation,CGT equalisation with income tax,2027,28297.965,0.0,13668.288,9118
cgt_equalisation,CGT equalisation with income tax,2027,95342.625,0.0,89248.91,9196
cgt_equalisation,CGT equalisation with income tax,2027,6874.145,0.0,7186.3213,9288
cgt_equalisation,CGT equalisation with income tax,2027,92898.7,0.0,26123.205,9313
cgt_equalisation,CGT equalisation with income tax,2027,29681.818,0.0,39669.23,9395
cgt_equalisation,CGT equalisation with income tax,2027,15800.6875,0.0,45074.63,9396
cgt_equalisation,CGT equalisation with income tax,2027,57349.926,0.0,14408.012,9409
cgt_equalisation,CGT equalisation with income tax,2027,21658.602,0.0,8931.064,9418
cgt_equalisation,CGT equalisation with income tax,2027,52650.91,0.0,10305.37,9419
cgt_equalisation,CGT equalisation with income tax,2027,39512.39,0.0,59505.168,9497
cgt_equalisation,CGT equalisation with income tax,2027,89711.48,0.0,119260.086,9588
cgt_equalisation,CGT equalisation with income tax,2027,38104.68,0.0,11450.551,9652
cgt_equalisation,CGT equalisation with income tax,2027,45950.953,0.0,182.95013,9664
cgt_equalisation,CGT equalisation with income tax,2027,31994.94,0.0,91668.19,9734
cgt_equalisation,CGT equalisation with income tax,2027,65494.13,0.0,9776.215,9744
cgt_equalisation,CGT equalisation with income tax,2027,57415.934,0.0,20080.713,9754
cgt_equalisation,CGT equalisation with income tax,2027,19200.533,0.0,442.1111,9779
cgt_equalisation,CGT equalisation with income tax,2027,70254.91,0.0,307.2874,9782
cgt_equalisation,CGT equalisation with income tax,2027,63714.44,0.0,51448.293,9851
cgt_equalisation,CGT equalisation with income tax,2027,27399.55,0.0,94868.28,9876
cgt_equalisation,CGT equalisation with income tax,2027,112222.31,0.0,10011.83,9933
cgt_equalisation,CGT equalisation with income tax,2027,23166.61,0.0,824.2915,9962
cgt_equalisation,CGT equalisation with income tax,2027,28191.682,0.0,43046.844,10072
cgt_equalisation,CGT equalisation with income tax,2027,47960.75,0.0,95905.18,10082
cgt_equalisation,CGT equalisation with income tax,2027,54010.902,0.0,647.68896,10125
cgt_equalisation,CGT equalisation with income tax,2027,18842.23,0.0,697.58405,10153
cgt_equalisation,CGT equalisation with income tax,2027,15020.064,0.0,112598.03,10159
cgt_equalisation,CGT equalisation with income tax,2027,29868.172,0.0,35697.742,10230
cgt_equalisation,CGT equalisation with income tax,2027,37279.125,0.0,10416.942,10231
cgt_equalisation,CGT equalisation with income tax,2027,86454.22,0.0,553.15344,10256
cgt_equalisation,CGT equalisation with income tax,2027,52212.133,0.0,16434.4,10325
cgt_equalisation,CGT equalisation with income tax,2027,28099.61,0.0,512.51373,10386
cgt_equalisation,CGT equalisation with income tax,2027,46752.44,0.0,7998.4536,10491
cgt_equalisation,CGT equalisation with income tax,2027,34581.22,0.0,314.8363,10530
cgt_equalisation,CGT equalisation with income tax,2027,42746.074,0.0,455.6721,10535
cgt_equalisation,CGT equalisation with income tax,2027,59771.004,0.0,2531.7224,10567
cgt_equalisation,CGT equalisation with income tax,2027,82775.445,0.0,78905.13,10582
cgt_equalisation,CGT equalisation with income tax,2027,5430.5537,0.0,5034.101,10629
cgt_equalisation,CGT equalisation with income tax,2027,19884.178,0.0,17550.38,10632
cgt_equalisation,CGT equalisation with income tax,2027,5819.9033,0.0,14438.095,10644
cgt_equalisation,CGT equalisation with income tax,2027,37377.137,0.0,119795.73,10646
cgt_equalisation,CGT equalisation with income tax,2027,18556.064,0.0,17450.742,10675
cgt_equalisation,CGT equalisation with income tax,2027,29552.438,0.0,14734.973,10682
cgt_equalisation,CGT equalisation with income tax,2027,54725.918,0.0,280.62238,10728
cgt_equalisation,CGT equalisation with income tax,2027,30320.113,0.0,3643.284,10772
cgt_equalisation,CGT equalisation with income tax,2027,45809.2,0.0,1880.5022,10821
cgt_equalisation,CGT equalisation with income tax,2027,52941.555,0.0,13914.901,10900
cgt_equalisation,CGT equalisation with income tax,2027,30242.484,0.0,1183.3915,11037
cgt_equalisation,CGT equalisation with income tax,2027,36971.965,0.0,305.43344,11054
cgt_equalisation,CGT equalisation with income tax,2027,66218.305,0.0,836.03564,11137
cgt_equalisation,CGT equalisation with income tax,2027,61577.99,0.0,3963.6902,11199
cgt_equalisation,CGT equalisation with income tax,2027,101228.5,0.0,474.25815,11260
cgt_equalisation,CGT equalisation with income tax,2027,43911.883,0.0,5644.852,11356
cgt_equalisation,CGT equalisation with income tax,2027,69357.59,0.0,115.063324,11384
cgt_equalisation,CGT equalisation with income tax,2027,119286.44,0.0,499.4104,11444
cgt_equalisation,CGT equalisation with income tax,2027,90305.6,0.0,5149.741,11457
cgt_equalisation,CGT equalisation with income tax,2027,56126.96,0.0,228.62155,11560
cgt_equalisation,CGT equalisation with income tax,2027,68346.47,0.0,752.6066,11599
cgt_equalisation,CGT equalisation with income tax,2027,133206.19,0.0,131053.96,11615
cgt_equalisation,CGT equalisation with income tax,2027,52049.164,0.0,37410.57,11757
cgt_equalisation,CGT equalisation with income tax,2027,104837.48,0.0,4538.4556,11834
cgt_equalisation,CGT equalisation with income tax,2027,28073.756,0.0,282.30203,11877
cgt_equalisation,CGT equalisation with income tax,2027,31801.299,0.0,6632.7373,11945
cgt_equalisation,CGT equalisation with income tax,2027,41819.87,0.0,1132.1196,11980
cgt_equalisation,CGT equalisation with income tax,2027,45298.832,0.0,3842.527,11992
cgt_equalisation,CGT equalisation with income tax,2027,53058.457,0.0,27544.123,11995
cgt_equalisation,CGT equalisation with income tax,2027,82538.7,0.0,45837.043,12162
cgt_equalisation,CGT equalisation with income tax,2027,64860.86,0.0,14985.941,12275
cgt_equalisation,CGT equalisation with income tax,2027,122384.2,0.0,12952.7295,12346
cgt_equalisation,CGT equalisation with income tax,2027,33317.82,0.0,16344.906,12352
cgt_equalisation,CGT equalisation with income tax,2027,73106.93,0.0,718.16876,12362
cgt_equalisation,CGT equalisation with income tax,2027,75085.484,0.0,882.5691,12396
cgt_equalisation,CGT equalisation with income tax,2027,22318.225,0.0,25346.012,12404
cgt_equalisation,CGT equalisation with income tax,2027,105779.45,0.0,12123.21,12441
cgt_equalisation,CGT equalisation with income tax,2027,63096.31,0.0,18799.842,12506
cgt_equalisation,CGT equalisation with income tax,2027,39406.395,0.0,9892.11,12512
cgt_equalisation,CGT equalisation with income tax,2027,133100.89,0.0,90709.31,12585
cgt_equalisation,CGT equalisation with income tax,2027,24237.016,0.0,2347.2432,12604
cgt_equalisation,CGT equalisation with income tax,2027,46317.62,0.0,8810.473,12635
cgt_equalisation,CGT equalisation with income tax,2027,37188.383,0.0,523.92993,12716
cgt_equalisation,CGT equalisation with income tax,2027,19260.654,0.0,13574.233,12785
cgt_equalisation,CGT equalisation with income tax,2027,136472.7,0.0,5594.411,12788
cgt_equalisation,CGT equalisation with income tax,2027,55589.348,0.0,5778.48,12821
cgt_equalisation,CGT equalisation with income tax,2027,45907.484,0.0,1016.7525,12972
cgt_equalisation,CGT equalisation with income tax,2027,62239.55,0.0,753.58276,12981
cgt_equalisation,CGT equalisation with income tax,2027,121275.086,0.0,26260.418,12990
cgt_equalisation,CGT equalisation with income tax,2027,39831.203,0.0,15303.058,13041
cgt_equalisation,CGT equalisation with income tax,2027,40180.184,0.0,86477.016,13118
cgt_equalisation,CGT equalisation with income tax,2027,119191.63,0.0,24610.844,13139
cgt_equalisation,CGT equalisation with income tax,2027,25117.955,0.0,403.30377,13150
cgt_equalisation,CGT equalisation with income tax,2027,26731.75,0.0,2832.9507,13154
cgt_equalisation,CGT equalisation with income tax,2027,22760.955,0.0,5319.661,13196
cgt_equalisation,CGT equalisation with income tax,2027,66266.54,0.0,34604.71,13209
cgt_equalisation,CGT equalisation with income tax,2027,107304.05,0.0,2824.7178,13287
cgt_equalisation,CGT equalisation with income tax,2027,113919.4,0.0,532.6058,13303
cgt_equalisation,CGT equalisation with income tax,2027,39949.57,0.0,12910.115,13339
cgt_equalisation,CGT equalisation with income tax,2027,114453.07,0.0,8901.887,13358
cgt_equalisation,CGT equalisation with income tax,2027,27418.416,0.0,2433.781,13417
cgt_equalisation,CGT equalisation with income tax,2027,60679.715,0.0,13458.3,13419
cgt_equalisation,CGT equalisation with income tax,2027,21846.234,0.0,595.3831,13463
cgt_equalisation,CGT equalisation with income tax,2027,42723.29,0.0,22091.975,13533
cgt_equalisation,CGT equalisation with income tax,2027,81057.336,0.0,26768.348,13627
cgt_equalisation,CGT equalisation with income tax,2027,43254.844,0.0,934.75287,13735
cgt_equalisation,CGT equalisation with income tax,2027,6700.5127,0.0,329.20517,13784
cgt_equalisation,CGT equalisation with income tax,2027,13210.473,0.0,40594.03,13786
cgt_equalisation,CGT equalisation with income tax,2027,54580.86,0.0,70342.32,13843
cgt_equalisation,CGT equalisation with income tax,2027,22308.883,0.0,357.21536,13939
cgt_equalisation,CGT equalisation with income tax,2027,109098.375,0.0,649.8193,13985
cgt_equalisation,CGT equalisation with income tax,2027,51885.508,0.0,141176.94,14066
cgt_equalisation,CGT equalisation with income tax,2027,26127.268,0.0,183.42729,14081
cgt_equalisation,CGT equalisation with income tax,2027,59551.457,0.0,3425.7747,14086
cgt_equalisation,CGT equalisation with income tax,2027,39078.438,0.0,2351.02,14123
cgt_equalisation,CGT equalisation with income tax,2027,31059.838,0.0,432.60477,14161
cgt_equalisation,CGT equalisation with income tax,2027,85295.92,0.0,37911.207,14219
cgt_equalisation,CGT equalisation with income tax,2027,71490.234,0.0,33484.645,14225
cgt_equalisation,CGT equalisation with income tax,2027,64410.92,0.0,4527.1104,14298
cgt_equalisation,CGT equalisation with income tax,2027,77571.78,0.0,50621.918,14332
cgt_equalisation,CGT equalisation with income tax,2027,14921.69,0.0,9831.284,14424
cgt_equalisation,CGT equalisation with income tax,2027,41809.703,0.0,1784.5342,14458
cgt_equalisation,CGT equalisation with income tax,2027,59301.395,0.0,7816.096,14474
cgt_equalisation,CGT equalisation with income tax,2027,77658.695,0.0,1331.9078,14483
cgt_equalisation,CGT equalisation with income tax,2027,36652.336,0.0,1740.0541,14558
cgt_equalisation,CGT equalisation with income tax,2027,71138.11,0.0,1564.0219,14580
cgt_equalisation,CGT equalisation with income tax,2027,72508.0,0.0,457.81165,14591
cgt_equalisation,CGT equalisation with income tax,2027,49286.79,0.0,67442.016,14660
cgt_equalisation,CGT equalisation with income tax,2027,66608.086,0.0,2951.5159,14674
cgt_equalisation,CGT equalisation with income tax,2027,3207.8179,0.0,824.4535,14686
cgt_equalisation,CGT equalisation with income tax,2027,66427.78,0.0,3937.4348,14746
cgt_equalisation,CGT equalisation with income tax,2027,22003.592,0.0,330.29034,14757
cgt_equalisation,CGT equalisation with income tax,2027,5822.4595,0.0,21494.176,14791
cgt_equalisation,CGT equalisation with income tax,2027,33639.66,0.0,80793.03,14809
cgt_equalisation,CGT equalisation with income tax,2027,130348.914,0.0,28079.963,14895
cgt_equalisation,CGT equalisation with income tax,2027,47160.188,0.0,5151.634,14910
cgt_equalisation,CGT equalisation with income tax,2027,37045.297,0.0,137.87775,14961
cgt_equalisation,CGT equalisation with income tax,2027,77281.27,0.0,18850.496,14989
cgt_equalisation,CGT equalisation with income tax,2027,31429.86,0.0,16662.758,15036
cgt_equalisation,CGT equalisation with income tax,2027,68909.95,0.0,257.15668,15072
cgt_equalisation,CGT equalisation with income tax,2027,69316.35,0.0,6425.2305,15169
cgt_equalisation,CGT equalisation with income tax,2027,111449.766,0.0,405.99304,15182
cgt_equalisation,CGT equalisation with income tax,2027,34087.004,0.0,593.14874,15216
cgt_equalisation,CGT equalisation with income tax,2027,109888.766,0.0,5149.398,15234
cgt_equalisation,CGT equalisation with income tax,2027,50199.207,0.0,319.08408,15322
cgt_equalisation,CGT equalisation with income tax,2027,103398.91,0.0,1197.2744,15348
cgt_equalisation,CGT equalisation with income tax,2027,88988.13,0.0,11455.284,15394
cgt_equalisation,CGT equalisation with income tax,2027,58257.4,0.0,151733.62,15519
cgt_equalisation,CGT equalisation with income tax,2027,62483.23,0.0,563.01184,15548
cgt_equalisation,CGT equalisation with income tax,2027,50040.16,0.0,19050.54,15599
cgt_equalisation,CGT equalisation with income tax,2027,92782.086,0.0,5730.3027,15611
cgt_equalisation,CGT equalisation with income tax,2027,29830.467,0.0,11536.018,15633
cgt_equalisation,CGT equalisation with income tax,2027,85369.52,0.0,5827.727,15642
cgt_equalisation,CGT equalisation with income tax,2027,74013.43,0.0,32722.213,15668
cgt_equalisation,CGT equalisation with income tax,2027,99037.57,0.0,124574.086,15721
cgt_equalisation,CGT equalisation with income tax,2027,55721.31,0.0,866.14905,15728
cgt_equalisation,CGT equalisation with income tax,2027,48225.008,0.0,23902.625,15740
cgt_equalisation,CGT equalisation with income tax,2027,39473.234,0.0,24806.182,15945
cgt_equalisation,CGT equalisation with income tax,2027,28865.688,0.0,2352.1106,15966
cgt_equalisation,CGT equalisation with income tax,2027,12753.824,0.0,1842.1385,15981
cgt_equalisation,CGT equalisation with income tax,2027,58202.375,0.0,391.35648,16003
cgt_equalisation,CGT equalisation with income tax,2027,26665.273,0.0,657.2916,16058
cgt_equalisation,CGT equalisation with income tax,2027,45352.844,0.0,11946.956,16180
cgt_equalisation,CGT equalisation with income tax,2027,46810.812,0.0,492.70346,16411
cgt_equalisation,CGT equalisation with income tax,2027,53871.562,0.0,216.53123,16439
cgt_equalisation,CGT equalisation with income tax,2027,101413.46,0.0,51551.21,16724
cgt_equalisation,CGT equalisation with income tax,2027,103280.53,0.0,403.95453,16845
cgt_equalisation,CGT equalisation with income tax,2027,3466.5083,0.0,346.63684,17074
cgt_equalisation,CGT equalisation with income tax,2027,35073.777,0.0,546.9165,17104
cgt_equalisation,CGT equalisation with income tax,2027,29139.043,0.0,32033.209,17379
cgt_equalisation,CGT equalisation with income tax,2027,58965.492,0.0,863.4287,17740
cgt_equalisation,CGT equalisation with income tax,2027,58126.406,0.0,592.0777,17800
cgt_equalisation,CGT equalisation with income tax,2027,7090.0312,0.0,288.2368,17876
cgt_equalisation,CGT equalisation with income tax,2027,124224.83,0.0,7443.5015,17918
cgt_equalisation,CGT equalisation with income tax,2027,89034.11,0.0,8018.8086,17925
cgt_equalisation,CGT equalisation with income tax,2027,71957.4,0.0,15261.55,17983
cgt_equalisation,CGT equalisation with income tax,2027,103384.87,0.0,95831.02,18465
cgt_equalisation,CGT equalisation with income tax,2027,18710.918,0.0,943.49677,18670
cgt_equalisation,CGT equalisation with income tax,2027,131832.45,0.0,44239.242,18686
cgt_equalisation,CGT equalisation with income tax,2027,17463.543,0.0,23055.799,18754
cgt_equalisation,CGT equalisation with income tax,2027,32208.637,0.0,933.546,18843
cgt_equalisation,CGT equalisation with income tax,2027,79183.5,0.0,12129.422,19014
cgt_equalisation,CGT equalisation with income tax,2027,11103.355,0.0,584.8777,19199
cgt_equalisation,CGT equalisation with income tax,2027,106478.84,0.0,528.3183,19212
cgt_equalisation,CGT equalisation with income tax,2027,62167.7,0.0,3912.3196,19368
cgt_equalisation,CGT equalisation with income tax,2027,105588.86,0.0,22.818903,19419
cgt_equalisation,CGT equalisation with income tax,2027,38815.5,0.0,1596.1638,19707
cgt_equalisation,CGT equalisation with income tax,2027,75257.234,0.0,942.7197,19725
cgt_equalisation,CGT equalisation with income tax,2027,26607.502,0.0,1614.1676,19809
cgt_equalisation,CGT equalisation with income tax,2027,48117.098,0.0,9236.496,19932
cgt_equalisation,CGT equalisation with income tax,2027,16520.676,0.0,3689.2473,19936
cgt_equalisation,CGT equalisation with income tax,2027,82923.56,0.0,7269.7485,19953
cgt_equalisation,CGT equalisation with income tax,2027,26885.146,0.0,326.66052,20000
cgt_equalisation,CGT equalisation with income tax,2027,32178.535,0.0,29550.184,20039
cgt_equalisation,CGT equalisation with income tax,2027,70387.06,0.0,3347.4087,20057
cgt_equalisation,CGT equalisation with income tax,2027,21445.078,0.0,1571.8193,20120
cgt_equalisation,CGT equalisation with income tax,2027,55734.438,0.0,572.0355,20310
cgt_equalisation,CGT equalisation with income tax,2027,44410.24,0.0,270.29645,20323
cgt_equalisation,CGT equalisation with income tax,2027,100163.16,0.0,6465.5244,20383
cgt_equalisation,CGT equalisation with income tax,2027,30052.637,0.0,231.6637,20426
cgt_equalisation,CGT equalisation with income tax,2027,49257.668,0.0,767.6842,20457
cgt_equalisation,CGT equalisation with income tax,2027,91987.734,0.0,16215.519,20555
cgt_equalisation,CGT equalisation with income tax,2027,22291.336,0.0,2464.6855,20642
cgt_equalisation,CGT equalisation with income tax,2027,66877.12,0.0,192.96184,20692
cgt_equalisation,CGT equalisation with income tax,2027,87262.54,0.0,540.63947,20751
cgt_equalisation,CGT equalisation with income tax,2027,32982.203,0.0,38826.586,21263
cgt_equalisation,CGT equalisation with income tax,2027,18240.787,0.0,460.2925,21304
cgt_equalisation,CGT equalisation with income tax,2027,77497.266,0.0,274.34265,21486
cgt_equalisation,CGT equalisation with income tax,2027,63171.76,0.0,971.3298,21759
cgt_equalisation,CGT equalisation with income tax,2027,70904.77,0.0,306.18643,21763
cgt_equalisation,CGT equalisation with income tax,2027,39739.32,0.0,506.71832,21894
cgt_equalisation,CGT equalisation with income tax,2027,55691.754,0.0,284.81876,21905
cgt_equalisation,CGT equalisation with income tax,2027,105043.38,0.0,5992.2715,21952
cgt_equalisation,CGT equalisation with income tax,2027,89753.125,0.0,1681.7434,22015
cgt_equalisation,CGT equalisation with income tax,2027,119368.13,0.0,4179.4097,22150
cgt_equalisation,CGT equalisation with income tax,2027,52663.63,0.0,310.35602,22171
cgt_equalisation,CGT equalisation with income tax,2027,27841.744,0.0,1786.4557,22179
cgt_equalisation,CGT equalisation with income tax,2027,18066.934,0.0,395.95355,22197
cgt_equalisation,CGT equalisation with income tax,2027,18886.252,0.0,418.83435,22367
cgt_equalisation,CGT equalisation with income tax,2027,20378.967,0.0,627.9101,22485
cgt_equalisation,CGT equalisation with income tax,2027,16722.064,0.0,974.5561,23016
cgt_equalisation,CGT equalisation with income tax,2027,32911.117,0.0,584.3565,23179
cgt_equalisation,CGT equalisation with income tax,2027,54572.145,0.0,434.74512,23654
cgt_equalisation,CGT equalisation with income tax,2027,22747.773,0.0,3183.0833,23867
cgt_equalisation,CGT equalisation with income tax,2027,27225.957,0.0,492.61172,23904
cgt_equalisation,CGT equalisation with income tax,2027,65140.453,0.0,46099.285,23972
cgt_equalisation,CGT equalisation with income tax,2027,44414.797,0.0,495.7868,23992
cgt_equalisation,CGT equalisation with income tax,2027,129727.63,0.0,11242.272,24109
cgt_equalisation,CGT equalisation with income tax,2027,68579.33,0.0,8175.341,24110
cgt_equalisation,CGT equalisation with income tax,2027,55045.348,0.0,400.71393,24112
cgt_equalisation,CGT equalisation with income tax,2027,99132.35,0.0,240.1053,24169
cgt_equalisation,CGT equalisation with income tax,2027,88584.516,0.0,35025.273,24170
cgt_equalisation,CGT equalisation with income tax,2027,55962.695,0.0,9907.018,24189
cgt_equalisation,CGT equalisation with income tax,2027,29785.918,0.0,6151.1895,24240
cgt_equalisation,CGT equalisation with income tax,2027,59111.242,0.0,24078.795,24503
cgt_equalisation,CGT equalisation with income tax,2027,23570.875,0.0,371.10342,24527
cgt_equalisation,CGT equalisation with income tax,2027,63667.984,0.0,720.7373,25073
cgt_equalisation,CGT equalisation with income tax,2027,47864.16,0.0,478.58655,25564
cgt_equalisation,CGT equalisation with income tax,2027,21721.697,0.0,593.75433,25667
cgt_equalisation,CGT equalisation with income tax,2027,79701.04,0.0,2687.9045,25784
cgt_equalisation,CGT equalisation with income tax,2027,70669.72,0.0,186.46214,25858
cgt_equalisation,CGT equalisation with income tax,2027,25755.746,0.0,39330.008,26003
cgt_equalisation,CGT equalisation with income tax,2027,17227.496,0.0,584.73895,26044
cgt_equalisation,CGT equalisation with income tax,2027,6476.303,0.0,12942.578,26272
cgt_equalisation,CGT equalisation with income tax,2027,28532.12,0.0,5063.178,26346
cgt_equalisation,CGT equalisation with income tax,2027,51781.88,0.0,311.08246,26408
cgt_equalisation,CGT equalisation with income tax,2027,502.3326,0.0,58763.668,26448
cgt_equalisation,CGT equalisation with income tax,2027,23318.07,0.0,657.5681,26726
cgt_equalisation,CGT equalisation with income tax,2027,63460.496,0.0,2161.381,26811
cgt_equalisation,CGT equalisation with income tax,2027,50655.637,0.0,30856.766,26832
cgt_equalisation,CGT equalisation with income tax,2027,24099.707,0.0,2820.2502,27077
cgt_equalisation,CGT equalisation with income tax,2027,41039.32,0.0,371.59784,27093
cgt_equalisation,CGT equalisation with income tax,2027,49830.344,0.0,2109.2769,27113
cgt_equalisation,CGT equalisation with income tax,2027,116780.414,0.0,1844.2164,27254
cgt_equalisation,CGT equalisation with income tax,2027,30145.521,0.0,19583.629,27293
cgt_equalisation,CGT equalisation with income tax,2027,53063.586,0.0,30456.924,27736
cgt_equalisation,CGT equalisation with income tax,2027,29249.059,0.0,532.08765,27751
cgt_equalisation,CGT equalisation with income tax,2027,56849.9,0.0,124842.32,27767
cgt_equalisation,CGT equalisation with income tax,2027,50800.4,0.0,11511.757,27991
cgt_equalisation,CGT equalisation with income tax,2027,20969.564,0.0,485.14847,28026
cgt_equalisation,CGT equalisation with income tax,2027,116805.3,0.0,24936.33,28725
cgt_equalisation,CGT equalisation with income tax,2027,54684.977,0.0,275.5624,28792
cgt_equalisation,CGT equalisation with income tax,2027,72100.33,0.0,755.1097,28899
cgt_equalisation,CGT equalisation with income tax,2027,45479.734,0.0,1586.4125,28941
cgt_equalisation,CGT equalisation with income tax,2027,16557.963,0.0,1745.2426,29088
cgt_equalisation,CGT equalisation with income tax,2027,32238.209,0.0,661.1811,29189
cgt_equalisation,CGT equalisation with income tax,2027,90240.66,0.0,2285.496,29333
cgt_equalisation,CGT equalisation with income tax,2027,25922.23,0.0,1110.084,29745
cgt_equalisation,CGT equalisation with income tax,2027,113210.81,0.0,229.42451,29749
cgt_equalisation,CGT equalisation with income tax,2027,38258.94,0.0,20729.287,30124
cgt_equalisation,CGT equalisation with income tax,2027,40408.39,0.0,444.84946,30238
cgt_equalisation,CGT equalisation with income tax,2027,72100.44,0.0,19028.445,30391
cgt_equalisation,CGT equalisation with income tax,2027,13365.604,0.0,43793.312,30913
cgt_equalisation,CGT equalisation with income tax,2027,81169.24,0.0,2755.454,31066
cgt_equalisation,CGT equalisation with income tax,2027,21505.842,0.0,413.91562,31254
cgt_equalisation,CGT equalisation with income tax,2027,20170.291,0.0,7470.6743,31538
cgt_equalisation,CGT equalisation with income tax,2027,45084.805,0.0,5549.655,31541
cgt_equalisation,CGT equalisation with income tax,2027,38362.062,0.0,80.33716,31546
cgt_equalisation,CGT equalisation with income tax,2027,130973.44,0.0,12974.143,31691
cgt_equalisation,CGT equalisation with income tax,2027,130132.21,0.0,433.72635,31767
cgt_equalisation,CGT equalisation with income tax,2027,86823.164,0.0,202.115,31806
cgt_equalisation,CGT equalisation with income tax,2027,41362.438,0.0,26507.994,31886
cgt_equalisation,CGT equalisation with income tax,2027,102077.6,0.0,40678.496,31943
cgt_equalisation,CGT equalisation with income tax,2027,44870.375,0.0,399.69656,32163
cgt_equalisation,CGT equalisation with income tax,2027,71018.234,0.0,3154.158,32168
cgt_equalisation,CGT equalisation with income tax,2027,47512.965,0.0,1196.8932,32172
cgt_equalisation,CGT equalisation with income tax,2027,64785.504,0.0,298.53934,32174
cgt_equalisation,CGT equalisation with income tax,2027,32604.488,0.0,296.85474,32254
cgt_equalisation,CGT equalisation with income tax,2027,58942.258,0.0,12946.949,32331
cgt_equalisation,CGT equalisation with income tax,2027,78927.2,0.0,1277.242,32475
cgt_equalisation,CGT equalisation with income tax,2027,54998.438,-97.40625,23.57404,33814
cgt_equalisation,CGT equalisation with income tax,2027,46127.918,0.0,37.65335,41944
cgt_equalisation,CGT equalisation with income tax,2027,95715.61,0.0,61.21611,41950
cgt_equalisation,CGT equalisation with income tax,2027,22030.771,-11.908203,14.607175,46185
cgt_equalisation,CGT equalisation with income tax,2027,119479.46,-120.578125,197.42128,49121
cgt_equalisation,CGT equalisation with income tax,2027,48356.17,0.0,528.6116,49812
cgt_equalisation,CGT equalisation with income tax,2027,44456.414,0.0,3292.864,50537
cgt_equalisation,CGT equalisation with income tax,2027,7248.1504,0.0,8293.521,51580
cgt_equalisation,CGT equalisation with income tax,2027,56009.91,-391.9297,107.269196,51640
cgt_equalisation,CGT equalisation with income tax,2027,28398.186,0.0,549.3777,52783
cgt_equalisation,CGT equalisation with income tax,2027,23574.34,0.0,397.26965,54403
cgt_equalisation,CGT equalisation with income tax,2027,62094.586,-368.41406,142.96751,54749
cgt_equalisation,CGT equalisation with income tax,2027,123839.87,0.0,913.1757,54824
cgt_equalisation,CGT equalisation with income tax,2027,72839.29,0.0,200.9562,55334
cgt_equalisation,CGT equalisation with income tax,2027,17005.986,-60.654297,5375.116,55805
cgt_equalisation,CGT equalisation with income tax,2027,8966.333,0.0,284.43616,56245
cgt_equalisation,CGT equalisation with income tax,2027,90350.57,0.0,14990.136,57181
cgt_equalisation,CGT equalisation with income tax,2027,139465.25,-1375.1406,17.142786,58496
cgt_equalisation,CGT equalisation with income tax,2027,4325.952,0.0,3672.2236,58677
cgt_equalisation,CGT equalisation with income tax,2027,14760.577,0.0,281.30704,58702
cgt_equalisation,CGT equalisation with income tax,2027,26889.775,0.0,268.31464,60626
cgt_equalisation,CGT equalisation with income tax,2027,53849.395,0.0,770.62915,62259
cgt_equalisation,CGT equalisation with income tax,2027,98973.47,0.0,98.79585,62593
cgt_equalisation,CGT equalisation with income tax,2027,74430.89,0.0,2882.2034,62794
cgt_equalisation,CGT equalisation with income tax,2027,106875.72,0.0,126.276306,63791
cgt_equalisation,CGT equalisation with income tax,2027,57113.95,0.0,19246.613,64098
cgt_equalisation,CGT equalisation with income tax,2027,48539.824,0.0,1818.4205,64774
cgt_equalisation,CGT equalisation with income tax,2028,63260.93,0.0,668.8752,183
cgt_equalisation,CGT equalisation with income tax,2028,45685.918,0.0,2191.7927,222
cgt_equalisation,CGT equalisation with income tax,2028,56878.95,0.0,707.8184,257
cgt_equalisation,CGT equalisation with income tax,2028,7737.386,0.0,5028.446,321
cgt_equalisation,CGT equalisation with income tax,2028,54167.57,0.0,1946.5807,366
cgt_equalisation,CGT equalisation with income tax,2028,43449.83,0.0,38137.1,385
cgt_equalisation,CGT equalisation with income tax,2028,67193.01,0.0,7790.1265,507
cgt_equalisation,CGT equalisation with income tax,2028,48706.887,0.0,3888.516,603
cgt_equalisation,CGT equalisation with income tax,2028,36737.53,0.0,1213.9551,621
cgt_equalisation,CGT equalisation with income tax,2028,33372.348,0.0,639.0654,668
cgt_equalisation,CGT equalisation with income tax,2028,17472.115,0.0,720.0667,675
cgt_equalisation,CGT equalisation with income tax,2028,18922.004,0.0,46975.67,769
cgt_equalisation,CGT equalisation with income tax,2028,36122.523,0.0,2233.9944,800
cgt_equalisation,CGT equalisation with income tax,2028,54151.133,0.0,22721.125,848
cgt_equalisation,CGT equalisation with income tax,2028,60240.887,0.0,27405.295,978
cgt_equalisation,CGT equalisation with income tax,2028,106380.47,0.0,24098.28,986
cgt_equalisation,CGT equalisation with income tax,2028,39663.69,0.0,2084.982,1068
cgt_equalisation,CGT equalisation with income tax,2028,96931.5,0.0,31097.81,1075
cgt_equalisation,CGT equalisation with income tax,2028,54755.875,0.0,41593.25,1116
cgt_equalisation,CGT equalisation with income tax,2028,44663.695,0.0,11003.199,1144
cgt_equalisation,CGT equalisation with income tax,2028,32878.918,0.0,5314.6597,1151
cgt_equalisation,CGT equalisation with income tax,2028,49849.3,0.0,33893.22,1179
cgt_equalisation,CGT equalisation with income tax,2028,55207.57,0.0,206290.47,1243
cgt_equalisation,CGT equalisation with income tax,2028,52541.46,0.0,1932.7097,1293
cgt_equalisation,CGT equalisation with income tax,2028,31912.693,0.0,11615.309,1379
cgt_equalisation,CGT equalisation with income tax,2028,18000.48,0.0,1214.4232,1441
cgt_equalisation,CGT equalisation with income tax,2028,42159.105,0.0,18350.318,1445
cgt_equalisation,CGT equalisation with income tax,2028,93904.164,0.0,31213.225,1508
cgt_equalisation,CGT equalisation with income tax,2028,63935.656,0.0,5565.5103,1577
cgt_equalisation,CGT equalisation with income tax,2028,37247.05,0.0,1248.6566,1664
cgt_equalisation,CGT equalisation with income tax,2028,31717.363,0.0,331.1802,1803
cgt_equalisation,CGT equalisation with income tax,2028,49546.21,0.0,789.54083,1948
cgt_equalisation,CGT equalisation with income tax,2028,44409.594,0.0,9576.462,2040
cgt_equalisation,CGT equalisation with income tax,2028,55503.156,0.0,5098.4873,2084
cgt_equalisation,CGT equalisation with income tax,2028,62432.266,0.0,6809.2256,2128
cgt_equalisation,CGT equalisation with income tax,2028,86103.305,0.0,94893.984,2156
cgt_equalisation,CGT equalisation with income tax,2028,96310.375,0.0,48531.957,2176
cgt_equalisation,CGT equalisation with income tax,2028,65914.805,0.0,4642.506,2199
cgt_equalisation,CGT equalisation with income tax,2028,14022.787,0.0,2657.342,2307
cgt_equalisation,CGT equalisation with income tax,2028,58655.816,0.0,3891.224,2315
cgt_equalisation,CGT equalisation with income tax,2028,71627.7,0.0,1479.339,2339
cgt_equalisation,CGT equalisation with income tax,2028,11129.755,0.0,1671.9019,2341
cgt_equalisation,CGT equalisation with income tax,2028,34835.016,0.0,313.84216,2412
cgt_equalisation,CGT equalisation with income tax,2028,11604.845,0.0,45463.613,2465
cgt_equalisation,CGT equalisation with income tax,2028,68114.266,0.0,62727.723,2529
cgt_equalisation,CGT equalisation with income tax,2028,39319.23,0.0,1024.1578,2554
cgt_equalisation,CGT equalisation with income tax,2028,27365.691,0.0,4352.9126,2624
cgt_equalisation,CGT equalisation with income tax,2028,57544.3,0.0,15366.391,2642
cgt_equalisation,CGT equalisation with income tax,2028,48618.68,0.0,3879.0703,2670
cgt_equalisation,CGT equalisation with income tax,2028,38379.93,0.0,31524.37,2694
cgt_equalisation,CGT equalisation with income tax,2028,55726.742,0.0,1270.962,2703
cgt_equalisation,CGT equalisation with income tax,2028,57533.605,0.0,6206.934,2722
cgt_equalisation,CGT equalisation with income tax,2028,44049.28,0.0,3754.0757,2753
cgt_equalisation,CGT equalisation with income tax,2028,39882.71,0.0,50482.133,2892
cgt_equalisation,CGT equalisation with income tax,2028,23468.625,0.0,79493.95,2913
cgt_equalisation,CGT equalisation with income tax,2028,48481.195,0.0,4436.9795,2932
cgt_equalisation,CGT equalisation with income tax,2028,31038.256,0.0,1142.3303,2960
cgt_equalisation,CGT equalisation with income tax,2028,62738.023,0.0,820.1004,2967
cgt_equalisation,CGT equalisation with income tax,2028,25099.615,0.0,5534.763,3039
cgt_equalisation,CGT equalisation with income tax,2028,96324.21,0.0,116.50166,3052
cgt_equalisation,CGT equalisation with income tax,2028,75534.77,0.0,12655.458,3079
cgt_equalisation,CGT equalisation with income tax,2028,18759.951,0.0,5252.7617,3094
cgt_equalisation,CGT equalisation with income tax,2028,57598.418,0.0,7825.2114,3107
cgt_equalisation,CGT equalisation with income tax,2028,41759.227,0.0,8044.6206,3139
cgt_equalisation,CGT equalisation with income tax,2028,63441.742,0.0,836.9116,3284
cgt_equalisation,CGT equalisation with income tax,2028,56179.32,0.0,26235.754,3341
cgt_equalisation,CGT equalisation with income tax,2028,75418.664,0.0,170.78198,3344
cgt_equalisation,CGT equalisation with income tax,2028,66749.88,0.0,4728.5757,3386
cgt_equalisation,CGT equalisation with income tax,2028,27983.387,0.0,889.07605,3399
cgt_equalisation,CGT equalisation with income tax,2028,11936.838,0.0,40335.402,3460
cgt_equalisation,CGT equalisation with income tax,2028,52590.883,0.0,75594.34,3520
cgt_equalisation,CGT equalisation with income tax,2028,66402.43,0.0,12805.279,3562
cgt_equalisation,CGT equalisation with income tax,2028,67592.516,0.0,47744.1,3577
cgt_equalisation,CGT equalisation with income tax,2028,129228.67,0.0,299.0165,3640
cgt_equalisation,CGT equalisation with income tax,2028,75779.51,0.0,144.02946,3643
cgt_equalisation,CGT equalisation with income tax,2028,43942.07,0.0,793.1521,3645
cgt_equalisation,CGT equalisation with income tax,2028,24764.49,0.0,10218.619,3660
cgt_equalisation,CGT equalisation with income tax,2028,46077.0,0.0,55095.246,3664
cgt_equalisation,CGT equalisation with income tax,2028,41613.855,0.0,138529.83,3711
cgt_equalisation,CGT equalisation with income tax,2028,39571.19,0.0,9485.036,3740
cgt_equalisation,CGT equalisation with income tax,2028,58958.945,0.0,22839.424,3747
cgt_equalisation,CGT equalisation with income tax,2028,31488.637,0.0,3385.0466,3751
cgt_equalisation,CGT equalisation with income tax,2028,34642.945,0.0,18750.895,3796
cgt_equalisation,CGT equalisation with income tax,2028,14224.791,0.0,2978.5583,3804
cgt_equalisation,CGT equalisation with income tax,2028,20314.426,0.0,4088.1753,3901
cgt_equalisation,CGT equalisation with income tax,2028,71418.0,0.0,4987.756,3996
cgt_equalisation,CGT equalisation with income tax,2028,41580.98,0.0,3410.6282,4061
cgt_equalisation,CGT equalisation with income tax,2028,56025.062,0.0,458.26358,4098
cgt_equalisation,CGT equalisation with income tax,2028,48680.74,0.0,10755.682,4113
cgt_equalisation,CGT equalisation with income tax,2028,33709.547,0.0,10236.642,4115
cgt_equalisation,CGT equalisation with income tax,2028,23537.113,0.0,4019.2988,4189
cgt_equalisation,CGT equalisation with income tax,2028,106766.58,0.0,2205.6008,4301
cgt_equalisation,CGT equalisation with income tax,2028,19063.695,0.0,3622.0535,4336
cgt_equalisation,CGT equalisation with income tax,2028,77821.83,0.0,1101.6495,4443
cgt_equalisation,CGT equalisation with income tax,2028,81714.79,0.0,1489.4027,4450
cgt_equalisation,CGT equalisation with income tax,2028,49538.58,0.0,4883.9,4497
cgt_equalisation,CGT equalisation with income tax,2028,21339.3,0.0,1253.8156,4522
cgt_equalisation,CGT equalisation with income tax,2028,18569.414,0.0,24303.914,4560
cgt_equalisation,CGT equalisation with income tax,2028,28425.217,0.0,446.79138,4634
cgt_equalisation,CGT equalisation with income tax,2028,74974.8,0.0,2478.0618,4712
cgt_equalisation,CGT equalisation with income tax,2028,33265.957,0.0,1919.5547,4721
cgt_equalisation,CGT equalisation with income tax,2028,86823.58,0.0,8477.649,4759
cgt_equalisation,CGT equalisation with income tax,2028,134614.84,0.0,13368.707,4864
cgt_equalisation,CGT equalisation with income tax,2028,25817.033,0.0,7409.707,4934
cgt_equalisation,CGT equalisation with income tax,2028,16517.098,0.0,21460.232,4953
cgt_equalisation,CGT equalisation with income tax,2028,23694.854,0.0,18927.867,4970
cgt_equalisation,CGT equalisation with income tax,2028,27268.537,0.0,110320.24,5003
cgt_equalisation,CGT equalisation with income tax,2028,61819.453,0.0,5020.8516,5031
cgt_equalisation,CGT equalisation with income tax,2028,29982.738,0.0,3611.4683,5038
cgt_equalisation,CGT equalisation with income tax,2028,24769.63,0.0,9491.641,5090
cgt_equalisation,CGT equalisation with income tax,2028,42272.58,0.0,1571.6501,5106
cgt_equalisation,CGT equalisation with income tax,2028,87431.55,0.0,1584.0443,5108
cgt_equalisation,CGT equalisation with income tax,2028,33272.535,0.0,33996.848,5420
cgt_equalisation,CGT equalisation with income tax,2028,98636.445,0.0,442.189,5436
cgt_equalisation,CGT equalisation with income tax,2028,47823.36,0.0,1077.027,5475
cgt_equalisation,CGT equalisation with income tax,2028,40142.0,0.0,4078.4233,5706
cgt_equalisation,CGT equalisation with income tax,2028,16060.477,0.0,41912.66,5711
cgt_equalisation,CGT equalisation with income tax,2028,51564.26,0.0,4911.05,5716
cgt_equalisation,CGT equalisation with income tax,2028,36174.895,0.0,5621.904,5808
cgt_equalisation,CGT equalisation with income tax,2028,70445.35,0.0,81737.9,5813
cgt_equalisation,CGT equalisation with income tax,2028,50548.402,0.0,9493.906,5814
cgt_equalisation,CGT equalisation with income tax,2028,50525.188,0.0,338.82455,5845
cgt_equalisation,CGT equalisation with income tax,2028,103598.37,0.0,1578.4108,5905
cgt_equalisation,CGT equalisation with income tax,2028,65012.617,0.0,2084.6697,5906
cgt_equalisation,CGT equalisation with income tax,2028,40851.406,0.0,285.4061,5966
cgt_equalisation,CGT equalisation with income tax,2028,66431.13,0.0,37349.535,5971
cgt_equalisation,CGT equalisation with income tax,2028,90376.99,0.0,69988.58,5972
cgt_equalisation,CGT equalisation with income tax,2028,33225.21,0.0,2886.752,6127
cgt_equalisation,CGT equalisation with income tax,2028,53187.746,0.0,13415.294,6157
cgt_equalisation,CGT equalisation with income tax,2028,39863.867,0.0,24238.814,6196
cgt_equalisation,CGT equalisation with income tax,2028,23096.49,0.0,68747.56,6244
cgt_equalisation,CGT equalisation with income tax,2028,56663.496,0.0,46851.973,6249
cgt_equalisation,CGT equalisation with income tax,2028,10314.967,0.0,14451.383,6391
cgt_equalisation,CGT equalisation with income tax,2028,40563.09,0.0,25908.545,6458
cgt_equalisation,CGT equalisation with income tax,2028,36705.504,0.0,3063.5266,6462
cgt_equalisation,CGT equalisation with income tax,2028,44927.113,0.0,334.4008,6479
cgt_equalisation,CGT equalisation with income tax,2028,15135.451,0.0,115589.88,6494
cgt_equalisation,CGT equalisation with income tax,2028,27458.021,0.0,8295.95,6533
cgt_equalisation,CGT equalisation with income tax,2028,63948.305,0.0,7546.494,6598
cgt_equalisation,CGT equalisation with income tax,2028,39893.586,0.0,1116.2631,6687
cgt_equalisation,CGT equalisation with income tax,2028,21640.338,0.0,1435.6572,6695
cgt_equalisation,CGT equalisation with income tax,2028,29563.855,0.0,79918.88,6732
cgt_equalisation,CGT equalisation with income tax,2028,69810.36,0.0,218.2961,6753
cgt_equalisation,CGT equalisation with income tax,2028,32468.387,0.0,49974.13,6815
cgt_equalisation,CGT equalisation with income tax,2028,18749.475,0.0,19258.195,6864
cgt_equalisation,CGT equalisation with income tax,2028,32918.625,0.0,792.11115,6904
cgt_equalisation,CGT equalisation with income tax,2028,14740.609,0.0,21757.67,6912
cgt_equalisation,CGT equalisation with income tax,2028,21738.717,0.0,139766.06,6965
cgt_equalisation,CGT equalisation with income tax,2028,60823.11,0.0,46849.824,6975
cgt_equalisation,CGT equalisation with income tax,2028,74737.33,0.0,44605.96,6987
cgt_equalisation,CGT equalisation with income tax,2028,49287.367,0.0,1746.768,7020
cgt_equalisation,CGT equalisation with income tax,2028,52203.43,0.0,3243.0117,7036
cgt_equalisation,CGT equalisation with income tax,2028,42299.11,0.0,439.84796,7080
cgt_equalisation,CGT equalisation with income tax,2028,21899.363,0.0,67088.91,7159
cgt_equalisation,CGT equalisation with income tax,2028,43810.887,0.0,4259.1226,7163
cgt_equalisation,CGT equalisation with income tax,2028,52408.438,0.0,156552.7,7229
cgt_equalisation,CGT equalisation with income tax,2028,30226.436,0.0,4002.4854,7248
cgt_equalisation,CGT equalisation with income tax,2028,9640.725,0.0,25588.371,7428
cgt_equalisation,CGT equalisation with income tax,2028,41617.637,0.0,48764.58,7444
cgt_equalisation,CGT equalisation with income tax,2028,24830.62,0.0,11150.651,7459
cgt_equalisation,CGT equalisation with income tax,2028,101069.125,0.0,18994.416,7504
cgt_equalisation,CGT equalisation with income tax,2028,23931.012,0.0,44216.434,7539
cgt_equalisation,CGT equalisation with income tax,2028,46674.875,0.0,3054.742,7624
cgt_equalisation,CGT equalisation with income tax,2028,92470.98,0.0,1349.0902,7632
cgt_equalisation,CGT equalisation with income tax,2028,25996.96,0.0,374.62833,7743
cgt_equalisation,CGT equalisation with income tax,2028,27541.97,0.0,751.5683,7763
cgt_equalisation,CGT equalisation with income tax,2028,68847.875,0.0,6606.297,7908
cgt_equalisation,CGT equalisation with income tax,2028,13307.852,0.0,80262.75,8037
cgt_equalisation,CGT equalisation with income tax,2028,17063.713,0.0,7377.1055,8077
cgt_equalisation,CGT equalisation with income tax,2028,23977.379,0.0,1295.1213,8101
cgt_equalisation,CGT equalisation with income tax,2028,36725.613,0.0,76655.72,8228
cgt_equalisation,CGT equalisation with income tax,2028,63203.03,0.0,31137.014,8272
cgt_equalisation,CGT equalisation with income tax,2028,60969.902,0.0,7361.6255,8342
cgt_equalisation,CGT equalisation with income tax,2028,38944.53,0.0,4096.904,8392
cgt_equalisation,CGT equalisation with income tax,2028,64337.582,0.0,5474.4824,8468
cgt_equalisation,CGT equalisation with income tax,2028,21278.402,0.0,523.4594,8478
cgt_equalisation,CGT equalisation with income tax,2028,54747.805,0.0,1146.425,8480
cgt_equalisation,CGT equalisation with income tax,2028,58486.926,0.0,79637.9,8511
cgt_equalisation,CGT equalisation with income tax,2028,36531.734,0.0,266844.0,8566
cgt_equalisation,CGT equalisation with income tax,2028,106502.0,0.0,436.76645,8595
cgt_equalisation,CGT equalisation with income tax,2028,60742.902,0.0,39430.613,8686
cgt_equalisation,CGT equalisation with income tax,2028,43574.016,0.0,17191.656,8762
cgt_equalisation,CGT equalisation with income tax,2028,30166.967,0.0,52953.27,8782
cgt_equalisation,CGT equalisation with income tax,2028,112059.35,0.0,268.62006,8790
cgt_equalisation,CGT equalisation with income tax,2028,49252.324,0.0,5358.5293,8879
cgt_equalisation,CGT equalisation with income tax,2028,48521.785,0.0,516.2174,8945
cgt_equalisation,CGT equalisation with income tax,2028,28806.848,0.0,13722.961,9118
cgt_equalisation,CGT equalisation with income tax,2028,96844.83,0.0,89605.9,9196
cgt_equalisation,CGT equalisation with income tax,2028,6916.9873,0.0,7215.0664,9288
cgt_equalisation,CGT equalisation with income tax,2028,95086.53,0.0,26227.697,9313
cgt_equalisation,CGT equalisation with income tax,2028,30201.75,0.0,39827.906,9395
cgt_equalisation,CGT equalisation with income tax,2028,16136.046,0.0,45254.926,9396
cgt_equalisation,CGT equalisation with income tax,2028,58797.938,0.0,14465.643,9409
cgt_equalisation,CGT equalisation with income tax,2028,22095.736,0.0,8966.788,9418
cgt_equalisation,CGT equalisation with income tax,2028,53695.246,0.0,10346.591,9419
cgt_equalisation,CGT equalisation with income tax,2028,40566.594,0.0,59743.188,9497
cgt_equalisation,CGT equalisation with income tax,2028,91925.41,0.0,119737.12,9588
cgt_equalisation,CGT equalisation with income tax,2028,38471.484,0.0,11496.353,9652
cgt_equalisation,CGT equalisation with income tax,2028,46644.03,0.0,183.68193,9664
cgt_equalisation,CGT equalisation with income tax,2028,32554.068,0.0,92034.86,9734
cgt_equalisation,CGT equalisation with income tax,2028,66069.4,0.0,9815.319,9744
cgt_equalisation,CGT equalisation with income tax,2028,58464.656,0.0,20161.035,9754
cgt_equalisation,CGT equalisation with income tax,2028,19432.85,0.0,443.87955,9779
cgt_equalisation,CGT equalisation with income tax,2028,71200.75,0.0,308.51654,9782
cgt_equalisation,CGT equalisation with income tax,2028,64779.004,0.0,51654.082,9851
cgt_equalisation,CGT equalisation with income tax,2028,27906.553,0.0,95247.75,9876
cgt_equalisation,CGT equalisation with income tax,2028,114612.36,0.0,10051.877,9933
cgt_equalisation,CGT equalisation with income tax,2028,23507.582,0.0,827.5886,9962
cgt_equalisation,CGT equalisation with income tax,2028,28529.758,0.0,43219.027,10072
cgt_equalisation,CGT equalisation with income tax,2028,49148.523,0.0,96288.8,10082
cgt_equalisation,CGT equalisation with income tax,2028,54989.438,0.0,650.27966,10125
cgt_equalisation,CGT equalisation with income tax,2028,19198.057,0.0,700.3743,10153
cgt_equalisation,CGT equalisation with income tax,2028,15351.054,0.0,113048.414,10159
cgt_equalisation,CGT equalisation with income tax,2028,29718.328,0.0,35840.53,10230
cgt_equalisation,CGT equalisation with income tax,2028,37405.35,0.0,10458.609,10231
cgt_equalisation,CGT equalisation with income tax,2028,87859.03,0.0,555.366,10256
cgt_equalisation,CGT equalisation with income tax,2028,53181.85,0.0,16500.137,10325
cgt_equalisation,CGT equalisation with income tax,2028,28654.951,0.0,514.5638,10386
cgt_equalisation,CGT equalisation with income tax,2028,47599.09,0.0,8030.447,10491
cgt_equalisation,CGT equalisation with income tax,2028,35154.32,0.0,316.09564,10530
cgt_equalisation,CGT equalisation with income tax,2028,43621.54,0.0,457.49475,10535
cgt_equalisation,CGT equalisation with income tax,2028,60778.85,0.0,2541.849,10567
cgt_equalisation,CGT equalisation with income tax,2028,84196.69,0.0,79220.75,10582
cgt_equalisation,CGT equalisation with income tax,2028,5479.1567,0.0,5054.2373,10629
cgt_equalisation,CGT equalisation with income tax,2028,20097.105,0.0,17620.582,10632
cgt_equalisation,CGT equalisation with income tax,2028,5808.278,0.0,14495.847,10644
cgt_equalisation,CGT equalisation with income tax,2028,38361.41,0.0,120274.91,10646
cgt_equalisation,CGT equalisation with income tax,2028,18667.043,0.0,17520.545,10675
cgt_equalisation,CGT equalisation with income tax,2028,30025.03,0.0,14793.912,10682
cgt_equalisation,CGT equalisation with income tax,2028,55706.633,0.0,281.74484,10728
cgt_equalisation,CGT equalisation with income tax,2028,30684.918,0.0,3657.857,10772
cgt_equalisation,CGT equalisation with income tax,2028,46515.67,0.0,1888.0242,10821
cgt_equalisation,CGT equalisation with income tax,2028,53936.297,0.0,13970.561,10900
cgt_equalisation,CGT equalisation with income tax,2028,30713.043,0.0,1188.125,11037
cgt_equalisation,CGT equalisation with income tax,2028,37574.08,0.0,306.65515,11054
cgt_equalisation,CGT equalisation with income tax,2028,67743.29,0.0,839.37976,11137
cgt_equalisation,CGT equalisation with income tax,2028,62442.17,0.0,3979.5447,11199
cgt_equalisation,CGT equalisation with income tax,2028,102467.99,0.0,476.15515,11260
cgt_equalisation,CGT equalisation with income tax,2028,45138.617,0.0,5667.431,11356
cgt_equalisation,CGT equalisation with income tax,2028,70437.086,0.0,115.523575,11384
cgt_equalisation,CGT equalisation with income tax,2028,120796.21,0.0,501.40802,11444
cgt_equalisation,CGT equalisation with income tax,2028,91874.27,0.0,5170.34,11457
cgt_equalisation,CGT equalisation with income tax,2028,57049.42,0.0,229.53603,11560
cgt_equalisation,CGT equalisation with income tax,2028,69478.32,0.0,755.617,11599
cgt_equalisation,CGT equalisation with income tax,2028,135271.97,0.0,131578.17,11615
cgt_equalisation,CGT equalisation with income tax,2028,52889.797,0.0,37560.21,11757
cgt_equalisation,CGT equalisation with income tax,2028,106494.09,0.0,4556.6094,11834
cgt_equalisation,CGT equalisation with income tax,2028,28532.357,0.0,283.4312,11877
cgt_equalisation,CGT equalisation with income tax,2028,31725.133,0.0,6659.268,11945
cgt_equalisation,CGT equalisation with income tax,2028,42993.68,0.0,1136.6481,11980
cgt_equalisation,CGT equalisation with income tax,2028,45971.453,0.0,3857.897,11992
cgt_equalisation,CGT equalisation with income tax,2028,54190.746,0.0,27654.299,11995
cgt_equalisation,CGT equalisation with income tax,2028,83766.89,0.0,46020.39,12162
cgt_equalisation,CGT equalisation with income tax,2028,66200.625,0.0,15045.885,12275
cgt_equalisation,CGT equalisation with income tax,2028,123799.555,0.0,13004.54,12346
cgt_equalisation,CGT equalisation with income tax,2028,33853.984,0.0,16410.285,12352
cgt_equalisation,CGT equalisation with income tax,2028,74147.39,0.0,721.0414,12362
cgt_equalisation,CGT equalisation with income tax,2028,77062.93,0.0,886.0993,12396
cgt_equalisation,CGT equalisation with income tax,2028,22883.035,0.0,25447.395,12404
cgt_equalisation,CGT equalisation with income tax,2028,107504.92,0.0,12171.702,12441
cgt_equalisation,CGT equalisation with income tax,2028,64026.453,0.0,18875.041,12506
cgt_equalisation,CGT equalisation with income tax,2028,39415.266,0.0,9931.679,12512
cgt_equalisation,CGT equalisation with income tax,2028,134839.44,0.0,91072.15,12585
cgt_equalisation,CGT equalisation with income tax,2028,24587.637,0.0,2356.632,12604
cgt_equalisation,CGT equalisation with income tax,2028,47144.688,0.0,8845.714,12635
cgt_equalisation,CGT equalisation with income tax,2028,37850.965,0.0,526.02563,12716
cgt_equalisation,CGT equalisation with income tax,2028,19529.188,0.0,13628.529,12785
cgt_equalisation,CGT equalisation with income tax,2028,139265.9,0.0,5616.7886,12788
cgt_equalisation,CGT equalisation with income tax,2028,56920.688,0.0,5801.5938,12821
cgt_equalisation,CGT equalisation with income tax,2028,46574.707,0.0,1020.81946,12972
cgt_equalisation,CGT equalisation with income tax,2028,63328.74,0.0,756.59705,12981
cgt_equalisation,CGT equalisation with income tax,2028,122624.49,0.0,26365.459,12990
cgt_equalisation,CGT equalisation with income tax,2028,40697.016,0.0,15364.27,13041
cgt_equalisation,CGT equalisation with income tax,2028,40862.805,0.0,86822.92,13118
cgt_equalisation,CGT equalisation with income tax,2028,120762.82,0.0,24709.285,13139
cgt_equalisation,CGT equalisation with income tax,2028,25569.87,0.0,404.91696,13150
cgt_equalisation,CGT equalisation with income tax,2028,27238.916,0.0,2844.2822,13154
cgt_equalisation,CGT equalisation with income tax,2028,23258.865,0.0,5340.9395,13196
cgt_equalisation,CGT equalisation with income tax,2028,67124.31,0.0,34743.13,13209
cgt_equalisation,CGT equalisation with income tax,2028,109443.21,0.0,2836.0166,13287
cgt_equalisation,CGT equalisation with income tax,2028,115151.77,0.0,534.73615,13303
cgt_equalisation,CGT equalisation with income tax,2028,38005.75,0.0,12961.755,13339
cgt_equalisation,CGT equalisation with income tax,2028,115987.82,0.0,8937.494,13358
cgt_equalisation,CGT equalisation with income tax,2028,27493.873,0.0,2443.516,13417
cgt_equalisation,CGT equalisation with income tax,2028,61684.31,0.0,13512.132,13419
cgt_equalisation,CGT equalisation with income tax,2028,22218.701,0.0,597.76465,13463
cgt_equalisation,CGT equalisation with income tax,2028,43750.13,0.0,22180.342,13533
cgt_equalisation,CGT equalisation with income tax,2028,82530.5,0.0,26875.42,13627
cgt_equalisation,CGT equalisation with income tax,2028,43896.438,0.0,938.4918,13735
cgt_equalisation,CGT equalisation with income tax,2028,6854.6084,0.0,330.52197,13784
cgt_equalisation,CGT equalisation with income tax,2028,13356.127,0.0,40756.406,13786
cgt_equalisation,CGT equalisation with income tax,2028,55458.36,0.0,70623.69,13843
cgt_equalisation,CGT equalisation with income tax,2028,24785.688,0.0,358.6442,13939
cgt_equalisation,CGT equalisation with income tax,2028,110214.19,0.0,652.4185,13985
cgt_equalisation,CGT equalisation with income tax,2028,52704.957,0.0,141741.64,14066
cgt_equalisation,CGT equalisation with income tax,2028,26634.395,0.0,184.161,14081
cgt_equalisation,CGT equalisation with income tax,2028,60715.65,0.0,3439.4775,14086
cgt_equalisation,CGT equalisation with income tax,2028,39754.676,0.0,2360.424,14123
cgt_equalisation,CGT equalisation with income tax,2028,23436.693,0.0,434.33517,14161
cgt_equalisation,CGT equalisation with income tax,2028,86381.24,0.0,38062.85,14219
cgt_equalisation,CGT equalisation with income tax,2028,73245.77,0.0,33618.582,14225
cgt_equalisation,CGT equalisation with income tax,2028,65132.438,0.0,4545.2188,14298
cgt_equalisation,CGT equalisation with income tax,2028,79323.86,0.0,50824.402,14332
cgt_equalisation,CGT equalisation with income tax,2028,15085.342,0.0,9870.608,14424
cgt_equalisation,CGT equalisation with income tax,2028,42735.61,0.0,1791.6722,14458
cgt_equalisation,CGT equalisation with income tax,2028,60543.484,0.0,7847.3604,14474
cgt_equalisation,CGT equalisation with income tax,2028,79049.87,0.0,1337.2354,14483
cgt_equalisation,CGT equalisation with income tax,2028,37257.31,0.0,1747.0142,14558
cgt_equalisation,CGT equalisation with income tax,2028,72006.375,0.0,1570.2778,14580
cgt_equalisation,CGT equalisation with income tax,2028,73715.7,0.0,459.64288,14591
cgt_equalisation,CGT equalisation with income tax,2028,50087.492,0.0,67711.78,14660
cgt_equalisation,CGT equalisation with income tax,2028,67601.86,0.0,2963.3218,14674
cgt_equalisation,CGT equalisation with income tax,2028,3203.4058,0.0,827.7513,14686
cgt_equalisation,CGT equalisation with income tax,2028,68124.016,0.0,3953.1843,14746
cgt_equalisation,CGT equalisation with income tax,2028,22319.762,0.0,331.61148,14757
cgt_equalisation,CGT equalisation with income tax,2028,5838.5938,0.0,21580.152,14791
cgt_equalisation,CGT equalisation with income tax,2028,34189.984,0.0,81116.195,14809
cgt_equalisation,CGT equalisation with income tax,2028,133056.33,0.0,28192.281,14895
cgt_equalisation,CGT equalisation with income tax,2028,47815.527,0.0,5172.24,14910
cgt_equalisation,CGT equalisation with income tax,2028,37661.95,0.0,138.42924,14961
cgt_equalisation,CGT equalisation with income tax,2028,78711.63,0.0,18925.896,14989
cgt_equalisation,CGT equalisation with income tax,2028,31875.559,0.0,16729.408,15036
cgt_equalisation,CGT equalisation with income tax,2028,69859.164,0.0,258.1853,15072
cgt_equalisation,CGT equalisation with income tax,2028,70126.74,0.0,6450.931,15169
cgt_equalisation,CGT equalisation with income tax,2028,113332.83,0.0,407.617,15182
cgt_equalisation,CGT equalisation with income tax,2028,34539.05,0.0,595.5213,15216
cgt_equalisation,CGT equalisation with income tax,2028,111590.375,0.0,5169.995,15234
cgt_equalisation,CGT equalisation with income tax,2028,51055.78,0.0,320.36038,15322
cgt_equalisation,CGT equalisation with income tax,2028,105595.46,0.0,1202.0635,15348
cgt_equalisation,CGT equalisation with income tax,2028,90528.5,0.0,11501.1045,15394
cgt_equalisation,CGT equalisation with income tax,2028,59416.21,0.0,152340.55,15519
cgt_equalisation,CGT equalisation with income tax,2028,63921.508,0.0,565.26385,15548
cgt_equalisation,CGT equalisation with income tax,2028,50839.992,0.0,19126.74,15599
cgt_equalisation,CGT equalisation with income tax,2028,94574.7,0.0,5753.2236,15611
cgt_equalisation,CGT equalisation with income tax,2028,29756.678,0.0,11582.161,15633
cgt_equalisation,CGT equalisation with income tax,2028,86906.22,0.0,5851.0376,15642
cgt_equalisation,CGT equalisation with income tax,2028,75645.53,0.0,32853.1,15668
cgt_equalisation,CGT equalisation with income tax,2028,101873.266,0.0,125072.375,15721
cgt_equalisation,CGT equalisation with income tax,2028,56611.016,0.0,869.6136,15728
cgt_equalisation,CGT equalisation with income tax,2028,49093.36,0.0,23998.234,15740
cgt_equalisation,CGT equalisation with income tax,2028,39929.445,0.0,24905.404,15945
cgt_equalisation,CGT equalisation with income tax,2028,29300.95,0.0,2361.5188,15966
cgt_equalisation,CGT equalisation with income tax,2028,12955.097,0.0,1849.507,15981
cgt_equalisation,CGT equalisation with income tax,2028,59376.883,0.0,392.92188,16003
cgt_equalisation,CGT equalisation with income tax,2028,27107.73,0.0,659.9208,16058
cgt_equalisation,CGT equalisation with income tax,2028,46089.26,0.0,11994.743,16180
cgt_equalisation,CGT equalisation with income tax,2028,47572.906,0.0,494.67426,16411
cgt_equalisation,CGT equalisation with income tax,2028,54381.58,0.0,217.39735,16439
cgt_equalisation,CGT equalisation with income tax,2028,102741.98,0.0,51757.414,16724
cgt_equalisation,CGT equalisation with income tax,2028,104927.03,0.0,405.5703,16845
cgt_equalisation,CGT equalisation with income tax,2028,3384.9849,0.0,348.02338,17074
cgt_equalisation,CGT equalisation with income tax,2028,35551.895,0.0,549.1041,17104
cgt_equalisation,CGT equalisation with income tax,2028,29486.043,0.0,32161.34,17379
cgt_equalisation,CGT equalisation with income tax,2028,60380.508,0.0,866.8824,17740
cgt_equalisation,CGT equalisation with income tax,2028,59031.113,0.0,594.446,17800
cgt_equalisation,CGT equalisation with income tax,2028,7288.758,0.0,289.3897,17876
cgt_equalisation,CGT equalisation with income tax,2028,125985.25,0.0,7473.275,17918
cgt_equalisation,CGT equalisation with income tax,2028,90463.984,0.0,8050.8833,17925
cgt_equalisation,CGT equalisation with income tax,2028,73301.664,0.0,15322.596,17983
cgt_equalisation,CGT equalisation with income tax,2028,105146.945,0.0,96214.34,18465
cgt_equalisation,CGT equalisation with income tax,2028,18987.746,0.0,947.2707,18670
cgt_equalisation,CGT equalisation with income tax,2028,134026.2,0.0,44416.195,18686
cgt_equalisation,CGT equalisation with income tax,2028,17717.818,0.0,23148.021,18754
cgt_equalisation,CGT equalisation with income tax,2028,32488.15,0.0,937.28015,18843
cgt_equalisation,CGT equalisation with income tax,2028,80601.234,0.0,12177.938,19014
cgt_equalisation,CGT equalisation with income tax,2028,11274.017,0.0,587.21716,19199
cgt_equalisation,CGT equalisation with income tax,2028,108451.28,0.0,530.4315,19212
cgt_equalisation,CGT equalisation with income tax,2028,63252.17,0.0,3927.9688,19368
cgt_equalisation,CGT equalisation with income tax,2028,107404.33,0.0,22.910177,19419
cgt_equalisation,CGT equalisation with income tax,2028,39389.18,0.0,1602.5483,19707
cgt_equalisation,CGT equalisation with income tax,2028,76346.41,0.0,946.49054,19725
cgt_equalisation,CGT equalisation with income tax,2028,26938.01,0.0,1620.6241,19809
cgt_equalisation,CGT equalisation with income tax,2028,48750.96,0.0,9273.441,19932
cgt_equalisation,CGT equalisation with income tax,2028,16662.191,0.0,3704.0042,19936
cgt_equalisation,CGT equalisation with income tax,2028,84256.73,0.0,7298.827,19953
cgt_equalisation,CGT equalisation with income tax,2028,27404.502,0.0,327.96713,20000
cgt_equalisation,CGT equalisation with income tax,2028,32708.545,0.0,29668.383,20039
cgt_equalisation,CGT equalisation with income tax,2028,71455.79,0.0,3360.798,20057
cgt_equalisation,CGT equalisation with income tax,2028,21702.326,0.0,1578.1066,20120
cgt_equalisation,CGT equalisation with income tax,2028,57617.375,0.0,574.3236,20310
cgt_equalisation,CGT equalisation with income tax,2028,45057.21,0.0,271.37762,20323
cgt_equalisation,CGT equalisation with income tax,2028,101639.68,0.0,6491.386,20383
cgt_equalisation,CGT equalisation with income tax,2028,30510.21,0.0,232.59033,20426
cgt_equalisation,CGT equalisation with income tax,2028,49833.227,0.0,770.7549,20457
cgt_equalisation,CGT equalisation with income tax,2028,94059.42,0.0,16280.38,20555
cgt_equalisation,CGT equalisation with income tax,2028,22628.73,0.0,2474.5442,20642
cgt_equalisation,CGT equalisation with income tax,2028,67908.68,0.0,193.73367,20692
cgt_equalisation,CGT equalisation with income tax,2028,88648.734,0.0,542.802,20751
cgt_equalisation,CGT equalisation with income tax,2028,33187.59,0.0,38981.89,21263
cgt_equalisation,CGT equalisation with income tax,2028,18465.152,0.0,462.13367,21304
cgt_equalisation,CGT equalisation with income tax,2028,78930.4,0.0,275.44,21486
cgt_equalisation,CGT equalisation with income tax,2028,66798.3,0.0,975.215,21759
cgt_equalisation,CGT equalisation with income tax,2028,71715.12,0.0,307.41116,21763
cgt_equalisation,CGT equalisation with income tax,2028,40230.93,0.0,508.74518,21894
cgt_equalisation,CGT equalisation with income tax,2028,56701.797,0.0,285.958,21905
cgt_equalisation,CGT equalisation with income tax,2028,106347.94,0.0,6016.24,21952
cgt_equalisation,CGT equalisation with income tax,2028,91443.555,0.0,1688.4703,22015
cgt_equalisation,CGT equalisation with income tax,2028,121466.26,0.0,4196.127,22150
cgt_equalisation,CGT equalisation with income tax,2028,53421.594,0.0,311.5974,22171
cgt_equalisation,CGT equalisation with income tax,2028,28326.562,0.0,1793.6014,22179
cgt_equalisation,CGT equalisation with income tax,2028,18267.148,0.0,397.53735,22197
cgt_equalisation,CGT equalisation with income tax,2028,19105.453,0.0,420.50967,22367
cgt_equalisation,CGT equalisation with income tax,2028,20651.148,0.0,630.4217,22485
cgt_equalisation,CGT equalisation with income tax,2028,17005.502,0.0,978.4543,23016
cgt_equalisation,CGT equalisation with income tax,2028,33417.37,0.0,586.6939,23179
cgt_equalisation,CGT equalisation with income tax,2028,55593.926,0.0,436.48407,23654
cgt_equalisation,CGT equalisation with income tax,2028,23261.83,0.0,3195.8154,23867
cgt_equalisation,CGT equalisation with income tax,2028,27807.398,0.0,494.58215,23904
cgt_equalisation,CGT equalisation with income tax,2028,66231.97,0.0,46283.68,23972
cgt_equalisation,CGT equalisation with income tax,2028,45079.086,0.0,497.76993,23992
cgt_equalisation,CGT equalisation with income tax,2028,131841.95,0.0,11287.241,24109
cgt_equalisation,CGT equalisation with income tax,2028,69602.805,0.0,8208.042,24110
cgt_equalisation,CGT equalisation with income tax,2028,56113.277,0.0,402.31677,24112
cgt_equalisation,CGT equalisation with income tax,2028,100942.664,0.0,241.0657,24169
cgt_equalisation,CGT equalisation with income tax,2028,89918.23,0.0,35165.37,24170
cgt_equalisation,CGT equalisation with income tax,2028,56862.73,0.0,9946.6455,24189
cgt_equalisation,CGT equalisation with income tax,2028,30191.3,0.0,6175.794,24240
cgt_equalisation,CGT equalisation with income tax,2028,60359.293,0.0,24175.11,24503
cgt_equalisation,CGT equalisation with income tax,2028,23821.113,0.0,372.58783,24527
cgt_equalisation,CGT equalisation with income tax,2028,64175.93,0.0,723.62024,25073
cgt_equalisation,CGT equalisation with income tax,2028,48681.523,0.0,480.50085,25564
cgt_equalisation,CGT equalisation with income tax,2028,22003.273,0.0,596.12933,25667
cgt_equalisation,CGT equalisation with income tax,2028,80767.78,0.0,2698.656,25784
cgt_equalisation,CGT equalisation with income tax,2028,71868.16,0.0,187.20798,25858
cgt_equalisation,CGT equalisation with income tax,2028,26283.47,0.0,39487.324,26003
cgt_equalisation,CGT equalisation with income tax,2028,17427.9,0.0,587.0779,26044
cgt_equalisation,CGT equalisation with income tax,2028,6465.9043,0.0,12994.348,26272
cgt_equalisation,CGT equalisation with income tax,2028,29055.752,0.0,5083.4307,26346
cgt_equalisation,CGT equalisation with income tax,2028,52411.87,0.0,312.32678,26408
cgt_equalisation,CGT equalisation with income tax,2028,579.01764,0.0,58998.72,26448
cgt_equalisation,CGT equalisation with income tax,2028,23702.012,0.0,660.19836,26726
cgt_equalisation,CGT equalisation with income tax,2028,64761.105,0.0,2170.0266,26811
cgt_equalisation,CGT equalisation with income tax,2028,51734.17,0.0,30980.191,26832
cgt_equalisation,CGT equalisation with income tax,2028,24494.016,0.0,2831.531,27077
cgt_equalisation,CGT equalisation with income tax,2028,42019.418,0.0,373.0842,27093
cgt_equalisation,CGT equalisation with income tax,2028,50811.938,0.0,2117.7139,27113
cgt_equalisation,CGT equalisation with income tax,2028,118877.56,0.0,1851.5933,27254
cgt_equalisation,CGT equalisation with income tax,2028,30615.348,0.0,19661.963,27293
cgt_equalisation,CGT equalisation with income tax,2028,53744.83,0.0,30578.75,27736
cgt_equalisation,CGT equalisation with income tax,2028,29612.719,0.0,534.21594,27751
cgt_equalisation,CGT equalisation with income tax,2028,57737.195,0.0,125341.68,27767
cgt_equalisation,CGT equalisation with income tax,2028,51711.203,0.0,11557.804,27991
cgt_equalisation,CGT equalisation with income tax,2028,21278.672,0.0,487.08905,28026
cgt_equalisation,CGT equalisation with income tax,2028,116618.18,0.0,25036.074,28725
cgt_equalisation,CGT equalisation with income tax,2028,55700.95,0.0,276.66464,28792
cgt_equalisation,CGT equalisation with income tax,2028,73358.01,0.0,758.13007,28899
cgt_equalisation,CGT equalisation with income tax,2028,46695.645,0.0,1592.758,28941
cgt_equalisation,CGT equalisation with income tax,2028,16859.412,0.0,1752.2234,29088
cgt_equalisation,CGT equalisation with income tax,2028,33213.582,0.0,663.8258,29189
cgt_equalisation,CGT equalisation with income tax,2028,91596.02,0.0,2294.638,29333
cgt_equalisation,CGT equalisation with income tax,2028,26395.953,0.0,1114.5243,29745
cgt_equalisation,CGT equalisation with income tax,2028,115134.51,0.0,230.3422,29749
cgt_equalisation,CGT equalisation with income tax,2028,38686.42,0.0,20812.203,30124
cgt_equalisation,CGT equalisation with income tax,2028,41084.883,0.0,446.62885,30238
cgt_equalisation,CGT equalisation with income tax,2028,73267.85,0.0,19104.559,30391
cgt_equalisation,CGT equalisation with income tax,2028,13513.709,0.0,43968.484,30913
cgt_equalisation,CGT equalisation with income tax,2028,82565.766,0.0,2766.4758,31066
cgt_equalisation,CGT equalisation with income tax,2028,21824.93,0.0,415.57126,31254
cgt_equalisation,CGT equalisation with income tax,2028,20497.914,0.0,7500.5566,31538
cgt_equalisation,CGT equalisation with income tax,2028,45939.723,0.0,5571.853,31541
cgt_equalisation,CGT equalisation with income tax,2028,39061.207,0.0,80.6585,31546
cgt_equalisation,CGT equalisation with income tax,2028,133315.16,0.0,13026.038,31691
cgt_equalisation,CGT equalisation with income tax,2028,131951.78,0.0,435.46124,31767
cgt_equalisation,CGT equalisation with income tax,2028,88746.36,0.0,202.92346,31806
cgt_equalisation,CGT equalisation with income tax,2028,38872.46,0.0,26614.025,31886
cgt_equalisation,CGT equalisation with income tax,2028,104106.26,0.0,40841.207,31943
cgt_equalisation,CGT equalisation with income tax,2028,45738.207,0.0,401.29532,32163
cgt_equalisation,CGT equalisation with income tax,2028,72329.38,0.0,3166.7744,32168
cgt_equalisation,CGT equalisation with income tax,2028,48085.277,0.0,1201.6807,32172
cgt_equalisation,CGT equalisation with income tax,2028,66045.18,0.0,299.7335,32174
cgt_equalisation,CGT equalisation with income tax,2028,33036.582,0.0,298.04214,32254
cgt_equalisation,CGT equalisation with income tax,2028,60122.66,0.0,12998.736,32331
cgt_equalisation,CGT equalisation with income tax,2028,80259.0,0.0,1282.3508,32475
cgt_equalisation,CGT equalisation with income tax,2028,55918.57,-102.28516,23.668335,33814
cgt_equalisation,CGT equalisation with income tax,2028,46816.61,0.0,37.803963,41944
cgt_equalisation,CGT equalisation with income tax,2028,97085.26,0.0,61.46097,41950
cgt_equalisation,CGT equalisation with income tax,2028,22217.053,-15.884766,14.665603,46185
cgt_equalisation,CGT equalisation with income tax,2028,121605.766,-126.17969,198.21095,49121
cgt_equalisation,CGT equalisation with income tax,2028,48967.58,0.0,530.726,49812
cgt_equalisation,CGT equalisation with income tax,2028,44969.965,0.0,3306.0354,50537
cgt_equalisation,CGT equalisation with income tax,2028,7291.8506,0.0,8326.695,51580
cgt_equalisation,CGT equalisation with income tax,2028,57069.152,-405.9375,107.698265,51640
cgt_equalisation,CGT equalisation with income tax,2028,28490.328,0.0,551.5752,52783
cgt_equalisation,CGT equalisation with income tax,2028,23659.945,0.0,398.8587,54403
cgt_equalisation,CGT equalisation with income tax,2028,63128.176,-381.6953,143.53938,54749
cgt_equalisation,CGT equalisation with income tax,2028,127192.72,0.0,916.82837,54824
cgt_equalisation,CGT equalisation with income tax,2028,74615.75,0.0,201.76003,55334
cgt_equalisation,CGT equalisation with income tax,2028,17325.416,-70.19922,5396.616,55805
cgt_equalisation,CGT equalisation with income tax,2028,8538.804,0.0,285.57388,56245
cgt_equalisation,CGT equalisation with income tax,2028,92176.984,0.0,15050.096,57181
cgt_equalisation,CGT equalisation with income tax,2028,141638.88,-1419.6094,17.211357,58496
cgt_equalisation,CGT equalisation with income tax,2028,4325.6465,0.0,3686.9124,58677
cgt_equalisation,CGT equalisation with income tax,2028,15159.371,0.0,282.43225,58702
cgt_equalisation,CGT equalisation with income tax,2028,27176.514,0.0,269.38788,60626
cgt_equalisation,CGT equalisation with income tax,2028,54782.273,0.0,773.7116,62259
cgt_equalisation,CGT equalisation with income tax,2028,100498.18,0.0,99.19103,62593
cgt_equalisation,CGT equalisation with income tax,2028,75977.55,0.0,2893.732,62794
cgt_equalisation,CGT equalisation with income tax,2028,108918.78,0.0,126.7814,63791
cgt_equalisation,CGT equalisation with income tax,2028,58141.266,0.0,19323.6,64098
cgt_equalisation,CGT equalisation with income tax,2028,49283.066,0.0,1825.6941,64774
cgt_equalisation,CGT equalisation with income tax,2029,64071.11,0.0,671.81824,183
cgt_equalisation,CGT equalisation with income tax,2029,46524.996,0.0,2201.4365,222
cgt_equalisation,CGT equalisation with income tax,2029,57810.656,0.0,710.93286,257
cgt_equalisation,CGT equalisation with income tax,2029,7776.9404,0.0,5050.571,321
cgt_equalisation,CGT equalisation with income tax,2029,54999.2,0.0,1955.1456,366
cgt_equalisation,CGT equalisation with income tax,2029,44333.75,0.0,38304.906,385
cgt_equalisation,CGT equalisation with income tax,2029,68271.34,0.0,7824.4033,507
cgt_equalisation,CGT equalisation with income tax,2029,27101.39,0.0,3905.6257,603
cgt_equalisation,CGT equalisation with income tax,2029,37375.36,0.0,1219.2965,621
cgt_equalisation,CGT equalisation with income tax,2029,33879.996,0.0,641.8773,668
cgt_equalisation,CGT equalisation with income tax,2029,17657.516,0.0,723.235,675
cgt_equalisation,CGT equalisation with income tax,2029,19346.48,0.0,47182.367,769
cgt_equalisation,CGT equalisation with income tax,2029,36763.387,0.0,2243.824,800
cgt_equalisation,CGT equalisation with income tax,2029,54831.426,0.0,22821.098,848
cgt_equalisation,CGT equalisation with income tax,2029,61198.105,0.0,27525.879,978
cgt_equalisation,CGT equalisation with income tax,2029,108152.55,0.0,24204.312,986
cgt_equalisation,CGT equalisation with income tax,2029,40522.63,0.0,2094.156,1068
cgt_equalisation,CGT equalisation with income tax,2029,98692.555,0.0,31234.64,1075
cgt_equalisation,CGT equalisation with income tax,2029,55780.453,0.0,41776.26,1116
cgt_equalisation,CGT equalisation with income tax,2029,45420.902,0.0,11051.613,1144
cgt_equalisation,CGT equalisation with income tax,2029,33511.844,0.0,5338.0444,1151
cgt_equalisation,CGT equalisation with income tax,2029,50661.17,0.0,34042.348,1179
cgt_equalisation,CGT equalisation with income tax,2029,55971.63,0.0,207198.16,1243
cgt_equalisation,CGT equalisation with income tax,2029,53449.414,0.0,1941.2136,1293
cgt_equalisation,CGT equalisation with income tax,2029,32318.547,0.0,11666.416,1379
cgt_equalisation,CGT equalisation with income tax,2029,18258.99,0.0,1219.7667,1441
cgt_equalisation,CGT equalisation with income tax,2029,42839.574,0.0,18431.06,1445
cgt_equalisation,CGT equalisation with income tax,2029,95707.945,0.0,31350.562,1508
cgt_equalisation,CGT equalisation with income tax,2029,65003.113,0.0,5589.9985,1577
cgt_equalisation,CGT equalisation with income tax,2029,38064.273,0.0,1254.1508,1664
cgt_equalisation,CGT equalisation with income tax,2029,32180.35,0.0,332.6374,1803
cgt_equalisation,CGT equalisation with income tax,2029,49909.39,0.0,793.01483,1948
cgt_equalisation,CGT equalisation with income tax,2029,45044.594,0.0,9618.599,2040
cgt_equalisation,CGT equalisation with income tax,2029,56672.41,0.0,5120.921,2084
cgt_equalisation,CGT equalisation with income tax,2029,63602.207,0.0,6839.1865,2128
cgt_equalisation,CGT equalisation with income tax,2029,87561.88,0.0,95311.516,2156
cgt_equalisation,CGT equalisation with income tax,2029,97681.94,0.0,48745.5,2176
cgt_equalisation,CGT equalisation with income tax,2029,67312.75,0.0,4662.933,2199
cgt_equalisation,CGT equalisation with income tax,2029,14257.226,0.0,2669.0344,2307
cgt_equalisation,CGT equalisation with income tax,2029,60606.297,0.0,3908.3455,2315
cgt_equalisation,CGT equalisation with income tax,2029,72393.195,0.0,1485.8481,2339
cgt_equalisation,CGT equalisation with income tax,2029,11320.795,0.0,1679.2583,2341
cgt_equalisation,CGT equalisation with income tax,2029,35290.26,0.0,315.22308,2412
cgt_equalisation,CGT equalisation with income tax,2029,11807.219,0.0,45663.652,2465
cgt_equalisation,CGT equalisation with income tax,2029,69255.016,0.0,63003.727,2529
cgt_equalisation,CGT equalisation with income tax,2029,40303.207,0.0,1028.6642,2554
cgt_equalisation,CGT equalisation with income tax,2029,27611.705,0.0,4372.0654,2624
cgt_equalisation,CGT equalisation with income tax,2029,58318.85,0.0,15434.003,2642
cgt_equalisation,CGT equalisation with income tax,2029,49319.348,0.0,3896.1382,2670
cgt_equalisation,CGT equalisation with income tax,2029,38768.293,0.0,31663.076,2694
cgt_equalisation,CGT equalisation with income tax,2029,56433.08,0.0,1276.5543,2703
cgt_equalisation,CGT equalisation with income tax,2029,57857.656,0.0,6234.2446,2722
cgt_equalisation,CGT equalisation with income tax,2029,44755.234,0.0,3770.5938,2753
cgt_equalisation,CGT equalisation with income tax,2029,40638.1,0.0,50704.254,2892
cgt_equalisation,CGT equalisation with income tax,2029,23896.504,0.0,79843.73,2913
cgt_equalisation,CGT equalisation with income tax,2029,49550.57,0.0,4456.5024,2932
cgt_equalisation,CGT equalisation with income tax,2029,31532.232,0.0,1147.3566,2960
cgt_equalisation,CGT equalisation with income tax,2029,63826.12,0.0,823.70886,2967
cgt_equalisation,CGT equalisation with income tax,2029,25341.652,0.0,5559.116,3039
cgt_equalisation,CGT equalisation with income tax,2029,97856.44,0.0,117.014275,3052
cgt_equalisation,CGT equalisation with income tax,2029,76814.17,0.0,12711.143,3079
cgt_equalisation,CGT equalisation with income tax,2029,19002.006,0.0,5275.874,3094
cgt_equalisation,CGT equalisation with income tax,2029,58495.75,0.0,7859.6426,3107
cgt_equalisation,CGT equalisation with income tax,2029,42574.32,0.0,8080.017,3139
cgt_equalisation,CGT equalisation with income tax,2029,64623.176,0.0,840.59406,3284
cgt_equalisation,CGT equalisation with income tax,2029,57097.555,0.0,26351.191,3341
cgt_equalisation,CGT equalisation with income tax,2029,76503.484,0.0,171.53343,3344
cgt_equalisation,CGT equalisation with income tax,2029,67996.91,0.0,4749.3813,3386
cgt_equalisation,CGT equalisation with income tax,2029,28449.959,0.0,892.988,3399
cgt_equalisation,CGT equalisation with income tax,2029,11931.121,0.0,40512.88,3460
cgt_equalisation,CGT equalisation with income tax,2029,53610.96,0.0,75926.96,3520
cgt_equalisation,CGT equalisation with income tax,2029,67382.945,0.0,12861.623,3562
cgt_equalisation,CGT equalisation with income tax,2029,68775.81,0.0,47954.176,3577
cgt_equalisation,CGT equalisation with income tax,2029,131191.48,0.0,300.33218,3640
cgt_equalisation,CGT equalisation with income tax,2029,77015.414,0.0,144.6632,3643
cgt_equalisation,CGT equalisation with income tax,2029,44634.203,0.0,796.64197,3645
cgt_equalisation,CGT equalisation with income tax,2029,25162.926,0.0,10263.581,3660
cgt_equalisation,CGT equalisation with income tax,2029,46868.66,0.0,55337.664,3664
cgt_equalisation,CGT equalisation with income tax,2029,42342.996,0.0,139139.36,3711
cgt_equalisation,CGT equalisation with income tax,2029,40176.035,0.0,9526.7705,3740
cgt_equalisation,CGT equalisation with income tax,2029,59770.1,0.0,22939.918,3747
cgt_equalisation,CGT equalisation with income tax,2029,31576.717,0.0,3399.941,3751
cgt_equalisation,CGT equalisation with income tax,2029,35114.402,0.0,18833.398,3796
cgt_equalisation,CGT equalisation with income tax,2029,14406.988,0.0,2991.664,3804
cgt_equalisation,CGT equalisation with income tax,2029,20572.74,0.0,4106.163,3901
cgt_equalisation,CGT equalisation with income tax,2029,72007.81,0.0,5009.702,3996
cgt_equalisation,CGT equalisation with income tax,2029,41676.973,0.0,3425.635,4061
cgt_equalisation,CGT equalisation with income tax,2029,57185.242,0.0,460.27994,4098
cgt_equalisation,CGT equalisation with income tax,2029,49500.07,0.0,10803.007,4113
cgt_equalisation,CGT equalisation with income tax,2029,33938.535,0.0,10281.683,4115
cgt_equalisation,CGT equalisation with income tax,2029,24007.768,0.0,4036.984,4189
cgt_equalisation,CGT equalisation with income tax,2029,108550.984,0.0,2215.3054,4301
cgt_equalisation,CGT equalisation with income tax,2029,19200.973,0.0,3637.9905,4336
cgt_equalisation,CGT equalisation with income tax,2029,78772.77,0.0,1106.4968,4443
cgt_equalisation,CGT equalisation with income tax,2029,82952.16,0.0,1495.956,4450
cgt_equalisation,CGT equalisation with income tax,2029,50188.04,0.0,4905.389,4497
cgt_equalisation,CGT equalisation with income tax,2029,21709.209,0.0,1259.3324,4522
cgt_equalisation,CGT equalisation with income tax,2029,19061.533,0.0,24410.852,4560
cgt_equalisation,CGT equalisation with income tax,2029,28697.455,0.0,448.75726,4634
cgt_equalisation,CGT equalisation with income tax,2029,76211.68,0.0,2488.9653,4712
cgt_equalisation,CGT equalisation with income tax,2029,33847.54,0.0,1928.0007,4721
cgt_equalisation,CGT equalisation with income tax,2029,88761.55,0.0,8514.951,4759
cgt_equalisation,CGT equalisation with income tax,2029,136905.78,0.0,13427.529,4864
cgt_equalisation,CGT equalisation with income tax,2029,26282.043,0.0,7442.31,4934
cgt_equalisation,CGT equalisation with income tax,2029,17068.79,0.0,21554.658,4953
cgt_equalisation,CGT equalisation with income tax,2029,24178.496,0.0,19011.15,4970
cgt_equalisation,CGT equalisation with income tax,2029,27970.668,0.0,110805.66,5003
cgt_equalisation,CGT equalisation with income tax,2029,62867.203,0.0,5042.9434,5031
cgt_equalisation,CGT equalisation with income tax,2029,30594.18,0.0,3627.359,5038
cgt_equalisation,CGT equalisation with income tax,2029,25138.598,0.0,9533.404,5090
cgt_equalisation,CGT equalisation with income tax,2029,42949.766,0.0,1578.5654,5106
cgt_equalisation,CGT equalisation with income tax,2029,88738.48,0.0,1591.0142,5108
cgt_equalisation,CGT equalisation with income tax,2029,33872.38,0.0,34146.434,5420
cgt_equalisation,CGT equalisation with income tax,2029,100198.88,0.0,444.13464,5436
cgt_equalisation,CGT equalisation with income tax,2029,48557.977,0.0,1081.7659,5475
cgt_equalisation,CGT equalisation with income tax,2029,40825.53,0.0,4096.3687,5706
cgt_equalisation,CGT equalisation with income tax,2029,16385.344,0.0,42097.08,5711
cgt_equalisation,CGT equalisation with income tax,2029,51831.445,0.0,4932.6587,5716
cgt_equalisation,CGT equalisation with income tax,2029,37040.3,0.0,5646.64,5808
cgt_equalisation,CGT equalisation with income tax,2029,71379.234,0.0,82097.55,5813
cgt_equalisation,CGT equalisation with income tax,2029,51312.71,0.0,9535.68,5814
cgt_equalisation,CGT equalisation with income tax,2029,51566.188,0.0,340.3154,5845
cgt_equalisation,CGT equalisation with income tax,2029,105214.37,0.0,1585.3558,5905
cgt_equalisation,CGT equalisation with income tax,2029,65582.39,0.0,2093.8423,5906
cgt_equalisation,CGT equalisation with income tax,2029,41574.684,0.0,286.6619,5966
cgt_equalisation,CGT equalisation with income tax,2029,67705.01,0.0,37513.875,5971
cgt_equalisation,CGT equalisation with income tax,2029,91876.84,0.0,70296.53,5972
cgt_equalisation,CGT equalisation with income tax,2029,33857.664,0.0,2899.4536,6127
cgt_equalisation,CGT equalisation with income tax,2029,53988.945,0.0,13474.321,6157
cgt_equalisation,CGT equalisation with income tax,2029,40698.863,0.0,24345.465,6196
cgt_equalisation,CGT equalisation with income tax,2029,23511.42,0.0,69050.055,6244
cgt_equalisation,CGT equalisation with income tax,2029,57380.01,0.0,47058.12,6249
cgt_equalisation,CGT equalisation with income tax,2029,10505.313,0.0,14514.969,6391
cgt_equalisation,CGT equalisation with income tax,2029,41200.543,0.0,26022.543,6458
cgt_equalisation,CGT equalisation with income tax,2029,37298.95,0.0,3077.006,6462
cgt_equalisation,CGT equalisation with income tax,2029,45620.67,0.0,335.87216,6479
cgt_equalisation,CGT equalisation with income tax,2029,15716.463,0.0,116098.48,6494
cgt_equalisation,CGT equalisation with income tax,2029,27721.986,0.0,8332.452,6533
cgt_equalisation,CGT equalisation with income tax,2029,64981.64,0.0,7579.6987,6598
cgt_equalisation,CGT equalisation with income tax,2029,39665.984,0.0,1121.1747,6687
cgt_equalisation,CGT equalisation with income tax,2029,21920.814,0.0,1441.9741,6695
cgt_equalisation,CGT equalisation with income tax,2029,30140.875,0.0,80270.52,6732
cgt_equalisation,CGT equalisation with income tax,2029,71100.89,0.0,219.2566,6753
cgt_equalisation,CGT equalisation with income tax,2029,32964.195,0.0,50194.016,6815
cgt_equalisation,CGT equalisation with income tax,2029,19084.812,0.0,19342.932,6864
cgt_equalisation,CGT equalisation with income tax,2029,33571.305,0.0,795.59644,6904
cgt_equalisation,CGT equalisation with income tax,2029,14933.15,0.0,21853.404,6912
cgt_equalisation,CGT equalisation with income tax,2029,22090.172,0.0,140381.03,6965
cgt_equalisation,CGT equalisation with income tax,2029,61815.453,0.0,47055.965,6975
cgt_equalisation,CGT equalisation with income tax,2029,75915.73,0.0,44802.227,6987
cgt_equalisation,CGT equalisation with income tax,2029,51803.605,0.0,1754.4537,7020
cgt_equalisation,CGT equalisation with income tax,2029,53039.25,0.0,3257.281,7036
cgt_equalisation,CGT equalisation with income tax,2029,43252.97,0.0,441.7833,7080
cgt_equalisation,CGT equalisation with income tax,2029,22669.258,0.0,67384.1,7159
cgt_equalisation,CGT equalisation with income tax,2029,43622.445,0.0,4277.863,7163
cgt_equalisation,CGT equalisation with income tax,2029,53198.516,0.0,157241.53,7229
cgt_equalisation,CGT equalisation with income tax,2029,30196.041,0.0,4020.0964,7248
cgt_equalisation,CGT equalisation with income tax,2029,9745.391,0.0,25700.96,7428
cgt_equalisation,CGT equalisation with income tax,2029,42148.758,0.0,48979.145,7444
cgt_equalisation,CGT equalisation with income tax,2029,25301.62,0.0,11199.715,7459
cgt_equalisation,CGT equalisation with income tax,2029,102454.47,0.0,19077.992,7504
cgt_equalisation,CGT equalisation with income tax,2029,24339.625,0.0,44410.99,7539
cgt_equalisation,CGT equalisation with income tax,2029,47076.734,0.0,3068.1829,7624
cgt_equalisation,CGT equalisation with income tax,2029,92909.33,0.0,1355.0262,7632
cgt_equalisation,CGT equalisation with income tax,2029,26418.234,0.0,376.2767,7743
cgt_equalisation,CGT equalisation with income tax,2029,27932.516,0.0,754.8752,7763
cgt_equalisation,CGT equalisation with income tax,2029,69455.69,0.0,6635.3647,7908
cgt_equalisation,CGT equalisation with income tax,2029,13480.375,0.0,80615.91,8037
cgt_equalisation,CGT equalisation with income tax,2029,17359.062,0.0,7409.565,8077
cgt_equalisation,CGT equalisation with income tax,2029,24429.799,0.0,1300.82,8101
cgt_equalisation,CGT equalisation with income tax,2029,37536.254,0.0,76993.01,8228
cgt_equalisation,CGT equalisation with income tax,2029,64486.758,0.0,31274.018,8272
cgt_equalisation,CGT equalisation with income tax,2029,62215.336,0.0,7394.0166,8342
cgt_equalisation,CGT equalisation with income tax,2029,39622.055,0.0,4114.93,8392
cgt_equalisation,CGT equalisation with income tax,2029,65468.977,0.0,5498.5703,8468
cgt_equalisation,CGT equalisation with income tax,2029,21547.672,0.0,525.76263,8478
cgt_equalisation,CGT equalisation with income tax,2029,55758.87,0.0,1151.4694,8480
cgt_equalisation,CGT equalisation with income tax,2029,59244.418,0.0,79988.305,8511
cgt_equalisation,CGT equalisation with income tax,2029,36948.45,0.0,268018.12,8566
cgt_equalisation,CGT equalisation with income tax,2029,107928.3,0.0,438.68823,8595
cgt_equalisation,CGT equalisation with income tax,2029,54153.527,0.0,39604.11,8686
cgt_equalisation,CGT equalisation with income tax,2029,44417.008,0.0,17267.299,8762
cgt_equalisation,CGT equalisation with income tax,2029,30827.363,0.0,53186.266,8782
cgt_equalisation,CGT equalisation with income tax,2029,116902.18,0.0,269.802,8790
cgt_equalisation,CGT equalisation with income tax,2029,50043.1,0.0,5382.107,8879
cgt_equalisation,CGT equalisation with income tax,2029,49229.855,0.0,518.4888,8945
cgt_equalisation,CGT equalisation with income tax,2029,29333.135,0.0,13783.342,9118
cgt_equalisation,CGT equalisation with income tax,2029,98300.984,0.0,90000.164,9196
cgt_equalisation,CGT equalisation with income tax,2029,6962.979,0.0,7246.813,9288
cgt_equalisation,CGT equalisation with income tax,2029,97829.62,0.0,26343.1,9313
cgt_equalisation,CGT equalisation with income tax,2029,30736.865,0.0,40003.15,9395
cgt_equalisation,CGT equalisation with income tax,2029,16422.652,0.0,45454.047,9396
cgt_equalisation,CGT equalisation with income tax,2029,60265.676,0.0,14529.292,9409
cgt_equalisation,CGT equalisation with income tax,2029,22520.262,0.0,9006.242,9418
cgt_equalisation,CGT equalisation with income tax,2029,54751.57,0.0,10392.116,9419
cgt_equalisation,CGT equalisation with income tax,2029,41616.625,0.0,60006.06,9497
cgt_equalisation,CGT equalisation with income tax,2029,94128.32,0.0,120263.96,9588
cgt_equalisation,CGT equalisation with income tax,2029,38846.18,0.0,11546.937,9652
cgt_equalisation,CGT equalisation with income tax,2029,47390.047,0.0,184.49013,9664
cgt_equalisation,CGT equalisation with income tax,2029,33132.492,0.0,92439.81,9734
cgt_equalisation,CGT equalisation with income tax,2029,66645.195,0.0,9858.507,9744
cgt_equalisation,CGT equalisation with income tax,2029,59541.586,0.0,20249.744,9754
cgt_equalisation,CGT equalisation with income tax,2029,19675.17,0.0,445.8326,9779
cgt_equalisation,CGT equalisation with income tax,2029,71660.63,0.0,309.87402,9782
cgt_equalisation,CGT equalisation with income tax,2029,65843.516,0.0,51881.36,9851
cgt_equalisation,CGT equalisation with income tax,2029,28415.465,0.0,95666.84,9876
cgt_equalisation,CGT equalisation with income tax,2029,117006.68,0.0,10096.105,9933
cgt_equalisation,CGT equalisation with income tax,2029,23853.652,0.0,831.23004,9962
cgt_equalisation,CGT equalisation with income tax,2029,28878.71,0.0,43409.19,10072
cgt_equalisation,CGT equalisation with income tax,2029,50301.914,0.0,96712.47,10082
cgt_equalisation,CGT equalisation with income tax,2029,56024.535,0.0,653.1409,10125
cgt_equalisation,CGT equalisation with income tax,2029,19611.018,0.0,703.456,10153
cgt_equalisation,CGT equalisation with income tax,2029,15900.482,0.0,113545.83,10159
cgt_equalisation,CGT equalisation with income tax,2029,30180.531,0.0,35998.23,10230
cgt_equalisation,CGT equalisation with income tax,2029,37530.38,0.0,10504.627,10231
cgt_equalisation,CGT equalisation with income tax,2029,89292.914,0.0,557.80963,10256
cgt_equalisation,CGT equalisation with income tax,2029,54179.574,0.0,16572.738,10325
cgt_equalisation,CGT equalisation with income tax,2029,29222.605,0.0,516.8279,10386
cgt_equalisation,CGT equalisation with income tax,2029,47861.336,0.0,8065.781,10491
cgt_equalisation,CGT equalisation with income tax,2029,35742.242,0.0,317.48648,10530
cgt_equalisation,CGT equalisation with income tax,2029,44517.492,0.0,459.50772,10535
cgt_equalisation,CGT equalisation with income tax,2029,61793.773,0.0,2553.0332,10567
cgt_equalisation,CGT equalisation with income tax,2029,85673.51,0.0,79569.32,10582
cgt_equalisation,CGT equalisation with income tax,2029,5527.997,0.0,5076.476,10629
cgt_equalisation,CGT equalisation with income tax,2029,20325.77,0.0,17698.113,10632
cgt_equalisation,CGT equalisation with income tax,2029,5802.2173,0.0,14559.629,10644
cgt_equalisation,CGT equalisation with income tax,2029,39333.156,0.0,120804.12,10646
cgt_equalisation,CGT equalisation with income tax,2029,18782.492,0.0,17597.635,10675
cgt_equalisation,CGT equalisation with income tax,2029,30511.8,0.0,14859.006,10682
cgt_equalisation,CGT equalisation with income tax,2029,56642.164,0.0,282.98453,10728
cgt_equalisation,CGT equalisation with income tax,2029,28213.025,0.0,3673.9517,10772
cgt_equalisation,CGT equalisation with income tax,2029,47222.492,0.0,1896.3315,10821
cgt_equalisation,CGT equalisation with income tax,2029,54951.277,0.0,14032.031,10900
cgt_equalisation,CGT equalisation with income tax,2029,31176.506,0.0,1193.3528,11037
cgt_equalisation,CGT equalisation with income tax,2029,38171.945,0.0,308.00443,11054
cgt_equalisation,CGT equalisation with income tax,2029,66467.2,0.0,843.07306,11137
cgt_equalisation,CGT equalisation with income tax,2029,63311.258,0.0,3997.0547,11199
cgt_equalisation,CGT equalisation with income tax,2029,103737.62,0.0,478.25024,11260
cgt_equalisation,CGT equalisation with income tax,2029,46230.79,0.0,5692.368,11356
cgt_equalisation,CGT equalisation with income tax,2029,71496.59,0.0,116.03188,11384
cgt_equalisation,CGT equalisation with income tax,2029,122278.03,0.0,503.61423,11444
cgt_equalisation,CGT equalisation with income tax,2029,93400.4,0.0,5193.0894,11457
cgt_equalisation,CGT equalisation with income tax,2029,57994.934,0.0,230.54599,11560
cgt_equalisation,CGT equalisation with income tax,2029,70638.305,0.0,758.9417,11599
cgt_equalisation,CGT equalisation with income tax,2029,137310.92,0.0,132157.12,11615
cgt_equalisation,CGT equalisation with income tax,2029,53281.113,0.0,37725.477,11757
cgt_equalisation,CGT equalisation with income tax,2029,108133.766,0.0,4576.6587,11834
cgt_equalisation,CGT equalisation with income tax,2029,29000.143,0.0,284.6783,11877
cgt_equalisation,CGT equalisation with income tax,2029,31651.252,0.0,6688.569,11945
cgt_equalisation,CGT equalisation with income tax,2029,43956.234,0.0,1141.6493,11980
cgt_equalisation,CGT equalisation with income tax,2029,46658.47,0.0,3874.8718,11992
cgt_equalisation,CGT equalisation with income tax,2029,55323.094,0.0,27775.979,11995
cgt_equalisation,CGT equalisation with income tax,2029,84970.44,0.0,46222.883,12162
cgt_equalisation,CGT equalisation with income tax,2029,69485.28,0.0,15112.087,12275
cgt_equalisation,CGT equalisation with income tax,2029,124860.49,0.0,13061.76,12346
cgt_equalisation,CGT equalisation with income tax,2029,33461.273,0.0,16482.49,12352
cgt_equalisation,CGT equalisation with income tax,2029,75174.04,0.0,724.214,12362
cgt_equalisation,CGT equalisation with income tax,2029,78998.12,0.0,889.99817,12396
cgt_equalisation,CGT equalisation with income tax,2029,23434.617,0.0,25559.363,12404
cgt_equalisation,CGT equalisation with income tax,2029,108794.055,0.0,12225.258,12441
cgt_equalisation,CGT equalisation with income tax,2029,64952.07,0.0,18958.092,12506
cgt_equalisation,CGT equalisation with income tax,2029,39427.223,0.0,9975.378,12512
cgt_equalisation,CGT equalisation with income tax,2029,136555.14,0.0,91472.87,12585
cgt_equalisation,CGT equalisation with income tax,2029,24945.283,0.0,2367.0012,12604
cgt_equalisation,CGT equalisation with income tax,2029,48016.24,0.0,8884.635,12635
cgt_equalisation,CGT equalisation with income tax,2029,38505.227,0.0,528.34015,12716
cgt_equalisation,CGT equalisation with income tax,2029,19832.977,0.0,13688.495,12785
cgt_equalisation,CGT equalisation with income tax,2029,142047.47,0.0,5641.5024,12788
cgt_equalisation,CGT equalisation with income tax,2029,58242.797,0.0,5827.1206,12821
cgt_equalisation,CGT equalisation with income tax,2029,47237.637,0.0,1025.311,12972
cgt_equalisation,CGT equalisation with income tax,2029,64411.742,0.0,759.9261,12981
cgt_equalisation,CGT equalisation with income tax,2029,123967.09,0.0,26481.467,12990
cgt_equalisation,CGT equalisation with income tax,2029,41586.14,0.0,15431.872,13041
cgt_equalisation,CGT equalisation with income tax,2029,41540.305,0.0,87204.945,13118
cgt_equalisation,CGT equalisation with income tax,2029,122418.12,0.0,24818.006,13139
cgt_equalisation,CGT equalisation with income tax,2029,26071.705,0.0,406.6986,13150
cgt_equalisation,CGT equalisation with income tax,2029,27758.193,0.0,2856.797,13154
cgt_equalisation,CGT equalisation with income tax,2029,23790.998,0.0,5364.4395,13196
cgt_equalisation,CGT equalisation with income tax,2029,68004.05,0.0,34896.0,13209
cgt_equalisation,CGT equalisation with income tax,2029,111549.33,0.0,2848.495,13287
cgt_equalisation,CGT equalisation with income tax,2029,116363.08,0.0,537.089,13303
cgt_equalisation,CGT equalisation with income tax,2029,38709.83,0.0,13018.787,13339
cgt_equalisation,CGT equalisation with income tax,2029,117549.055,0.0,8976.819,13358
cgt_equalisation,CGT equalisation with income tax,2029,27574.027,0.0,2454.2676,13417
cgt_equalisation,CGT equalisation with income tax,2029,62700.645,0.0,13571.585,13419
cgt_equalisation,CGT equalisation with income tax,2029,22594.57,0.0,600.39484,13463
cgt_equalisation,CGT equalisation with income tax,2029,44764.67,0.0,22277.936,13533
cgt_equalisation,CGT equalisation with income tax,2029,84007.23,0.0,26993.672,13627
cgt_equalisation,CGT equalisation with income tax,2029,44554.69,0.0,942.6212,13735
cgt_equalisation,CGT equalisation with income tax,2029,7079.9688,0.0,331.9763,13784
cgt_equalisation,CGT equalisation with income tax,2029,13507.809,0.0,40935.734,13786
cgt_equalisation,CGT equalisation with income tax,2029,56326.98,0.0,70934.43,13843
cgt_equalisation,CGT equalisation with income tax,2029,25166.38,0.0,360.22223,13939
cgt_equalisation,CGT equalisation with income tax,2029,111282.26,0.0,655.2892,13985
cgt_equalisation,CGT equalisation with income tax,2029,53438.64,0.0,142365.31,14066
cgt_equalisation,CGT equalisation with income tax,2029,27142.682,0.0,184.97131,14081
cgt_equalisation,CGT equalisation with income tax,2029,61919.656,0.0,3454.6113,14086
cgt_equalisation,CGT equalisation with income tax,2029,40448.53,0.0,2370.81,14123
cgt_equalisation,CGT equalisation with income tax,2029,23703.096,0.0,436.24625,14161
cgt_equalisation,CGT equalisation with income tax,2029,87512.875,0.0,38230.33,14219
cgt_equalisation,CGT equalisation with income tax,2029,75004.28,0.0,33766.504,14225
cgt_equalisation,CGT equalisation with income tax,2029,65833.76,0.0,4565.218,14298
cgt_equalisation,CGT equalisation with income tax,2029,80705.92,0.0,51048.03,14332
cgt_equalisation,CGT equalisation with income tax,2029,15267.081,0.0,9914.039,14424
cgt_equalisation,CGT equalisation with income tax,2029,43671.92,0.0,1799.5557,14458
cgt_equalisation,CGT equalisation with income tax,2029,64349.31,0.0,7881.8887,14474
cgt_equalisation,CGT equalisation with income tax,2029,80473.3,0.0,1343.1193,14483
cgt_equalisation,CGT equalisation with income tax,2029,37881.03,0.0,1754.701,14558
cgt_equalisation,CGT equalisation with income tax,2029,72890.04,0.0,1577.1871,14580
cgt_equalisation,CGT equalisation with income tax,2029,74906.28,0.0,461.6653,14591
cgt_equalisation,CGT equalisation with income tax,2029,50906.703,0.0,68009.71,14660
cgt_equalisation,CGT equalisation with income tax,2029,69205.25,0.0,2976.3604,14674
cgt_equalisation,CGT equalisation with income tax,2029,3202.3574,0.0,831.3934,14686
cgt_equalisation,CGT equalisation with income tax,2029,69824.69,0.0,3970.5784,14746
cgt_equalisation,CGT equalisation with income tax,2029,22640.447,0.0,333.0706,14757
cgt_equalisation,CGT equalisation with income tax,2029,5859.461,0.0,21675.105,14791
cgt_equalisation,CGT equalisation with income tax,2029,34784.93,0.0,81473.11,14809
cgt_equalisation,CGT equalisation with income tax,2029,135849.64,0.0,28316.328,14895
cgt_equalisation,CGT equalisation with income tax,2029,48440.395,0.0,5194.998,14910
cgt_equalisation,CGT equalisation with income tax,2029,38281.957,0.0,139.03833,14961
cgt_equalisation,CGT equalisation with income tax,2029,80138.2,0.0,19009.17,14989
cgt_equalisation,CGT equalisation with income tax,2029,32374.232,0.0,16803.018,15036
cgt_equalisation,CGT equalisation with income tax,2029,70790.125,0.0,259.32132,15072
cgt_equalisation,CGT equalisation with income tax,2029,70986.0,0.0,6479.3154,15169
cgt_equalisation,CGT equalisation with income tax,2029,115208.305,0.0,409.41052,15182
cgt_equalisation,CGT equalisation with income tax,2029,35022.676,0.0,598.1416,15216
cgt_equalisation,CGT equalisation with income tax,2029,113275.03,0.0,5192.743,15234
cgt_equalisation,CGT equalisation with income tax,2029,51944.258,0.0,321.76996,15322
cgt_equalisation,CGT equalisation with income tax,2029,107772.0,0.0,1207.3525,15348
cgt_equalisation,CGT equalisation with income tax,2029,92043.86,0.0,11551.71,15394
cgt_equalisation,CGT equalisation with income tax,2029,60552.297,0.0,153010.84,15519
cgt_equalisation,CGT equalisation with income tax,2029,65399.67,0.0,567.75104,15548
cgt_equalisation,CGT equalisation with income tax,2029,51677.16,0.0,19210.898,15599
cgt_equalisation,CGT equalisation with income tax,2029,95351.414,0.0,5778.538,15611
cgt_equalisation,CGT equalisation with income tax,2029,29685.1,0.0,11633.123,15633
cgt_equalisation,CGT equalisation with income tax,2029,88449.16,0.0,5876.782,15642
cgt_equalisation,CGT equalisation with income tax,2029,77267.39,0.0,32997.656,15668
cgt_equalisation,CGT equalisation with income tax,2029,104697.234,0.0,125622.695,15721
cgt_equalisation,CGT equalisation with income tax,2029,57525.73,0.0,873.4399,15728
cgt_equalisation,CGT equalisation with income tax,2029,49984.547,0.0,24103.826,15740
cgt_equalisation,CGT equalisation with income tax,2029,40452.25,0.0,25014.988,15945
cgt_equalisation,CGT equalisation with income tax,2029,29744.18,0.0,2371.9094,15966
cgt_equalisation,CGT equalisation with income tax,2029,12181.061,0.0,1857.6448,15981
cgt_equalisation,CGT equalisation with income tax,2029,60545.75,0.0,394.65073,16003
cgt_equalisation,CGT equalisation with income tax,2029,27561.988,0.0,662.82446,16058
cgt_equalisation,CGT equalisation with income tax,2029,44005.312,0.0,12047.5205,16180
cgt_equalisation,CGT equalisation with income tax,2029,48347.895,0.0,496.85083,16411
cgt_equalisation,CGT equalisation with income tax,2029,55020.715,0.0,218.35391,16439
cgt_equalisation,CGT equalisation with income tax,2029,103965.98,0.0,51985.15,16724
cgt_equalisation,CGT equalisation with income tax,2029,106532.65,0.0,407.35483,16845
cgt_equalisation,CGT equalisation with income tax,2029,3306.7188,0.0,349.5547,17074
cgt_equalisation,CGT equalisation with income tax,2029,36057.152,0.0,551.5202,17104
cgt_equalisation,CGT equalisation with income tax,2029,29894.52,0.0,32302.85,17379
cgt_equalisation,CGT equalisation with income tax,2029,60825.832,0.0,870.69666,17740
cgt_equalisation,CGT equalisation with income tax,2029,59930.297,0.0,597.0616,17800
cgt_equalisation,CGT equalisation with income tax,2029,7502.2466,0.0,290.66302,17876
cgt_equalisation,CGT equalisation with income tax,2029,127668.01,0.0,7506.157,17918
cgt_equalisation,CGT equalisation with income tax,2029,91822.92,0.0,8086.307,17925
cgt_equalisation,CGT equalisation with income tax,2029,74698.836,0.0,15390.016,17983
cgt_equalisation,CGT equalisation with income tax,2029,106915.91,0.0,96637.69,18465
cgt_equalisation,CGT equalisation with income tax,2029,19310.488,0.0,951.4387,18670
cgt_equalisation,CGT equalisation with income tax,2029,136034.23,0.0,44611.63,18686
cgt_equalisation,CGT equalisation with income tax,2029,18021.477,0.0,23249.873,18754
cgt_equalisation,CGT equalisation with income tax,2029,32739.666,0.0,941.4042,18843
cgt_equalisation,CGT equalisation with income tax,2029,82001.92,0.0,12231.521,19014
cgt_equalisation,CGT equalisation with income tax,2029,11503.717,0.0,589.8009,19199
cgt_equalisation,CGT equalisation with income tax,2029,110458.83,0.0,532.76544,19212
cgt_equalisation,CGT equalisation with income tax,2029,64318.375,0.0,3945.252,19368
cgt_equalisation,CGT equalisation with income tax,2029,109199.88,0.0,23.010983,19419
cgt_equalisation,CGT equalisation with income tax,2029,39985.85,0.0,1609.5996,19707
cgt_equalisation,CGT equalisation with income tax,2029,77301.15,0.0,950.6551,19725
cgt_equalisation,CGT equalisation with income tax,2029,27306.855,0.0,1627.7549,19809
cgt_equalisation,CGT equalisation with income tax,2029,49438.516,0.0,9314.245,19932
cgt_equalisation,CGT equalisation with income tax,2029,16846.521,0.0,3720.3018,19936
cgt_equalisation,CGT equalisation with income tax,2029,85613.93,0.0,7330.942,19953
cgt_equalisation,CGT equalisation with income tax,2029,27918.516,0.0,329.4102,20000
cgt_equalisation,CGT equalisation with income tax,2029,33253.465,0.0,29798.924,20039
cgt_equalisation,CGT equalisation with income tax,2029,72503.16,0.0,3375.5857,20057
cgt_equalisation,CGT equalisation with income tax,2029,21959.195,0.0,1585.0503,20120
cgt_equalisation,CGT equalisation with income tax,2029,58626.023,0.0,576.85065,20310
cgt_equalisation,CGT equalisation with income tax,2029,45700.75,0.0,272.5717,20323
cgt_equalisation,CGT equalisation with income tax,2029,103113.484,0.0,6519.948,20383
cgt_equalisation,CGT equalisation with income tax,2029,30976.64,0.0,233.61374,20426
cgt_equalisation,CGT equalisation with income tax,2029,50487.586,0.0,774.14624,20457
cgt_equalisation,CGT equalisation with income tax,2029,96112.055,0.0,16352.014,20555
cgt_equalisation,CGT equalisation with income tax,2029,22968.191,0.0,2485.4321,20642
cgt_equalisation,CGT equalisation with income tax,2029,69001.44,0.0,194.5861,20692
cgt_equalisation,CGT equalisation with income tax,2029,90023.336,0.0,545.19037,20751
cgt_equalisation,CGT equalisation with income tax,2029,33395.227,0.0,39153.41,21263
cgt_equalisation,CGT equalisation with income tax,2029,18739.693,0.0,464.16705,21304
cgt_equalisation,CGT equalisation with income tax,2029,80333.25,0.0,276.65195,21486
cgt_equalisation,CGT equalisation with income tax,2029,68005.59,0.0,979.506,21759
cgt_equalisation,CGT equalisation with income tax,2029,72553.14,0.0,308.76376,21763
cgt_equalisation,CGT equalisation with income tax,2029,40738.105,0.0,510.98367,21894
cgt_equalisation,CGT equalisation with income tax,2029,59860.863,0.0,287.21622,21905
cgt_equalisation,CGT equalisation with income tax,2029,107491.51,0.0,6042.712,21952
cgt_equalisation,CGT equalisation with income tax,2029,93181.05,0.0,1695.8997,22015
cgt_equalisation,CGT equalisation with income tax,2029,123567.914,0.0,4214.59,22150
cgt_equalisation,CGT equalisation with income tax,2029,54237.676,0.0,312.96844,22171
cgt_equalisation,CGT equalisation with income tax,2029,28829.188,0.0,1801.4933,22179
cgt_equalisation,CGT equalisation with income tax,2029,18467.166,0.0,399.28653,22197
cgt_equalisation,CGT equalisation with income tax,2029,19325.102,0.0,422.35992,22367
cgt_equalisation,CGT equalisation with income tax,2029,20938.611,0.0,633.19556,22485
cgt_equalisation,CGT equalisation with income tax,2029,17296.752,0.0,982.7595,23016
cgt_equalisation,CGT equalisation with income tax,2029,33991.61,0.0,589.2754,23179
cgt_equalisation,CGT equalisation with income tax,2029,56667.26,0.0,438.4046,23654
cgt_equalisation,CGT equalisation with income tax,2029,23787.719,0.0,3209.877,23867
cgt_equalisation,CGT equalisation with income tax,2029,28398.29,0.0,496.75833,23904
cgt_equalisation,CGT equalisation with income tax,2029,67235.04,0.0,46487.33,23972
cgt_equalisation,CGT equalisation with income tax,2029,45737.984,0.0,499.9601,23992
cgt_equalisation,CGT equalisation with income tax,2029,133939.61,0.0,11336.905,24109
cgt_equalisation,CGT equalisation with income tax,2029,70652.63,0.0,8244.157,24110
cgt_equalisation,CGT equalisation with income tax,2029,57166.312,0.0,404.08698,24112
cgt_equalisation,CGT equalisation with income tax,2029,102702.85,0.0,242.1264,24169
cgt_equalisation,CGT equalisation with income tax,2029,91233.69,0.0,35320.098,24170
cgt_equalisation,CGT equalisation with income tax,2029,57754.406,0.0,9990.411,24189
cgt_equalisation,CGT equalisation with income tax,2029,30604.643,0.0,6202.968,24240
cgt_equalisation,CGT equalisation with income tax,2029,61672.543,0.0,24281.48,24503
cgt_equalisation,CGT equalisation with income tax,2029,24069.207,0.0,374.22723,24527
cgt_equalisation,CGT equalisation with income tax,2029,64710.12,0.0,726.8042,25073
cgt_equalisation,CGT equalisation with income tax,2029,49491.742,0.0,482.61505,25564
cgt_equalisation,CGT equalisation with income tax,2029,24750.158,0.0,598.7523,25667
cgt_equalisation,CGT equalisation with income tax,2029,81846.51,0.0,2710.53,25784
cgt_equalisation,CGT equalisation with income tax,2029,73058.26,0.0,188.0317,25858
cgt_equalisation,CGT equalisation with income tax,2029,26849.428,0.0,39661.07,26003
cgt_equalisation,CGT equalisation with income tax,2029,17635.123,0.0,589.661,26044
cgt_equalisation,CGT equalisation with income tax,2029,6461.033,0.0,13051.523,26272
cgt_equalisation,CGT equalisation with income tax,2029,29635.777,0.0,5105.798,26346
cgt_equalisation,CGT equalisation with income tax,2029,53029.777,0.0,313.70102,26408
cgt_equalisation,CGT equalisation with income tax,2029,829.0745,0.0,59258.312,26448
cgt_equalisation,CGT equalisation with income tax,2029,24116.402,0.0,663.1033,26726
cgt_equalisation,CGT equalisation with income tax,2029,66095.93,0.0,2179.5747,26811
cgt_equalisation,CGT equalisation with income tax,2029,52766.836,0.0,31116.504,26832
cgt_equalisation,CGT equalisation with income tax,2029,24915.127,0.0,2843.9897,27077
cgt_equalisation,CGT equalisation with income tax,2029,42983.22,0.0,374.72577,27093
cgt_equalisation,CGT equalisation with income tax,2029,51809.016,0.0,2127.0317,27113
cgt_equalisation,CGT equalisation with income tax,2029,120983.09,0.0,1859.7404,27254
cgt_equalisation,CGT equalisation with income tax,2029,31092.09,0.0,19748.477,27293
cgt_equalisation,CGT equalisation with income tax,2029,54475.76,0.0,30713.297,27736
cgt_equalisation,CGT equalisation with income tax,2029,29999.408,0.0,536.5665,27751
cgt_equalisation,CGT equalisation with income tax,2029,58658.566,0.0,125893.19,27767
cgt_equalisation,CGT equalisation with income tax,2029,52609.777,0.0,11608.658,27991
cgt_equalisation,CGT equalisation with income tax,2029,21590.76,0.0,489.23224,28026
cgt_equalisation,CGT equalisation with income tax,2029,116847.77,0.0,25146.232,28725
cgt_equalisation,CGT equalisation with income tax,2029,56733.598,0.0,277.88196,28792
cgt_equalisation,CGT equalisation with income tax,2029,74621.58,0.0,761.4658,28899
cgt_equalisation,CGT equalisation with income tax,2029,47504.285,0.0,1599.7662,28941
cgt_equalisation,CGT equalisation with income tax,2029,16981.652,0.0,1759.9332,29088
cgt_equalisation,CGT equalisation with income tax,2029,34201.395,0.0,666.74664,29189
cgt_equalisation,CGT equalisation with income tax,2029,92949.68,0.0,2304.7344,29333
cgt_equalisation,CGT equalisation with income tax,2029,26867.33,0.0,1119.4282,29745
cgt_equalisation,CGT equalisation with income tax,2029,117023.87,0.0,231.3557,29749
cgt_equalisation,CGT equalisation with income tax,2029,39146.566,0.0,20903.777,30124
cgt_equalisation,CGT equalisation with income tax,2029,41756.28,0.0,448.59402,30238
cgt_equalisation,CGT equalisation with income tax,2029,74455.414,0.0,19188.62,30391
cgt_equalisation,CGT equalisation with income tax,2029,13651.746,0.0,44161.945,30913
cgt_equalisation,CGT equalisation with income tax,2029,83943.63,0.0,2778.6484,31066
cgt_equalisation,CGT equalisation with income tax,2029,22148.258,0.0,417.39978,31254
cgt_equalisation,CGT equalisation with income tax,2029,20829.547,0.0,7533.559,31538
cgt_equalisation,CGT equalisation with income tax,2029,46799.805,0.0,5596.369,31541
cgt_equalisation,CGT equalisation with income tax,2029,39752.434,0.0,81.0134,31546
cgt_equalisation,CGT equalisation with income tax,2029,135621.33,0.0,13083.353,31691
cgt_equalisation,CGT equalisation with income tax,2029,134047.61,0.0,437.3773,31767
cgt_equalisation,CGT equalisation with income tax,2029,90656.586,0.0,203.81633,31806
cgt_equalisation,CGT equalisation with income tax,2029,39949.26,0.0,26731.127,31886
cgt_equalisation,CGT equalisation with income tax,2029,106116.99,0.0,41020.91,31943
cgt_equalisation,CGT equalisation with income tax,2029,46303.414,0.0,403.06104,32163
cgt_equalisation,CGT equalisation with income tax,2029,73042.54,0.0,3180.7083,32168
cgt_equalisation,CGT equalisation with income tax,2029,48702.605,0.0,1206.968,32172
cgt_equalisation,CGT equalisation with income tax,2029,67111.97,0.0,301.0523,32174
cgt_equalisation,CGT equalisation with income tax,2029,33472.633,0.0,299.35355,32254
cgt_equalisation,CGT equalisation with income tax,2029,61324.434,0.0,13055.931,32331
cgt_equalisation,CGT equalisation with income tax,2029,81578.15,0.0,1287.9932,32475
cgt_equalisation,CGT equalisation with income tax,2029,56848.91,-107.08594,23.772476,33814
cgt_equalisation,CGT equalisation with income tax,2029,47513.88,0.0,37.970303,41944
cgt_equalisation,CGT equalisation with income tax,2029,98006.23,0.0,61.7314,41950
cgt_equalisation,CGT equalisation with income tax,2029,22413.322,-20.107422,14.730131,46185
cgt_equalisation,CGT equalisation with income tax,2029,123612.23,-131.6875,199.08308,49121
cgt_equalisation,CGT equalisation with income tax,2029,49567.695,0.0,533.0612,49812
cgt_equalisation,CGT equalisation with income tax,2029,45490.027,0.0,3320.582,50537
cgt_equalisation,CGT equalisation with income tax,2029,7339.3594,0.0,8363.333,51580
cgt_equalisation,CGT equalisation with income tax,2029,58131.277,-419.73438,108.17214,51640
cgt_equalisation,CGT equalisation with income tax,2029,28584.87,0.0,554.00214,52783
cgt_equalisation,CGT equalisation with income tax,2029,23748.074,0.0,400.61368,54403
cgt_equalisation,CGT equalisation with income tax,2029,64215.594,-394.77344,144.17096,54749
cgt_equalisation,CGT equalisation with income tax,2029,130562.62,0.0,920.8624,54824
cgt_equalisation,CGT equalisation with income tax,2029,76523.43,0.0,202.64777,55334
cgt_equalisation,CGT equalisation with income tax,2029,17633.994,-63.58789,5420.3613,55805
cgt_equalisation,CGT equalisation with income tax,2029,8121.6294,0.0,286.8304,56245
cgt_equalisation,CGT equalisation with income tax,2029,94013.164,0.0,15116.316,57181
cgt_equalisation,CGT equalisation with income tax,2029,143772.7,-1463.4219,17.287086,58496
cgt_equalisation,CGT equalisation with income tax,2029,4329.7676,0.0,3703.1348,58677
cgt_equalisation,CGT equalisation with income tax,2029,15223.529,0.0,283.67496,58702
cgt_equalisation,CGT equalisation with income tax,2029,27460.45,0.0,270.57318,60626
cgt_equalisation,CGT equalisation with income tax,2029,55709.08,0.0,777.11597,62259
cgt_equalisation,CGT equalisation with income tax,2029,101913.15,0.0,99.62747,62593
cgt_equalisation,CGT equalisation with income tax,2029,77540.21,0.0,2906.4644,62794
cgt_equalisation,CGT equalisation with income tax,2029,110779.88,0.0,127.33924,63791
cgt_equalisation,CGT equalisation with income tax,2029,59202.223,0.0,19408.623,64098
cgt_equalisation,CGT equalisation with income tax,2029,49439.08,0.0,1833.7272,64774
cgt_equalisation,CGT equalisation with income tax,2030,65046.656,0.0,674.84143,183
cgt_equalisation,CGT equalisation with income tax,2030,47538.707,0.0,2211.343,222
cgt_equalisation,CGT equalisation with income tax,2030,58871.25,0.0,714.1321,257
cgt_equalisation,CGT equalisation with income tax,2030,7816.366,0.0,5073.2983,321
cgt_equalisation,CGT equalisation with income tax,2030,55891.4,0.0,1963.9438,366
cgt_equalisation,CGT equalisation with income tax,2030,45301.17,0.0,38477.28,385
cgt_equalisation,CGT equalisation with income tax,2030,69541.2,0.0,7859.6133,507
cgt_equalisation,CGT equalisation with income tax,2030,27450.025,0.0,3923.2012,603
cgt_equalisation,CGT equalisation with income tax,2030,35309.58,0.0,1224.7833,621
cgt_equalisation,CGT equalisation with income tax,2030,34529.46,0.0,644.7658,668
cgt_equalisation,CGT equalisation with income tax,2030,16857.55,0.0,726.48956,675
cgt_equalisation,CGT equalisation with income tax,2030,19825.941,0.0,47394.688,769
cgt_equalisation,CGT equalisation with income tax,2030,34691.844,0.0,2253.9211,800
cgt_equalisation,CGT equalisation with income tax,2030,55555.38,0.0,22923.793,848
cgt_equalisation,CGT equalisation with income tax,2030,62372.746,0.0,27649.746,978
cgt_equalisation,CGT equalisation with income tax,2030,110274.38,0.0,24313.232,986
cgt_equalisation,CGT equalisation with income tax,2030,38677.387,0.0,2103.5798,1068
cgt_equalisation,CGT equalisation with income tax,2030,100835.6,0.0,31375.197,1075
cgt_equalisation,CGT equalisation with income tax,2030,56958.613,0.0,41964.258,1116
cgt_equalisation,CGT equalisation with income tax,2030,46207.01,0.0,11101.346,1144
cgt_equalisation,CGT equalisation with income tax,2030,31429.363,0.0,5362.066,1151
cgt_equalisation,CGT equalisation with income tax,2030,51658.195,0.0,34195.54,1179
cgt_equalisation,CGT equalisation with income tax,2030,57055.996,0.0,208130.55,1243
cgt_equalisation,CGT equalisation with income tax,2030,54395.523,0.0,1949.9491,1293
cgt_equalisation,CGT equalisation with income tax,2030,32781.02,0.0,11718.915,1379
cgt_equalisation,CGT equalisation with income tax,2030,18538.918,0.0,1225.2557,1441
cgt_equalisation,CGT equalisation with income tax,2030,43555.92,0.0,18514.0,1445
cgt_equalisation,CGT equalisation with income tax,2030,97851.13,0.0,31491.64,1508
cgt_equalisation,CGT equalisation with income tax,2030,65495.074,0.0,5615.154,1577
cgt_equalisation,CGT equalisation with income tax,2030,38976.094,0.0,1259.7944,1664
cgt_equalisation,CGT equalisation with income tax,2030,32652.926,0.0,334.13428,1803
cgt_equalisation,CGT equalisation with income tax,2030,48168.42,0.0,796.58344,1948
cgt_equalisation,CGT equalisation with income tax,2030,45769.523,0.0,9661.883,2040
cgt_equalisation,CGT equalisation with income tax,2030,57919.35,0.0,5143.9653,2084
cgt_equalisation,CGT equalisation with income tax,2030,64985.55,0.0,6869.963,2128
cgt_equalisation,CGT equalisation with income tax,2030,89279.65,0.0,95740.42,2156
cgt_equalisation,CGT equalisation with income tax,2030,99434.67,0.0,48964.855,2176
cgt_equalisation,CGT equalisation with income tax,2030,68977.945,0.0,4683.9165,2199
cgt_equalisation,CGT equalisation with income tax,2030,14497.056,0.0,2681.0452,2307
cgt_equalisation,CGT equalisation with income tax,2030,61866.586,0.0,3925.933,2315
cgt_equalisation,CGT equalisation with income tax,2030,73503.39,0.0,1492.5345,2339
cgt_equalisation,CGT equalisation with income tax,2030,11516.363,0.0,1686.8151,2341
cgt_equalisation,CGT equalisation with income tax,2030,35869.504,0.0,316.6416,2412
cgt_equalisation,CGT equalisation with income tax,2030,12051.483,0.0,45869.14,2465
cgt_equalisation,CGT equalisation with income tax,2030,70652.53,0.0,63287.246,2529
cgt_equalisation,CGT equalisation with income tax,2030,40992.816,0.0,1033.2932,2554
cgt_equalisation,CGT equalisation with income tax,2030,27861.998,0.0,4391.7397,2624
cgt_equalisation,CGT equalisation with income tax,2030,59178.31,0.0,15503.456,2642
cgt_equalisation,CGT equalisation with income tax,2030,47318.375,0.0,3913.671,2670
cgt_equalisation,CGT equalisation with income tax,2030,39162.89,0.0,31805.56,2694
cgt_equalisation,CGT equalisation with income tax,2030,57283.96,0.0,1282.2988,2703
cgt_equalisation,CGT equalisation with income tax,2030,56076.703,0.0,6262.299,2722
cgt_equalisation,CGT equalisation with income tax,2030,45659.953,0.0,3787.5615,2753
cgt_equalisation,CGT equalisation with income tax,2030,41475.312,0.0,50932.426,2892
cgt_equalisation,CGT equalisation with income tax,2030,23751.502,0.0,80203.02,2913
cgt_equalisation,CGT equalisation with income tax,2030,50740.832,0.0,4476.5566,2932
cgt_equalisation,CGT equalisation with income tax,2030,32091.14,0.0,1152.5197,2960
cgt_equalisation,CGT equalisation with income tax,2030,65145.285,0.0,827.4156,2967
cgt_equalisation,CGT equalisation with income tax,2030,25619.234,0.0,5584.1323,3039
cgt_equalisation,CGT equalisation with income tax,2030,99825.56,0.0,117.54084,3052
cgt_equalisation,CGT equalisation with income tax,2030,78392.94,0.0,12768.343,3079
cgt_equalisation,CGT equalisation with income tax,2030,19472.078,0.0,5299.6157,3094
cgt_equalisation,CGT equalisation with income tax,2030,59527.42,0.0,7895.011,3107
cgt_equalisation,CGT equalisation with income tax,2030,43429.86,0.0,8116.3774,3139
cgt_equalisation,CGT equalisation with income tax,2030,65934.23,0.0,844.3768,3284
cgt_equalisation,CGT equalisation with income tax,2030,58222.508,0.0,26469.773,3341
cgt_equalisation,CGT equalisation with income tax,2030,77804.03,0.0,172.30534,3344
cgt_equalisation,CGT equalisation with income tax,2030,69318.02,0.0,4770.754,3386
cgt_equalisation,CGT equalisation with income tax,2030,28938.969,0.0,897.0065,3399
cgt_equalisation,CGT equalisation with income tax,2030,11922.529,0.0,40695.188,3460
cgt_equalisation,CGT equalisation with income tax,2030,54705.566,0.0,76268.63,3520
cgt_equalisation,CGT equalisation with income tax,2030,68566.42,0.0,12919.501,3562
cgt_equalisation,CGT equalisation with income tax,2030,70028.03,0.0,48169.973,3577
cgt_equalisation,CGT equalisation with income tax,2030,133600.67,0.0,301.6837,3640
cgt_equalisation,CGT equalisation with income tax,2030,78385.99,0.0,145.31418,3643
cgt_equalisation,CGT equalisation with income tax,2030,45373.48,0.0,800.22687,3645
cgt_equalisation,CGT equalisation with income tax,2030,25570.29,0.0,10309.768,3660
cgt_equalisation,CGT equalisation with income tax,2030,47864.75,0.0,55586.684,3664
cgt_equalisation,CGT equalisation with income tax,2030,43129.367,0.0,139765.48,3711
cgt_equalisation,CGT equalisation with income tax,2030,40899.465,0.0,9569.642,3740
cgt_equalisation,CGT equalisation with income tax,2030,60714.84,0.0,23043.148,3747
cgt_equalisation,CGT equalisation with income tax,2030,32309.043,0.0,3415.2407,3751
cgt_equalisation,CGT equalisation with income tax,2030,35625.504,0.0,18918.148,3796
cgt_equalisation,CGT equalisation with income tax,2030,14531.433,0.0,3005.1267,3804
cgt_equalisation,CGT equalisation with income tax,2030,20836.207,0.0,4124.641,3901
cgt_equalisation,CGT equalisation with income tax,2030,73068.91,0.0,5032.246,3996
cgt_equalisation,CGT equalisation with income tax,2030,41809.098,0.0,3441.0505,4061
cgt_equalisation,CGT equalisation with income tax,2030,58419.773,0.0,462.35123,4098
cgt_equalisation,CGT equalisation with income tax,2030,47615.977,0.0,10851.621,4113
cgt_equalisation,CGT equalisation with income tax,2030,34177.812,0.0,10327.95,4115
cgt_equalisation,CGT equalisation with income tax,2030,21763.12,0.0,4055.1504,4189
cgt_equalisation,CGT equalisation with income tax,2030,110547.72,0.0,2225.2744,4301
cgt_equalisation,CGT equalisation with income tax,2030,19358.623,0.0,3654.3616,4336
cgt_equalisation,CGT equalisation with income tax,2030,79964.01,0.0,1111.4761,4443
cgt_equalisation,CGT equalisation with income tax,2030,84376.37,0.0,1502.6879,4450
cgt_equalisation,CGT equalisation with income tax,2030,50893.31,0.0,4927.4634,4497
cgt_equalisation,CGT equalisation with income tax,2030,22323.947,0.0,1264.9994,4522
cgt_equalisation,CGT equalisation with income tax,2030,19617.273,0.0,24520.701,4560
cgt_equalisation,CGT equalisation with income tax,2030,29044.088,0.0,450.77667,4634
cgt_equalisation,CGT equalisation with income tax,2030,77534.88,0.0,2500.1658,4712
cgt_equalisation,CGT equalisation with income tax,2030,28820.885,0.0,1936.6768,4721
cgt_equalisation,CGT equalisation with income tax,2030,90902.234,0.0,8553.269,4759
cgt_equalisation,CGT equalisation with income tax,2030,139611.53,0.0,13487.953,4864
cgt_equalisation,CGT equalisation with income tax,2030,26759.518,0.0,7475.801,4934
cgt_equalisation,CGT equalisation with income tax,2030,17892.736,0.0,21651.654,4953
cgt_equalisation,CGT equalisation with income tax,2030,24719.215,0.0,19096.701,4970
cgt_equalisation,CGT equalisation with income tax,2030,28744.26,0.0,111304.29,5003
cgt_equalisation,CGT equalisation with income tax,2030,64187.473,0.0,5065.6367,5031
cgt_equalisation,CGT equalisation with income tax,2030,31357.701,0.0,3643.6821,5038
cgt_equalisation,CGT equalisation with income tax,2030,25522.275,0.0,9576.305,5090
cgt_equalisation,CGT equalisation with income tax,2030,43685.164,0.0,1585.6691,5106
cgt_equalisation,CGT equalisation with income tax,2030,90364.61,0.0,1598.1738,5108
cgt_equalisation,CGT equalisation with income tax,2030,34557.027,0.0,34300.094,5420
cgt_equalisation,CGT equalisation with income tax,2030,101914.39,0.0,446.13327,5436
cgt_equalisation,CGT equalisation with income tax,2030,49341.434,0.0,1086.6338,5475
cgt_equalisation,CGT equalisation with income tax,2030,41635.965,0.0,4114.8022,5706
cgt_equalisation,CGT equalisation with income tax,2030,16718.068,0.0,42286.516,5711
cgt_equalisation,CGT equalisation with income tax,2030,52118.258,0.0,4954.856,5716
cgt_equalisation,CGT equalisation with income tax,2030,35202.535,0.0,5672.0503,5808
cgt_equalisation,CGT equalisation with income tax,2030,72554.984,0.0,82466.99,5813
cgt_equalisation,CGT equalisation with income tax,2030,52158.566,0.0,9578.591,5814
cgt_equalisation,CGT equalisation with income tax,2030,52675.445,0.0,341.84683,5845
cgt_equalisation,CGT equalisation with income tax,2030,107275.27,0.0,1592.49,5905
cgt_equalisation,CGT equalisation with income tax,2030,66217.22,0.0,2103.2646,5906
cgt_equalisation,CGT equalisation with income tax,2030,42347.953,0.0,287.95187,5966
cgt_equalisation,CGT equalisation with income tax,2030,69244.45,0.0,37682.688,5971
cgt_equalisation,CGT equalisation with income tax,2030,93678.34,0.0,70612.87,5972
cgt_equalisation,CGT equalisation with income tax,2030,34606.348,0.0,2912.5012,6127
cgt_equalisation,CGT equalisation with income tax,2030,55035.3,0.0,13534.956,6157
cgt_equalisation,CGT equalisation with income tax,2030,41603.164,0.0,24455.02,6196
cgt_equalisation,CGT equalisation with income tax,2030,23936.213,0.0,69360.78,6244
cgt_equalisation,CGT equalisation with income tax,2030,58261.027,0.0,47269.883,6249
cgt_equalisation,CGT equalisation with income tax,2030,10700.1045,0.0,14580.286,6391
cgt_equalisation,CGT equalisation with income tax,2030,41852.277,0.0,26139.645,6458
cgt_equalisation,CGT equalisation with income tax,2030,37479.78,0.0,3090.8528,6462
cgt_equalisation,CGT equalisation with income tax,2030,48145.992,0.0,337.3836,6479
cgt_equalisation,CGT equalisation with income tax,2030,16581.125,0.0,116620.92,6494
cgt_equalisation,CGT equalisation with income tax,2030,27997.7,0.0,8369.948,6533
cgt_equalisation,CGT equalisation with income tax,2030,66120.195,0.0,7613.8076,6598
cgt_equalisation,CGT equalisation with income tax,2030,37734.484,0.0,1126.22,6687
cgt_equalisation,CGT equalisation with income tax,2030,19480.969,0.0,1448.463,6695
cgt_equalisation,CGT equalisation with income tax,2030,30749.25,0.0,80631.74,6732
cgt_equalisation,CGT equalisation with income tax,2030,72555.53,0.0,220.24327,6753
cgt_equalisation,CGT equalisation with income tax,2030,32166.537,0.0,50419.89,6815
cgt_equalisation,CGT equalisation with income tax,2030,19445.262,0.0,19429.975,6864
cgt_equalisation,CGT equalisation with income tax,2030,34268.664,0.0,799.17664,6904
cgt_equalisation,CGT equalisation with income tax,2030,15167.875,0.0,21951.746,6912
cgt_equalisation,CGT equalisation with income tax,2030,22456.379,0.0,141012.75,6965
cgt_equalisation,CGT equalisation with income tax,2030,62969.234,0.0,47267.72,6975
cgt_equalisation,CGT equalisation with income tax,2030,77310.71,0.0,45003.84,6987
cgt_equalisation,CGT equalisation with income tax,2030,50375.703,0.0,1762.3489,7020
cgt_equalisation,CGT equalisation with income tax,2030,54072.617,0.0,3271.939,7036
cgt_equalisation,CGT equalisation with income tax,2030,44267.56,0.0,443.77133,7080
cgt_equalisation,CGT equalisation with income tax,2030,23752.08,0.0,67687.336,7159
cgt_equalisation,CGT equalisation with income tax,2030,44464.527,0.0,4297.1133,7163
cgt_equalisation,CGT equalisation with income tax,2030,54165.77,0.0,157949.12,7229
cgt_equalisation,CGT equalisation with income tax,2030,30159.234,0.0,4038.187,7248
cgt_equalisation,CGT equalisation with income tax,2030,9851.818,0.0,25816.615,7428
cgt_equalisation,CGT equalisation with income tax,2030,41756.418,0.0,49199.55,7444
cgt_equalisation,CGT equalisation with income tax,2030,26007.29,0.0,11250.114,7459
cgt_equalisation,CGT equalisation with income tax,2030,104195.016,0.0,19163.844,7504
cgt_equalisation,CGT equalisation with income tax,2030,24775.902,0.0,44610.84,7539
cgt_equalisation,CGT equalisation with income tax,2030,47669.805,0.0,3081.9897,7624
cgt_equalisation,CGT equalisation with income tax,2030,94224.516,0.0,1361.1239,7632
cgt_equalisation,CGT equalisation with income tax,2030,26855.639,0.0,377.96997,7743
cgt_equalisation,CGT equalisation with income tax,2030,28329.676,0.0,758.27216,7763
cgt_equalisation,CGT equalisation with income tax,2030,71236.35,0.0,6665.224,7908
cgt_equalisation,CGT equalisation with income tax,2030,13662.783,0.0,80978.68,8037
cgt_equalisation,CGT equalisation with income tax,2030,17657.035,0.0,7442.908,8077
cgt_equalisation,CGT equalisation with income tax,2030,24918.219,0.0,1306.6737,8101
cgt_equalisation,CGT equalisation with income tax,2030,38368.62,0.0,77339.48,8228
cgt_equalisation,CGT equalisation with income tax,2030,65608.47,0.0,31414.752,8272
cgt_equalisation,CGT equalisation with income tax,2030,63536.723,0.0,7427.29,8342
cgt_equalisation,CGT equalisation with income tax,2030,40351.74,0.0,4133.4473,8392
cgt_equalisation,CGT equalisation with income tax,2030,66815.51,0.0,5523.314,8468
cgt_equalisation,CGT equalisation with income tax,2030,21884.805,0.0,528.1286,8478
cgt_equalisation,CGT equalisation with income tax,2030,56848.92,0.0,1156.651,8480
cgt_equalisation,CGT equalisation with income tax,2030,60137.367,0.0,80348.26,8511
cgt_equalisation,CGT equalisation with income tax,2030,36311.645,0.0,269224.22,8566
cgt_equalisation,CGT equalisation with income tax,2030,109742.85,0.0,440.66235,8595
cgt_equalisation,CGT equalisation with income tax,2030,53643.23,0.0,39782.33,8686
cgt_equalisation,CGT equalisation with income tax,2030,47956.043,0.0,17345.002,8762
cgt_equalisation,CGT equalisation with income tax,2030,31550.955,0.0,53425.605,8782
cgt_equalisation,CGT equalisation with income tax,2030,118149.5,0.0,271.0161,8790
cgt_equalisation,CGT equalisation with income tax,2030,50935.98,0.0,5406.3267,8879
cgt_equalisation,CGT equalisation with income tax,2030,50095.08,0.0,520.82196,8945
cgt_equalisation,CGT equalisation with income tax,2030,28894.117,0.0,13845.367,9118
cgt_equalisation,CGT equalisation with income tax,2030,99986.36,0.0,90405.164,9196
cgt_equalisation,CGT equalisation with income tax,2030,7009.2783,0.0,7279.424,9288
cgt_equalisation,CGT equalisation with income tax,2030,100220.14,0.0,26461.645,9313
cgt_equalisation,CGT equalisation with income tax,2030,31506.63,0.0,40183.164,9395
cgt_equalisation,CGT equalisation with income tax,2030,16749.758,0.0,45658.59,9396
cgt_equalisation,CGT equalisation with income tax,2030,61792.066,0.0,14594.674,9409
cgt_equalisation,CGT equalisation with income tax,2030,22991.953,0.0,9046.7705,9418
cgt_equalisation,CGT equalisation with income tax,2030,55822.645,0.0,10438.881,9419
cgt_equalisation,CGT equalisation with income tax,2030,42753.41,0.0,60276.086,9497
cgt_equalisation,CGT equalisation with income tax,2030,96510.95,0.0,120805.16,9588
cgt_equalisation,CGT equalisation with income tax,2030,39316.844,0.0,11598.898,9652
cgt_equalisation,CGT equalisation with income tax,2030,48192.65,0.0,185.32034,9664
cgt_equalisation,CGT equalisation with income tax,2030,32713.402,0.0,92855.8,9734
cgt_equalisation,CGT equalisation with income tax,2030,66652.48,0.0,9902.87,9744
cgt_equalisation,CGT equalisation with income tax,2030,60676.617,0.0,20340.87,9754
cgt_equalisation,CGT equalisation with income tax,2030,19923.549,0.0,447.83887,9779
cgt_equalisation,CGT equalisation with income tax,2030,72671.74,0.0,311.26846,9782
cgt_equalisation,CGT equalisation with income tax,2030,67149.25,0.0,52114.83,9851
cgt_equalisation,CGT equalisation with income tax,2030,28942.582,0.0,96097.34,9876
cgt_equalisation,CGT equalisation with income tax,2030,119749.9,0.0,10141.538,9933
cgt_equalisation,CGT equalisation with income tax,2030,24214.62,0.0,834.9706,9962
cgt_equalisation,CGT equalisation with income tax,2030,26507.832,0.0,43604.535,10072
cgt_equalisation,CGT equalisation with income tax,2030,51542.414,0.0,97147.68,10082
cgt_equalisation,CGT equalisation with income tax,2030,57145.273,0.0,656.0801,10125
cgt_equalisation,CGT equalisation with income tax,2030,20081.465,0.0,706.6216,10153
cgt_equalisation,CGT equalisation with income tax,2030,16726.064,0.0,114056.79,10159
cgt_equalisation,CGT equalisation with income tax,2030,30748.91,0.0,36160.223,10230
cgt_equalisation,CGT equalisation with income tax,2030,37670.574,0.0,10551.898,10231
cgt_equalisation,CGT equalisation with income tax,2030,90895.195,0.0,560.31976,10256
cgt_equalisation,CGT equalisation with income tax,2030,52475.06,0.0,16647.316,10325
cgt_equalisation,CGT equalisation with income tax,2030,27076.91,0.0,519.1536,10386
cgt_equalisation,CGT equalisation with income tax,2030,46019.477,0.0,8102.077,10491
cgt_equalisation,CGT equalisation with income tax,2030,36475.617,0.0,318.9152,10530
cgt_equalisation,CGT equalisation with income tax,2030,45491.01,0.0,461.57553,10535
cgt_equalisation,CGT equalisation with income tax,2030,63061.207,0.0,2564.522,10567
cgt_equalisation,CGT equalisation with income tax,2030,87364.13,0.0,79927.38,10582
cgt_equalisation,CGT equalisation with income tax,2030,5577.0435,0.0,5099.3203,10629
cgt_equalisation,CGT equalisation with income tax,2030,20808.205,0.0,17777.756,10632
cgt_equalisation,CGT equalisation with income tax,2030,5794.4937,0.0,14625.147,10644
cgt_equalisation,CGT equalisation with income tax,2030,40405.72,0.0,121347.74,10646
cgt_equalisation,CGT equalisation with income tax,2030,18899.645,0.0,17676.824,10675
cgt_equalisation,CGT equalisation with income tax,2030,31231.482,0.0,14925.872,10682
cgt_equalisation,CGT equalisation with income tax,2030,57612.383,0.0,284.25797,10728
cgt_equalisation,CGT equalisation with income tax,2030,28717.58,0.0,3690.4846,10772
cgt_equalisation,CGT equalisation with income tax,2030,47960.652,0.0,1904.8651,10821
cgt_equalisation,CGT equalisation with income tax,2030,56067.93,0.0,14095.176,10900
cgt_equalisation,CGT equalisation with income tax,2030,31742.404,0.0,1198.7229,11037
cgt_equalisation,CGT equalisation with income tax,2030,38911.98,0.0,309.39044,11054
cgt_equalisation,CGT equalisation with income tax,2030,68185.64,0.0,846.86694,11137
cgt_equalisation,CGT equalisation with income tax,2030,64246.047,0.0,4015.0415,11199
cgt_equalisation,CGT equalisation with income tax,2030,105337.32,0.0,480.40237,11260
cgt_equalisation,CGT equalisation with income tax,2030,47167.28,0.0,5717.984,11356
cgt_equalisation,CGT equalisation with income tax,2030,72793.984,0.0,116.55403,11384
cgt_equalisation,CGT equalisation with income tax,2030,124036.59,0.0,505.8805,11444
cgt_equalisation,CGT equalisation with income tax,2030,95193.5,0.0,5216.4585,11457
cgt_equalisation,CGT equalisation with income tax,2030,56232.176,0.0,231.58345,11560
cgt_equalisation,CGT equalisation with income tax,2030,72056.39,0.0,762.357,11599
cgt_equalisation,CGT equalisation with income tax,2030,139768.8,0.0,132751.84,11615
cgt_equalisation,CGT equalisation with income tax,2030,54246.523,0.0,37895.242,11757
cgt_equalisation,CGT equalisation with income tax,2030,110117.93,0.0,4597.254,11834
cgt_equalisation,CGT equalisation with income tax,2030,29477.252,0.0,285.95938,11877
cgt_equalisation,CGT equalisation with income tax,2030,31574.883,0.0,6718.6675,11945
cgt_equalisation,CGT equalisation with income tax,2030,44943.58,0.0,1146.7867,11980
cgt_equalisation,CGT equalisation with income tax,2030,47397.652,0.0,3892.3088,11992
cgt_equalisation,CGT equalisation with income tax,2030,56547.574,0.0,27900.97,11995
cgt_equalisation,CGT equalisation with income tax,2030,86458.23,0.0,46430.887,12162
cgt_equalisation,CGT equalisation with income tax,2030,71004.03,0.0,15180.092,12275
cgt_equalisation,CGT equalisation with income tax,2030,126575.09,0.0,13120.538,12346
cgt_equalisation,CGT equalisation with income tax,2030,31424.389,0.0,16556.662,12352
cgt_equalisation,CGT equalisation with income tax,2030,76434.25,0.0,727.47296,12362
cgt_equalisation,CGT equalisation with income tax,2030,81074.96,0.0,894.0032,12396
cgt_equalisation,CGT equalisation with income tax,2030,24030.303,0.0,25674.38,12404
cgt_equalisation,CGT equalisation with income tax,2030,110247.46,0.0,12280.271,12441
cgt_equalisation,CGT equalisation with income tax,2030,66068.49,0.0,19043.404,12506
cgt_equalisation,CGT equalisation with income tax,2030,39438.26,0.0,10020.268,12512
cgt_equalisation,CGT equalisation with income tax,2030,138590.39,0.0,91884.5,12585
cgt_equalisation,CGT equalisation with income tax,2030,22584.145,0.0,2377.6528,12604
cgt_equalisation,CGT equalisation with income tax,2030,49051.68,0.0,8924.616,12635
cgt_equalisation,CGT equalisation with income tax,2030,39230.387,0.0,530.7177,12716
cgt_equalisation,CGT equalisation with income tax,2030,20228.906,0.0,13750.094,12785
cgt_equalisation,CGT equalisation with income tax,2030,145257.72,0.0,5666.889,12788
cgt_equalisation,CGT equalisation with income tax,2030,59674.88,0.0,5853.343,12821
cgt_equalisation,CGT equalisation with income tax,2030,48042.938,0.0,1029.9249,12972
cgt_equalisation,CGT equalisation with income tax,2030,65608.12,0.0,763.34576,12981
cgt_equalisation,CGT equalisation with income tax,2030,126073.99,0.0,26600.635,12990
cgt_equalisation,CGT equalisation with income tax,2030,42891.21,0.0,15501.316,13041
cgt_equalisation,CGT equalisation with income tax,2030,42341.145,0.0,87597.37,13118
cgt_equalisation,CGT equalisation with income tax,2030,124269.055,0.0,24929.688,13139
cgt_equalisation,CGT equalisation with income tax,2030,26705.023,0.0,408.52878,13150
cgt_equalisation,CGT equalisation with income tax,2030,28513.045,0.0,2869.6528,13154
cgt_equalisation,CGT equalisation with income tax,2030,24576.549,0.0,5388.5796,13196
cgt_equalisation,CGT equalisation with income tax,2030,69100.69,0.0,35053.03,13209
cgt_equalisation,CGT equalisation with income tax,2030,113944.12,0.0,2861.3135,13287
cgt_equalisation,CGT equalisation with income tax,2030,117872.99,0.0,539.5059,13303
cgt_equalisation,CGT equalisation with income tax,2030,39652.047,0.0,13077.372,13339
cgt_equalisation,CGT equalisation with income tax,2030,119427.31,0.0,9017.215,13358
cgt_equalisation,CGT equalisation with income tax,2030,27654.93,0.0,2465.3118,13417
cgt_equalisation,CGT equalisation with income tax,2030,63934.24,0.0,13632.657,13419
cgt_equalisation,CGT equalisation with income tax,2030,22982.943,0.0,603.0966,13463
cgt_equalisation,CGT equalisation with income tax,2030,45880.848,0.0,22378.188,13533
cgt_equalisation,CGT equalisation with income tax,2030,85748.33,0.0,27115.145,13627
cgt_equalisation,CGT equalisation with income tax,2030,45240.805,0.0,946.86304,13735
cgt_equalisation,CGT equalisation with income tax,2030,7381.028,0.0,333.47018,13784
cgt_equalisation,CGT equalisation with income tax,2030,13660.996,0.0,41119.945,13786
cgt_equalisation,CGT equalisation with income tax,2030,57388.86,0.0,71253.64,13843
cgt_equalisation,CGT equalisation with income tax,2030,25559.248,0.0,361.84323,13939
cgt_equalisation,CGT equalisation with income tax,2030,112658.3,0.0,658.238,13985
cgt_equalisation,CGT equalisation with income tax,2030,54326.234,0.0,143005.95,14066
cgt_equalisation,CGT equalisation with income tax,2030,27670.562,0.0,185.8037,14081
cgt_equalisation,CGT equalisation with income tax,2030,63200.22,0.0,3470.1572,14086
cgt_equalisation,CGT equalisation with income tax,2030,41160.07,0.0,2381.4788,14123
cgt_equalisation,CGT equalisation with income tax,2030,23977.002,0.0,438.20938,14161
cgt_equalisation,CGT equalisation with income tax,2030,88877.52,0.0,38402.367,14219
cgt_equalisation,CGT equalisation with income tax,2030,76884.375,0.0,33918.453,14225
cgt_equalisation,CGT equalisation with income tax,2030,65989.92,0.0,4585.761,14298
cgt_equalisation,CGT equalisation with income tax,2030,82211.72,0.0,51277.75,14332
cgt_equalisation,CGT equalisation with income tax,2030,15482.495,0.0,9958.652,14424
cgt_equalisation,CGT equalisation with income tax,2030,44659.258,0.0,1807.6537,14458
cgt_equalisation,CGT equalisation with income tax,2030,65754.66,0.0,7917.3574,14474
cgt_equalisation,CGT equalisation with income tax,2030,81976.88,0.0,1349.1633,14483
cgt_equalisation,CGT equalisation with income tax,2030,35791.797,0.0,1762.5973,14558
cgt_equalisation,CGT equalisation with income tax,2030,71052.36,0.0,1584.2845,14580
cgt_equalisation,CGT equalisation with income tax,2030,76358.6,0.0,463.74283,14591
cgt_equalisation,CGT equalisation with income tax,2030,51744.832,0.0,68315.76,14660
cgt_equalisation,CGT equalisation with income tax,2030,70893.586,0.0,2989.7542,14674
cgt_equalisation,CGT equalisation with income tax,2030,3203.288,0.0,835.13464,14686
cgt_equalisation,CGT equalisation with income tax,2030,71723.91,0.0,3988.446,14746
cgt_equalisation,CGT equalisation with income tax,2030,22974.045,0.0,334.56943,14757
cgt_equalisation,CGT equalisation with income tax,2030,5879.5703,0.0,21772.645,14791
cgt_equalisation,CGT equalisation with income tax,2030,35519.418,0.0,81839.74,14809
cgt_equalisation,CGT equalisation with income tax,2030,139700.75,0.0,28443.752,14895
cgt_equalisation,CGT equalisation with income tax,2030,49361.004,0.0,5218.3755,14910
cgt_equalisation,CGT equalisation with income tax,2030,39008.227,0.0,139.664,14961
cgt_equalisation,CGT equalisation with income tax,2030,81745.24,0.0,19094.71,14989
cgt_equalisation,CGT equalisation with income tax,2030,33018.62,0.0,16878.63,15036
cgt_equalisation,CGT equalisation with income tax,2030,71945.21,0.0,260.48828,15072
cgt_equalisation,CGT equalisation with income tax,2030,72026.55,0.0,6508.4727,15169
cgt_equalisation,CGT equalisation with income tax,2030,117521.58,0.0,411.25287,15182
cgt_equalisation,CGT equalisation with income tax,2030,35529.875,0.0,600.83325,15216
cgt_equalisation,CGT equalisation with income tax,2030,115334.19,0.0,5216.111,15234
cgt_equalisation,CGT equalisation with income tax,2030,52892.457,0.0,323.21793,15322
cgt_equalisation,CGT equalisation with income tax,2030,110254.89,0.0,1212.7856,15348
cgt_equalisation,CGT equalisation with income tax,2030,93857.52,0.0,11603.693,15394
cgt_equalisation,CGT equalisation with income tax,2030,61802.4,0.0,153699.39,15519
cgt_equalisation,CGT equalisation with income tax,2030,67010.53,0.0,570.3059,15548
cgt_equalisation,CGT equalisation with income tax,2030,52741.746,0.0,19297.348,15599
cgt_equalisation,CGT equalisation with income tax,2030,97305.23,0.0,5804.5415,15611
cgt_equalisation,CGT equalisation with income tax,2030,29611.113,0.0,11685.473,15633
cgt_equalisation,CGT equalisation with income tax,2030,90106.88,0.0,5903.228,15642
cgt_equalisation,CGT equalisation with income tax,2030,78667.16,0.0,33146.15,15668
cgt_equalisation,CGT equalisation with income tax,2030,107711.41,0.0,126188.0,15721
cgt_equalisation,CGT equalisation with income tax,2030,58641.727,0.0,877.37036,15728
cgt_equalisation,CGT equalisation with income tax,2030,50998.78,0.0,24212.295,15740
cgt_equalisation,CGT equalisation with income tax,2030,41030.95,0.0,25127.557,15945
cgt_equalisation,CGT equalisation with income tax,2030,30199.186,0.0,2382.583,15966
cgt_equalisation,CGT equalisation with income tax,2030,12417.959,0.0,1866.0043,15981
cgt_equalisation,CGT equalisation with income tax,2030,61804.418,0.0,396.42667,16003
cgt_equalisation,CGT equalisation with income tax,2030,28041.01,0.0,665.8072,16058
cgt_equalisation,CGT equalisation with income tax,2030,44891.473,0.0,12101.734,16180
cgt_equalisation,CGT equalisation with income tax,2030,50889.477,0.0,499.08667,16411
cgt_equalisation,CGT equalisation with income tax,2030,55771.586,0.0,219.33652,16439
cgt_equalisation,CGT equalisation with income tax,2030,105590.02,0.0,52219.082,16724
cgt_equalisation,CGT equalisation with income tax,2030,108341.93,0.0,409.18793,16845
cgt_equalisation,CGT equalisation with income tax,2030,3225.7095,0.0,351.1277,17074
cgt_equalisation,CGT equalisation with income tax,2030,36589.414,0.0,554.0021,17104
cgt_equalisation,CGT equalisation with income tax,2030,30371.006,0.0,32448.213,17379
cgt_equalisation,CGT equalisation with income tax,2030,62424.07,0.0,874.6148,17740
cgt_equalisation,CGT equalisation with income tax,2030,61029.32,0.0,599.74835,17800
cgt_equalisation,CGT equalisation with income tax,2030,7765.9194,0.0,291.971,17876
cgt_equalisation,CGT equalisation with income tax,2030,129868.25,0.0,7539.935,17918
cgt_equalisation,CGT equalisation with income tax,2030,93526.49,0.0,8122.696,17925
cgt_equalisation,CGT equalisation with income tax,2030,76341.44,0.0,15459.271,17983
cgt_equalisation,CGT equalisation with income tax,2030,109092.42,0.0,97072.56,18465
cgt_equalisation,CGT equalisation with income tax,2030,19677.977,0.0,955.7202,18670
cgt_equalisation,CGT equalisation with income tax,2030,138517.03,0.0,44812.383,18686
cgt_equalisation,CGT equalisation with income tax,2030,18373.879,0.0,23354.498,18754
cgt_equalisation,CGT equalisation with income tax,2030,33076.68,0.0,945.6405,18843
cgt_equalisation,CGT equalisation with income tax,2030,83512.48,0.0,12286.563,19014
cgt_equalisation,CGT equalisation with income tax,2030,11782.625,0.0,592.455,19199
cgt_equalisation,CGT equalisation with income tax,2030,112727.29,0.0,535.1629,19212
cgt_equalisation,CGT equalisation with income tax,2030,65616.09,0.0,3963.0056,19368
cgt_equalisation,CGT equalisation with income tax,2030,111344.38,0.0,23.114532,19419
cgt_equalisation,CGT equalisation with income tax,2030,40661.973,0.0,1616.8429,19707
cgt_equalisation,CGT equalisation with income tax,2030,78606.93,0.0,954.93304,19725
cgt_equalisation,CGT equalisation with income tax,2030,27706.938,0.0,1635.0798,19809
cgt_equalisation,CGT equalisation with income tax,2030,50221.42,0.0,9356.159,19932
cgt_equalisation,CGT equalisation with income tax,2030,17146.453,0.0,3737.0432,19936
cgt_equalisation,CGT equalisation with income tax,2030,87310.78,0.0,7363.931,19953
cgt_equalisation,CGT equalisation with income tax,2030,28458.21,0.0,330.89255,20000
cgt_equalisation,CGT equalisation with income tax,2030,33835.836,0.0,29933.02,20039
cgt_equalisation,CGT equalisation with income tax,2030,73684.6,0.0,3390.776,20057
cgt_equalisation,CGT equalisation with income tax,2030,22352.805,0.0,1592.1831,20120
cgt_equalisation,CGT equalisation with income tax,2030,59700.688,0.0,579.4465,20310
cgt_equalisation,CGT equalisation with income tax,2030,46477.145,0.0,273.79828,20323
cgt_equalisation,CGT equalisation with income tax,2030,104906.21,0.0,6549.288,20383
cgt_equalisation,CGT equalisation with income tax,2030,31557.648,0.0,234.66501,20426
cgt_equalisation,CGT equalisation with income tax,2030,51160.688,0.0,777.62994,20457
cgt_equalisation,CGT equalisation with income tax,2030,98440.11,0.0,16425.598,20555
cgt_equalisation,CGT equalisation with income tax,2030,23337.658,0.0,2496.6167,20642
cgt_equalisation,CGT equalisation with income tax,2030,70370.555,0.0,195.46175,20692
cgt_equalisation,CGT equalisation with income tax,2030,91692.5,0.0,547.64374,20751
cgt_equalisation,CGT equalisation with income tax,2030,33638.816,0.0,39329.6,21263
cgt_equalisation,CGT equalisation with income tax,2030,19054.213,0.0,466.25583,21304
cgt_equalisation,CGT equalisation with income tax,2030,81949.234,0.0,277.89688,21486
cgt_equalisation,CGT equalisation with income tax,2030,69279.35,0.0,983.9138,21759
cgt_equalisation,CGT equalisation with income tax,2030,73577.86,0.0,310.1532,21763
cgt_equalisation,CGT equalisation with income tax,2030,41200.32,0.0,513.28314,21894
cgt_equalisation,CGT equalisation with income tax,2030,60684.01,0.0,288.5087,21905
cgt_equalisation,CGT equalisation with income tax,2030,108935.23,0.0,6069.9043,21952
cgt_equalisation,CGT equalisation with income tax,2030,95312.19,0.0,1703.5312,22015
cgt_equalisation,CGT equalisation with income tax,2030,126119.5,0.0,4233.5557,22150
cgt_equalisation,CGT equalisation with income tax,2030,55279.016,0.0,314.3768,22171
cgt_equalisation,CGT equalisation with income tax,2030,29403.695,0.0,1809.6001,22179
cgt_equalisation,CGT equalisation with income tax,2030,18719.703,0.0,401.08334,22197
cgt_equalisation,CGT equalisation with income tax,2030,19604.791,0.0,424.26056,22367
cgt_equalisation,CGT equalisation with income tax,2030,21239.582,0.0,636.045,22485
cgt_equalisation,CGT equalisation with income tax,2030,17611.438,0.0,987.18195,23016
cgt_equalisation,CGT equalisation with income tax,2030,37241.625,0.0,591.9271,23179
cgt_equalisation,CGT equalisation with income tax,2030,57810.824,0.0,440.37744,23654
cgt_equalisation,CGT equalisation with income tax,2030,24380.074,0.0,3224.3215,23867
cgt_equalisation,CGT equalisation with income tax,2030,29016.908,0.0,498.99377,23904
cgt_equalisation,CGT equalisation with income tax,2030,68430.7,0.0,46696.523,23972
cgt_equalisation,CGT equalisation with income tax,2030,46529.79,0.0,502.20996,23992
cgt_equalisation,CGT equalisation with income tax,2030,136514.0,0.0,11387.922,24109
cgt_equalisation,CGT equalisation with income tax,2030,71879.49,0.0,8281.256,24110
cgt_equalisation,CGT equalisation with income tax,2030,58360.465,0.0,405.90536,24112
cgt_equalisation,CGT equalisation with income tax,2030,104856.5,0.0,243.21597,24169
cgt_equalisation,CGT equalisation with income tax,2030,92808.23,0.0,35479.04,24170
cgt_equalisation,CGT equalisation with income tax,2030,58840.465,0.0,10035.368,24189
cgt_equalisation,CGT equalisation with income tax,2030,31131.734,0.0,6230.8813,24240
cgt_equalisation,CGT equalisation with income tax,2030,63130.53,0.0,24390.748,24503
cgt_equalisation,CGT equalisation with income tax,2030,24381.926,0.0,375.91125,24527
cgt_equalisation,CGT equalisation with income tax,2030,65456.457,0.0,730.0748,25073
cgt_equalisation,CGT equalisation with income tax,2030,50344.977,0.0,484.78683,25564
cgt_equalisation,CGT equalisation with income tax,2030,25109.574,0.0,601.4467,25667
cgt_equalisation,CGT equalisation with income tax,2030,80307.24,0.0,2722.7275,25784
cgt_equalisation,CGT equalisation with income tax,2030,74481.1,0.0,188.87784,25858
cgt_equalisation,CGT equalisation with income tax,2030,27622.705,0.0,39839.547,26003
cgt_equalisation,CGT equalisation with income tax,2030,17848.693,0.0,592.3145,26044
cgt_equalisation,CGT equalisation with income tax,2030,6454.539,0.0,13110.256,26272
cgt_equalisation,CGT equalisation with income tax,2030,30321.027,0.0,5128.774,26346
cgt_equalisation,CGT equalisation with income tax,2030,53809.79,0.0,315.11267,26408
cgt_equalisation,CGT equalisation with income tax,2030,1293.4137,0.0,59524.977,26448
cgt_equalisation,CGT equalisation with income tax,2030,24593.145,0.0,666.0873,26726
cgt_equalisation,CGT equalisation with income tax,2030,67634.9,0.0,2189.3828,26811
cgt_equalisation,CGT equalisation with income tax,2030,53917.227,0.0,31256.53,26832
cgt_equalisation,CGT equalisation with income tax,2030,25372.564,0.0,2856.7878,27077
cgt_equalisation,CGT equalisation with income tax,2030,44055.88,0.0,376.41205,27093
cgt_equalisation,CGT equalisation with income tax,2030,53029.17,0.0,2136.6035,27113
cgt_equalisation,CGT equalisation with income tax,2030,123488.62,0.0,1868.1093,27254
cgt_equalisation,CGT equalisation with income tax,2030,31615.16,0.0,19837.346,27293
cgt_equalisation,CGT equalisation with income tax,2030,55398.035,0.0,30851.508,27736
cgt_equalisation,CGT equalisation with income tax,2030,30408.572,0.0,538.9811,27751
cgt_equalisation,CGT equalisation with income tax,2030,59780.496,0.0,126459.71,27767
cgt_equalisation,CGT equalisation with income tax,2030,53609.6,0.0,11660.897,27991
cgt_equalisation,CGT equalisation with income tax,2030,21934.531,0.0,491.4338,28026
cgt_equalisation,CGT equalisation with income tax,2030,117495.19,0.0,25259.39,28725
cgt_equalisation,CGT equalisation with income tax,2030,57835.363,0.0,279.13245,28792
cgt_equalisation,CGT equalisation with income tax,2030,76086.54,0.0,764.89246,28899
cgt_equalisation,CGT equalisation with income tax,2030,48355.31,0.0,1606.9652,28941
cgt_equalisation,CGT equalisation with income tax,2030,16908.553,0.0,1767.853,29088
cgt_equalisation,CGT equalisation with income tax,2030,35264.637,0.0,669.747,29189
cgt_equalisation,CGT equalisation with income tax,2030,94523.46,0.0,2315.1057,29333
cgt_equalisation,CGT equalisation with income tax,2030,27369.0,0.0,1124.4657,29745
cgt_equalisation,CGT equalisation with income tax,2030,119296.4,0.0,232.3968,29749
cgt_equalisation,CGT equalisation with income tax,2030,39729.38,0.0,20997.846,30124
cgt_equalisation,CGT equalisation with income tax,2030,42555.363,0.0,450.6127,30238
cgt_equalisation,CGT equalisation with income tax,2030,75792.79,0.0,19274.969,30391
cgt_equalisation,CGT equalisation with income tax,2030,13845.318,0.0,44360.676,30913
cgt_equalisation,CGT equalisation with income tax,2030,85577.91,0.0,2791.1523,31066
cgt_equalisation,CGT equalisation with income tax,2030,22484.305,0.0,419.2781,31254
cgt_equalisation,CGT equalisation with income tax,2030,21187.787,0.0,7567.4604,31538
cgt_equalisation,CGT equalisation with income tax,2030,47727.992,0.0,5621.5527,31541
cgt_equalisation,CGT equalisation with income tax,2030,40483.8,0.0,81.37796,31546
cgt_equalisation,CGT equalisation with income tax,2030,138457.98,0.0,13142.229,31691
cgt_equalisation,CGT equalisation with income tax,2030,136825.17,0.0,439.3455,31767
cgt_equalisation,CGT equalisation with income tax,2030,92782.22,0.0,204.7335,31806
cgt_equalisation,CGT equalisation with income tax,2030,41185.164,0.0,26851.418,31886
cgt_equalisation,CGT equalisation with income tax,2030,108454.39,0.0,41205.504,31943
cgt_equalisation,CGT equalisation with income tax,2030,46914.457,0.0,404.87482,32163
cgt_equalisation,CGT equalisation with income tax,2030,71730.61,0.0,3195.0215,32168
cgt_equalisation,CGT equalisation with income tax,2030,49378.45,0.0,1212.3994,32172
cgt_equalisation,CGT equalisation with income tax,2030,69490.49,0.0,302.40704,32174
cgt_equalisation,CGT equalisation with income tax,2030,34027.09,0.0,300.70065,32254
cgt_equalisation,CGT equalisation with income tax,2030,61996.3,0.0,13114.683,32331
cgt_equalisation,CGT equalisation with income tax,2030,83144.23,0.0,1293.7892,32475
cgt_equalisation,CGT equalisation with income tax,2030,57828.367,-112.35547,23.879454,33814
cgt_equalisation,CGT equalisation with income tax,2030,48224.81,0.0,38.14117,41944
cgt_equalisation,CGT equalisation with income tax,2030,99211.49,0.0,62.009193,41950
cgt_equalisation,CGT equalisation with income tax,2030,22617.424,-25.101562,14.796417,46185
cgt_equalisation,CGT equalisation with income tax,2030,125902.65,-137.71875,199.97896,49121
cgt_equalisation,CGT equalisation with income tax,2030,50362.258,0.0,535.46,49812
cgt_equalisation,CGT equalisation with income tax,2030,46145.164,0.0,3335.5247,50537
cgt_equalisation,CGT equalisation with income tax,2030,7386.5967,0.0,8400.969,51580
cgt_equalisation,CGT equalisation with income tax,2030,59407.336,-434.84375,108.65892,51640
cgt_equalisation,CGT equalisation with income tax,2030,28788.543,0.0,556.4952,52783
cgt_equalisation,CGT equalisation with income tax,2030,22833.816,0.0,402.41644,54403
cgt_equalisation,CGT equalisation with income tax,2030,65554.22,-409.09375,144.81973,54749
cgt_equalisation,CGT equalisation with income tax,2030,134190.47,0.0,925.00635,54824
cgt_equalisation,CGT equalisation with income tax,2030,78780.695,0.0,203.5597,55334
cgt_equalisation,CGT equalisation with income tax,2030,17946.035,-64.7793,5444.753,55805
cgt_equalisation,CGT equalisation with income tax,2030,7693.2544,0.0,288.12115,56245
cgt_equalisation,CGT equalisation with income tax,2030,96111.5,0.0,15184.34,57181
cgt_equalisation,CGT equalisation with income tax,2030,146292.1,-1897.4844,17.36488,58496
cgt_equalisation,CGT equalisation with income tax,2030,4332.716,0.0,3719.799,58677
cgt_equalisation,CGT equalisation with income tax,2030,15280.242,0.0,284.9515,58702
cgt_equalisation,CGT equalisation with income tax,2030,27852.123,0.0,271.79077,60626
cgt_equalisation,CGT equalisation with income tax,2030,56859.117,0.0,780.61304,62259
cgt_equalisation,CGT equalisation with income tax,2030,103710.88,0.0,100.0758,62593
cgt_equalisation,CGT equalisation with income tax,2030,79294.81,0.0,2919.5435,62794
cgt_equalisation,CGT equalisation with income tax,2030,112778.27,0.0,127.91227,63791
cgt_equalisation,CGT equalisation with income tax,2030,60341.086,0.0,19495.963,64098
cgt_equalisation,CGT equalisation with income tax,2030,47555.176,0.0,1841.979,64774
fuel_duty_rise_cancellation,Fuel duty rise cancellation,2026,61595.875,0.0,663.75446,183
fuel_duty_rise_cancellation,Fuel duty rise cancellation,2026,44216.863,0.0,2175.013,222
fuel_duty_rise_cancellation,Fuel duty rise cancellation,2026,54952.812,0.0,702.3996,257
fuel_duty_rise_cancellation,Fuel duty rise cancellation,2026,7648.653,0.0,4989.9497,321
fuel_duty_rise_cancellation,Fuel duty rise cancellation,2026,52507.758,0.0,1931.6782,366
fuel_duty_rise_cancellation,Fuel duty rise cancellation,2026,41685.48,0.0,37845.137,385
fuel_duty_rise_cancellation,Fuel duty rise cancellation,2026,64939.32,0.0,7730.4873,507
fuel_duty_rise_cancellation,Fuel duty rise cancellation,2026,47045.41,0.0,3858.7468,603
fuel_duty_rise_cancellation,Fuel duty rise cancellation,2026,35584.426,0.0,1204.6614,621
fuel_duty_rise_cancellation,Fuel duty rise cancellation,2026,32247.045,0.0,634.173,668
fuel_duty_rise_cancellation,Fuel duty rise cancellation,2026,17006.973,0.0,714.5541,675
fuel_duty_rise_cancellation,Fuel duty rise cancellation,2026,18250.973,0.0,46616.04,769
fuel_duty_rise_cancellation,Fuel duty rise cancellation,2026,34794.57,0.0,2216.8916,800
fuel_duty_rise_cancellation,Fuel duty rise cancellation,2026,52727.203,0.0,22547.178,848
fuel_duty_rise_cancellation,Fuel duty rise cancellation,2026,58210.26,0.0,27195.488,978
fuel_duty_rise_cancellation,Fuel duty rise cancellation,2026,102592.99,0.0,23913.79,986
fuel_duty_rise_cancellation,Fuel duty rise cancellation,2026,37918.41,0.0,2069.0198,1068
fuel_duty_rise_cancellation,Fuel duty rise cancellation,2026,97709.266,0.0,30859.734,1075
fuel_duty_rise_cancellation,Fuel duty rise cancellation,2026,52665.016,0.0,41274.824,1116
fuel_duty_rise_cancellation,Fuel duty rise cancellation,2026,43035.473,0.0,10918.962,1144
fuel_duty_rise_cancellation,Fuel duty rise cancellation,2026,31557.416,0.0,5273.972,1151
fuel_duty_rise_cancellation,Fuel duty rise cancellation,2026,48167.273,0.0,33633.742,1179
fuel_duty_rise_cancellation,Fuel duty rise cancellation,2026,53426.03,0.0,204711.17,1243
fuel_duty_rise_cancellation,Fuel duty rise cancellation,2026,50603.086,0.0,1917.9135,1293
fuel_duty_rise_cancellation,Fuel duty rise cancellation,2026,31005.05,0.0,11526.386,1379
fuel_duty_rise_cancellation,Fuel duty rise cancellation,2026,17533.033,0.0,1205.126,1441
fuel_duty_rise_cancellation,Fuel duty rise cancellation,2026,40733.867,0.0,18209.834,1445
fuel_duty_rise_cancellation,Fuel duty rise cancellation,2026,90329.016,0.0,30974.266,1508
fuel_duty_rise_cancellation,Fuel duty rise cancellation,2026,61764.574,0.0,5522.9023,1577
fuel_duty_rise_cancellation,Fuel duty rise cancellation,2026,35624.062,0.0,1239.0973,1664
fuel_duty_rise_cancellation,Fuel duty rise cancellation,2026,30744.992,0.0,328.64478,1803
fuel_duty_rise_cancellation,Fuel duty rise cancellation,2026,47532.46,0.0,783.49634,1948
fuel_duty_rise_cancellation,Fuel duty rise cancellation,2026,43374.61,0.0,9503.147,2040
fuel_duty_rise_cancellation,Fuel duty rise cancellation,2026,53097.06,0.0,5059.4546,2084
fuel_duty_rise_cancellation,Fuel duty rise cancellation,2026,60275.977,0.0,6757.096,2128
fuel_duty_rise_cancellation,Fuel duty rise cancellation,2026,83366.68,0.0,94167.5,2156
fuel_duty_rise_cancellation,Fuel duty rise cancellation,2026,93342.44,0.0,48160.41,2176
fuel_duty_rise_cancellation,Fuel duty rise cancellation,2026,63080.91,0.0,4606.9644,2199
fuel_duty_rise_cancellation,Fuel duty rise cancellation,2026,13540.733,0.0,2636.9983,2307
fuel_duty_rise_cancellation,Fuel duty rise cancellation,2026,56188.426,0.0,3861.434,2315
fuel_duty_rise_cancellation,Fuel duty rise cancellation,2026,69788.82,0.0,1468.0137,2339
fuel_duty_rise_cancellation,Fuel duty rise cancellation,2026,10738.05,0.0,1659.1023,2341
fuel_duty_rise_cancellation,Fuel duty rise cancellation,2026,33845.055,0.0,311.43945,2412
fuel_duty_rise_cancellation,Fuel duty rise cancellation,2026,11400.443,0.0,45115.555,2465
fuel_duty_rise_cancellation,Fuel duty rise cancellation,2026,65749.81,0.0,62247.5,2529
fuel_duty_rise_cancellation,Fuel duty rise cancellation,2026,37322.117,0.0,1016.3172,2554
fuel_duty_rise_cancellation,Fuel duty rise cancellation,2026,26849.06,0.0,4319.588,2624
fuel_duty_rise_cancellation,Fuel duty rise cancellation,2026,55874.74,0.0,15248.75,2642
fuel_duty_rise_cancellation,Fuel duty rise cancellation,2026,46887.277,0.0,3849.3733,2670
fuel_duty_rise_cancellation,Fuel duty rise cancellation,2026,37498.215,0.0,31283.027,2694
fuel_duty_rise_cancellation,Fuel duty rise cancellation,2026,54254.754,0.0,1261.2319,2703
fuel_duty_rise_cancellation,Fuel duty rise cancellation,2026,55601.633,0.0,6159.4155,2722
fuel_duty_rise_cancellation,Fuel duty rise cancellation,2026,42803.047,0.0,3725.3357,2753
fuel_duty_rise_cancellation,Fuel duty rise cancellation,2026,38373.05,0.0,50095.656,2892
fuel_duty_rise_cancellation,Fuel duty rise cancellation,2026,22576.389,0.0,78885.375,2913
fuel_duty_rise_cancellation,Fuel duty rise cancellation,2026,46282.293,0.0,4403.0117,2932
fuel_duty_rise_cancellation,Fuel duty rise cancellation,2026,30022.818,0.0,1133.585,2960
fuel_duty_rise_cancellation,Fuel duty rise cancellation,2026,60482.125,0.0,813.82196,2967
fuel_duty_rise_cancellation,Fuel duty rise cancellation,2026,24592.055,0.0,5492.3906,3039
fuel_duty_rise_cancellation,Fuel duty rise cancellation,2026,93677.13,0.0,115.609764,3052
fuel_duty_rise_cancellation,Fuel duty rise cancellation,2026,72932.336,0.0,12558.571,3079
fuel_duty_rise_cancellation,Fuel duty rise cancellation,2026,18255.89,0.0,5212.548,3094
fuel_duty_rise_cancellation,Fuel duty rise cancellation,2026,55668.02,0.0,7765.3037,3107
fuel_duty_rise_cancellation,Fuel duty rise cancellation,2026,40093.742,0.0,7983.033,3139
fuel_duty_rise_cancellation,Fuel duty rise cancellation,2026,60994.395,0.0,830.50446,3284
fuel_duty_rise_cancellation,Fuel duty rise cancellation,2026,54302.754,0.0,26034.9,3341
fuel_duty_rise_cancellation,Fuel duty rise cancellation,2026,73048.99,0.0,169.47452,3344
fuel_duty_rise_cancellation,Fuel duty rise cancellation,2026,64152.094,0.0,4692.375,3386
fuel_duty_rise_cancellation,Fuel duty rise cancellation,2026,27020.867,0.0,882.26953,3399
fuel_duty_rise_cancellation,Fuel duty rise cancellation,2026,11937.943,0.0,40026.61,3460
fuel_duty_rise_cancellation,Fuel duty rise cancellation,2026,50528.797,0.0,75015.61,3520
fuel_duty_rise_cancellation,Fuel duty rise cancellation,2026,64552.414,0.0,12707.246,3562
fuel_duty_rise_cancellation,Fuel duty rise cancellation,2026,65284.695,0.0,47378.586,3577
fuel_duty_rise_cancellation,Fuel duty rise cancellation,2026,125018.44,0.0,296.72733,3640
fuel_duty_rise_cancellation,Fuel duty rise cancellation,2026,73497.42,0.0,142.9268,3643
fuel_duty_rise_cancellation,Fuel duty rise cancellation,2026,42431.19,0.0,787.07996,3645
fuel_duty_rise_cancellation,Fuel duty rise cancellation,2026,23942.936,0.0,10140.389,3660
fuel_duty_rise_cancellation,Fuel duty rise cancellation,2026,44667.004,0.0,54673.453,3664
fuel_duty_rise_cancellation,Fuel duty rise cancellation,2026,40038.88,0.0,137469.28,3711
fuel_duty_rise_cancellation,Fuel duty rise cancellation,2026,38317.027,0.0,9412.422,3740
fuel_duty_rise_cancellation,Fuel duty rise cancellation,2026,57271.75,0.0,22664.572,3747
fuel_duty_rise_cancellation,Fuel duty rise cancellation,2026,30073.877,0.0,3359.1316,3751
fuel_duty_rise_cancellation,Fuel duty rise cancellation,2026,34172.68,0.0,18607.344,3796
fuel_duty_rise_cancellation,Fuel duty rise cancellation,2026,13802.516,0.0,2955.7554,3804
fuel_duty_rise_cancellation,Fuel duty rise cancellation,2026,19776.51,0.0,4056.8774,3901
fuel_duty_rise_cancellation,Fuel duty rise cancellation,2026,69537.41,0.0,4949.5713,3996
fuel_duty_rise_cancellation,Fuel duty rise cancellation,2026,41361.164,0.0,3384.5176,4061
fuel_duty_rise_cancellation,Fuel duty rise cancellation,2026,53789.582,0.0,454.75525,4098
fuel_duty_rise_cancellation,Fuel duty rise cancellation,2026,47019.15,0.0,10673.34,4113
fuel_duty_rise_cancellation,Fuel duty rise cancellation,2026,33273.48,0.0,10158.272,4115
fuel_duty_rise_cancellation,Fuel duty rise cancellation,2026,22567.283,0.0,3988.5283,4189
fuel_duty_rise_cancellation,Fuel duty rise cancellation,2026,105133.8,0.0,2188.7153,4301
fuel_duty_rise_cancellation,Fuel duty rise cancellation,2026,18774.656,0.0,3594.324,4336
fuel_duty_rise_cancellation,Fuel duty rise cancellation,2026,75653.91,0.0,1093.2156,4443
fuel_duty_rise_cancellation,Fuel duty rise cancellation,2026,79120.82,0.0,1478.0002,4450
fuel_duty_rise_cancellation,Fuel duty rise cancellation,2026,48232.402,0.0,4846.5103,4497
fuel_duty_rise_cancellation,Fuel duty rise cancellation,2026,20669.875,0.0,1244.2167,4522
fuel_duty_rise_cancellation,Fuel duty rise cancellation,2026,16411.191,0.0,24117.852,4560
fuel_duty_rise_cancellation,Fuel duty rise cancellation,2026,27845.137,0.0,443.37088,4634
fuel_duty_rise_cancellation,Fuel duty rise cancellation,2026,71754.19,0.0,2459.0906,4712
fuel_duty_rise_cancellation,Fuel duty rise cancellation,2026,33101.53,0.0,1904.8591,4721
fuel_duty_rise_cancellation,Fuel duty rise cancellation,2026,82838.04,0.0,8412.747,4759
fuel_duty_rise_cancellation,Fuel duty rise cancellation,2026,130037.95,0.0,13266.36,4864
fuel_duty_rise_cancellation,Fuel duty rise cancellation,2026,24814.34,0.0,7352.9805,4934
fuel_duty_rise_cancellation,Fuel duty rise cancellation,2026,16575.217,0.0,21295.94,4953
fuel_duty_rise_cancellation,Fuel duty rise cancellation,2026,22736.203,0.0,18782.96,4970
fuel_duty_rise_cancellation,Fuel duty rise cancellation,2026,25831.742,0.0,109475.664,5003
fuel_duty_rise_cancellation,Fuel duty rise cancellation,2026,59464.72,0.0,4982.4136,5031
fuel_duty_rise_cancellation,Fuel duty rise cancellation,2026,29026.81,0.0,3583.8198,5038
fuel_duty_rise_cancellation,Fuel duty rise cancellation,2026,24000.238,0.0,9418.976,5090
fuel_duty_rise_cancellation,Fuel duty rise cancellation,2026,38665.523,0.0,1559.618,5106
fuel_duty_rise_cancellation,Fuel duty rise cancellation,2026,84795.79,0.0,1571.9172,5108
fuel_duty_rise_cancellation,Fuel duty rise cancellation,2026,32124.908,0.0,33736.58,5420
fuel_duty_rise_cancellation,Fuel duty rise cancellation,2026,95669.12,0.0,438.8037,5436
fuel_duty_rise_cancellation,Fuel duty rise cancellation,2026,46233.973,0.0,1068.7816,5475
fuel_duty_rise_cancellation,Fuel duty rise cancellation,2026,38670.45,0.0,4047.2002,5706
fuel_duty_rise_cancellation,Fuel duty rise cancellation,2026,15395.484,0.0,41591.79,5711
fuel_duty_rise_cancellation,Fuel duty rise cancellation,2026,51084.516,0.0,4873.452,5716
fuel_duty_rise_cancellation,Fuel duty rise cancellation,2026,34415.793,0.0,5578.864,5808
fuel_duty_rise_cancellation,Fuel duty rise cancellation,2026,68353.055,0.0,81112.13,5813
fuel_duty_rise_cancellation,Fuel duty rise cancellation,2026,49001.008,0.0,9421.224,5814
fuel_duty_rise_cancellation,Fuel duty rise cancellation,2026,48313.805,0.0,336.23062,5845
fuel_duty_rise_cancellation,Fuel duty rise cancellation,2026,100259.96,0.0,1566.3269,5905
fuel_duty_rise_cancellation,Fuel duty rise cancellation,2026,63811.18,0.0,2068.71,5906
fuel_duty_rise_cancellation,Fuel duty rise cancellation,2026,39370.043,0.0,283.22113,5966
fuel_duty_rise_cancellation,Fuel duty rise cancellation,2026,63626.0,0.0,37063.598,5971
fuel_duty_rise_cancellation,Fuel duty rise cancellation,2026,87117.5,0.0,69452.766,5972
fuel_duty_rise_cancellation,Fuel duty rise cancellation,2026,31902.438,0.0,2864.6516,6127
fuel_duty_rise_cancellation,Fuel duty rise cancellation,2026,51562.58,0.0,13312.591,6157
fuel_duty_rise_cancellation,Fuel duty rise cancellation,2026,38595.22,0.0,24053.248,6196
fuel_duty_rise_cancellation,Fuel duty rise cancellation,2026,22244.594,0.0,68221.25,6244
fuel_duty_rise_cancellation,Fuel duty rise cancellation,2026,55237.133,0.0,46493.285,6249
fuel_duty_rise_cancellation,Fuel duty rise cancellation,2026,9924.329,0.0,14340.748,6391
fuel_duty_rise_cancellation,Fuel duty rise cancellation,2026,39247.8,0.0,25710.195,6458
fuel_duty_rise_cancellation,Fuel duty rise cancellation,2026,35354.34,0.0,3040.0732,6462
fuel_duty_rise_cancellation,Fuel duty rise cancellation,2026,43390.52,0.0,331.84073,6479
fuel_duty_rise_cancellation,Fuel duty rise cancellation,2026,15166.802,0.0,114704.96,6494
fuel_duty_rise_cancellation,Fuel duty rise cancellation,2026,26953.55,0.0,8232.439,6533
fuel_duty_rise_cancellation,Fuel duty rise cancellation,2026,61828.305,0.0,7488.72,6598
fuel_duty_rise_cancellation,Fuel duty rise cancellation,2026,38363.082,0.0,1107.7172,6687
fuel_duty_rise_cancellation,Fuel duty rise cancellation,2026,21056.268,0.0,1424.6663,6695
fuel_duty_rise_cancellation,Fuel duty rise cancellation,2026,26610.934,0.0,79307.05,6732
fuel_duty_rise_cancellation,Fuel duty rise cancellation,2026,67082.99,0.0,216.6249,6753
fuel_duty_rise_cancellation,Fuel duty rise cancellation,2026,31364.572,0.0,49591.543,6815
fuel_duty_rise_cancellation,Fuel duty rise cancellation,2026,18100.854,0.0,19110.76,6864
fuel_duty_rise_cancellation,Fuel duty rise cancellation,2026,31599.62,0.0,786.047,6904
fuel_duty_rise_cancellation,Fuel duty rise cancellation,2026,14607.018,0.0,21591.1,6912
fuel_duty_rise_cancellation,Fuel duty rise cancellation,2026,21062.066,0.0,138696.06,6965
fuel_duty_rise_cancellation,Fuel duty rise cancellation,2026,58857.758,0.0,46491.156,6975
fuel_duty_rise_cancellation,Fuel duty rise cancellation,2026,72196.15,0.0,44264.47,6987
fuel_duty_rise_cancellation,Fuel duty rise cancellation,2026,46477.71,0.0,1733.3953,7020
fuel_duty_rise_cancellation,Fuel duty rise cancellation,2026,50639.16,0.0,3218.1843,7036
fuel_duty_rise_cancellation,Fuel duty rise cancellation,2026,40272.06,0.0,436.48062,7080
fuel_duty_rise_cancellation,Fuel duty rise cancellation,2026,21476.736,0.0,66575.3,7159
fuel_duty_rise_cancellation,Fuel duty rise cancellation,2026,42325.227,0.0,4226.516,7163
fuel_duty_rise_cancellation,Fuel duty rise cancellation,2026,50741.41,0.0,155354.19,7229
fuel_duty_rise_cancellation,Fuel duty rise cancellation,2026,30272.271,0.0,3971.8435,7248
fuel_duty_rise_cancellation,Fuel duty rise cancellation,2026,9434.684,0.0,25392.473,7428
fuel_duty_rise_cancellation,Fuel duty rise cancellation,2026,40295.277,0.0,48391.254,7444
fuel_duty_rise_cancellation,Fuel duty rise cancellation,2026,26376.865,0.0,11065.285,7459
fuel_duty_rise_cancellation,Fuel duty rise cancellation,2026,97993.57,0.0,18849.0,7504
fuel_duty_rise_cancellation,Fuel duty rise cancellation,2026,23217.898,0.0,43877.926,7539
fuel_duty_rise_cancellation,Fuel duty rise cancellation,2026,45621.566,0.0,3031.3557,7624
fuel_duty_rise_cancellation,Fuel duty rise cancellation,2026,90003.125,0.0,1338.762,7632
fuel_duty_rise_cancellation,Fuel duty rise cancellation,2026,25054.04,0.0,371.76028,7743
fuel_duty_rise_cancellation,Fuel duty rise cancellation,2026,26718.92,0.0,745.8145,7763
fuel_duty_rise_cancellation,Fuel duty rise cancellation,2026,66085.03,0.0,6555.721,7908
fuel_duty_rise_cancellation,Fuel duty rise cancellation,2026,12938.138,0.0,79648.28,8037
fuel_duty_rise_cancellation,Fuel duty rise cancellation,2026,16437.543,0.0,7320.6284,8077
fuel_duty_rise_cancellation,Fuel duty rise cancellation,2026,23097.104,0.0,1285.2063,8101
fuel_duty_rise_cancellation,Fuel duty rise cancellation,2026,35080.434,0.0,76068.87,8228
fuel_duty_rise_cancellation,Fuel duty rise cancellation,2026,60552.82,0.0,30898.637,8272
fuel_duty_rise_cancellation,Fuel duty rise cancellation,2026,58287.36,0.0,7305.267,8342
fuel_duty_rise_cancellation,Fuel duty rise cancellation,2026,37536.68,0.0,4065.5393,8392
fuel_duty_rise_cancellation,Fuel duty rise cancellation,2026,61970.938,0.0,5432.5713,8468
fuel_duty_rise_cancellation,Fuel duty rise cancellation,2026,20708.506,0.0,519.45197,8478
fuel_duty_rise_cancellation,Fuel duty rise cancellation,2026,52567.52,0.0,1137.6483,8480
fuel_duty_rise_cancellation,Fuel duty rise cancellation,2026,56922.348,0.0,79028.21,8511
fuel_duty_rise_cancellation,Fuel duty rise cancellation,2026,35706.984,0.0,264801.1,8566
fuel_duty_rise_cancellation,Fuel duty rise cancellation,2026,100923.125,0.0,433.4227,8595
fuel_duty_rise_cancellation,Fuel duty rise cancellation,2026,59064.71,0.0,39128.742,8686
fuel_duty_rise_cancellation,Fuel duty rise cancellation,2026,39897.266,0.0,17060.041,8762
fuel_duty_rise_cancellation,Fuel duty rise cancellation,2026,29085.137,0.0,52547.875,8782
fuel_duty_rise_cancellation,Fuel duty rise cancellation,2026,106066.23,0.0,266.56357,8790
fuel_duty_rise_cancellation,Fuel duty rise cancellation,2026,47554.68,0.0,5317.506,8879
fuel_duty_rise_cancellation,Fuel duty rise cancellation,2026,47034.203,0.0,512.2654,8945
fuel_duty_rise_cancellation,Fuel duty rise cancellation,2026,27656.656,0.0,13617.901,9118
fuel_duty_rise_cancellation,Fuel duty rise cancellation,2026,93890.8,0.0,88919.9,9196
fuel_duty_rise_cancellation,Fuel duty rise cancellation,2026,6816.9805,0.0,7159.8296,9288
fuel_duty_rise_cancellation,Fuel duty rise cancellation,2026,91093.72,0.0,26026.904,9313
fuel_duty_rise_cancellation,Fuel duty rise cancellation,2026,29116.447,0.0,39522.996,9395
fuel_duty_rise_cancellation,Fuel duty rise cancellation,2026,15448.237,0.0,44908.465,9396
fuel_duty_rise_cancellation,Fuel duty rise cancellation,2026,56145.1,0.0,14354.898,9409
fuel_duty_rise_cancellation,Fuel duty rise cancellation,2026,21276.629,0.0,8898.142,9418
fuel_duty_rise_cancellation,Fuel duty rise cancellation,2026,51526.766,0.0,10267.381,9419
fuel_duty_rise_cancellation,Fuel duty rise cancellation,2026,38850.78,0.0,59285.81,9497
fuel_duty_rise_cancellation,Fuel duty rise cancellation,2026,87331.63,0.0,118820.445,9588
fuel_duty_rise_cancellation,Fuel duty rise cancellation,2026,37724.895,0.0,11408.34,9652
fuel_duty_rise_cancellation,Fuel duty rise cancellation,2026,45283.61,0.0,182.27571,9664
fuel_duty_rise_cancellation,Fuel duty rise cancellation,2026,31298.068,0.0,91330.266,9734
fuel_duty_rise_cancellation,Fuel duty rise cancellation,2026,64816.09,0.0,9740.176,9744
fuel_duty_rise_cancellation,Fuel duty rise cancellation,2026,56276.445,0.0,20006.688,9754
fuel_duty_rise_cancellation,Fuel duty rise cancellation,2026,18862.037,0.0,440.48132,9779
fuel_duty_rise_cancellation,Fuel duty rise cancellation,2026,69153.55,0.0,306.15463,9782
fuel_duty_rise_cancellation,Fuel duty rise cancellation,2026,62582.266,0.0,51258.637,9851
fuel_duty_rise_cancellation,Fuel duty rise cancellation,2026,26807.014,0.0,94518.56,9876
fuel_duty_rise_cancellation,Fuel duty rise cancellation,2026,109746.516,0.0,9974.923,9933
fuel_duty_rise_cancellation,Fuel duty rise cancellation,2026,22730.69,0.0,821.25287,9962
fuel_duty_rise_cancellation,Fuel duty rise cancellation,2026,27797.139,0.0,42888.156,10072
fuel_duty_rise_cancellation,Fuel duty rise cancellation,2026,46789.19,0.0,95551.64,10082
fuel_duty_rise_cancellation,Fuel duty rise cancellation,2026,50667.65,0.0,645.30133,10125
fuel_duty_rise_cancellation,Fuel duty rise cancellation,2026,18568.291,0.0,695.0125,10153
fuel_duty_rise_cancellation,Fuel duty rise cancellation,2026,15405.363,0.0,112182.95,10159
fuel_duty_rise_cancellation,Fuel duty rise cancellation,2026,29496.477,0.0,35566.15,10230
fuel_duty_rise_cancellation,Fuel duty rise cancellation,2026,37147.38,0.0,10378.542,10231
fuel_duty_rise_cancellation,Fuel duty rise cancellation,2026,84991.32,0.0,551.1143,10256
fuel_duty_rise_cancellation,Fuel duty rise cancellation,2026,51121.836,0.0,16373.816,10325
fuel_duty_rise_cancellation,Fuel duty rise cancellation,2026,27512.455,0.0,510.62442,10386
fuel_duty_rise_cancellation,Fuel duty rise cancellation,2026,45809.945,0.0,7968.9683,10491
fuel_duty_rise_cancellation,Fuel duty rise cancellation,2026,34009.145,0.0,313.6757,10530
fuel_duty_rise_cancellation,Fuel duty rise cancellation,2026,41898.125,0.0,453.9923,10535
fuel_duty_rise_cancellation,Fuel duty rise cancellation,2026,58797.33,0.0,2522.3894,10567
fuel_duty_rise_cancellation,Fuel duty rise cancellation,2026,81264.46,0.0,78614.26,10582
fuel_duty_rise_cancellation,Fuel duty rise cancellation,2026,5369.4634,0.0,5015.5435,10629
fuel_duty_rise_cancellation,Fuel duty rise cancellation,2026,19615.98,0.0,17485.684,10632
fuel_duty_rise_cancellation,Fuel duty rise cancellation,2026,5810.1885,0.0,14384.87,10644
fuel_duty_rise_cancellation,Fuel duty rise cancellation,2026,36372.812,0.0,119354.12,10646
fuel_duty_rise_cancellation,Fuel duty rise cancellation,2026,18422.518,0.0,17386.412,10675
fuel_duty_rise_cancellation,Fuel duty rise cancellation,2026,29012.213,0.0,14680.654,10682
fuel_duty_rise_cancellation,Fuel duty rise cancellation,2026,53618.08,0.0,279.5879,10728
fuel_duty_rise_cancellation,Fuel duty rise cancellation,2026,29885.799,0.0,3629.8535,10772
fuel_duty_rise_cancellation,Fuel duty rise cancellation,2026,44955.246,0.0,1873.57,10821
fuel_duty_rise_cancellation,Fuel duty rise cancellation,2026,51957.258,0.0,13863.605,10900
fuel_duty_rise_cancellation,Fuel duty rise cancellation,2026,29730.979,0.0,1179.029,11037
fuel_duty_rise_cancellation,Fuel duty rise cancellation,2026,36328.59,0.0,304.3075,11054
fuel_duty_rise_cancellation,Fuel duty rise cancellation,2026,64590.918,0.0,832.9537,11137
fuel_duty_rise_cancellation,Fuel duty rise cancellation,2026,60465.457,0.0,3949.0786,11199
fuel_duty_rise_cancellation,Fuel duty rise cancellation,2026,100130.84,0.0,472.50986,11260
fuel_duty_rise_cancellation,Fuel duty rise cancellation,2026,42695.47,0.0,5624.043,11356
fuel_duty_rise_cancellation,Fuel duty rise cancellation,2026,68101.195,0.0,114.63916,11384
fuel_duty_rise_cancellation,Fuel duty rise cancellation,2026,117370.77,0.0,497.5694,11444
fuel_duty_rise_cancellation,Fuel duty rise cancellation,2026,88889.08,0.0,5130.7573,11457
fuel_duty_rise_cancellation,Fuel duty rise cancellation,2026,55089.242,0.0,227.77876,11560
fuel_duty_rise_cancellation,Fuel duty rise cancellation,2026,67222.24,0.0,749.8322,11599
fuel_duty_rise_cancellation,Fuel duty rise cancellation,2026,130974.414,0.0,130570.84,11615
fuel_duty_rise_cancellation,Fuel duty rise cancellation,2026,51114.348,0.0,37272.66,11757
fuel_duty_rise_cancellation,Fuel duty rise cancellation,2026,102969.63,0.0,4521.725,11834
fuel_duty_rise_cancellation,Fuel duty rise cancellation,2026,27556.602,0.0,281.26135,11877
fuel_duty_rise_cancellation,Fuel duty rise cancellation,2026,31871.951,0.0,6608.2866,11945
fuel_duty_rise_cancellation,Fuel duty rise cancellation,2026,40565.746,0.0,1127.9462,11980
fuel_duty_rise_cancellation,Fuel duty rise cancellation,2026,44593.406,0.0,3828.362,11992
fuel_duty_rise_cancellation,Fuel duty rise cancellation,2026,51901.914,0.0,27442.586,11995
fuel_duty_rise_cancellation,Fuel duty rise cancellation,2026,81123.25,0.0,45668.07,12162
fuel_duty_rise_cancellation,Fuel duty rise cancellation,2026,63527.992,0.0,14930.697,12275
fuel_duty_rise_cancellation,Fuel duty rise cancellation,2026,120707.36,0.0,12904.98,12346
fuel_duty_rise_cancellation,Fuel duty rise cancellation,2026,32682.562,0.0,16284.652,12352
fuel_duty_rise_cancellation,Fuel duty rise cancellation,2026,71922.67,0.0,715.5213,12362
fuel_duty_rise_cancellation,Fuel duty rise cancellation,2026,72903.46,0.0,879.3156,12396
fuel_duty_rise_cancellation,Fuel duty rise cancellation,2026,21747.61,0.0,25252.576,12404
fuel_duty_rise_cancellation,Fuel duty rise cancellation,2026,103884.55,0.0,12078.52,12441
fuel_duty_rise_cancellation,Fuel duty rise cancellation,2026,62224.49,0.0,18730.54,12506
fuel_duty_rise_cancellation,Fuel duty rise cancellation,2026,39397.16,0.0,9855.645,12512
fuel_duty_rise_cancellation,Fuel duty rise cancellation,2026,131125.5,0.0,90374.92,12585
fuel_duty_rise_cancellation,Fuel duty rise cancellation,2026,23842.871,0.0,2338.5903,12604
fuel_duty_rise_cancellation,Fuel duty rise cancellation,2026,45500.223,0.0,8777.994,12635
fuel_duty_rise_cancellation,Fuel duty rise cancellation,2026,36508.348,0.0,521.99854,12716
fuel_duty_rise_cancellation,Fuel duty rise cancellation,2026,19109.154,0.0,13524.193,12785
fuel_duty_rise_cancellation,Fuel duty rise cancellation,2026,133460.67,0.0,5573.788,12788
fuel_duty_rise_cancellation,Fuel duty rise cancellation,2026,54205.27,0.0,5757.178,12821
fuel_duty_rise_cancellation,Fuel duty rise cancellation,2026,45185.785,0.0,1013.0044,12972
fuel_duty_rise_cancellation,Fuel duty rise cancellation,2026,61072.797,0.0,750.80475,12981
fuel_duty_rise_cancellation,Fuel duty rise cancellation,2026,119811.53,0.0,26163.611,12990
fuel_duty_rise_cancellation,Fuel duty rise cancellation,2026,39081.81,0.0,15246.645,13041
fuel_duty_rise_cancellation,Fuel duty rise cancellation,2026,39468.68,0.0,86158.23,13118
fuel_duty_rise_cancellation,Fuel duty rise cancellation,2026,117581.9,0.0,24520.12,13139
fuel_duty_rise_cancellation,Fuel duty rise cancellation,2026,24816.133,0.0,401.81705,13150
fuel_duty_rise_cancellation,Fuel duty rise cancellation,2026,26173.236,0.0,2822.5073,13154
fuel_duty_rise_cancellation,Fuel duty rise cancellation,2026,22289.918,0.0,5300.051,13196
fuel_duty_rise_cancellation,Fuel duty rise cancellation,2026,65382.094,0.0,34477.145,13209
fuel_duty_rise_cancellation,Fuel duty rise cancellation,2026,105074.51,0.0,2814.3047,13287
fuel_duty_rise_cancellation,Fuel duty rise cancellation,2026,112423.65,0.0,530.6424,13303
fuel_duty_rise_cancellation,Fuel duty rise cancellation,2026,39097.066,0.0,12862.523,13339
fuel_duty_rise_cancellation,Fuel duty rise cancellation,2026,112842.07,0.0,8869.071,13358
fuel_duty_rise_cancellation,Fuel duty rise cancellation,2026,27321.072,0.0,2424.809,13417
fuel_duty_rise_cancellation,Fuel duty rise cancellation,2026,59686.25,0.0,13408.6875,13419
fuel_duty_rise_cancellation,Fuel duty rise cancellation,2026,21395.297,0.0,593.1883,13463
fuel_duty_rise_cancellation,Fuel duty rise cancellation,2026,41819.566,0.0,22010.535,13533
fuel_duty_rise_cancellation,Fuel duty rise cancellation,2026,79598.72,0.0,26669.67,13627
fuel_duty_rise_cancellation,Fuel duty rise cancellation,2026,42445.875,0.0,931.307,13735
fuel_duty_rise_cancellation,Fuel duty rise cancellation,2026,6803.634,0.0,327.9916,13784
fuel_duty_rise_cancellation,Fuel duty rise cancellation,2026,13052.15,0.0,40444.387,13786
fuel_duty_rise_cancellation,Fuel duty rise cancellation,2026,53623.035,0.0,70083.016,13843
fuel_duty_rise_cancellation,Fuel duty rise cancellation,2026,21880.672,0.0,355.89853,13939
fuel_duty_rise_cancellation,Fuel duty rise cancellation,2026,107728.24,0.0,647.42377,13985
fuel_duty_rise_cancellation,Fuel duty rise cancellation,2026,51089.875,0.0,140656.5,14066
fuel_duty_rise_cancellation,Fuel duty rise cancellation,2026,25517.676,0.0,182.75111,14081
fuel_duty_rise_cancellation,Fuel duty rise cancellation,2026,56181.43,0.0,3413.146,14086
fuel_duty_rise_cancellation,Fuel duty rise cancellation,2026,38320.637,0.0,2342.3533,14123
fuel_duty_rise_cancellation,Fuel duty rise cancellation,2026,30589.934,0.0,431.01,14161
fuel_duty_rise_cancellation,Fuel duty rise cancellation,2026,84232.01,0.0,37771.453,14219
fuel_duty_rise_cancellation,Fuel duty rise cancellation,2026,69642.445,0.0,33361.207,14225
fuel_duty_rise_cancellation,Fuel duty rise cancellation,2026,63546.42,0.0,4510.422,14298
fuel_duty_rise_cancellation,Fuel duty rise cancellation,2026,76709.734,0.0,50435.305,14332
fuel_duty_rise_cancellation,Fuel duty rise cancellation,2026,14661.58,0.0,9795.042,14424
fuel_duty_rise_cancellation,Fuel duty rise cancellation,2026,40875.188,0.0,1777.9557,14458
fuel_duty_rise_cancellation,Fuel duty rise cancellation,2026,56456.61,0.0,7787.283,14474
fuel_duty_rise_cancellation,Fuel duty rise cancellation,2026,76157.79,0.0,1326.9979,14483
fuel_duty_rise_cancellation,Fuel duty rise cancellation,2026,35963.504,0.0,1733.6395,14558
fuel_duty_rise_cancellation,Fuel duty rise cancellation,2026,70198.38,0.0,1558.2562,14580
fuel_duty_rise_cancellation,Fuel duty rise cancellation,2026,71121.42,0.0,456.124,14591
fuel_duty_rise_cancellation,Fuel duty rise cancellation,2026,48399.82,0.0,67193.4,14660
fuel_duty_rise_cancellation,Fuel duty rise cancellation,2026,64878.53,0.0,2940.6355,14674
fuel_duty_rise_cancellation,Fuel duty rise cancellation,2026,3207.398,0.0,821.41425,14686
fuel_duty_rise_cancellation,Fuel duty rise cancellation,2026,64749.684,0.0,3922.92,14746
fuel_duty_rise_cancellation,Fuel duty rise cancellation,2026,21599.412,0.0,329.07275,14757
fuel_duty_rise_cancellation,Fuel duty rise cancellation,2026,5786.995,0.0,21414.94,14791
fuel_duty_rise_cancellation,Fuel duty rise cancellation,2026,33191.285,0.0,80495.195,14809
fuel_duty_rise_cancellation,Fuel duty rise cancellation,2026,131704.16,0.0,27976.45,14895
fuel_duty_rise_cancellation,Fuel duty rise cancellation,2026,48960.438,0.0,5132.643,14910
fuel_duty_rise_cancellation,Fuel duty rise cancellation,2026,36432.61,0.0,137.36948,14961
fuel_duty_rise_cancellation,Fuel duty rise cancellation,2026,75879.92,0.0,18781.006,14989
fuel_duty_rise_cancellation,Fuel duty rise cancellation,2026,31139.873,0.0,16601.332,15036
fuel_duty_rise_cancellation,Fuel duty rise cancellation,2026,67805.93,0.0,256.2087,15072
fuel_duty_rise_cancellation,Fuel duty rise cancellation,2026,68549.9,0.0,6401.5444,15169
fuel_duty_rise_cancellation,Fuel duty rise cancellation,2026,109370.8,0.0,404.4964,15182
fuel_duty_rise_cancellation,Fuel duty rise cancellation,2026,33502.24,0.0,590.96216,15216
fuel_duty_rise_cancellation,Fuel duty rise cancellation,2026,107959.63,0.0,5130.4155,15234
fuel_duty_rise_cancellation,Fuel duty rise cancellation,2026,49330.67,0.0,317.9078,15322
fuel_duty_rise_cancellation,Fuel duty rise cancellation,2026,101098.42,0.0,1192.8608,15348
fuel_duty_rise_cancellation,Fuel duty rise cancellation,2026,87204.15,0.0,11413.056,15394
fuel_duty_rise_cancellation,Fuel duty rise cancellation,2026,58066.484,0.0,151174.28,15519
fuel_duty_rise_cancellation,Fuel duty rise cancellation,2026,61088.188,0.0,560.93634,15548
fuel_duty_rise_cancellation,Fuel duty rise cancellation,2026,49297.53,0.0,18980.312,15599
fuel_duty_rise_cancellation,Fuel duty rise cancellation,2026,90988.31,0.0,5709.1787,15611
fuel_duty_rise_cancellation,Fuel duty rise cancellation,2026,29893.531,0.0,11493.491,15633
fuel_duty_rise_cancellation,Fuel duty rise cancellation,2026,84692.8,0.0,5806.2437,15642
fuel_duty_rise_cancellation,Fuel duty rise cancellation,2026,72618.53,0.0,32601.586,15668
fuel_duty_rise_cancellation,Fuel duty rise cancellation,2026,97905.86,0.0,124114.86,15721
fuel_duty_rise_cancellation,Fuel duty rise cancellation,2026,54847.49,0.0,862.9561,15728
fuel_duty_rise_cancellation,Fuel duty rise cancellation,2026,47245.15,0.0,23814.512,15740
fuel_duty_rise_cancellation,Fuel duty rise cancellation,2026,39019.562,0.0,24714.736,15945
fuel_duty_rise_cancellation,Fuel duty rise cancellation,2026,28377.53,0.0,2343.44,15966
fuel_duty_rise_cancellation,Fuel duty rise cancellation,2026,12522.507,0.0,1835.3478,15981
fuel_duty_rise_cancellation,Fuel duty rise cancellation,2026,57035.375,0.0,389.9138,16003
fuel_duty_rise_cancellation,Fuel duty rise cancellation,2026,26161.596,0.0,654.8686,16058
fuel_duty_rise_cancellation,Fuel duty rise cancellation,2026,44519.934,0.0,11902.915,16180
fuel_duty_rise_cancellation,Fuel duty rise cancellation,2026,45899.93,0.0,490.88718,16411
fuel_duty_rise_cancellation,Fuel duty rise cancellation,2026,52824.824,0.0,215.73302,16439
fuel_duty_rise_cancellation,Fuel duty rise cancellation,2026,101289.945,0.0,51361.17,16724
fuel_duty_rise_cancellation,Fuel duty rise cancellation,2026,101659.35,0.0,402.4654,16845
fuel_duty_rise_cancellation,Fuel duty rise cancellation,2026,3542.124,0.0,345.359,17074
fuel_duty_rise_cancellation,Fuel duty rise cancellation,2026,34460.918,0.0,544.9004,17104
fuel_duty_rise_cancellation,Fuel duty rise cancellation,2026,28887.465,0.0,31915.123,17379
fuel_duty_rise_cancellation,Fuel duty rise cancellation,2026,57701.17,0.0,860.2458,17740
fuel_duty_rise_cancellation,Fuel duty rise cancellation,2026,57128.99,0.0,589.8951,17800
fuel_duty_rise_cancellation,Fuel duty rise cancellation,2026,6915.2686,0.0,287.17422,17876
fuel_duty_rise_cancellation,Fuel duty rise cancellation,2026,122348.09,0.0,7416.062,17918
fuel_duty_rise_cancellation,Fuel duty rise cancellation,2026,87590.69,0.0,7989.248,17925
fuel_duty_rise_cancellation,Fuel duty rise cancellation,2026,70703.05,0.0,15205.29,17983
fuel_duty_rise_cancellation,Fuel duty rise cancellation,2026,101472.766,0.0,95477.76,18465
fuel_duty_rise_cancellation,Fuel duty rise cancellation,2026,18483.594,0.0,940.0187,18670
fuel_duty_rise_cancellation,Fuel duty rise cancellation,2026,129471.84,0.0,44076.16,18686
fuel_duty_rise_cancellation,Fuel duty rise cancellation,2026,17302.844,0.0,22970.807,18754
fuel_duty_rise_cancellation,Fuel duty rise cancellation,2026,31886.5,0.0,930.1046,18843
fuel_duty_rise_cancellation,Fuel duty rise cancellation,2026,77765.92,0.0,12084.708,19014
fuel_duty_rise_cancellation,Fuel duty rise cancellation,2026,11027.917,0.0,582.7216,19199
fuel_duty_rise_cancellation,Fuel duty rise cancellation,2026,104605.85,0.0,526.3707,19212
fuel_duty_rise_cancellation,Fuel duty rise cancellation,2026,61102.125,0.0,3897.8972,19368
fuel_duty_rise_cancellation,Fuel duty rise cancellation,2026,103630.39,0.0,22.734783,19419
fuel_duty_rise_cancellation,Fuel duty rise cancellation,2026,38112.555,0.0,1590.2798,19707
fuel_duty_rise_cancellation,Fuel duty rise cancellation,2026,74008.43,0.0,939.2445,19725
fuel_duty_rise_cancellation,Fuel duty rise cancellation,2026,26192.87,0.0,1608.2172,19809
fuel_duty_rise_cancellation,Fuel duty rise cancellation,2026,47533.605,0.0,9202.447,19932
fuel_duty_rise_cancellation,Fuel duty rise cancellation,2026,16514.0,0.0,3675.6475,19936
fuel_duty_rise_cancellation,Fuel duty rise cancellation,2026,81549.86,0.0,7242.9497,19953
fuel_duty_rise_cancellation,Fuel duty rise cancellation,2026,26284.04,0.0,325.45633,20000
fuel_duty_rise_cancellation,Fuel duty rise cancellation,2026,31653.44,0.0,29441.25,20039
fuel_duty_rise_cancellation,Fuel duty rise cancellation,2026,69214.28,0.0,3335.0688,20057
fuel_duty_rise_cancellation,Fuel duty rise cancellation,2026,21167.234,0.0,1566.025,20120
fuel_duty_rise_cancellation,Fuel duty rise cancellation,2026,54808.05,0.0,569.92676,20310
fuel_duty_rise_cancellation,Fuel duty rise cancellation,2026,43737.54,0.0,269.30002,20323
fuel_duty_rise_cancellation,Fuel duty rise cancellation,2026,98586.81,0.0,6441.69,20383
fuel_duty_rise_cancellation,Fuel duty rise cancellation,2026,29588.238,0.0,230.8097,20426
fuel_duty_rise_cancellation,Fuel duty rise cancellation,2026,47292.188,0.0,764.85425,20457
fuel_duty_rise_cancellation,Fuel duty rise cancellation,2026,90525.29,0.0,16155.742,20555
fuel_duty_rise_cancellation,Fuel duty rise cancellation,2026,21897.875,0.0,2455.5999,20642
fuel_duty_rise_cancellation,Fuel duty rise cancellation,2026,66006.47,0.0,192.2505,20692
fuel_duty_rise_cancellation,Fuel duty rise cancellation,2026,85769.14,0.0,538.6465,20751
fuel_duty_rise_cancellation,Fuel duty rise cancellation,2026,32746.094,0.0,38683.457,21263
fuel_duty_rise_cancellation,Fuel duty rise cancellation,2026,18062.77,0.0,458.5957,21304
fuel_duty_rise_cancellation,Fuel duty rise cancellation,2026,75948.09,0.0,273.33133,21486
fuel_duty_rise_cancellation,Fuel duty rise cancellation,2026,62126.71,0.0,967.7491,21759
fuel_duty_rise_cancellation,Fuel duty rise cancellation,2026,70106.54,0.0,305.0577,21763
fuel_duty_rise_cancellation,Fuel duty rise cancellation,2026,37581.52,0.0,504.85037,21894
fuel_duty_rise_cancellation,Fuel duty rise cancellation,2026,54527.266,0.0,283.7688,21905
fuel_duty_rise_cancellation,Fuel duty rise cancellation,2026,103685.09,0.0,5970.1816,21952
fuel_duty_rise_cancellation,Fuel duty rise cancellation,2026,88091.14,0.0,1675.5438,22015
fuel_duty_rise_cancellation,Fuel duty rise cancellation,2026,117151.76,0.0,4164.003,22150
fuel_duty_rise_cancellation,Fuel duty rise cancellation,2026,52030.508,0.0,309.2119,22171
fuel_duty_rise_cancellation,Fuel duty rise cancellation,2026,27391.326,0.0,1779.8701,22179
fuel_duty_rise_cancellation,Fuel duty rise cancellation,2026,17848.7,0.0,394.49393,22197
fuel_duty_rise_cancellation,Fuel duty rise cancellation,2026,18642.477,0.0,417.29037,22367
fuel_duty_rise_cancellation,Fuel duty rise cancellation,2026,20017.83,0.0,625.5954,22485
fuel_duty_rise_cancellation,Fuel duty rise cancellation,2026,16410.678,0.0,970.9635,23016
fuel_duty_rise_cancellation,Fuel duty rise cancellation,2026,32429.062,0.0,582.20233,23179
fuel_duty_rise_cancellation,Fuel duty rise cancellation,2026,53495.242,0.0,433.1425,23654
fuel_duty_rise_cancellation,Fuel duty rise cancellation,2026,22469.16,0.0,3171.349,23867
fuel_duty_rise_cancellation,Fuel duty rise cancellation,2026,26563.15,0.0,490.79578,23904
fuel_duty_rise_cancellation,Fuel duty rise cancellation,2026,63959.83,0.0,45929.348,23972
fuel_duty_rise_cancellation,Fuel duty rise cancellation,2026,43680.63,0.0,493.95914,23992
fuel_duty_rise_cancellation,Fuel duty rise cancellation,2026,127335.5,0.0,11200.829,24109
fuel_duty_rise_cancellation,Fuel duty rise cancellation,2026,67584.54,0.0,8145.2036,24110
fuel_duty_rise_cancellation,Fuel duty rise cancellation,2026,54465.656,0.0,399.23676,24112
fuel_duty_rise_cancellation,Fuel duty rise cancellation,2026,97152.875,0.0,239.22018,24169
fuel_duty_rise_cancellation,Fuel duty rise cancellation,2026,87141.17,0.0,34896.156,24170
fuel_duty_rise_cancellation,Fuel duty rise cancellation,2026,54982.387,0.0,9870.496,24189
fuel_duty_rise_cancellation,Fuel duty rise cancellation,2026,29375.666,0.0,6128.5137,24240
fuel_duty_rise_cancellation,Fuel duty rise cancellation,2026,58104.32,0.0,23990.031,24503
fuel_duty_rise_cancellation,Fuel duty rise cancellation,2026,23296.125,0.0,369.73538,24527
fuel_duty_rise_cancellation,Fuel duty rise cancellation,2026,63150.97,0.0,718.0804,25073
fuel_duty_rise_cancellation,Fuel duty rise cancellation,2026,46903.08,0.0,476.8223,25564
fuel_duty_rise_cancellation,Fuel duty rise cancellation,2026,21350.48,0.0,591.56555,25667
fuel_duty_rise_cancellation,Fuel duty rise cancellation,2026,78514.3,0.0,2677.9958,25784
fuel_duty_rise_cancellation,Fuel duty rise cancellation,2026,69340.484,0.0,185.77478,25858
fuel_duty_rise_cancellation,Fuel duty rise cancellation,2026,25417.22,0.0,39185.023,26003
fuel_duty_rise_cancellation,Fuel duty rise cancellation,2026,16944.764,0.0,582.5834,26044
fuel_duty_rise_cancellation,Fuel duty rise cancellation,2026,6465.451,0.0,12894.867,26272
fuel_duty_rise_cancellation,Fuel duty rise cancellation,2026,28180.072,0.0,5044.5137,26346
fuel_duty_rise_cancellation,Fuel duty rise cancellation,2026,51009.785,0.0,309.9357,26408
fuel_duty_rise_cancellation,Fuel duty rise cancellation,2026,1149.0247,0.0,58547.043,26448
fuel_duty_rise_cancellation,Fuel duty rise cancellation,2026,22904.86,0.0,655.14404,26726
fuel_duty_rise_cancellation,Fuel duty rise cancellation,2026,62276.97,0.0,2153.4133,26811
fuel_duty_rise_cancellation,Fuel duty rise cancellation,2026,49527.816,0.0,30743.016,26832
fuel_duty_rise_cancellation,Fuel duty rise cancellation,2026,23687.781,0.0,2809.8538,27077
fuel_duty_rise_cancellation,Fuel duty rise cancellation,2026,40028.52,0.0,370.228,27093
fuel_duty_rise_cancellation,Fuel duty rise cancellation,2026,48821.508,0.0,2101.5012,27113
fuel_duty_rise_cancellation,Fuel duty rise cancellation,2026,114610.99,0.0,1837.418,27254
fuel_duty_rise_cancellation,Fuel duty rise cancellation,2026,29543.09,0.0,19511.436,27293
fuel_duty_rise_cancellation,Fuel duty rise cancellation,2026,52512.227,0.0,30344.648,27736
fuel_duty_rise_cancellation,Fuel duty rise cancellation,2026,28704.701,0.0,530.12616,27751
fuel_duty_rise_cancellation,Fuel duty rise cancellation,2026,56026.2,0.0,124382.1,27767
fuel_duty_rise_cancellation,Fuel duty rise cancellation,2026,49869.43,0.0,11469.32,27991
fuel_duty_rise_cancellation,Fuel duty rise cancellation,2026,20590.13,0.0,483.36002,28026
fuel_duty_rise_cancellation,Fuel duty rise cancellation,2026,117125.41,0.0,24844.406,28725
fuel_duty_rise_cancellation,Fuel duty rise cancellation,2026,53590.28,0.0,274.54657,28792
fuel_duty_rise_cancellation,Fuel duty rise cancellation,2026,70738.99,0.0,752.32605,28899
fuel_duty_rise_cancellation,Fuel duty rise cancellation,2026,44540.574,0.0,1580.5643,28941
fuel_duty_rise_cancellation,Fuel duty rise cancellation,2026,16222.19,0.0,1738.809,29088
fuel_duty_rise_cancellation,Fuel duty rise cancellation,2026,31301.648,0.0,658.7437,29189
fuel_duty_rise_cancellation,Fuel duty rise cancellation,2026,88788.21,0.0,2277.0708,29333
fuel_duty_rise_cancellation,Fuel duty rise cancellation,2026,25403.371,0.0,1105.9918,29745
fuel_duty_rise_cancellation,Fuel duty rise cancellation,2026,111100.47,0.0,228.57877,29749
fuel_duty_rise_cancellation,Fuel duty rise cancellation,2026,37867.406,0.0,20652.871,30124
fuel_duty_rise_cancellation,Fuel duty rise cancellation,2026,39699.016,0.0,443.20956,30238
fuel_duty_rise_cancellation,Fuel duty rise cancellation,2026,70917.836,0.0,18958.299,30391
fuel_duty_rise_cancellation,Fuel duty rise cancellation,2026,13175.265,0.0,43631.875,30913
fuel_duty_rise_cancellation,Fuel duty rise cancellation,2026,79691.71,0.0,2745.2964,31066
fuel_duty_rise_cancellation,Fuel duty rise cancellation,2026,21096.553,0.0,412.38977,31254
fuel_duty_rise_cancellation,Fuel duty rise cancellation,2026,19819.855,0.0,7443.135,31538
fuel_duty_rise_cancellation,Fuel duty rise cancellation,2026,44158.402,0.0,5529.197,31541
fuel_duty_rise_cancellation,Fuel duty rise cancellation,2026,37629.71,0.0,80.04101,31546
fuel_duty_rise_cancellation,Fuel duty rise cancellation,2026,128525.55,0.0,12926.315,31691
fuel_duty_rise_cancellation,Fuel duty rise cancellation,2026,128061.055,0.0,432.12747,31767
fuel_duty_rise_cancellation,Fuel duty rise cancellation,2026,84798.57,0.0,201.36993,31806
fuel_duty_rise_cancellation,Fuel duty rise cancellation,2026,40624.656,0.0,26410.275,31886
fuel_duty_rise_cancellation,Fuel duty rise cancellation,2026,99939.82,0.0,40528.54,31943
fuel_duty_rise_cancellation,Fuel duty rise cancellation,2026,44143.445,0.0,398.22314,32163
fuel_duty_rise_cancellation,Fuel duty rise cancellation,2026,69569.23,0.0,3142.5305,32168
fuel_duty_rise_cancellation,Fuel duty rise cancellation,2026,44854.03,0.0,1192.481,32172
fuel_duty_rise_cancellation,Fuel duty rise cancellation,2026,63352.473,0.0,297.4388,32174
fuel_duty_rise_cancellation,Fuel duty rise cancellation,2026,32129.21,0.0,295.7604,32254
fuel_duty_rise_cancellation,Fuel duty rise cancellation,2026,57642.457,0.0,12899.222,32331
fuel_duty_rise_cancellation,Fuel duty rise cancellation,2026,77488.445,0.0,1272.5336,32475
fuel_duty_rise_cancellation,Fuel duty rise cancellation,2026,53937.95,0.0,23.487137,33814
fuel_duty_rise_cancellation,Fuel duty rise cancellation,2026,43782.57,0.0,37.514545,41944
fuel_duty_rise_cancellation,Fuel duty rise cancellation,2026,94106.734,0.0,60.990444,41950
fuel_duty_rise_cancellation,Fuel duty rise cancellation,2026,21768.621,0.0,14.553328,46185
fuel_duty_rise_cancellation,Fuel duty rise cancellation,2026,117142.12,0.0,196.69351,49121
fuel_duty_rise_cancellation,Fuel duty rise cancellation,2026,47646.34,0.0,526.6629,49812
fuel_duty_rise_cancellation,Fuel duty rise cancellation,2026,43909.96,0.0,3280.7253,50537
fuel_duty_rise_cancellation,Fuel duty rise cancellation,2026,7187.666,0.0,8262.948,51580
fuel_duty_rise_cancellation,Fuel duty rise cancellation,2026,54885.133,0.0,106.873764,51640
fuel_duty_rise_cancellation,Fuel duty rise cancellation,2026,28243.459,0.0,547.3525,52783
fuel_duty_rise_cancellation,Fuel duty rise cancellation,2026,23369.094,0.0,395.80518,54403
fuel_duty_rise_cancellation,Fuel duty rise cancellation,2026,61183.273,0.0,142.44048,54749
fuel_duty_rise_cancellation,Fuel duty rise cancellation,2026,120486.914,0.0,909.8094,54824
fuel_duty_rise_cancellation,Fuel duty rise cancellation,2026,71328.336,0.0,200.21541,55334
fuel_duty_rise_cancellation,Fuel duty rise cancellation,2026,16651.787,0.0,5355.3013,55805
fuel_duty_rise_cancellation,Fuel duty rise cancellation,2026,9388.467,0.0,283.3876,56245
fuel_duty_rise_cancellation,Fuel duty rise cancellation,2026,88448.34,0.0,14934.876,57181
fuel_duty_rise_cancellation,Fuel duty rise cancellation,2026,137310.06,0.0,17.079592,58496
fuel_duty_rise_cancellation,Fuel duty rise cancellation,2026,4308.907,0.0,3658.6865,58677
fuel_duty_rise_cancellation,Fuel duty rise cancellation,2026,14685.105,0.0,280.27002,58702
fuel_duty_rise_cancellation,Fuel duty rise cancellation,2026,26540.52,0.0,267.32553,60626
fuel_duty_rise_cancellation,Fuel duty rise cancellation,2026,52951.85,0.0,767.7883,62259
fuel_duty_rise_cancellation,Fuel duty rise cancellation,2026,97478.3,0.0,98.431656,62593
fuel_duty_rise_cancellation,Fuel duty rise cancellation,2026,72846.04,0.0,2871.5784,62794
fuel_duty_rise_cancellation,Fuel duty rise cancellation,2026,105027.75,0.0,125.81081,63791
fuel_duty_rise_cancellation,Fuel duty rise cancellation,2026,56016.75,0.0,19175.662,64098
fuel_duty_rise_cancellation,Fuel duty rise cancellation,2026,47619.816,0.0,1811.7172,64774
fuel_duty_rise_cancellation,Fuel duty rise cancellation,2027,62355.406,0.0,666.2104,183
fuel_duty_rise_cancellation,Fuel duty rise cancellation,2027,44885.945,284.6211,2183.0605,222
fuel_duty_rise_cancellation,Fuel duty rise cancellation,2027,55948.688,0.0,704.9985,257
fuel_duty_rise_cancellation,Fuel duty rise cancellation,2027,7701.9873,0.0,5008.4126,321
fuel_duty_rise_cancellation,Fuel duty rise cancellation,2027,53402.63,19.113281,1938.8254,366
fuel_duty_rise_cancellation,Fuel duty rise cancellation,2027,42578.61,41.734375,37985.164,385
fuel_duty_rise_cancellation,Fuel duty rise cancellation,2027,66118.17,41.757812,7759.0903,507
fuel_duty_rise_cancellation,Fuel duty rise cancellation,2027,47934.8,0.0,3873.0242,603
fuel_duty_rise_cancellation,Fuel duty rise cancellation,2027,36126.69,41.148438,1209.1187,621
fuel_duty_rise_cancellation,Fuel duty rise cancellation,2027,32837.3,0.0,636.5194,668
fuel_duty_rise_cancellation,Fuel duty rise cancellation,2027,17295.77,0.0,717.19794,675
fuel_duty_rise_cancellation,Fuel duty rise cancellation,2027,18544.035,245.63672,46788.52,769
fuel_duty_rise_cancellation,Fuel duty rise cancellation,2027,35500.23,0.0,2225.0942,800
fuel_duty_rise_cancellation,Fuel duty rise cancellation,2027,53478.22,0.0,22630.604,848
fuel_duty_rise_cancellation,Fuel duty rise cancellation,2027,59274.02,0.0,27296.111,978
fuel_duty_rise_cancellation,Fuel duty rise cancellation,2027,104585.85,0.0,24002.271,986
fuel_duty_rise_cancellation,Fuel duty rise cancellation,2027,38829.566,0.0,2076.6753,1068
fuel_duty_rise_cancellation,Fuel duty rise cancellation,2027,98801.83,423.04688,30973.916,1075
fuel_duty_rise_cancellation,Fuel duty rise cancellation,2027,53720.38,57.95703,41427.543,1116
fuel_duty_rise_cancellation,Fuel duty rise cancellation,2027,43912.984,0.0,10959.362,1144
fuel_duty_rise_cancellation,Fuel duty rise cancellation,2027,32256.6,0.0,5293.486,1151
fuel_duty_rise_cancellation,Fuel duty rise cancellation,2027,49032.277,31.300781,33758.188,1179
fuel_duty_rise_cancellation,Fuel duty rise cancellation,2027,54329.85,73.59375,205468.61,1243
fuel_duty_rise_cancellation,Fuel duty rise cancellation,2027,51643.926,20.875,1925.0098,1293
fuel_duty_rise_cancellation,Fuel duty rise cancellation,2027,31532.982,0.0,11569.033,1379
fuel_duty_rise_cancellation,Fuel duty rise cancellation,2027,17761.332,57.39258,1209.585,1441
fuel_duty_rise_cancellation,Fuel duty rise cancellation,2027,41509.855,56.339844,18277.21,1445
fuel_duty_rise_cancellation,Fuel duty rise cancellation,2027,92091.34,319.46094,31088.871,1508
fuel_duty_rise_cancellation,Fuel duty rise cancellation,2027,62879.992,0.0,5543.3374,1577
fuel_duty_rise_cancellation,Fuel duty rise cancellation,2027,36430.758,96.109375,1243.682,1664
fuel_duty_rise_cancellation,Fuel duty rise cancellation,2027,31266.715,0.0,329.86078,1803
fuel_duty_rise_cancellation,Fuel duty rise cancellation,2027,48592.047,0.0,786.39526,1948
fuel_duty_rise_cancellation,Fuel duty rise cancellation,2027,43831.664,235.86719,9538.31,2040
fuel_duty_rise_cancellation,Fuel duty rise cancellation,2027,54310.63,29.222656,5078.175,2084
fuel_duty_rise_cancellation,Fuel duty rise cancellation,2027,61305.51,257.53906,6782.0977,2128
fuel_duty_rise_cancellation,Fuel duty rise cancellation,2027,84624.59,0.0,94515.92,2156
fuel_duty_rise_cancellation,Fuel duty rise cancellation,2027,94909.35,145.85938,48338.605,2176
fuel_duty_rise_cancellation,Fuel duty rise cancellation,2027,64553.375,31.300781,4624.0103,2199
fuel_duty_rise_cancellation,Fuel duty rise cancellation,2027,13797.151,0.0,2646.7551,2307
fuel_duty_rise_cancellation,Fuel duty rise cancellation,2027,57499.414,0.0,3875.7214,2315
fuel_duty_rise_cancellation,Fuel duty rise cancellation,2027,70758.9,283.625,1473.4453,2339
fuel_duty_rise_cancellation,Fuel duty rise cancellation,2027,10946.4,0.0,1665.241,2341
fuel_duty_rise_cancellation,Fuel duty rise cancellation,2027,34369.645,0.0,312.5918,2412
fuel_duty_rise_cancellation,Fuel duty rise cancellation,2027,11455.677,270.87207,45282.484,2465
fuel_duty_rise_cancellation,Fuel duty rise cancellation,2027,66969.11,52.164062,62477.816,2529
fuel_duty_rise_cancellation,Fuel duty rise cancellation,2027,38319.836,0.0,1020.0776,2554
fuel_duty_rise_cancellation,Fuel duty rise cancellation,2027,27126.803,0.0,4335.5703,2624
fuel_duty_rise_cancellation,Fuel duty rise cancellation,2027,56797.73,0.0,15305.171,2642
fuel_duty_rise_cancellation,Fuel duty rise cancellation,2027,47860.914,46.94922,3863.616,2670
fuel_duty_rise_cancellation,Fuel duty rise cancellation,2027,37978.44,0.0,31398.775,2694
fuel_duty_rise_cancellation,Fuel duty rise cancellation,2027,55038.223,84.51953,1265.8986,2703
fuel_duty_rise_cancellation,Fuel duty rise cancellation,2027,56622.45,0.0,6182.2056,2722
fuel_duty_rise_cancellation,Fuel duty rise cancellation,2027,43395.477,291.17188,3739.1194,2753
fuel_duty_rise_cancellation,Fuel duty rise cancellation,2027,39089.34,0.0,50281.01,2892
fuel_duty_rise_cancellation,Fuel duty rise cancellation,2027,23059.082,20.865234,79177.25,2913
fuel_duty_rise_cancellation,Fuel duty rise cancellation,2027,47396.176,0.0,4419.3027,2932
fuel_duty_rise_cancellation,Fuel duty rise cancellation,2027,30534.217,0.0,1137.7793,2960
fuel_duty_rise_cancellation,Fuel duty rise cancellation,2027,61640.234,42.257812,816.8331,2967
fuel_duty_rise_cancellation,Fuel duty rise cancellation,2027,24859.535,0.0,5512.7124,3039
fuel_duty_rise_cancellation,Fuel duty rise cancellation,2027,94885.65,685.2969,116.03752,3052
fuel_duty_rise_cancellation,Fuel duty rise cancellation,2027,74247.195,188.64844,12605.038,3079
fuel_duty_rise_cancellation,Fuel duty rise cancellation,2027,18522.648,0.0,5231.8345,3094
fuel_duty_rise_cancellation,Fuel duty rise cancellation,2027,56700.42,0.0,7794.0356,3107
fuel_duty_rise_cancellation,Fuel duty rise cancellation,2027,40962.258,0.0,8012.571,3139
fuel_duty_rise_cancellation,Fuel duty rise cancellation,2027,62285.082,0.0,833.57733,3284
fuel_duty_rise_cancellation,Fuel duty rise cancellation,2027,55264.11,54.535156,26131.23,3341
fuel_duty_rise_cancellation,Fuel duty rise cancellation,2027,74308.15,0.0,170.10158,3344
fuel_duty_rise_cancellation,Fuel duty rise cancellation,2027,65468.004,37.570312,4709.737,3386
fuel_duty_rise_cancellation,Fuel duty rise cancellation,2027,27538.027,59.554688,885.53394,3399
fuel_duty_rise_cancellation,Fuel duty rise cancellation,2027,11946.671,0.0,40174.707,3460
fuel_duty_rise_cancellation,Fuel duty rise cancellation,2027,51581.383,129.13281,75293.17,3520
fuel_duty_rise_cancellation,Fuel duty rise cancellation,2027,65456.18,256.89062,12754.263,3562
fuel_duty_rise_cancellation,Fuel duty rise cancellation,2027,66434.38,181.47656,47553.887,3577
fuel_duty_rise_cancellation,Fuel duty rise cancellation,2027,127250.63,47.109375,297.82523,3640
fuel_duty_rise_cancellation,Fuel duty rise cancellation,2027,74570.66,236.39062,143.45564,3643
fuel_duty_rise_cancellation,Fuel duty rise cancellation,2027,43251.56,0.0,789.9922,3645
fuel_duty_rise_cancellation,Fuel duty rise cancellation,2027,24378.06,0.0,10177.908,3660
fuel_duty_rise_cancellation,Fuel duty rise cancellation,2027,45324.812,234.30078,54875.746,3664
fuel_duty_rise_cancellation,Fuel duty rise cancellation,2027,40915.016,0.0,137977.92,3711
fuel_duty_rise_cancellation,Fuel duty rise cancellation,2027,38958.355,0.0,9447.248,3740
fuel_duty_rise_cancellation,Fuel duty rise cancellation,2027,58130.598,0.0,22748.432,3747
fuel_duty_rise_cancellation,Fuel duty rise cancellation,2027,30794.402,23.996094,3371.5605,3751
fuel_duty_rise_cancellation,Fuel duty rise cancellation,2027,34713.78,0.0,18676.191,3796
fuel_duty_rise_cancellation,Fuel duty rise cancellation,2027,14060.083,0.0,2966.6917,3804
fuel_duty_rise_cancellation,Fuel duty rise cancellation,2027,20061.18,0.0,4071.888,3901
fuel_duty_rise_cancellation,Fuel duty rise cancellation,2027,70495.586,169.59375,4967.885,3996
fuel_duty_rise_cancellation,Fuel duty rise cancellation,2027,41486.023,0.0,3397.0403,4061
fuel_duty_rise_cancellation,Fuel duty rise cancellation,2027,55042.254,31.433594,456.43787,4098
fuel_duty_rise_cancellation,Fuel duty rise cancellation,2027,47888.965,31.300781,10712.831,4113
fuel_duty_rise_cancellation,Fuel duty rise cancellation,2027,33500.2,46.94922,10195.858,4115
fuel_duty_rise_cancellation,Fuel duty rise cancellation,2027,23081.44,0.0,4003.286,4189
fuel_duty_rise_cancellation,Fuel duty rise cancellation,2027,104982.37,146.90625,2196.8137,4301
fuel_duty_rise_cancellation,Fuel duty rise cancellation,2027,18930.168,0.0,3607.623,4336
fuel_duty_rise_cancellation,Fuel duty rise cancellation,2027,76831.39,0.0,1097.2605,4443
fuel_duty_rise_cancellation,Fuel duty rise cancellation,2027,80453.62,0.0,1483.4689,4450
fuel_duty_rise_cancellation,Fuel duty rise cancellation,2027,48903.17,26.082031,4864.4424,4497
fuel_duty_rise_cancellation,Fuel duty rise cancellation,2027,20999.957,87.365234,1248.8203,4522
fuel_duty_rise_cancellation,Fuel duty rise cancellation,2027,18143.674,276.8789,24207.088,4560
fuel_duty_rise_cancellation,Fuel duty rise cancellation,2027,28152.078,0.0,445.01135,4634
fuel_duty_rise_cancellation,Fuel duty rise cancellation,2027,73518.43,0.0,2468.1892,4712
fuel_duty_rise_cancellation,Fuel duty rise cancellation,2027,32761.77,50.953125,1911.9071,4721
fuel_duty_rise_cancellation,Fuel duty rise cancellation,2027,84857.2,25.84375,8443.874,4759
fuel_duty_rise_cancellation,Fuel duty rise cancellation,2027,132329.23,126.25,13315.446,4864
fuel_duty_rise_cancellation,Fuel duty rise cancellation,2027,25370.533,0.0,7380.1865,4934
fuel_duty_rise_cancellation,Fuel duty rise cancellation,2027,16186.981,1127.2139,21374.734,4953
fuel_duty_rise_cancellation,Fuel duty rise cancellation,2027,23217.0,20.865234,18852.459,4970
fuel_duty_rise_cancellation,Fuel duty rise cancellation,2027,26556.37,0.0,109880.73,5003
fuel_duty_rise_cancellation,Fuel duty rise cancellation,2027,60735.207,40.523438,5000.8486,5031
fuel_duty_rise_cancellation,Fuel duty rise cancellation,2027,29424.902,297.84766,3597.08,5038
fuel_duty_rise_cancellation,Fuel duty rise cancellation,2027,24409.979,10.433594,9453.826,5090
fuel_duty_rise_cancellation,Fuel duty rise cancellation,2027,39237.938,255.89844,1565.3887,5106
fuel_duty_rise_cancellation,Fuel duty rise cancellation,2027,86150.35,188.64062,1577.7334,5108
fuel_duty_rise_cancellation,Fuel duty rise cancellation,2027,32674.613,93.93359,33861.402,5420
fuel_duty_rise_cancellation,Fuel duty rise cancellation,2027,97045.64,0.0,440.4273,5436
fuel_duty_rise_cancellation,Fuel duty rise cancellation,2027,47110.453,45.289062,1072.7361,5475
fuel_duty_rise_cancellation,Fuel duty rise cancellation,2027,39455.227,15.6484375,4062.1748,5706
fuel_duty_rise_cancellation,Fuel duty rise cancellation,2027,15748.31,0.0,41745.68,5711
fuel_duty_rise_cancellation,Fuel duty rise cancellation,2027,51302.77,44.726562,4891.484,5716
fuel_duty_rise_cancellation,Fuel duty rise cancellation,2027,35335.85,0.0,5599.506,5808
fuel_duty_rise_cancellation,Fuel duty rise cancellation,2027,69476.086,0.0,81412.25,5813
fuel_duty_rise_cancellation,Fuel duty rise cancellation,2027,49723.17,0.0,9456.082,5814
fuel_duty_rise_cancellation,Fuel duty rise cancellation,2027,49465.71,0.0,337.47467,5845
fuel_duty_rise_cancellation,Fuel duty rise cancellation,2027,101990.1,188.65625,1572.1223,5905
fuel_duty_rise_cancellation,Fuel duty rise cancellation,2027,64401.133,31.3125,2076.3643,5906
fuel_duty_rise_cancellation,Fuel duty rise cancellation,2027,40172.73,146.88672,284.26904,5966
fuel_duty_rise_cancellation,Fuel duty rise cancellation,2027,65042.46,48.078125,37200.734,5971
fuel_duty_rise_cancellation,Fuel duty rise cancellation,2027,88803.09,0.0,69709.74,5972
fuel_duty_rise_cancellation,Fuel duty rise cancellation,2027,32584.494,0.0,2875.251,6127
fuel_duty_rise_cancellation,Fuel duty rise cancellation,2027,52413.24,31.332031,13361.848,6157
fuel_duty_rise_cancellation,Fuel duty rise cancellation,2027,39035.41,31.300781,24142.246,6196
fuel_duty_rise_cancellation,Fuel duty rise cancellation,2027,22691.184,0.0,68473.67,6244
fuel_duty_rise_cancellation,Fuel duty rise cancellation,2027,55955.977,68.08594,46665.312,6249
fuel_duty_rise_cancellation,Fuel duty rise cancellation,2027,10133.435,0.0,14393.809,6391
fuel_duty_rise_cancellation,Fuel duty rise cancellation,2027,39939.637,0.0,25805.324,6458
fuel_duty_rise_cancellation,Fuel duty rise cancellation,2027,36063.918,0.0,3051.3215,6462
fuel_duty_rise_cancellation,Fuel duty rise cancellation,2027,44228.86,0.0,333.06854,6479
fuel_duty_rise_cancellation,Fuel duty rise cancellation,2027,14780.089,1162.207,115129.375,6494
fuel_duty_rise_cancellation,Fuel duty rise cancellation,2027,27207.422,41.734375,8262.899,6533
fuel_duty_rise_cancellation,Fuel duty rise cancellation,2027,62917.18,57.382812,7516.4287,6598
fuel_duty_rise_cancellation,Fuel duty rise cancellation,2027,39155.45,0.0,1111.8158,6687
fuel_duty_rise_cancellation,Fuel duty rise cancellation,2027,21365.367,0.0,1429.9375,6695
fuel_duty_rise_cancellation,Fuel duty rise cancellation,2027,29020.594,103.33008,79600.484,6732
fuel_duty_rise_cancellation,Fuel duty rise cancellation,2027,68512.15,0.0,217.4264,6753
fuel_duty_rise_cancellation,Fuel duty rise cancellation,2027,31927.848,0.0,49775.03,6815
fuel_duty_rise_cancellation,Fuel duty rise cancellation,2027,18429.32,45.927734,19181.47,6864
fuel_duty_rise_cancellation,Fuel duty rise cancellation,2027,32275.54,55.546875,788.9554,6904
fuel_duty_rise_cancellation,Fuel duty rise cancellation,2027,14600.243,246.75,21670.986,6912
fuel_duty_rise_cancellation,Fuel duty rise cancellation,2027,21408.393,45.927734,139209.23,6965
fuel_duty_rise_cancellation,Fuel duty rise cancellation,2027,59868.125,154.0625,46663.176,6975
fuel_duty_rise_cancellation,Fuel duty rise cancellation,2027,73503.73,30.304688,44428.25,6987
fuel_duty_rise_cancellation,Fuel duty rise cancellation,2027,47417.676,52.17578,1739.8088,7020
fuel_duty_rise_cancellation,Fuel duty rise cancellation,2027,51397.93,174.11328,3230.0916,7036
fuel_duty_rise_cancellation,Fuel duty rise cancellation,2027,41323.64,0.0,438.0956,7080
fuel_duty_rise_cancellation,Fuel duty rise cancellation,2027,21339.027,1118.1562,66821.625,7159
fuel_duty_rise_cancellation,Fuel duty rise cancellation,2027,43074.863,0.0,4242.1543,7163
fuel_duty_rise_cancellation,Fuel duty rise cancellation,2027,51610.457,0.0,155929.0,7229
fuel_duty_rise_cancellation,Fuel duty rise cancellation,2027,30250.938,0.0,3986.5393,7248
fuel_duty_rise_cancellation,Fuel duty rise cancellation,2027,9531.893,0.0,25486.426,7428
fuel_duty_rise_cancellation,Fuel duty rise cancellation,2027,41051.082,0.0,48570.3,7444
fuel_duty_rise_cancellation,Fuel duty rise cancellation,2027,26999.494,0.0,11106.227,7459
fuel_duty_rise_cancellation,Fuel duty rise cancellation,2027,99652.17,52.15625,18918.742,7504
fuel_duty_rise_cancellation,Fuel duty rise cancellation,2027,23560.215,118.94922,44040.273,7539
fuel_duty_rise_cancellation,Fuel duty rise cancellation,2027,46212.883,0.0,3042.5718,7624
fuel_duty_rise_cancellation,Fuel duty rise cancellation,2027,91341.31,0.0,1343.7155,7632
fuel_duty_rise_cancellation,Fuel duty rise cancellation,2027,25579.84,0.0,373.1358,7743
fuel_duty_rise_cancellation,Fuel duty rise cancellation,2027,27163.414,0.0,748.57404,7763
fuel_duty_rise_cancellation,Fuel duty rise cancellation,2027,67237.84,26.085938,6579.9775,7908
fuel_duty_rise_cancellation,Fuel duty rise cancellation,2027,13152.654,40.689453,79942.984,8037
fuel_duty_rise_cancellation,Fuel duty rise cancellation,2027,16771.262,0.0,7347.715,8077
fuel_duty_rise_cancellation,Fuel duty rise cancellation,2027,23552.05,117.21094,1289.9615,8101
fuel_duty_rise_cancellation,Fuel duty rise cancellation,2027,35936.125,0.0,76350.32,8228
fuel_duty_rise_cancellation,Fuel duty rise cancellation,2027,61880.074,31.300781,31012.963,8272
fuel_duty_rise_cancellation,Fuel duty rise cancellation,2027,59721.48,0.0,7332.297,8342
fuel_duty_rise_cancellation,Fuel duty rise cancellation,2027,38273.465,0.0,4080.5818,8392
fuel_duty_rise_cancellation,Fuel duty rise cancellation,2027,63193.285,0.0,5452.672,8468
fuel_duty_rise_cancellation,Fuel duty rise cancellation,2027,21006.012,0.0,521.37396,8478
fuel_duty_rise_cancellation,Fuel duty rise cancellation,2027,53762.273,84.19531,1141.8577,8480
fuel_duty_rise_cancellation,Fuel duty rise cancellation,2027,57726.68,0.0,79320.62,8511
fuel_duty_rise_cancellation,Fuel duty rise cancellation,2027,36176.418,0.0,265780.88,8566
fuel_duty_rise_cancellation,Fuel duty rise cancellation,2027,104120.34,0.0,435.02637,8595
fuel_duty_rise_cancellation,Fuel duty rise cancellation,2027,59959.156,26.09375,39273.52,8686
fuel_duty_rise_cancellation,Fuel duty rise cancellation,2027,40578.156,325.21094,17123.164,8762
fuel_duty_rise_cancellation,Fuel duty rise cancellation,2027,29496.127,0.0,52742.305,8782
fuel_duty_rise_cancellation,Fuel duty rise cancellation,2027,110890.11,62.0625,267.54987,8790
fuel_duty_rise_cancellation,Fuel duty rise cancellation,2027,48469.777,26.335938,5337.1807,8879
fuel_duty_rise_cancellation,Fuel duty rise cancellation,2027,47807.438,0.0,514.16077,8945
fuel_duty_rise_cancellation,Fuel duty rise cancellation,2027,28297.965,0.0,13668.288,9118
fuel_duty_rise_cancellation,Fuel duty rise cancellation,2027,95342.625,191.125,89248.91,9196
fuel_duty_rise_cancellation,Fuel duty rise cancellation,2027,6874.145,0.0,7186.3213,9288
fuel_duty_rise_cancellation,Fuel duty rise cancellation,2027,92898.7,264.14062,26123.205,9313
fuel_duty_rise_cancellation,Fuel duty rise cancellation,2027,29681.818,0.0,39669.23,9395
fuel_duty_rise_cancellation,Fuel duty rise cancellation,2027,15800.6875,45.291016,45074.63,9396
fuel_duty_rise_cancellation,Fuel duty rise cancellation,2027,57349.926,284.6211,14408.012,9409
fuel_duty_rise_cancellation,Fuel duty rise cancellation,2027,21658.602,0.0,8931.064,9418
fuel_duty_rise_cancellation,Fuel duty rise cancellation,2027,52650.91,0.0,10305.37,9419
fuel_duty_rise_cancellation,Fuel duty rise cancellation,2027,39512.39,0.0,59505.168,9497
fuel_duty_rise_cancellation,Fuel duty rise cancellation,2027,89711.48,35.476562,119260.086,9588
fuel_duty_rise_cancellation,Fuel duty rise cancellation,2027,38104.68,46.910156,11450.551,9652
fuel_duty_rise_cancellation,Fuel duty rise cancellation,2027,45950.953,213.75781,182.95013,9664
fuel_duty_rise_cancellation,Fuel duty rise cancellation,2027,31994.94,0.0,91668.19,9734
fuel_duty_rise_cancellation,Fuel duty rise cancellation,2027,65494.13,0.0,9776.215,9744
fuel_duty_rise_cancellation,Fuel duty rise cancellation,2027,57415.934,170.3164,20080.713,9754
fuel_duty_rise_cancellation,Fuel duty rise cancellation,2027,19200.533,0.0,442.1111,9779
fuel_duty_rise_cancellation,Fuel duty rise cancellation,2027,70254.91,0.0,307.2874,9782
fuel_duty_rise_cancellation,Fuel duty rise cancellation,2027,63714.44,53.210938,51448.293,9851
fuel_duty_rise_cancellation,Fuel duty rise cancellation,2027,27399.55,0.0,94868.28,9876
fuel_duty_rise_cancellation,Fuel duty rise cancellation,2027,112222.31,126.546875,10011.83,9933
fuel_duty_rise_cancellation,Fuel duty rise cancellation,2027,23166.61,0.0,824.2915,9962
fuel_duty_rise_cancellation,Fuel duty rise cancellation,2027,28191.682,0.0,43046.844,10072
fuel_duty_rise_cancellation,Fuel duty rise cancellation,2027,47960.75,41.734375,95905.18,10082
fuel_duty_rise_cancellation,Fuel duty rise cancellation,2027,54010.902,261.67578,647.68896,10125
fuel_duty_rise_cancellation,Fuel duty rise cancellation,2027,18842.23,265.9453,697.58405,10153
fuel_duty_rise_cancellation,Fuel duty rise cancellation,2027,15020.064,1125.6055,112598.03,10159
fuel_duty_rise_cancellation,Fuel duty rise cancellation,2027,29868.172,244.99805,35697.742,10230
fuel_duty_rise_cancellation,Fuel duty rise cancellation,2027,37279.125,0.0,10416.942,10231
fuel_duty_rise_cancellation,Fuel duty rise cancellation,2027,86454.22,333.15625,553.15344,10256
fuel_duty_rise_cancellation,Fuel duty rise cancellation,2027,52212.133,0.0,16434.4,10325
fuel_duty_rise_cancellation,Fuel duty rise cancellation,2027,28099.61,0.0,512.51373,10386
fuel_duty_rise_cancellation,Fuel duty rise cancellation,2027,46752.44,20.898438,7998.4536,10491
fuel_duty_rise_cancellation,Fuel duty rise cancellation,2027,34581.22,95.50391,314.8363,10530
fuel_duty_rise_cancellation,Fuel duty rise cancellation,2027,42746.074,171.41797,455.6721,10535
fuel_duty_rise_cancellation,Fuel duty rise cancellation,2027,59771.004,195.04688,2531.7224,10567
fuel_duty_rise_cancellation,Fuel duty rise cancellation,2027,82775.445,246.09375,78905.13,10582
fuel_duty_rise_cancellation,Fuel duty rise cancellation,2027,5430.5537,0.0,5034.101,10629
fuel_duty_rise_cancellation,Fuel duty rise cancellation,2027,19884.178,20.876953,17550.38,10632
fuel_duty_rise_cancellation,Fuel duty rise cancellation,2027,5819.9033,0.0,14438.095,10644
fuel_duty_rise_cancellation,Fuel duty rise cancellation,2027,37377.137,0.0,119795.73,10646
fuel_duty_rise_cancellation,Fuel duty rise cancellation,2027,18556.064,0.0,17450.742,10675
fuel_duty_rise_cancellation,Fuel duty rise cancellation,2027,29552.438,0.0,14734.973,10682
fuel_duty_rise_cancellation,Fuel duty rise cancellation,2027,54725.918,0.0,280.62238,10728
fuel_duty_rise_cancellation,Fuel duty rise cancellation,2027,30320.113,0.0,3643.284,10772
fuel_duty_rise_cancellation,Fuel duty rise cancellation,2027,45809.2,0.0,1880.5022,10821
fuel_duty_rise_cancellation,Fuel duty rise cancellation,2027,52941.555,61.597656,13914.901,10900
fuel_duty_rise_cancellation,Fuel duty rise cancellation,2027,30242.484,0.0,1183.3915,11037
fuel_duty_rise_cancellation,Fuel duty rise cancellation,2027,36971.965,31.300781,305.43344,11054
fuel_duty_rise_cancellation,Fuel duty rise cancellation,2027,66218.305,0.0,836.03564,11137
fuel_duty_rise_cancellation,Fuel duty rise cancellation,2027,61577.99,0.0,3963.6902,11199
fuel_duty_rise_cancellation,Fuel duty rise cancellation,2027,101228.5,271.15625,474.25815,11260
fuel_duty_rise_cancellation,Fuel duty rise cancellation,2027,43911.883,0.0,5644.852,11356
fuel_duty_rise_cancellation,Fuel duty rise cancellation,2027,69357.59,0.0,115.063324,11384
fuel_duty_rise_cancellation,Fuel duty rise cancellation,2027,119286.44,0.0,499.4104,11444
fuel_duty_rise_cancellation,Fuel duty rise cancellation,2027,90305.6,0.0,5149.741,11457
fuel_duty_rise_cancellation,Fuel duty rise cancellation,2027,56126.96,0.0,228.62155,11560
fuel_duty_rise_cancellation,Fuel duty rise cancellation,2027,68346.47,174.02344,752.6066,11599
fuel_duty_rise_cancellation,Fuel duty rise cancellation,2027,133206.19,0.0,131053.96,11615
fuel_duty_rise_cancellation,Fuel duty rise cancellation,2027,52049.164,0.0,37410.57,11757
fuel_duty_rise_cancellation,Fuel duty rise cancellation,2027,104837.48,0.0,4538.4556,11834
fuel_duty_rise_cancellation,Fuel duty rise cancellation,2027,28073.756,0.0,282.30203,11877
fuel_duty_rise_cancellation,Fuel duty rise cancellation,2027,31801.299,0.0,6632.7373,11945
fuel_duty_rise_cancellation,Fuel duty rise cancellation,2027,41819.87,0.0,1132.1196,11980
fuel_duty_rise_cancellation,Fuel duty rise cancellation,2027,45298.832,42.757812,3842.527,11992
fuel_duty_rise_cancellation,Fuel duty rise cancellation,2027,53058.457,42.222656,27544.123,11995
fuel_duty_rise_cancellation,Fuel duty rise cancellation,2027,82538.7,0.0,45837.043,12162
fuel_duty_rise_cancellation,Fuel duty rise cancellation,2027,64860.86,245.0,14985.941,12275
fuel_duty_rise_cancellation,Fuel duty rise cancellation,2027,122384.2,0.0,12952.7295,12346
fuel_duty_rise_cancellation,Fuel duty rise cancellation,2027,33317.82,119.03516,16344.906,12352
fuel_duty_rise_cancellation,Fuel duty rise cancellation,2027,73106.93,0.0,718.16876,12362
fuel_duty_rise_cancellation,Fuel duty rise cancellation,2027,75085.484,0.0,882.5691,12396
fuel_duty_rise_cancellation,Fuel duty rise cancellation,2027,22318.225,0.0,25346.012,12404
fuel_duty_rise_cancellation,Fuel duty rise cancellation,2027,105779.45,0.0,12123.21,12441
fuel_duty_rise_cancellation,Fuel duty rise cancellation,2027,63096.31,215.22656,18799.842,12506
fuel_duty_rise_cancellation,Fuel duty rise cancellation,2027,39406.395,0.0,9892.11,12512
fuel_duty_rise_cancellation,Fuel duty rise cancellation,2027,133100.89,0.0,90709.31,12585
fuel_duty_rise_cancellation,Fuel duty rise cancellation,2027,24237.016,0.0,2347.2432,12604
fuel_duty_rise_cancellation,Fuel duty rise cancellation,2027,46317.62,218.58984,8810.473,12635
fuel_duty_rise_cancellation,Fuel duty rise cancellation,2027,37188.383,0.0,523.92993,12716
fuel_duty_rise_cancellation,Fuel duty rise cancellation,2027,19260.654,199.58203,13574.233,12785
fuel_duty_rise_cancellation,Fuel duty rise cancellation,2027,136472.7,0.0,5594.411,12788
fuel_duty_rise_cancellation,Fuel duty rise cancellation,2027,55589.348,0.0,5778.48,12821
fuel_duty_rise_cancellation,Fuel duty rise cancellation,2027,45907.484,0.0,1016.7525,12972
fuel_duty_rise_cancellation,Fuel duty rise cancellation,2027,62239.55,0.0,753.58276,12981
fuel_duty_rise_cancellation,Fuel duty rise cancellation,2027,121275.086,92.96875,26260.418,12990
fuel_duty_rise_cancellation,Fuel duty rise cancellation,2027,39831.203,0.0,15303.058,13041
fuel_duty_rise_cancellation,Fuel duty rise cancellation,2027,40180.184,0.0,86477.016,13118
fuel_duty_rise_cancellation,Fuel duty rise cancellation,2027,119191.63,0.0,24610.844,13139
fuel_duty_rise_cancellation,Fuel duty rise cancellation,2027,25117.955,267.95117,403.30377,13150
fuel_duty_rise_cancellation,Fuel duty rise cancellation,2027,26731.75,0.0,2832.9507,13154
fuel_duty_rise_cancellation,Fuel duty rise cancellation,2027,22760.955,106.12305,5319.661,13196
fuel_duty_rise_cancellation,Fuel duty rise cancellation,2027,66266.54,177.47656,34604.71,13209
fuel_duty_rise_cancellation,Fuel duty rise cancellation,2027,107304.05,0.0,2824.7178,13287
fuel_duty_rise_cancellation,Fuel duty rise cancellation,2027,113919.4,0.0,532.6058,13303
fuel_duty_rise_cancellation,Fuel duty rise cancellation,2027,39949.57,0.0,12910.115,13339
fuel_duty_rise_cancellation,Fuel duty rise cancellation,2027,114453.07,218.72656,8901.887,13358
fuel_duty_rise_cancellation,Fuel duty rise cancellation,2027,27418.416,0.0,2433.781,13417
fuel_duty_rise_cancellation,Fuel duty rise cancellation,2027,60679.715,124.89453,13458.3,13419
fuel_duty_rise_cancellation,Fuel duty rise cancellation,2027,21846.234,0.0,595.3831,13463
fuel_duty_rise_cancellation,Fuel duty rise cancellation,2027,42723.29,208.92969,22091.975,13533
fuel_duty_rise_cancellation,Fuel duty rise cancellation,2027,81057.336,215.22656,26768.348,13627
fuel_duty_rise_cancellation,Fuel duty rise cancellation,2027,43254.844,26.09375,934.75287,13735
fuel_duty_rise_cancellation,Fuel duty rise cancellation,2027,6700.5127,390.4043,329.20517,13784
fuel_duty_rise_cancellation,Fuel duty rise cancellation,2027,13210.473,0.0,40594.03,13786
fuel_duty_rise_cancellation,Fuel duty rise cancellation,2027,54580.86,0.0,70342.32,13843
fuel_duty_rise_cancellation,Fuel duty rise cancellation,2027,22308.883,0.0,357.21536,13939
fuel_duty_rise_cancellation,Fuel duty rise cancellation,2027,109098.375,0.0,649.8193,13985
fuel_duty_rise_cancellation,Fuel duty rise cancellation,2027,51885.508,0.0,141176.94,14066
fuel_duty_rise_cancellation,Fuel duty rise cancellation,2027,26127.268,0.0,183.42729,14081
fuel_duty_rise_cancellation,Fuel duty rise cancellation,2027,59551.457,145.21484,3425.7747,14086
fuel_duty_rise_cancellation,Fuel duty rise cancellation,2027,39078.438,0.0,2351.02,14123
fuel_duty_rise_cancellation,Fuel duty rise cancellation,2027,31059.838,0.0,432.60477,14161
fuel_duty_rise_cancellation,Fuel duty rise cancellation,2027,85295.92,253.3125,37911.207,14219
fuel_duty_rise_cancellation,Fuel duty rise cancellation,2027,71490.234,0.0,33484.645,14225
fuel_duty_rise_cancellation,Fuel duty rise cancellation,2027,64410.92,31.304688,4527.1104,14298
fuel_duty_rise_cancellation,Fuel duty rise cancellation,2027,77571.78,0.0,50621.918,14332
fuel_duty_rise_cancellation,Fuel duty rise cancellation,2027,14921.69,0.0,9831.284,14424
fuel_duty_rise_cancellation,Fuel duty rise cancellation,2027,41809.703,0.0,1784.5342,14458
fuel_duty_rise_cancellation,Fuel duty rise cancellation,2027,59301.395,112.47266,7816.096,14474
fuel_duty_rise_cancellation,Fuel duty rise cancellation,2027,77658.695,0.0,1331.9078,14483
fuel_duty_rise_cancellation,Fuel duty rise cancellation,2027,36652.336,0.0,1740.0541,14558
fuel_duty_rise_cancellation,Fuel duty rise cancellation,2027,71138.11,0.0,1564.0219,14580
fuel_duty_rise_cancellation,Fuel duty rise cancellation,2027,72508.0,0.0,457.81165,14591
fuel_duty_rise_cancellation,Fuel duty rise cancellation,2027,49286.79,0.0,67442.016,14660
fuel_duty_rise_cancellation,Fuel duty rise cancellation,2027,66608.086,0.0,2951.5159,14674
fuel_duty_rise_cancellation,Fuel duty rise cancellation,2027,3207.8179,0.0,824.4535,14686
fuel_duty_rise_cancellation,Fuel duty rise cancellation,2027,66427.78,62.34375,3937.4348,14746
fuel_duty_rise_cancellation,Fuel duty rise cancellation,2027,22003.592,0.0,330.29034,14757
fuel_duty_rise_cancellation,Fuel duty rise cancellation,2027,5822.4595,0.0,21494.176,14791
fuel_duty_rise_cancellation,Fuel duty rise cancellation,2027,33639.66,219.33203,80793.03,14809
fuel_duty_rise_cancellation,Fuel duty rise cancellation,2027,130348.914,325.29688,28079.963,14895
fuel_duty_rise_cancellation,Fuel duty rise cancellation,2027,47160.188,39.65625,5151.634,14910
fuel_duty_rise_cancellation,Fuel duty rise cancellation,2027,37045.297,104.35156,137.87775,14961
fuel_duty_rise_cancellation,Fuel duty rise cancellation,2027,77281.27,57.953125,18850.496,14989
fuel_duty_rise_cancellation,Fuel duty rise cancellation,2027,31429.86,271.1836,16662.758,15036
fuel_duty_rise_cancellation,Fuel duty rise cancellation,2027,68909.95,0.0,257.15668,15072
fuel_duty_rise_cancellation,Fuel duty rise cancellation,2027,69316.35,253.76562,6425.2305,15169
fuel_duty_rise_cancellation,Fuel duty rise cancellation,2027,111449.766,109.3125,405.99304,15182
fuel_duty_rise_cancellation,Fuel duty rise cancellation,2027,34087.004,71.98828,593.14874,15216
fuel_duty_rise_cancellation,Fuel duty rise cancellation,2027,109888.766,0.0,5149.398,15234
fuel_duty_rise_cancellation,Fuel duty rise cancellation,2027,50199.207,108.10156,319.08408,15322
fuel_duty_rise_cancellation,Fuel duty rise cancellation,2027,103398.91,63.65625,1197.2744,15348
fuel_duty_rise_cancellation,Fuel duty rise cancellation,2027,88988.13,0.0,11455.284,15394
fuel_duty_rise_cancellation,Fuel duty rise cancellation,2027,58257.4,0.0,151733.62,15519
fuel_duty_rise_cancellation,Fuel duty rise cancellation,2027,62483.23,292.04297,563.01184,15548
fuel_duty_rise_cancellation,Fuel duty rise cancellation,2027,50040.16,270.5078,19050.54,15599
fuel_duty_rise_cancellation,Fuel duty rise cancellation,2027,92782.086,113.27344,5730.3027,15611
fuel_duty_rise_cancellation,Fuel duty rise cancellation,2027,29830.467,0.0,11536.018,15633
fuel_duty_rise_cancellation,Fuel duty rise cancellation,2027,85369.52,0.0,5827.727,15642
fuel_duty_rise_cancellation,Fuel duty rise cancellation,2027,74013.43,0.0,32722.213,15668
fuel_duty_rise_cancellation,Fuel duty rise cancellation,2027,99037.57,131.75781,124574.086,15721
fuel_duty_rise_cancellation,Fuel duty rise cancellation,2027,55721.31,143.60938,866.14905,15728
fuel_duty_rise_cancellation,Fuel duty rise cancellation,2027,48225.008,0.0,23902.625,15740
fuel_duty_rise_cancellation,Fuel duty rise cancellation,2027,39473.234,262.33594,24806.182,15945
fuel_duty_rise_cancellation,Fuel duty rise cancellation,2027,28865.688,0.0,2352.1106,15966
fuel_duty_rise_cancellation,Fuel duty rise cancellation,2027,12753.824,0.0,1842.1385,15981
fuel_duty_rise_cancellation,Fuel duty rise cancellation,2027,58202.375,128.11719,391.35648,16003
fuel_duty_rise_cancellation,Fuel duty rise cancellation,2027,26665.273,45.92578,657.2916,16058
fuel_duty_rise_cancellation,Fuel duty rise cancellation,2027,45352.844,0.0,11946.956,16180
fuel_duty_rise_cancellation,Fuel duty rise cancellation,2027,46810.812,41.742188,492.70346,16411
fuel_duty_rise_cancellation,Fuel duty rise cancellation,2027,53871.562,0.0,216.53123,16439
fuel_duty_rise_cancellation,Fuel duty rise cancellation,2027,101413.46,31.296875,51551.21,16724
fuel_duty_rise_cancellation,Fuel duty rise cancellation,2027,103280.53,59.335938,403.95453,16845
fuel_duty_rise_cancellation,Fuel duty rise cancellation,2027,3466.5083,0.0,346.63684,17074
fuel_duty_rise_cancellation,Fuel duty rise cancellation,2027,35073.777,63.390625,546.9165,17104
fuel_duty_rise_cancellation,Fuel duty rise cancellation,2027,29139.043,277.3789,32033.209,17379
fuel_duty_rise_cancellation,Fuel duty rise cancellation,2027,58965.492,274.90625,863.4287,17740
fuel_duty_rise_cancellation,Fuel duty rise cancellation,2027,58126.406,0.0,592.0777,17800
fuel_duty_rise_cancellation,Fuel duty rise cancellation,2027,7090.0312,71.98926,288.2368,17876
fuel_duty_rise_cancellation,Fuel duty rise cancellation,2027,124224.83,220.79688,7443.5015,17918
fuel_duty_rise_cancellation,Fuel duty rise cancellation,2027,89034.11,100.859375,8018.8086,17925
fuel_duty_rise_cancellation,Fuel duty rise cancellation,2027,71957.4,279.4297,15261.55,17983
fuel_duty_rise_cancellation,Fuel duty rise cancellation,2027,103384.87,145.85938,95831.02,18465
fuel_duty_rise_cancellation,Fuel duty rise cancellation,2027,18710.918,204.91797,943.49677,18670
fuel_duty_rise_cancellation,Fuel duty rise cancellation,2027,131832.45,39.640625,44239.242,18686
fuel_duty_rise_cancellation,Fuel duty rise cancellation,2027,17463.543,270.8711,23055.799,18754
fuel_duty_rise_cancellation,Fuel duty rise cancellation,2027,32208.637,0.0,933.546,18843
fuel_duty_rise_cancellation,Fuel duty rise cancellation,2027,79183.5,0.0,12129.422,19014
fuel_duty_rise_cancellation,Fuel duty rise cancellation,2027,11103.355,254.29395,584.8777,19199
fuel_duty_rise_cancellation,Fuel duty rise cancellation,2027,106478.84,303.3047,528.3183,19212
fuel_duty_rise_cancellation,Fuel duty rise cancellation,2027,62167.7,188.64844,3912.3196,19368
fuel_duty_rise_cancellation,Fuel duty rise cancellation,2027,105588.86,0.0,22.818903,19419
fuel_duty_rise_cancellation,Fuel duty rise cancellation,2027,38815.5,20.167969,1596.1638,19707
fuel_duty_rise_cancellation,Fuel duty rise cancellation,2027,75257.234,20.867188,942.7197,19725
fuel_duty_rise_cancellation,Fuel duty rise cancellation,2027,26607.502,129.13477,1614.1676,19809
fuel_duty_rise_cancellation,Fuel duty rise cancellation,2027,48117.098,236.39453,9236.496,19932
fuel_duty_rise_cancellation,Fuel duty rise cancellation,2027,16520.676,253.15625,3689.2473,19936
fuel_duty_rise_cancellation,Fuel duty rise cancellation,2027,82923.56,234.29688,7269.7485,19953
fuel_duty_rise_cancellation,Fuel duty rise cancellation,2027,26885.146,0.0,326.66052,20000
fuel_duty_rise_cancellation,Fuel duty rise cancellation,2027,32178.535,59.46875,29550.184,20039
fuel_duty_rise_cancellation,Fuel duty rise cancellation,2027,70387.06,44.1875,3347.4087,20057
fuel_duty_rise_cancellation,Fuel duty rise cancellation,2027,21445.078,0.0,1571.8193,20120
fuel_duty_rise_cancellation,Fuel duty rise cancellation,2027,55734.438,0.0,572.0355,20310
fuel_duty_rise_cancellation,Fuel duty rise cancellation,2027,44410.24,34.914062,270.29645,20323
fuel_duty_rise_cancellation,Fuel duty rise cancellation,2027,100163.16,148.26562,6465.5244,20383
fuel_duty_rise_cancellation,Fuel duty rise cancellation,2027,30052.637,60.910156,231.6637,20426
fuel_duty_rise_cancellation,Fuel duty rise cancellation,2027,49257.668,374.96094,767.6842,20457
fuel_duty_rise_cancellation,Fuel duty rise cancellation,2027,91987.734,139.5,16215.519,20555
fuel_duty_rise_cancellation,Fuel duty rise cancellation,2027,22291.336,0.0,2464.6855,20642
fuel_duty_rise_cancellation,Fuel duty rise cancellation,2027,66877.12,349.60938,192.96184,20692
fuel_duty_rise_cancellation,Fuel duty rise cancellation,2027,87262.54,20.890625,540.63947,20751
fuel_duty_rise_cancellation,Fuel duty rise cancellation,2027,32982.203,0.0,38826.586,21263
fuel_duty_rise_cancellation,Fuel duty rise cancellation,2027,18240.787,210.28125,460.2925,21304
fuel_duty_rise_cancellation,Fuel duty rise cancellation,2027,77497.266,62.640625,274.34265,21486
fuel_duty_rise_cancellation,Fuel duty rise cancellation,2027,63171.76,0.0,971.3298,21759
fuel_duty_rise_cancellation,Fuel duty rise cancellation,2027,70904.77,163.07031,306.18643,21763
fuel_duty_rise_cancellation,Fuel duty rise cancellation,2027,39739.32,0.0,506.71832,21894
fuel_duty_rise_cancellation,Fuel duty rise cancellation,2027,55691.754,0.0,284.81876,21905
fuel_duty_rise_cancellation,Fuel duty rise cancellation,2027,105043.38,243.46094,5992.2715,21952
fuel_duty_rise_cancellation,Fuel duty rise cancellation,2027,89753.125,290.60938,1681.7434,22015
fuel_duty_rise_cancellation,Fuel duty rise cancellation,2027,119368.13,145.21094,4179.4097,22150
fuel_duty_rise_cancellation,Fuel duty rise cancellation,2027,52663.63,327.51172,310.35602,22171
fuel_duty_rise_cancellation,Fuel duty rise cancellation,2027,27841.744,63.42383,1786.4557,22179
fuel_duty_rise_cancellation,Fuel duty rise cancellation,2027,18066.934,0.0,395.95355,22197
fuel_duty_rise_cancellation,Fuel duty rise cancellation,2027,18886.252,0.0,418.83435,22367
fuel_duty_rise_cancellation,Fuel duty rise cancellation,2027,20378.967,31.298828,627.9101,22485
fuel_duty_rise_cancellation,Fuel duty rise cancellation,2027,16722.064,0.0,974.5561,23016
fuel_duty_rise_cancellation,Fuel duty rise cancellation,2027,32911.117,280.08594,584.3565,23179
fuel_duty_rise_cancellation,Fuel duty rise cancellation,2027,54572.145,212.30078,434.74512,23654
fuel_duty_rise_cancellation,Fuel duty rise cancellation,2027,22747.773,85.572266,3183.0833,23867
fuel_duty_rise_cancellation,Fuel duty rise cancellation,2027,27225.957,0.0,492.61172,23904
fuel_duty_rise_cancellation,Fuel duty rise cancellation,2027,65140.453,20.867188,46099.285,23972
fuel_duty_rise_cancellation,Fuel duty rise cancellation,2027,44414.797,0.0,495.7868,23992
fuel_duty_rise_cancellation,Fuel duty rise cancellation,2027,129727.63,42.25,11242.272,24109
fuel_duty_rise_cancellation,Fuel duty rise cancellation,2027,68579.33,144.69531,8175.341,24110
fuel_duty_rise_cancellation,Fuel duty rise cancellation,2027,55045.348,0.0,400.71393,24112
fuel_duty_rise_cancellation,Fuel duty rise cancellation,2027,99132.35,0.0,240.1053,24169
fuel_duty_rise_cancellation,Fuel duty rise cancellation,2027,88584.516,0.0,35025.273,24170
fuel_duty_rise_cancellation,Fuel duty rise cancellation,2027,55962.695,0.0,9907.018,24189
fuel_duty_rise_cancellation,Fuel duty rise cancellation,2027,29785.918,64.62305,6151.1895,24240
fuel_duty_rise_cancellation,Fuel duty rise cancellation,2027,59111.242,406.63672,24078.795,24503
fuel_duty_rise_cancellation,Fuel duty rise cancellation,2027,23570.875,0.0,371.10342,24527
fuel_duty_rise_cancellation,Fuel duty rise cancellation,2027,63667.984,129.46875,720.7373,25073
fuel_duty_rise_cancellation,Fuel duty rise cancellation,2027,47864.16,0.0,478.58655,25564
fuel_duty_rise_cancellation,Fuel duty rise cancellation,2027,21721.697,0.0,593.75433,25667
fuel_duty_rise_cancellation,Fuel duty rise cancellation,2027,79701.04,0.0,2687.9045,25784
fuel_duty_rise_cancellation,Fuel duty rise cancellation,2027,70669.72,0.0,186.46214,25858
fuel_duty_rise_cancellation,Fuel duty rise cancellation,2027,25755.746,361.14648,39330.008,26003
fuel_duty_rise_cancellation,Fuel duty rise cancellation,2027,17227.496,0.0,584.73895,26044
fuel_duty_rise_cancellation,Fuel duty rise cancellation,2027,6476.303,0.0,12942.578,26272
fuel_duty_rise_cancellation,Fuel duty rise cancellation,2027,28532.12,261.92188,5063.178,26346
fuel_duty_rise_cancellation,Fuel duty rise cancellation,2027,51781.88,0.0,311.08246,26408
fuel_duty_rise_cancellation,Fuel duty rise cancellation,2027,502.3326,1125.6055,58763.668,26448
fuel_duty_rise_cancellation,Fuel duty rise cancellation,2027,23318.07,119.74609,657.5681,26726
fuel_duty_rise_cancellation,Fuel duty rise cancellation,2027,63460.496,253.71484,2161.381,26811
fuel_duty_rise_cancellation,Fuel duty rise cancellation,2027,50655.637,112.02734,30856.766,26832
fuel_duty_rise_cancellation,Fuel duty rise cancellation,2027,24099.707,121.921875,2820.2502,27077
fuel_duty_rise_cancellation,Fuel duty rise cancellation,2027,41039.32,0.0,371.59784,27093
fuel_duty_rise_cancellation,Fuel duty rise cancellation,2027,49830.344,119.890625,2109.2769,27113
fuel_duty_rise_cancellation,Fuel duty rise cancellation,2027,116780.414,122.9375,1844.2164,27254
fuel_duty_rise_cancellation,Fuel duty rise cancellation,2027,30145.521,0.0,19583.629,27293
fuel_duty_rise_cancellation,Fuel duty rise cancellation,2027,53063.586,275.13672,30456.924,27736
fuel_duty_rise_cancellation,Fuel duty rise cancellation,2027,29249.059,77.99805,532.08765,27751
fuel_duty_rise_cancellation,Fuel duty rise cancellation,2027,56849.9,205.71484,124842.32,27767
fuel_duty_rise_cancellation,Fuel duty rise cancellation,2027,50800.4,10.496094,11511.757,27991
fuel_duty_rise_cancellation,Fuel duty rise cancellation,2027,20969.564,0.0,485.14847,28026
fuel_duty_rise_cancellation,Fuel duty rise cancellation,2027,116805.3,685.2969,24936.33,28725
fuel_duty_rise_cancellation,Fuel duty rise cancellation,2027,54684.977,125.52344,275.5624,28792
fuel_duty_rise_cancellation,Fuel duty rise cancellation,2027,72100.33,42.203125,755.1097,28899
fuel_duty_rise_cancellation,Fuel duty rise cancellation,2027,45479.734,82.94531,1586.4125,28941
fuel_duty_rise_cancellation,Fuel duty rise cancellation,2027,16557.963,0.0,1745.2426,29088
fuel_duty_rise_cancellation,Fuel duty rise cancellation,2027,32238.209,48.23242,661.1811,29189
fuel_duty_rise_cancellation,Fuel duty rise cancellation,2027,90240.66,23.945312,2285.496,29333
fuel_duty_rise_cancellation,Fuel duty rise cancellation,2027,25922.23,62.839844,1110.084,29745
fuel_duty_rise_cancellation,Fuel duty rise cancellation,2027,113210.81,0.0,229.42451,29749
fuel_duty_rise_cancellation,Fuel duty rise cancellation,2027,38258.94,149.07031,20729.287,30124
fuel_duty_rise_cancellation,Fuel duty rise cancellation,2027,40408.39,0.0,444.84946,30238
fuel_duty_rise_cancellation,Fuel duty rise cancellation,2027,72100.44,148.82812,19028.445,30391
fuel_duty_rise_cancellation,Fuel duty rise cancellation,2027,13365.604,0.0,43793.312,30913
fuel_duty_rise_cancellation,Fuel duty rise cancellation,2027,81169.24,59.609375,2755.454,31066
fuel_duty_rise_cancellation,Fuel duty rise cancellation,2027,21505.842,0.0,413.91562,31254
fuel_duty_rise_cancellation,Fuel duty rise cancellation,2027,20170.291,20.896484,7470.6743,31538
fuel_duty_rise_cancellation,Fuel duty rise cancellation,2027,45084.805,0.0,5549.655,31541
fuel_duty_rise_cancellation,Fuel duty rise cancellation,2027,38362.062,28.941406,80.33716,31546
fuel_duty_rise_cancellation,Fuel duty rise cancellation,2027,130973.44,196.84375,12974.143,31691
fuel_duty_rise_cancellation,Fuel duty rise cancellation,2027,130132.21,0.0,433.72635,31767
fuel_duty_rise_cancellation,Fuel duty rise cancellation,2027,86823.164,0.0,202.115,31806
fuel_duty_rise_cancellation,Fuel duty rise cancellation,2027,41362.438,685.2969,26507.994,31886
fuel_duty_rise_cancellation,Fuel duty rise cancellation,2027,102077.6,21.0625,40678.496,31943
fuel_duty_rise_cancellation,Fuel duty rise cancellation,2027,44870.375,0.0,399.69656,32163
fuel_duty_rise_cancellation,Fuel duty rise cancellation,2027,71018.234,0.0,3154.158,32168
fuel_duty_rise_cancellation,Fuel duty rise cancellation,2027,47512.965,216.35547,1196.8932,32172
fuel_duty_rise_cancellation,Fuel duty rise cancellation,2027,64785.504,0.0,298.53934,32174
fuel_duty_rise_cancellation,Fuel duty rise cancellation,2027,32604.488,26.09375,296.85474,32254
fuel_duty_rise_cancellation,Fuel duty rise cancellation,2027,58942.258,0.0,12946.949,32331
fuel_duty_rise_cancellation,Fuel duty rise cancellation,2027,78927.2,0.0,1277.242,32475
fuel_duty_rise_cancellation,Fuel duty rise cancellation,2027,54998.438,41.73047,23.57404,33814
fuel_duty_rise_cancellation,Fuel duty rise cancellation,2027,46127.918,0.0,37.65335,41944
fuel_duty_rise_cancellation,Fuel duty rise cancellation,2027,95715.61,0.0,61.21611,41950
fuel_duty_rise_cancellation,Fuel duty rise cancellation,2027,22030.771,0.0,14.607175,46185
fuel_duty_rise_cancellation,Fuel duty rise cancellation,2027,119479.46,0.0,197.42128,49121
fuel_duty_rise_cancellation,Fuel duty rise cancellation,2027,48356.17,0.0,528.6116,49812
fuel_duty_rise_cancellation,Fuel duty rise cancellation,2027,44456.414,51.601562,3292.864,50537
fuel_duty_rise_cancellation,Fuel duty rise cancellation,2027,7248.1504,0.0,8293.521,51580
fuel_duty_rise_cancellation,Fuel duty rise cancellation,2027,56009.91,50.164062,107.269196,51640
fuel_duty_rise_cancellation,Fuel duty rise cancellation,2027,28398.186,0.0,549.3777,52783
fuel_duty_rise_cancellation,Fuel duty rise cancellation,2027,23574.34,0.0,397.26965,54403
fuel_duty_rise_cancellation,Fuel duty rise cancellation,2027,62094.586,327.51172,142.96751,54749
fuel_duty_rise_cancellation,Fuel duty rise cancellation,2027,123839.87,0.0,913.1757,54824
fuel_duty_rise_cancellation,Fuel duty rise cancellation,2027,72839.29,685.2969,200.9562,55334
fuel_duty_rise_cancellation,Fuel duty rise cancellation,2027,17005.986,0.0,5375.116,55805
fuel_duty_rise_cancellation,Fuel duty rise cancellation,2027,8966.333,0.0,284.43616,56245
fuel_duty_rise_cancellation,Fuel duty rise cancellation,2027,90350.57,55.820312,14990.136,57181
fuel_duty_rise_cancellation,Fuel duty rise cancellation,2027,139465.25,0.0,17.142786,58496
fuel_duty_rise_cancellation,Fuel duty rise cancellation,2027,4325.952,0.0,3672.2236,58677
fuel_duty_rise_cancellation,Fuel duty rise cancellation,2027,14760.577,0.0,281.30704,58702
fuel_duty_rise_cancellation,Fuel duty rise cancellation,2027,26889.775,0.0,268.31464,60626
fuel_duty_rise_cancellation,Fuel duty rise cancellation,2027,53849.395,233.42969,770.62915,62259
fuel_duty_rise_cancellation,Fuel duty rise cancellation,2027,98973.47,0.0,98.79585,62593
fuel_duty_rise_cancellation,Fuel duty rise cancellation,2027,74430.89,52.164062,2882.2034,62794
fuel_duty_rise_cancellation,Fuel duty rise cancellation,2027,106875.72,223.22656,126.276306,63791
fuel_duty_rise_cancellation,Fuel duty rise cancellation,2027,57113.95,186.24219,19246.613,64098
fuel_duty_rise_cancellation,Fuel duty rise cancellation,2027,48539.824,0.0,1818.4205,64774
fuel_duty_rise_cancellation,Fuel duty rise cancellation,2028,63260.93,0.0,668.8752,183
fuel_duty_rise_cancellation,Fuel duty rise cancellation,2028,45685.918,383.3125,2191.7927,222
fuel_duty_rise_cancellation,Fuel duty rise cancellation,2028,56878.95,0.0,707.8184,257
fuel_duty_rise_cancellation,Fuel duty rise cancellation,2028,7737.386,0.0,5028.446,321
fuel_duty_rise_cancellation,Fuel duty rise cancellation,2028,54167.57,25.738281,1946.5807,366
fuel_duty_rise_cancellation,Fuel duty rise cancellation,2028,43449.83,56.203125,38137.1,385
fuel_duty_rise_cancellation,Fuel duty rise cancellation,2028,67193.01,56.226562,7790.1265,507
fuel_duty_rise_cancellation,Fuel duty rise cancellation,2028,48706.887,0.0,3888.516,603
fuel_duty_rise_cancellation,Fuel duty rise cancellation,2028,36737.53,55.41797,1213.9551,621
fuel_duty_rise_cancellation,Fuel duty rise cancellation,2028,33372.348,0.0,639.0654,668
fuel_duty_rise_cancellation,Fuel duty rise cancellation,2028,17472.115,0.0,720.0667,675
fuel_duty_rise_cancellation,Fuel duty rise cancellation,2028,18922.004,330.8086,46975.67,769
fuel_duty_rise_cancellation,Fuel duty rise cancellation,2028,36122.523,0.0,2233.9944,800
fuel_duty_rise_cancellation,Fuel duty rise cancellation,2028,54151.133,0.0,22721.125,848
fuel_duty_rise_cancellation,Fuel duty rise cancellation,2028,60240.887,0.0,27405.295,978
fuel_duty_rise_cancellation,Fuel duty rise cancellation,2028,106380.47,0.0,24098.28,986
fuel_duty_rise_cancellation,Fuel duty rise cancellation,2028,39663.69,0.0,2084.982,1068
fuel_duty_rise_cancellation,Fuel duty rise cancellation,2028,96931.5,569.75,31097.81,1075
fuel_duty_rise_cancellation,Fuel duty rise cancellation,2028,54755.875,78.05078,41593.25,1116
fuel_duty_rise_cancellation,Fuel duty rise cancellation,2028,44663.695,0.0,11003.199,1144
fuel_duty_rise_cancellation,Fuel duty rise cancellation,2028,32878.918,0.0,5314.6597,1151
fuel_duty_rise_cancellation,Fuel duty rise cancellation,2028,49849.3,42.152344,33893.22,1179
fuel_duty_rise_cancellation,Fuel duty rise cancellation,2028,55207.57,99.11719,206290.47,1243
fuel_duty_rise_cancellation,Fuel duty rise cancellation,2028,52541.46,28.117188,1932.7097,1293
fuel_duty_rise_cancellation,Fuel duty rise cancellation,2028,31912.693,0.0,11615.309,1379
fuel_duty_rise_cancellation,Fuel duty rise cancellation,2028,18000.48,77.29297,1214.4232,1441
fuel_duty_rise_cancellation,Fuel duty rise cancellation,2028,42159.105,75.875,18350.318,1445
fuel_duty_rise_cancellation,Fuel duty rise cancellation,2028,93904.164,430.22656,31213.225,1508
fuel_duty_rise_cancellation,Fuel duty rise cancellation,2028,63935.656,0.0,5565.5103,1577
fuel_duty_rise_cancellation,Fuel duty rise cancellation,2028,37247.05,129.4375,1248.6566,1664
fuel_duty_rise_cancellation,Fuel duty rise cancellation,2028,31717.363,0.0,331.1802,1803
fuel_duty_rise_cancellation,Fuel duty rise cancellation,2028,49546.21,0.0,789.54083,1948
fuel_duty_rise_cancellation,Fuel duty rise cancellation,2028,44409.594,317.64844,9576.462,2040
fuel_duty_rise_cancellation,Fuel duty rise cancellation,2028,55503.156,39.359375,5098.4873,2084
fuel_duty_rise_cancellation,Fuel duty rise cancellation,2028,62432.266,346.83594,6809.2256,2128
fuel_duty_rise_cancellation,Fuel duty rise cancellation,2028,86103.305,0.0,94893.984,2156
fuel_duty_rise_cancellation,Fuel duty rise cancellation,2028,96310.375,196.42969,48531.957,2176
fuel_duty_rise_cancellation,Fuel duty rise cancellation,2028,65914.805,42.148438,4642.506,2199
fuel_duty_rise_cancellation,Fuel duty rise cancellation,2028,14022.787,0.0,2657.342,2307
fuel_duty_rise_cancellation,Fuel duty rise cancellation,2028,58655.816,0.0,3891.224,2315
fuel_duty_rise_cancellation,Fuel duty rise cancellation,2028,71627.7,381.96875,1479.339,2339
fuel_duty_rise_cancellation,Fuel duty rise cancellation,2028,11129.755,0.0,1671.9019,2341
fuel_duty_rise_cancellation,Fuel duty rise cancellation,2028,34835.016,0.0,313.84216,2412
fuel_duty_rise_cancellation,Fuel duty rise cancellation,2028,11604.845,364.79492,45463.613,2465
fuel_duty_rise_cancellation,Fuel duty rise cancellation,2028,68114.266,70.25781,62727.723,2529
fuel_duty_rise_cancellation,Fuel duty rise cancellation,2028,39319.23,0.0,1024.1578,2554
fuel_duty_rise_cancellation,Fuel duty rise cancellation,2028,27365.691,0.0,4352.9126,2624
fuel_duty_rise_cancellation,Fuel duty rise cancellation,2028,57544.3,0.0,15366.391,2642
fuel_duty_rise_cancellation,Fuel duty rise cancellation,2028,48618.68,63.226562,3879.0703,2670
fuel_duty_rise_cancellation,Fuel duty rise cancellation,2028,38379.93,0.0,31524.37,2694
fuel_duty_rise_cancellation,Fuel duty rise cancellation,2028,55726.742,113.828125,1270.962,2703
fuel_duty_rise_cancellation,Fuel duty rise cancellation,2028,57533.605,0.0,6206.934,2722
fuel_duty_rise_cancellation,Fuel duty rise cancellation,2028,44049.28,392.13672,3754.0757,2753
fuel_duty_rise_cancellation,Fuel duty rise cancellation,2028,39882.71,0.0,50482.133,2892
fuel_duty_rise_cancellation,Fuel duty rise cancellation,2028,23468.625,28.101562,79493.95,2913
fuel_duty_rise_cancellation,Fuel duty rise cancellation,2028,48481.195,0.0,4436.9795,2932
fuel_duty_rise_cancellation,Fuel duty rise cancellation,2028,31038.256,0.0,1142.3303,2960
fuel_duty_rise_cancellation,Fuel duty rise cancellation,2028,62738.023,56.90625,820.1004,2967
fuel_duty_rise_cancellation,Fuel duty rise cancellation,2028,25099.615,0.0,5534.763,3039
fuel_duty_rise_cancellation,Fuel duty rise cancellation,2028,96324.21,922.9219,116.50166,3052
fuel_duty_rise_cancellation,Fuel duty rise cancellation,2028,75534.77,254.0625,12655.458,3079
fuel_duty_rise_cancellation,Fuel duty rise cancellation,2028,18759.951,0.0,5252.7617,3094
fuel_duty_rise_cancellation,Fuel duty rise cancellation,2028,57598.418,0.0,7825.2114,3107
fuel_duty_rise_cancellation,Fuel duty rise cancellation,2028,41759.227,0.0,8044.6206,3139
fuel_duty_rise_cancellation,Fuel duty rise cancellation,2028,63441.742,0.0,836.9116,3284
fuel_duty_rise_cancellation,Fuel duty rise cancellation,2028,56179.32,73.44531,26235.754,3341
fuel_duty_rise_cancellation,Fuel duty rise cancellation,2028,75418.664,0.0,170.78198,3344
fuel_duty_rise_cancellation,Fuel duty rise cancellation,2028,66749.88,50.59375,4728.5757,3386
fuel_duty_rise_cancellation,Fuel duty rise cancellation,2028,27983.387,80.20117,889.07605,3399
fuel_duty_rise_cancellation,Fuel duty rise cancellation,2028,11936.838,0.0,40335.402,3460
fuel_duty_rise_cancellation,Fuel duty rise cancellation,2028,52590.883,173.91016,75594.34,3520
fuel_duty_rise_cancellation,Fuel duty rise cancellation,2028,66402.43,345.96875,12805.279,3562
fuel_duty_rise_cancellation,Fuel duty rise cancellation,2028,67592.516,244.40625,47744.1,3577
fuel_duty_rise_cancellation,Fuel duty rise cancellation,2028,129228.67,63.46875,299.0165,3640
fuel_duty_rise_cancellation,Fuel duty rise cancellation,2028,75779.51,318.3672,144.02946,3643
fuel_duty_rise_cancellation,Fuel duty rise cancellation,2028,43942.07,0.0,793.1521,3645
fuel_duty_rise_cancellation,Fuel duty rise cancellation,2028,24764.49,0.0,10218.619,3660
fuel_duty_rise_cancellation,Fuel duty rise cancellation,2028,46077.0,315.54297,55095.246,3664
fuel_duty_rise_cancellation,Fuel duty rise cancellation,2028,41613.855,0.0,138529.83,3711
fuel_duty_rise_cancellation,Fuel duty rise cancellation,2028,39571.19,0.0,9485.036,3740
fuel_duty_rise_cancellation,Fuel duty rise cancellation,2028,58958.945,0.0,22839.424,3747
fuel_duty_rise_cancellation,Fuel duty rise cancellation,2028,31488.637,32.316406,3385.0466,3751
fuel_duty_rise_cancellation,Fuel duty rise cancellation,2028,34642.945,0.0,18750.895,3796
fuel_duty_rise_cancellation,Fuel duty rise cancellation,2028,14224.791,0.0,2978.5583,3804
fuel_duty_rise_cancellation,Fuel duty rise cancellation,2028,20314.426,0.0,4088.1753,3901
fuel_duty_rise_cancellation,Fuel duty rise cancellation,2028,71418.0,228.39844,4987.756,3996
fuel_duty_rise_cancellation,Fuel duty rise cancellation,2028,41580.98,0.0,3410.6282,4061
fuel_duty_rise_cancellation,Fuel duty rise cancellation,2028,56025.062,42.335938,458.26358,4098
fuel_duty_rise_cancellation,Fuel duty rise cancellation,2028,48680.74,42.152344,10755.682,4113
fuel_duty_rise_cancellation,Fuel duty rise cancellation,2028,33709.547,63.226562,10236.642,4115
fuel_duty_rise_cancellation,Fuel duty rise cancellation,2028,23537.113,0.0,4019.2988,4189
fuel_duty_rise_cancellation,Fuel duty rise cancellation,2028,106766.58,197.84375,2205.6008,4301
fuel_duty_rise_cancellation,Fuel duty rise cancellation,2028,19063.695,0.0,3622.0535,4336
fuel_duty_rise_cancellation,Fuel duty rise cancellation,2028,77821.83,0.0,1101.6495,4443
fuel_duty_rise_cancellation,Fuel duty rise cancellation,2028,81714.79,0.0,1489.4027,4450
fuel_duty_rise_cancellation,Fuel duty rise cancellation,2028,49538.58,35.125,4883.9,4497
fuel_duty_rise_cancellation,Fuel duty rise cancellation,2028,21339.3,117.66016,1253.8156,4522
fuel_duty_rise_cancellation,Fuel duty rise cancellation,2028,18569.414,372.88672,24303.914,4560
fuel_duty_rise_cancellation,Fuel duty rise cancellation,2028,28425.217,0.0,446.79138,4634
fuel_duty_rise_cancellation,Fuel duty rise cancellation,2028,74974.8,0.0,2478.0618,4712
fuel_duty_rise_cancellation,Fuel duty rise cancellation,2028,33265.957,68.625,1919.5547,4721
fuel_duty_rise_cancellation,Fuel duty rise cancellation,2028,86823.58,34.804688,8477.649,4759
fuel_duty_rise_cancellation,Fuel duty rise cancellation,2028,134614.84,170.03125,13368.707,4864
fuel_duty_rise_cancellation,Fuel duty rise cancellation,2028,25817.033,0.0,7409.707,4934
fuel_duty_rise_cancellation,Fuel duty rise cancellation,2028,16517.098,1518.0684,21460.232,4953
fuel_duty_rise_cancellation,Fuel duty rise cancellation,2028,23694.854,28.101562,18927.867,4970
fuel_duty_rise_cancellation,Fuel duty rise cancellation,2028,27268.537,0.0,110320.24,5003
fuel_duty_rise_cancellation,Fuel duty rise cancellation,2028,61819.453,54.57422,5020.8516,5031
fuel_duty_rise_cancellation,Fuel duty rise cancellation,2028,29982.738,401.125,3611.4683,5038
fuel_duty_rise_cancellation,Fuel duty rise cancellation,2028,24769.63,14.050781,9491.641,5090
fuel_duty_rise_cancellation,Fuel duty rise cancellation,2028,42272.58,344.6328,1571.6501,5106
fuel_duty_rise_cancellation,Fuel duty rise cancellation,2028,87431.55,254.05469,1584.0443,5108
fuel_duty_rise_cancellation,Fuel duty rise cancellation,2028,33272.535,126.5,33996.848,5420
fuel_duty_rise_cancellation,Fuel duty rise cancellation,2028,98636.445,0.0,442.189,5436
fuel_duty_rise_cancellation,Fuel duty rise cancellation,2028,47823.36,60.996094,1077.027,5475
fuel_duty_rise_cancellation,Fuel duty rise cancellation,2028,40142.0,21.074219,4078.4233,5706
fuel_duty_rise_cancellation,Fuel duty rise cancellation,2028,16060.477,0.0,41912.66,5711
fuel_duty_rise_cancellation,Fuel duty rise cancellation,2028,51564.26,60.23828,4911.05,5716
fuel_duty_rise_cancellation,Fuel duty rise cancellation,2028,36174.895,0.0,5621.904,5808
fuel_duty_rise_cancellation,Fuel duty rise cancellation,2028,70445.35,0.0,81737.9,5813
fuel_duty_rise_cancellation,Fuel duty rise cancellation,2028,50548.402,0.0,9493.906,5814
fuel_duty_rise_cancellation,Fuel duty rise cancellation,2028,50525.188,0.0,338.82455,5845
fuel_duty_rise_cancellation,Fuel duty rise cancellation,2028,103598.37,254.0625,1578.4108,5905
fuel_duty_rise_cancellation,Fuel duty rise cancellation,2028,65012.617,42.171875,2084.6697,5906
fuel_duty_rise_cancellation,Fuel duty rise cancellation,2028,40851.406,197.82422,285.4061,5966
fuel_duty_rise_cancellation,Fuel duty rise cancellation,2028,66431.13,64.75,37349.535,5971
fuel_duty_rise_cancellation,Fuel duty rise cancellation,2028,90376.99,0.0,69988.58,5972
fuel_duty_rise_cancellation,Fuel duty rise cancellation,2028,33225.21,0.0,2886.752,6127
fuel_duty_rise_cancellation,Fuel duty rise cancellation,2028,53187.746,42.195312,13415.294,6157
fuel_duty_rise_cancellation,Fuel duty rise cancellation,2028,39863.867,42.152344,24238.814,6196
fuel_duty_rise_cancellation,Fuel duty rise cancellation,2028,23096.49,0.0,68747.56,6244
fuel_duty_rise_cancellation,Fuel duty rise cancellation,2028,56663.496,91.69531,46851.973,6249
fuel_duty_rise_cancellation,Fuel duty rise cancellation,2028,10314.967,0.0,14451.383,6391
fuel_duty_rise_cancellation,Fuel duty rise cancellation,2028,40563.09,0.0,25908.545,6458
fuel_duty_rise_cancellation,Fuel duty rise cancellation,2028,36705.504,0.0,3063.5266,6462
fuel_duty_rise_cancellation,Fuel duty rise cancellation,2028,44927.113,0.0,334.4008,6479
fuel_duty_rise_cancellation,Fuel duty rise cancellation,2028,15135.451,1565.1973,115589.88,6494
fuel_duty_rise_cancellation,Fuel duty rise cancellation,2028,27458.021,56.203125,8295.95,6533
fuel_duty_rise_cancellation,Fuel duty rise cancellation,2028,63948.305,77.28125,7546.494,6598
fuel_duty_rise_cancellation,Fuel duty rise cancellation,2028,39893.586,0.0,1116.2631,6687
fuel_duty_rise_cancellation,Fuel duty rise cancellation,2028,21640.338,0.0,1435.6572,6695
fuel_duty_rise_cancellation,Fuel duty rise cancellation,2028,29563.855,139.16211,79918.88,6732
fuel_duty_rise_cancellation,Fuel duty rise cancellation,2028,69810.36,0.0,218.2961,6753
fuel_duty_rise_cancellation,Fuel duty rise cancellation,2028,32468.387,0.0,49974.13,6815
fuel_duty_rise_cancellation,Fuel duty rise cancellation,2028,18749.475,61.851562,19258.195,6864
fuel_duty_rise_cancellation,Fuel duty rise cancellation,2028,32918.625,74.80859,792.11115,6904
fuel_duty_rise_cancellation,Fuel duty rise cancellation,2028,14740.609,332.3086,21757.67,6912
fuel_duty_rise_cancellation,Fuel duty rise cancellation,2028,21738.717,61.851562,139766.06,6965
fuel_duty_rise_cancellation,Fuel duty rise cancellation,2028,60823.11,207.47656,46849.824,6975
fuel_duty_rise_cancellation,Fuel duty rise cancellation,2028,74737.33,40.8125,44605.96,6987
fuel_duty_rise_cancellation,Fuel duty rise cancellation,2028,49287.367,70.26953,1746.768,7020
fuel_duty_rise_cancellation,Fuel duty rise cancellation,2028,52203.43,234.48438,3243.0117,7036
fuel_duty_rise_cancellation,Fuel duty rise cancellation,2028,42299.11,0.0,439.84796,7080
fuel_duty_rise_cancellation,Fuel duty rise cancellation,2028,21899.363,1505.873,67088.91,7159
fuel_duty_rise_cancellation,Fuel duty rise cancellation,2028,43810.887,0.0,4259.1226,7163
fuel_duty_rise_cancellation,Fuel duty rise cancellation,2028,52408.438,0.0,156552.7,7229
fuel_duty_rise_cancellation,Fuel duty rise cancellation,2028,30226.436,0.0,4002.4854,7248
fuel_duty_rise_cancellation,Fuel duty rise cancellation,2028,9640.725,0.0,25588.371,7428
fuel_duty_rise_cancellation,Fuel duty rise cancellation,2028,41617.637,0.0,48764.58,7444
fuel_duty_rise_cancellation,Fuel duty rise cancellation,2028,24830.62,0.0,11150.651,7459
fuel_duty_rise_cancellation,Fuel duty rise cancellation,2028,101069.125,70.25,18994.416,7504
fuel_duty_rise_cancellation,Fuel duty rise cancellation,2028,23931.012,160.19336,44216.434,7539
fuel_duty_rise_cancellation,Fuel duty rise cancellation,2028,46674.875,0.0,3054.742,7624
fuel_duty_rise_cancellation,Fuel duty rise cancellation,2028,92470.98,0.0,1349.0902,7632
fuel_duty_rise_cancellation,Fuel duty rise cancellation,2028,25996.96,0.0,374.62833,7743
fuel_duty_rise_cancellation,Fuel duty rise cancellation,2028,27541.97,0.0,751.5683,7763
fuel_duty_rise_cancellation,Fuel duty rise cancellation,2028,68847.875,35.125,6606.297,7908
fuel_duty_rise_cancellation,Fuel duty rise cancellation,2028,13307.852,54.79785,80262.75,8037
fuel_duty_rise_cancellation,Fuel duty rise cancellation,2028,17063.713,0.0,7377.1055,8077
fuel_duty_rise_cancellation,Fuel duty rise cancellation,2028,23977.379,157.85547,1295.1213,8101
fuel_duty_rise_cancellation,Fuel duty rise cancellation,2028,36725.613,0.0,76655.72,8228
fuel_duty_rise_cancellation,Fuel duty rise cancellation,2028,63203.03,42.152344,31137.014,8272
fuel_duty_rise_cancellation,Fuel duty rise cancellation,2028,60969.902,0.0,7361.6255,8342
fuel_duty_rise_cancellation,Fuel duty rise cancellation,2028,38944.53,0.0,4096.904,8392
fuel_duty_rise_cancellation,Fuel duty rise cancellation,2028,64337.582,0.0,5474.4824,8468
fuel_duty_rise_cancellation,Fuel duty rise cancellation,2028,21278.402,0.0,523.4594,8478
fuel_duty_rise_cancellation,Fuel duty rise cancellation,2028,54747.805,113.390625,1146.425,8480
fuel_duty_rise_cancellation,Fuel duty rise cancellation,2028,58486.926,0.0,79637.9,8511
fuel_duty_rise_cancellation,Fuel duty rise cancellation,2028,36531.734,0.0,266844.0,8566
fuel_duty_rise_cancellation,Fuel duty rise cancellation,2028,106502.0,0.0,436.76645,8595
fuel_duty_rise_cancellation,Fuel duty rise cancellation,2028,60742.902,35.14453,39430.613,8686
fuel_duty_rise_cancellation,Fuel duty rise cancellation,2028,43574.016,437.97656,17191.656,8762
fuel_duty_rise_cancellation,Fuel duty rise cancellation,2028,30166.967,0.0,52953.27,8782
fuel_duty_rise_cancellation,Fuel duty rise cancellation,2028,112059.35,83.59375,268.62006,8790
fuel_duty_rise_cancellation,Fuel duty rise cancellation,2028,49252.324,35.464844,5358.5293,8879
fuel_duty_rise_cancellation,Fuel duty rise cancellation,2028,48521.785,0.0,516.2174,8945
fuel_duty_rise_cancellation,Fuel duty rise cancellation,2028,28806.848,0.0,13722.961,9118
fuel_duty_rise_cancellation,Fuel duty rise cancellation,2028,96844.83,257.39062,89605.9,9196
fuel_duty_rise_cancellation,Fuel duty rise cancellation,2028,6916.9873,0.0,7215.0664,9288
fuel_duty_rise_cancellation,Fuel duty rise cancellation,2028,95086.53,355.72656,26227.697,9313
fuel_duty_rise_cancellation,Fuel duty rise cancellation,2028,30201.75,0.0,39827.906,9395
fuel_duty_rise_cancellation,Fuel duty rise cancellation,2028,16136.046,60.995117,45254.926,9396
fuel_duty_rise_cancellation,Fuel duty rise cancellation,2028,58797.938,383.3125,14465.643,9409
fuel_duty_rise_cancellation,Fuel duty rise cancellation,2028,22095.736,0.0,8966.788,9418
fuel_duty_rise_cancellation,Fuel duty rise cancellation,2028,53695.246,0.0,10346.591,9419
fuel_duty_rise_cancellation,Fuel duty rise cancellation,2028,40566.594,0.0,59743.188,9497
fuel_duty_rise_cancellation,Fuel duty rise cancellation,2028,91925.41,47.773438,119737.12,9588
fuel_duty_rise_cancellation,Fuel duty rise cancellation,2028,38471.484,63.171875,11496.353,9652
fuel_duty_rise_cancellation,Fuel duty rise cancellation,2028,46644.03,287.875,183.68193,9664
fuel_duty_rise_cancellation,Fuel duty rise cancellation,2028,32554.068,0.0,92034.86,9734
fuel_duty_rise_cancellation,Fuel duty rise cancellation,2028,66069.4,0.0,9815.319,9744
fuel_duty_rise_cancellation,Fuel duty rise cancellation,2028,58464.656,229.3711,20161.035,9754
fuel_duty_rise_cancellation,Fuel duty rise cancellation,2028,19432.85,0.0,443.87955,9779
fuel_duty_rise_cancellation,Fuel duty rise cancellation,2028,71200.75,0.0,308.51654,9782
fuel_duty_rise_cancellation,Fuel duty rise cancellation,2028,64779.004,71.66406,51654.082,9851
fuel_duty_rise_cancellation,Fuel duty rise cancellation,2028,27906.553,0.0,95247.75,9876
fuel_duty_rise_cancellation,Fuel duty rise cancellation,2028,114612.36,170.42188,10051.877,9933
fuel_duty_rise_cancellation,Fuel duty rise cancellation,2028,23507.582,0.0,827.5886,9962
fuel_duty_rise_cancellation,Fuel duty rise cancellation,2028,28529.758,0.0,43219.027,10072
fuel_duty_rise_cancellation,Fuel duty rise cancellation,2028,49148.523,56.203125,96288.8,10082
fuel_duty_rise_cancellation,Fuel duty rise cancellation,2028,54989.438,352.41406,650.27966,10125
fuel_duty_rise_cancellation,Fuel duty rise cancellation,2028,19198.057,358.16016,700.3743,10153
fuel_duty_rise_cancellation,Fuel duty rise cancellation,2028,15351.054,1515.9053,113048.414,10159
fuel_duty_rise_cancellation,Fuel duty rise cancellation,2028,29718.328,329.94922,35840.53,10230
fuel_duty_rise_cancellation,Fuel duty rise cancellation,2028,37405.35,0.0,10458.609,10231
fuel_duty_rise_cancellation,Fuel duty rise cancellation,2028,87859.03,448.6797,555.366,10256
fuel_duty_rise_cancellation,Fuel duty rise cancellation,2028,53181.85,0.0,16500.137,10325
fuel_duty_rise_cancellation,Fuel duty rise cancellation,2028,28654.951,0.0,514.5638,10386
fuel_duty_rise_cancellation,Fuel duty rise cancellation,2028,47599.09,28.144531,8030.447,10491
fuel_duty_rise_cancellation,Fuel duty rise cancellation,2028,35154.32,128.625,316.09564,10530
fuel_duty_rise_cancellation,Fuel duty rise cancellation,2028,43621.54,230.85156,457.49475,10535
fuel_duty_rise_cancellation,Fuel duty rise cancellation,2028,60778.85,262.67188,2541.849,10567
fuel_duty_rise_cancellation,Fuel duty rise cancellation,2028,84196.69,331.4375,79220.75,10582
fuel_duty_rise_cancellation,Fuel duty rise cancellation,2028,5479.1567,0.0,5054.2373,10629
fuel_duty_rise_cancellation,Fuel duty rise cancellation,2028,20097.105,28.115234,17620.582,10632
fuel_duty_rise_cancellation,Fuel duty rise cancellation,2028,5808.278,0.0,14495.847,10644
fuel_duty_rise_cancellation,Fuel duty rise cancellation,2028,38361.41,0.0,120274.91,10646
fuel_duty_rise_cancellation,Fuel duty rise cancellation,2028,18667.043,0.0,17520.545,10675
fuel_duty_rise_cancellation,Fuel duty rise cancellation,2028,30025.03,0.0,14793.912,10682
fuel_duty_rise_cancellation,Fuel duty rise cancellation,2028,55706.633,0.0,281.74484,10728
fuel_duty_rise_cancellation,Fuel duty rise cancellation,2028,30684.918,0.0,3657.857,10772
fuel_duty_rise_cancellation,Fuel duty rise cancellation,2028,46515.67,0.0,1888.0242,10821
fuel_duty_rise_cancellation,Fuel duty rise cancellation,2028,53936.297,82.95703,13970.561,10900
fuel_duty_rise_cancellation,Fuel duty rise cancellation,2028,30713.043,0.0,1188.125,11037
fuel_duty_rise_cancellation,Fuel duty rise cancellation,2028,37574.08,42.152344,306.65515,11054
fuel_duty_rise_cancellation,Fuel duty rise cancellation,2028,67743.29,0.0,839.37976,11137
fuel_duty_rise_cancellation,Fuel duty rise cancellation,2028,62442.17,0.0,3979.5447,11199
fuel_duty_rise_cancellation,Fuel duty rise cancellation,2028,102467.99,365.1797,476.15515,11260
fuel_duty_rise_cancellation,Fuel duty rise cancellation,2028,45138.617,0.0,5667.431,11356
fuel_duty_rise_cancellation,Fuel duty rise cancellation,2028,70437.086,0.0,115.523575,11384
fuel_duty_rise_cancellation,Fuel duty rise cancellation,2028,120796.21,0.0,501.40802,11444
fuel_duty_rise_cancellation,Fuel duty rise cancellation,2028,91874.27,0.0,5170.34,11457
fuel_duty_rise_cancellation,Fuel duty rise cancellation,2028,57049.42,0.0,229.53603,11560
fuel_duty_rise_cancellation,Fuel duty rise cancellation,2028,69478.32,234.35156,755.617,11599
fuel_duty_rise_cancellation,Fuel duty rise cancellation,2028,135271.97,0.0,131578.17,11615
fuel_duty_rise_cancellation,Fuel duty rise cancellation,2028,52889.797,0.0,37560.21,11757
fuel_duty_rise_cancellation,Fuel duty rise cancellation,2028,106494.09,0.0,4556.6094,11834
fuel_duty_rise_cancellation,Fuel duty rise cancellation,2028,28532.357,0.0,283.4312,11877
fuel_duty_rise_cancellation,Fuel duty rise cancellation,2028,31725.133,0.0,6659.268,11945
fuel_duty_rise_cancellation,Fuel duty rise cancellation,2028,42993.68,0.0,1136.6481,11980
fuel_duty_rise_cancellation,Fuel duty rise cancellation,2028,45971.453,57.58203,3857.897,11992
fuel_duty_rise_cancellation,Fuel duty rise cancellation,2028,54190.746,56.86328,27654.299,11995
fuel_duty_rise_cancellation,Fuel duty rise cancellation,2028,83766.89,0.0,46020.39,12162
fuel_duty_rise_cancellation,Fuel duty rise cancellation,2028,66200.625,329.95312,15045.885,12275
fuel_duty_rise_cancellation,Fuel duty rise cancellation,2028,123799.555,0.0,13004.54,12346
fuel_duty_rise_cancellation,Fuel duty rise cancellation,2028,33853.984,160.3125,16410.285,12352
fuel_duty_rise_cancellation,Fuel duty rise cancellation,2028,74147.39,0.0,721.0414,12362
fuel_duty_rise_cancellation,Fuel duty rise cancellation,2028,77062.93,0.0,886.0993,12396
fuel_duty_rise_cancellation,Fuel duty rise cancellation,2028,22883.035,0.0,25447.395,12404
fuel_duty_rise_cancellation,Fuel duty rise cancellation,2028,107504.92,0.0,12171.702,12441
fuel_duty_rise_cancellation,Fuel duty rise cancellation,2028,64026.453,289.85938,18875.041,12506
fuel_duty_rise_cancellation,Fuel duty rise cancellation,2028,39415.266,0.0,9931.679,12512
fuel_duty_rise_cancellation,Fuel duty rise cancellation,2028,134839.44,0.0,91072.15,12585
fuel_duty_rise_cancellation,Fuel duty rise cancellation,2028,24587.637,0.0,2356.632,12604
fuel_duty_rise_cancellation,Fuel duty rise cancellation,2028,47144.688,294.3828,8845.714,12635
fuel_duty_rise_cancellation,Fuel duty rise cancellation,2028,37850.965,0.0,526.02563,12716
fuel_duty_rise_cancellation,Fuel duty rise cancellation,2028,19529.188,268.7871,13628.529,12785
fuel_duty_rise_cancellation,Fuel duty rise cancellation,2028,139265.9,0.0,5616.7886,12788
fuel_duty_rise_cancellation,Fuel duty rise cancellation,2028,56920.688,0.0,5801.5938,12821
fuel_duty_rise_cancellation,Fuel duty rise cancellation,2028,46574.707,0.0,1020.81946,12972
fuel_duty_rise_cancellation,Fuel duty rise cancellation,2028,63328.74,0.0,756.59705,12981
fuel_duty_rise_cancellation,Fuel duty rise cancellation,2028,122624.49,125.1875,26365.459,12990
fuel_duty_rise_cancellation,Fuel duty rise cancellation,2028,40697.016,0.0,15364.27,13041
fuel_duty_rise_cancellation,Fuel duty rise cancellation,2028,40862.805,0.0,86822.92,13118
fuel_duty_rise_cancellation,Fuel duty rise cancellation,2028,120762.82,0.0,24709.285,13139
fuel_duty_rise_cancellation,Fuel duty rise cancellation,2028,25569.87,360.86133,404.91696,13150
fuel_duty_rise_cancellation,Fuel duty rise cancellation,2028,27238.916,0.0,2844.2822,13154
fuel_duty_rise_cancellation,Fuel duty rise cancellation,2028,23258.865,142.92188,5340.9395,13196
fuel_duty_rise_cancellation,Fuel duty rise cancellation,2028,67124.31,239.01562,34743.13,13209
fuel_duty_rise_cancellation,Fuel duty rise cancellation,2028,109443.21,0.0,2836.0166,13287
fuel_duty_rise_cancellation,Fuel duty rise cancellation,2028,115151.77,0.0,534.73615,13303
fuel_duty_rise_cancellation,Fuel duty rise cancellation,2028,38005.75,0.0,12961.755,13339
fuel_duty_rise_cancellation,Fuel duty rise cancellation,2028,115987.82,294.5625,8937.494,13358
fuel_duty_rise_cancellation,Fuel duty rise cancellation,2028,27493.873,0.0,2443.516,13417
fuel_duty_rise_cancellation,Fuel duty rise cancellation,2028,61684.31,168.19922,13512.132,13419
fuel_duty_rise_cancellation,Fuel duty rise cancellation,2028,22218.701,0.0,597.76465,13463
fuel_duty_rise_cancellation,Fuel duty rise cancellation,2028,43750.13,281.3789,22180.342,13533
fuel_duty_rise_cancellation,Fuel duty rise cancellation,2028,82530.5,289.85938,26875.42,13627
fuel_duty_rise_cancellation,Fuel duty rise cancellation,2028,43896.438,35.140625,938.4918,13735
fuel_duty_rise_cancellation,Fuel duty rise cancellation,2028,6854.6084,525.7754,330.52197,13784
fuel_duty_rise_cancellation,Fuel duty rise cancellation,2028,13356.127,0.0,40756.406,13786
fuel_duty_rise_cancellation,Fuel duty rise cancellation,2028,55458.36,0.0,70623.69,13843
fuel_duty_rise_cancellation,Fuel duty rise cancellation,2028,24785.688,0.0,358.6442,13939
fuel_duty_rise_cancellation,Fuel duty rise cancellation,2028,110214.19,0.0,652.4185,13985
fuel_duty_rise_cancellation,Fuel duty rise cancellation,2028,52704.957,0.0,141741.64,14066
fuel_duty_rise_cancellation,Fuel duty rise cancellation,2028,26634.395,0.0,184.161,14081
fuel_duty_rise_cancellation,Fuel duty rise cancellation,2028,60715.65,195.5625,3439.4775,14086
fuel_duty_rise_cancellation,Fuel duty rise cancellation,2028,39754.676,0.0,2360.424,14123
fuel_duty_rise_cancellation,Fuel duty rise cancellation,2028,23436.693,0.0,434.33517,14161
fuel_duty_rise_cancellation,Fuel duty rise cancellation,2028,86381.24,341.14062,38062.85,14219
fuel_duty_rise_cancellation,Fuel duty rise cancellation,2028,73245.77,0.0,33618.582,14225
fuel_duty_rise_cancellation,Fuel duty rise cancellation,2028,65132.438,42.164062,4545.2188,14298
fuel_duty_rise_cancellation,Fuel duty rise cancellation,2028,79323.86,0.0,50824.402,14332
fuel_duty_rise_cancellation,Fuel duty rise cancellation,2028,15085.342,0.0,9870.608,14424
fuel_duty_rise_cancellation,Fuel duty rise cancellation,2028,42735.61,0.0,1791.6722,14458
fuel_duty_rise_cancellation,Fuel duty rise cancellation,2028,60543.484,151.46875,7847.3604,14474
fuel_duty_rise_cancellation,Fuel duty rise cancellation,2028,79049.87,0.0,1337.2354,14483
fuel_duty_rise_cancellation,Fuel duty rise cancellation,2028,37257.31,0.0,1747.0142,14558
fuel_duty_rise_cancellation,Fuel duty rise cancellation,2028,72006.375,0.0,1570.2778,14580
fuel_duty_rise_cancellation,Fuel duty rise cancellation,2028,73715.7,0.0,459.64288,14591
fuel_duty_rise_cancellation,Fuel duty rise cancellation,2028,50087.492,0.0,67711.78,14660
fuel_duty_rise_cancellation,Fuel duty rise cancellation,2028,67601.86,0.0,2963.3218,14674
fuel_duty_rise_cancellation,Fuel duty rise cancellation,2028,3203.4058,0.0,827.7513,14686
fuel_duty_rise_cancellation,Fuel duty rise cancellation,2028,68124.016,83.953125,3953.1843,14746
fuel_duty_rise_cancellation,Fuel duty rise cancellation,2028,22319.762,0.0,331.61148,14757
fuel_duty_rise_cancellation,Fuel duty rise cancellation,2028,5838.5938,0.0,21580.152,14791
fuel_duty_rise_cancellation,Fuel duty rise cancellation,2028,34189.984,295.3828,81116.195,14809
fuel_duty_rise_cancellation,Fuel duty rise cancellation,2028,133056.33,438.09375,28192.281,14895
fuel_duty_rise_cancellation,Fuel duty rise cancellation,2028,47815.527,53.40625,5172.24,14910
fuel_duty_rise_cancellation,Fuel duty rise cancellation,2028,37661.95,140.53516,138.42924,14961
fuel_duty_rise_cancellation,Fuel duty rise cancellation,2028,78711.63,78.05469,18925.896,14989
fuel_duty_rise_cancellation,Fuel duty rise cancellation,2028,31875.559,365.21484,16729.408,15036
fuel_duty_rise_cancellation,Fuel duty rise cancellation,2028,69859.164,0.0,258.1853,15072
fuel_duty_rise_cancellation,Fuel duty rise cancellation,2028,70126.74,341.76562,6450.931,15169
fuel_duty_rise_cancellation,Fuel duty rise cancellation,2028,113332.83,147.22656,407.617,15182
fuel_duty_rise_cancellation,Fuel duty rise cancellation,2028,34539.05,96.94922,595.5213,15216
fuel_duty_rise_cancellation,Fuel duty rise cancellation,2028,111590.375,0.0,5169.995,15234
fuel_duty_rise_cancellation,Fuel duty rise cancellation,2028,51055.78,145.58594,320.36038,15322
fuel_duty_rise_cancellation,Fuel duty rise cancellation,2028,105595.46,85.72656,1202.0635,15348
fuel_duty_rise_cancellation,Fuel duty rise cancellation,2028,90528.5,0.0,11501.1045,15394
fuel_duty_rise_cancellation,Fuel duty rise cancellation,2028,59416.21,0.0,152340.55,15519
fuel_duty_rise_cancellation,Fuel duty rise cancellation,2028,63921.508,393.3047,565.26385,15548
fuel_duty_rise_cancellation,Fuel duty rise cancellation,2028,50839.992,364.29688,19126.74,15599
fuel_duty_rise_cancellation,Fuel duty rise cancellation,2028,94574.7,152.54688,5753.2236,15611
fuel_duty_rise_cancellation,Fuel duty rise cancellation,2028,29756.678,0.0,11582.161,15633
fuel_duty_rise_cancellation,Fuel duty rise cancellation,2028,86906.22,0.0,5851.0376,15642
fuel_duty_rise_cancellation,Fuel duty rise cancellation,2028,75645.53,0.0,32853.1,15668
fuel_duty_rise_cancellation,Fuel duty rise cancellation,2028,101873.266,177.45312,125072.375,15721
fuel_duty_rise_cancellation,Fuel duty rise cancellation,2028,56611.016,193.39844,869.6136,15728
fuel_duty_rise_cancellation,Fuel duty rise cancellation,2028,49093.36,0.0,23998.234,15740
fuel_duty_rise_cancellation,Fuel duty rise cancellation,2028,39929.445,353.30078,24905.404,15945
fuel_duty_rise_cancellation,Fuel duty rise cancellation,2028,29300.95,0.0,2361.5188,15966
fuel_duty_rise_cancellation,Fuel duty rise cancellation,2028,12955.097,0.0,1849.507,15981
fuel_duty_rise_cancellation,Fuel duty rise cancellation,2028,59376.883,172.54688,392.92188,16003
fuel_duty_rise_cancellation,Fuel duty rise cancellation,2028,27107.73,61.851562,659.9208,16058
fuel_duty_rise_cancellation,Fuel duty rise cancellation,2028,46089.26,0.0,11994.743,16180
fuel_duty_rise_cancellation,Fuel duty rise cancellation,2028,47572.906,56.21875,494.67426,16411
fuel_duty_rise_cancellation,Fuel duty rise cancellation,2028,54381.58,0.0,217.39735,16439
fuel_duty_rise_cancellation,Fuel duty rise cancellation,2028,102741.98,42.15625,51757.414,16724
fuel_duty_rise_cancellation,Fuel duty rise cancellation,2028,104927.03,79.90625,405.5703,16845
fuel_duty_rise_cancellation,Fuel duty rise cancellation,2028,3384.9849,0.0,348.02338,17074
fuel_duty_rise_cancellation,Fuel duty rise cancellation,2028,35551.895,85.375,549.1041,17104
fuel_duty_rise_cancellation,Fuel duty rise cancellation,2028,29486.043,373.5586,32161.34,17379
fuel_duty_rise_cancellation,Fuel duty rise cancellation,2028,60380.508,370.22656,866.8824,17740
fuel_duty_rise_cancellation,Fuel duty rise cancellation,2028,59031.113,0.0,594.446,17800
fuel_duty_rise_cancellation,Fuel duty rise cancellation,2028,7288.758,96.950195,289.3897,17876
fuel_duty_rise_cancellation,Fuel duty rise cancellation,2028,125985.25,297.35938,7473.275,17918
fuel_duty_rise_cancellation,Fuel duty rise cancellation,2028,90463.984,135.82812,8050.8833,17925
fuel_duty_rise_cancellation,Fuel duty rise cancellation,2028,73301.664,376.3125,15322.596,17983
fuel_duty_rise_cancellation,Fuel duty rise cancellation,2028,105146.945,196.42969,96214.34,18465
fuel_duty_rise_cancellation,Fuel duty rise cancellation,2028,18987.746,275.97266,947.2707,18670
fuel_duty_rise_cancellation,Fuel duty rise cancellation,2028,134026.2,53.390625,44416.195,18686
fuel_duty_rise_cancellation,Fuel duty rise cancellation,2028,17717.818,364.79492,23148.021,18754
fuel_duty_rise_cancellation,Fuel duty rise cancellation,2028,32488.15,0.0,937.28015,18843
fuel_duty_rise_cancellation,Fuel duty rise cancellation,2028,80601.234,0.0,12177.938,19014
fuel_duty_rise_cancellation,Fuel duty rise cancellation,2028,11274.017,342.46875,587.21716,19199
fuel_duty_rise_cancellation,Fuel duty rise cancellation,2028,108451.28,408.47656,530.4315,19212
fuel_duty_rise_cancellation,Fuel duty rise cancellation,2028,63252.17,254.0625,3927.9688,19368
fuel_duty_rise_cancellation,Fuel duty rise cancellation,2028,107404.33,0.0,22.910177,19419
fuel_duty_rise_cancellation,Fuel duty rise cancellation,2028,39389.18,27.160156,1602.5483,19707
fuel_duty_rise_cancellation,Fuel duty rise cancellation,2028,76346.41,28.09375,946.49054,19725
fuel_duty_rise_cancellation,Fuel duty rise cancellation,2028,26938.01,173.91016,1620.6241,19809
fuel_duty_rise_cancellation,Fuel duty rise cancellation,2028,48750.96,318.36328,9273.441,19932
fuel_duty_rise_cancellation,Fuel duty rise cancellation,2028,16662.191,340.9375,3704.0042,19936
fuel_duty_rise_cancellation,Fuel duty rise cancellation,2028,84256.73,315.54688,7298.827,19953
fuel_duty_rise_cancellation,Fuel duty rise cancellation,2028,27404.502,0.0,327.96713,20000
fuel_duty_rise_cancellation,Fuel duty rise cancellation,2028,32708.545,80.08789,29668.383,20039
fuel_duty_rise_cancellation,Fuel duty rise cancellation,2028,71455.79,59.523438,3360.798,20057
fuel_duty_rise_cancellation,Fuel duty rise cancellation,2028,21702.326,0.0,1578.1066,20120
fuel_duty_rise_cancellation,Fuel duty rise cancellation,2028,57617.375,0.0,574.3236,20310
fuel_duty_rise_cancellation,Fuel duty rise cancellation,2028,45057.21,47.015625,271.37762,20323
fuel_duty_rise_cancellation,Fuel duty rise cancellation,2028,101639.68,199.67969,6491.386,20383
fuel_duty_rise_cancellation,Fuel duty rise cancellation,2028,30510.21,82.0293,232.59033,20426
fuel_duty_rise_cancellation,Fuel duty rise cancellation,2028,49833.227,504.97656,770.7549,20457
fuel_duty_rise_cancellation,Fuel duty rise cancellation,2028,94059.42,187.875,16280.38,20555
fuel_duty_rise_cancellation,Fuel duty rise cancellation,2028,22628.73,0.0,2474.5442,20642
fuel_duty_rise_cancellation,Fuel duty rise cancellation,2028,67908.68,470.82812,193.73367,20692
fuel_duty_rise_cancellation,Fuel duty rise cancellation,2028,88648.734,28.132812,542.802,20751
fuel_duty_rise_cancellation,Fuel duty rise cancellation,2028,33187.59,0.0,38981.89,21263
fuel_duty_rise_cancellation,Fuel duty rise cancellation,2028,18465.152,283.1953,462.13367,21304
fuel_duty_rise_cancellation,Fuel duty rise cancellation,2028,78930.4,84.359375,275.44,21486
fuel_duty_rise_cancellation,Fuel duty rise cancellation,2028,66798.3,0.0,975.215,21759
fuel_duty_rise_cancellation,Fuel duty rise cancellation,2028,71715.12,219.61719,307.41116,21763
fuel_duty_rise_cancellation,Fuel duty rise cancellation,2028,40230.93,0.0,508.74518,21894
fuel_duty_rise_cancellation,Fuel duty rise cancellation,2028,56701.797,0.0,285.958,21905
fuel_duty_rise_cancellation,Fuel duty rise cancellation,2028,106347.94,327.875,6016.24,21952
fuel_duty_rise_cancellation,Fuel duty rise cancellation,2028,91443.555,391.35938,1688.4703,22015
fuel_duty_rise_cancellation,Fuel duty rise cancellation,2028,121466.26,195.5625,4196.127,22150
fuel_duty_rise_cancellation,Fuel duty rise cancellation,2028,53421.594,441.07422,311.5974,22171
fuel_duty_rise_cancellation,Fuel duty rise cancellation,2028,28326.562,85.416016,1793.6014,22179
fuel_duty_rise_cancellation,Fuel duty rise cancellation,2028,18267.148,0.0,397.53735,22197
fuel_duty_rise_cancellation,Fuel duty rise cancellation,2028,19105.453,0.0,420.50967,22367
fuel_duty_rise_cancellation,Fuel duty rise cancellation,2028,20651.148,42.152344,630.4217,22485
fuel_duty_rise_cancellation,Fuel duty rise cancellation,2028,17005.502,0.0,978.4543,23016
fuel_duty_rise_cancellation,Fuel duty rise cancellation,2028,33417.37,377.20312,586.6939,23179
fuel_duty_rise_cancellation,Fuel duty rise cancellation,2028,55593.926,285.91406,436.48407,23654
fuel_duty_rise_cancellation,Fuel duty rise cancellation,2028,23261.83,115.24414,3195.8154,23867
fuel_duty_rise_cancellation,Fuel duty rise cancellation,2028,27807.398,0.0,494.58215,23904
fuel_duty_rise_cancellation,Fuel duty rise cancellation,2028,66231.97,28.109375,46283.68,23972
fuel_duty_rise_cancellation,Fuel duty rise cancellation,2028,45079.086,0.0,497.76993,23992
fuel_duty_rise_cancellation,Fuel duty rise cancellation,2028,131841.95,56.90625,11287.241,24109
fuel_duty_rise_cancellation,Fuel duty rise cancellation,2028,69602.805,194.86719,8208.042,24110
fuel_duty_rise_cancellation,Fuel duty rise cancellation,2028,56113.277,0.0,402.31677,24112
fuel_duty_rise_cancellation,Fuel duty rise cancellation,2028,100942.664,0.0,241.0657,24169
fuel_duty_rise_cancellation,Fuel duty rise cancellation,2028,89918.23,0.0,35165.37,24170
fuel_duty_rise_cancellation,Fuel duty rise cancellation,2028,56862.73,0.0,9946.6455,24189
fuel_duty_rise_cancellation,Fuel duty rise cancellation,2028,30191.3,87.03125,6175.794,24240
fuel_duty_rise_cancellation,Fuel duty rise cancellation,2028,60359.293,547.6328,24175.11,24503
fuel_duty_rise_cancellation,Fuel duty rise cancellation,2028,23821.113,0.0,372.58783,24527
fuel_duty_rise_cancellation,Fuel duty rise cancellation,2028,64175.93,174.35156,723.62024,25073
fuel_duty_rise_cancellation,Fuel duty rise cancellation,2028,48681.523,0.0,480.50085,25564
fuel_duty_rise_cancellation,Fuel duty rise cancellation,2028,22003.273,0.0,596.12933,25667
fuel_duty_rise_cancellation,Fuel duty rise cancellation,2028,80767.78,0.0,2698.656,25784
fuel_duty_rise_cancellation,Fuel duty rise cancellation,2028,71868.16,0.0,187.20798,25858
fuel_duty_rise_cancellation,Fuel duty rise cancellation,2028,26283.47,486.36914,39487.324,26003
fuel_duty_rise_cancellation,Fuel duty rise cancellation,2028,17427.9,0.0,587.0779,26044
fuel_duty_rise_cancellation,Fuel duty rise cancellation,2028,6465.9043,0.0,12994.348,26272
fuel_duty_rise_cancellation,Fuel duty rise cancellation,2028,29055.752,352.7422,5083.4307,26346
fuel_duty_rise_cancellation,Fuel duty rise cancellation,2028,52411.87,0.0,312.32678,26408
fuel_duty_rise_cancellation,Fuel duty rise cancellation,2028,579.01764,1515.9062,58998.72,26448
fuel_duty_rise_cancellation,Fuel duty rise cancellation,2028,23702.012,161.26953,660.19836,26726
fuel_duty_rise_cancellation,Fuel duty rise cancellation,2028,64761.105,341.6914,2170.0266,26811
fuel_duty_rise_cancellation,Fuel duty rise cancellation,2028,51734.17,150.8711,30980.191,26832
fuel_duty_rise_cancellation,Fuel duty rise cancellation,2028,24494.016,164.19531,2831.531,27077
fuel_duty_rise_cancellation,Fuel duty rise cancellation,2028,42019.418,0.0,373.0842,27093
fuel_duty_rise_cancellation,Fuel duty rise cancellation,2028,50811.938,161.46094,2117.7139,27113
fuel_duty_rise_cancellation,Fuel duty rise cancellation,2028,118877.56,165.55469,1851.5933,27254
fuel_duty_rise_cancellation,Fuel duty rise cancellation,2028,30615.348,0.0,19661.963,27293
fuel_duty_rise_cancellation,Fuel duty rise cancellation,2028,53744.83,370.53906,30578.75,27736
fuel_duty_rise_cancellation,Fuel duty rise cancellation,2028,29612.719,105.04297,534.21594,27751
fuel_duty_rise_cancellation,Fuel duty rise cancellation,2028,57737.195,277.05078,125341.68,27767
fuel_duty_rise_cancellation,Fuel duty rise cancellation,2028,51711.203,14.136719,11557.804,27991
fuel_duty_rise_cancellation,Fuel duty rise cancellation,2028,21278.672,0.0,487.08905,28026
fuel_duty_rise_cancellation,Fuel duty rise cancellation,2028,116618.18,922.9219,25036.074,28725
fuel_duty_rise_cancellation,Fuel duty rise cancellation,2028,55700.95,169.04688,276.66464,28792
fuel_duty_rise_cancellation,Fuel duty rise cancellation,2028,73358.01,56.835938,758.13007,28899
fuel_duty_rise_cancellation,Fuel duty rise cancellation,2028,46695.645,111.703125,1592.758,28941
fuel_duty_rise_cancellation,Fuel duty rise cancellation,2028,16859.412,0.0,1752.2234,29088
fuel_duty_rise_cancellation,Fuel duty rise cancellation,2028,33213.582,64.95703,663.8258,29189
fuel_duty_rise_cancellation,Fuel duty rise cancellation,2028,91596.02,32.25,2294.638,29333
fuel_duty_rise_cancellation,Fuel duty rise cancellation,2028,26395.953,84.62891,1114.5243,29745
fuel_duty_rise_cancellation,Fuel duty rise cancellation,2028,115134.51,0.0,230.3422,29749
fuel_duty_rise_cancellation,Fuel duty rise cancellation,2028,38686.42,200.75781,20812.203,30124
fuel_duty_rise_cancellation,Fuel duty rise cancellation,2028,41084.883,0.0,446.62885,30238
fuel_duty_rise_cancellation,Fuel duty rise cancellation,2028,73267.85,200.4375,19104.559,30391
fuel_duty_rise_cancellation,Fuel duty rise cancellation,2028,13513.709,0.0,43968.484,30913
fuel_duty_rise_cancellation,Fuel duty rise cancellation,2028,82565.766,80.27344,2766.4758,31066
fuel_duty_rise_cancellation,Fuel duty rise cancellation,2028,21824.93,0.0,415.57126,31254
fuel_duty_rise_cancellation,Fuel duty rise cancellation,2028,20497.914,28.142578,7500.5566,31538
fuel_duty_rise_cancellation,Fuel duty rise cancellation,2028,45939.723,0.0,5571.853,31541
fuel_duty_rise_cancellation,Fuel duty rise cancellation,2028,39061.207,38.976562,80.6585,31546
fuel_duty_rise_cancellation,Fuel duty rise cancellation,2028,133315.16,265.09375,13026.038,31691
fuel_duty_rise_cancellation,Fuel duty rise cancellation,2028,131951.78,0.0,435.46124,31767
fuel_duty_rise_cancellation,Fuel duty rise cancellation,2028,88746.36,0.0,202.92346,31806
fuel_duty_rise_cancellation,Fuel duty rise cancellation,2028,38872.46,922.9219,26614.025,31886
fuel_duty_rise_cancellation,Fuel duty rise cancellation,2028,104106.26,28.367188,40841.207,31943
fuel_duty_rise_cancellation,Fuel duty rise cancellation,2028,45738.207,0.0,401.29532,32163
fuel_duty_rise_cancellation,Fuel duty rise cancellation,2028,72329.38,0.0,3166.7744,32168
fuel_duty_rise_cancellation,Fuel duty rise cancellation,2028,48085.277,291.375,1201.6807,32172
fuel_duty_rise_cancellation,Fuel duty rise cancellation,2028,66045.18,0.0,299.7335,32174
fuel_duty_rise_cancellation,Fuel duty rise cancellation,2028,33036.582,35.140625,298.04214,32254
fuel_duty_rise_cancellation,Fuel duty rise cancellation,2028,60122.66,0.0,12998.736,32331
fuel_duty_rise_cancellation,Fuel duty rise cancellation,2028,80259.0,0.0,1282.3508,32475
fuel_duty_rise_cancellation,Fuel duty rise cancellation,2028,55918.57,56.203125,23.668335,33814
fuel_duty_rise_cancellation,Fuel duty rise cancellation,2028,46816.61,0.0,37.803963,41944
fuel_duty_rise_cancellation,Fuel duty rise cancellation,2028,97085.26,0.0,61.46097,41950
fuel_duty_rise_cancellation,Fuel duty rise cancellation,2028,22217.053,0.0,14.665603,46185
fuel_duty_rise_cancellation,Fuel duty rise cancellation,2028,121605.766,0.0,198.21095,49121
fuel_duty_rise_cancellation,Fuel duty rise cancellation,2028,48967.58,0.0,530.726,49812
fuel_duty_rise_cancellation,Fuel duty rise cancellation,2028,44969.965,69.49219,3306.0354,50537
fuel_duty_rise_cancellation,Fuel duty rise cancellation,2028,7291.8506,0.0,8326.695,51580
fuel_duty_rise_cancellation,Fuel duty rise cancellation,2028,57069.152,67.55859,107.698265,51640
fuel_duty_rise_cancellation,Fuel duty rise cancellation,2028,28490.328,0.0,551.5752,52783
fuel_duty_rise_cancellation,Fuel duty rise cancellation,2028,23659.945,0.0,398.8587,54403
fuel_duty_rise_cancellation,Fuel duty rise cancellation,2028,63128.176,441.0703,143.53938,54749
fuel_duty_rise_cancellation,Fuel duty rise cancellation,2028,127192.72,0.0,916.82837,54824
fuel_duty_rise_cancellation,Fuel duty rise cancellation,2028,74615.75,922.9219,201.76003,55334
fuel_duty_rise_cancellation,Fuel duty rise cancellation,2028,17325.416,0.0,5396.616,55805
fuel_duty_rise_cancellation,Fuel duty rise cancellation,2028,8538.804,0.0,285.57388,56245
fuel_duty_rise_cancellation,Fuel duty rise cancellation,2028,92176.984,75.171875,15050.096,57181
fuel_duty_rise_cancellation,Fuel duty rise cancellation,2028,141638.88,0.0,17.211357,58496
fuel_duty_rise_cancellation,Fuel duty rise cancellation,2028,4325.6465,0.0,3686.9124,58677
fuel_duty_rise_cancellation,Fuel duty rise cancellation,2028,15159.371,0.0,282.43225,58702
fuel_duty_rise_cancellation,Fuel duty rise cancellation,2028,27176.514,0.0,269.38788,60626
fuel_duty_rise_cancellation,Fuel duty rise cancellation,2028,54782.273,314.375,773.7116,62259
fuel_duty_rise_cancellation,Fuel duty rise cancellation,2028,100498.18,0.0,99.19103,62593
fuel_duty_rise_cancellation,Fuel duty rise cancellation,2028,75977.55,70.25781,2893.732,62794
fuel_duty_rise_cancellation,Fuel duty rise cancellation,2028,108918.78,300.64062,126.7814,63791
fuel_duty_rise_cancellation,Fuel duty rise cancellation,2028,58141.266,250.82031,19323.6,64098
fuel_duty_rise_cancellation,Fuel duty rise cancellation,2028,49283.066,0.0,1825.6941,64774
fuel_duty_rise_cancellation,Fuel duty rise cancellation,2029,64071.11,0.0,671.81824,183
fuel_duty_rise_cancellation,Fuel duty rise cancellation,2029,46524.996,449.91406,2201.4365,222
fuel_duty_rise_cancellation,Fuel duty rise cancellation,2029,57810.656,0.0,710.93286,257
fuel_duty_rise_cancellation,Fuel duty rise cancellation,2029,7776.9404,0.0,5050.571,321
fuel_duty_rise_cancellation,Fuel duty rise cancellation,2029,54999.2,30.210938,1955.1456,366
fuel_duty_rise_cancellation,Fuel duty rise cancellation,2029,44333.75,65.96875,38304.906,385
fuel_duty_rise_cancellation,Fuel duty rise cancellation,2029,68271.34,66.0,7824.4033,507
fuel_duty_rise_cancellation,Fuel duty rise cancellation,2029,27101.39,0.0,3905.6257,603
fuel_duty_rise_cancellation,Fuel duty rise cancellation,2029,37375.36,65.04297,1219.2965,621
fuel_duty_rise_cancellation,Fuel duty rise cancellation,2029,33879.996,0.0,641.8773,668
fuel_duty_rise_cancellation,Fuel duty rise cancellation,2029,17657.516,0.0,723.235,675
fuel_duty_rise_cancellation,Fuel duty rise cancellation,2029,19346.48,388.28516,47182.367,769
fuel_duty_rise_cancellation,Fuel duty rise cancellation,2029,36763.387,0.0,2243.824,800
fuel_duty_rise_cancellation,Fuel duty rise cancellation,2029,54831.426,0.0,22821.098,848
fuel_duty_rise_cancellation,Fuel duty rise cancellation,2029,61198.105,0.0,27525.879,978
fuel_duty_rise_cancellation,Fuel duty rise cancellation,2029,108152.55,0.0,24204.312,986
fuel_duty_rise_cancellation,Fuel duty rise cancellation,2029,40522.63,0.0,2094.156,1068
fuel_duty_rise_cancellation,Fuel duty rise cancellation,2029,98692.555,668.72656,31234.64,1075
fuel_duty_rise_cancellation,Fuel duty rise cancellation,2029,55780.453,91.61328,41776.26,1116
fuel_duty_rise_cancellation,Fuel duty rise cancellation,2029,45420.902,0.0,11051.613,1144
fuel_duty_rise_cancellation,Fuel duty rise cancellation,2029,33511.844,0.0,5338.0444,1151
fuel_duty_rise_cancellation,Fuel duty rise cancellation,2029,50661.17,49.476562,34042.348,1179
fuel_duty_rise_cancellation,Fuel duty rise cancellation,2029,55971.63,116.33594,207198.16,1243
fuel_duty_rise_cancellation,Fuel duty rise cancellation,2029,53449.414,33.0,1941.2136,1293
fuel_duty_rise_cancellation,Fuel duty rise cancellation,2029,32318.547,0.0,11666.416,1379
fuel_duty_rise_cancellation,Fuel duty rise cancellation,2029,18258.99,90.72266,1219.7667,1441
fuel_duty_rise_cancellation,Fuel duty rise cancellation,2029,42839.574,89.05859,18431.06,1445
fuel_duty_rise_cancellation,Fuel duty rise cancellation,2029,95707.945,504.98438,31350.562,1508
fuel_duty_rise_cancellation,Fuel duty rise cancellation,2029,65003.113,0.0,5589.9985,1577
fuel_duty_rise_cancellation,Fuel duty rise cancellation,2029,38064.273,151.92969,1254.1508,1664
fuel_duty_rise_cancellation,Fuel duty rise cancellation,2029,32180.35,0.0,332.6374,1803
fuel_duty_rise_cancellation,Fuel duty rise cancellation,2029,49909.39,0.0,793.01483,1948
fuel_duty_rise_cancellation,Fuel duty rise cancellation,2029,45044.594,372.83594,9618.599,2040
fuel_duty_rise_cancellation,Fuel duty rise cancellation,2029,56672.41,46.195312,5120.921,2084
fuel_duty_rise_cancellation,Fuel duty rise cancellation,2029,63602.207,407.09375,6839.1865,2128
fuel_duty_rise_cancellation,Fuel duty rise cancellation,2029,87561.88,0.0,95311.516,2156
fuel_duty_rise_cancellation,Fuel duty rise cancellation,2029,97681.94,230.5625,48745.5,2176
fuel_duty_rise_cancellation,Fuel duty rise cancellation,2029,67312.75,49.476562,4662.933,2199
fuel_duty_rise_cancellation,Fuel duty rise cancellation,2029,14257.226,0.0,2669.0344,2307
fuel_duty_rise_cancellation,Fuel duty rise cancellation,2029,60606.297,0.0,3908.3455,2315
fuel_duty_rise_cancellation,Fuel duty rise cancellation,2029,72393.195,448.34375,1485.8481,2339
fuel_duty_rise_cancellation,Fuel duty rise cancellation,2029,11320.795,0.0,1679.2583,2341
fuel_duty_rise_cancellation,Fuel duty rise cancellation,2029,35290.26,0.0,315.22308,2412
fuel_duty_rise_cancellation,Fuel duty rise cancellation,2029,11807.219,428.17676,45663.652,2465
fuel_duty_rise_cancellation,Fuel duty rise cancellation,2029,69255.016,82.46094,63003.727,2529
fuel_duty_rise_cancellation,Fuel duty rise cancellation,2029,40303.207,0.0,1028.6642,2554
fuel_duty_rise_cancellation,Fuel duty rise cancellation,2029,27611.705,0.0,4372.0654,2624
fuel_duty_rise_cancellation,Fuel duty rise cancellation,2029,58318.85,0.0,15434.003,2642
fuel_duty_rise_cancellation,Fuel duty rise cancellation,2029,49319.348,74.21484,3896.1382,2670
fuel_duty_rise_cancellation,Fuel duty rise cancellation,2029,38768.293,0.0,31663.076,2694
fuel_duty_rise_cancellation,Fuel duty rise cancellation,2029,56433.08,133.60156,1276.5543,2703
fuel_duty_rise_cancellation,Fuel duty rise cancellation,2029,57857.656,0.0,6234.2446,2722
fuel_duty_rise_cancellation,Fuel duty rise cancellation,2029,44755.234,460.26953,3770.5938,2753
fuel_duty_rise_cancellation,Fuel duty rise cancellation,2029,40638.1,0.0,50704.254,2892
fuel_duty_rise_cancellation,Fuel duty rise cancellation,2029,23896.504,32.984375,79843.73,2913
fuel_duty_rise_cancellation,Fuel duty rise cancellation,2029,49550.57,0.0,4456.5024,2932
fuel_duty_rise_cancellation,Fuel duty rise cancellation,2029,31532.232,0.0,1147.3566,2960
fuel_duty_rise_cancellation,Fuel duty rise cancellation,2029,63826.12,66.796875,823.70886,2967
fuel_duty_rise_cancellation,Fuel duty rise cancellation,2029,25341.652,0.0,5559.116,3039
fuel_duty_rise_cancellation,Fuel duty rise cancellation,2029,97856.44,1083.2812,117.014275,3052
fuel_duty_rise_cancellation,Fuel duty rise cancellation,2029,76814.17,298.20312,12711.143,3079
fuel_duty_rise_cancellation,Fuel duty rise cancellation,2029,19002.006,0.0,5275.874,3094
fuel_duty_rise_cancellation,Fuel duty rise cancellation,2029,58495.75,0.0,7859.6426,3107
fuel_duty_rise_cancellation,Fuel duty rise cancellation,2029,42574.32,0.0,8080.017,3139
fuel_duty_rise_cancellation,Fuel duty rise cancellation,2029,64623.176,0.0,840.59406,3284
fuel_duty_rise_cancellation,Fuel duty rise cancellation,2029,57097.555,86.203125,26351.191,3341
fuel_duty_rise_cancellation,Fuel duty rise cancellation,2029,76503.484,0.0,171.53343,3344
fuel_duty_rise_cancellation,Fuel duty rise cancellation,2029,67996.91,59.390625,4749.3813,3386
fuel_duty_rise_cancellation,Fuel duty rise cancellation,2029,28449.959,94.13672,892.988,3399
fuel_duty_rise_cancellation,Fuel duty rise cancellation,2029,11931.121,0.0,40512.88,3460
fuel_duty_rise_cancellation,Fuel duty rise cancellation,2029,53610.96,204.125,75926.96,3520
fuel_duty_rise_cancellation,Fuel duty rise cancellation,2029,67382.945,406.07812,12861.623,3562
fuel_duty_rise_cancellation,Fuel duty rise cancellation,2029,68775.81,286.875,47954.176,3577
fuel_duty_rise_cancellation,Fuel duty rise cancellation,2029,131191.48,74.484375,300.33218,3640
fuel_duty_rise_cancellation,Fuel duty rise cancellation,2029,77015.414,373.6797,144.6632,3643
fuel_duty_rise_cancellation,Fuel duty rise cancellation,2029,44634.203,0.0,796.64197,3645
fuel_duty_rise_cancellation,Fuel duty rise cancellation,2029,25162.926,0.0,10263.581,3660
fuel_duty_rise_cancellation,Fuel duty rise cancellation,2029,46868.66,370.3672,55337.664,3664
fuel_duty_rise_cancellation,Fuel duty rise cancellation,2029,42342.996,0.0,139139.36,3711
fuel_duty_rise_cancellation,Fuel duty rise cancellation,2029,40176.035,0.0,9526.7705,3740
fuel_duty_rise_cancellation,Fuel duty rise cancellation,2029,59770.1,0.0,22939.918,3747
fuel_duty_rise_cancellation,Fuel duty rise cancellation,2029,31576.717,37.93164,3399.941,3751
fuel_duty_rise_cancellation,Fuel duty rise cancellation,2029,35114.402,0.0,18833.398,3796
fuel_duty_rise_cancellation,Fuel duty rise cancellation,2029,14406.988,0.0,2991.664,3804
fuel_duty_rise_cancellation,Fuel duty rise cancellation,2029,20572.74,0.0,4106.163,3901
fuel_duty_rise_cancellation,Fuel duty rise cancellation,2029,72007.81,268.08594,5009.702,3996
fuel_duty_rise_cancellation,Fuel duty rise cancellation,2029,41676.973,0.0,3425.635,4061
fuel_duty_rise_cancellation,Fuel duty rise cancellation,2029,57185.242,49.691406,460.27994,4098
fuel_duty_rise_cancellation,Fuel duty rise cancellation,2029,49500.07,49.476562,10803.007,4113
fuel_duty_rise_cancellation,Fuel duty rise cancellation,2029,33938.535,74.21484,10281.683,4115
fuel_duty_rise_cancellation,Fuel duty rise cancellation,2029,24007.768,0.0,4036.984,4189
fuel_duty_rise_cancellation,Fuel duty rise cancellation,2029,108550.984,232.21875,2215.3054,4301
fuel_duty_rise_cancellation,Fuel duty rise cancellation,2029,19200.973,0.0,3637.9905,4336
fuel_duty_rise_cancellation,Fuel duty rise cancellation,2029,78772.77,0.0,1106.4968,4443
fuel_duty_rise_cancellation,Fuel duty rise cancellation,2029,82952.16,0.0,1495.956,4450
fuel_duty_rise_cancellation,Fuel duty rise cancellation,2029,50188.04,41.23047,4905.389,4497
fuel_duty_rise_cancellation,Fuel duty rise cancellation,2029,21709.209,138.10156,1259.3324,4522
fuel_duty_rise_cancellation,Fuel duty rise cancellation,2029,19061.533,437.67383,24410.852,4560
fuel_duty_rise_cancellation,Fuel duty rise cancellation,2029,28697.455,0.0,448.75726,4634
fuel_duty_rise_cancellation,Fuel duty rise cancellation,2029,76211.68,0.0,2488.9653,4712
fuel_duty_rise_cancellation,Fuel duty rise cancellation,2029,33847.54,80.546875,1928.0007,4721
fuel_duty_rise_cancellation,Fuel duty rise cancellation,2029,88761.55,40.851562,8514.951,4759
fuel_duty_rise_cancellation,Fuel duty rise cancellation,2029,136905.78,199.57812,13427.529,4864
fuel_duty_rise_cancellation,Fuel duty rise cancellation,2029,26282.043,0.0,7442.31,4934
fuel_duty_rise_cancellation,Fuel duty rise cancellation,2029,17068.79,1781.832,21554.658,4953
fuel_duty_rise_cancellation,Fuel duty rise cancellation,2029,24178.496,32.984375,19011.15,4970
fuel_duty_rise_cancellation,Fuel duty rise cancellation,2029,27970.668,0.0,110805.66,5003
fuel_duty_rise_cancellation,Fuel duty rise cancellation,2029,62867.203,64.05469,5042.9434,5031
fuel_duty_rise_cancellation,Fuel duty rise cancellation,2029,30594.18,470.8203,3627.359,5038
fuel_duty_rise_cancellation,Fuel duty rise cancellation,2029,25138.598,16.492188,9533.404,5090
fuel_duty_rise_cancellation,Fuel duty rise cancellation,2029,42949.766,404.5078,1578.5654,5106
fuel_duty_rise_cancellation,Fuel duty rise cancellation,2029,88738.48,298.20312,1591.0142,5108
fuel_duty_rise_cancellation,Fuel duty rise cancellation,2029,33872.38,148.47656,34146.434,5420
fuel_duty_rise_cancellation,Fuel duty rise cancellation,2029,100198.88,0.0,444.13464,5436
fuel_duty_rise_cancellation,Fuel duty rise cancellation,2029,48557.977,71.58984,1081.7659,5475
fuel_duty_rise_cancellation,Fuel duty rise cancellation,2029,40825.53,24.738281,4096.3687,5706
fuel_duty_rise_cancellation,Fuel duty rise cancellation,2029,16385.344,0.0,42097.08,5711
fuel_duty_rise_cancellation,Fuel duty rise cancellation,2029,51831.445,70.69922,4932.6587,5716
fuel_duty_rise_cancellation,Fuel duty rise cancellation,2029,37040.3,0.0,5646.64,5808
fuel_duty_rise_cancellation,Fuel duty rise cancellation,2029,71379.234,0.0,82097.55,5813
fuel_duty_rise_cancellation,Fuel duty rise cancellation,2029,51312.71,0.0,9535.68,5814
fuel_duty_rise_cancellation,Fuel duty rise cancellation,2029,51566.188,0.0,340.3154,5845
fuel_duty_rise_cancellation,Fuel duty rise cancellation,2029,105214.37,298.20312,1585.3558,5905
fuel_duty_rise_cancellation,Fuel duty rise cancellation,2029,65582.39,49.484375,2093.8423,5906
fuel_duty_rise_cancellation,Fuel duty rise cancellation,2029,41574.684,232.1914,286.6619,5966
fuel_duty_rise_cancellation,Fuel duty rise cancellation,2029,67705.01,75.99219,37513.875,5971
fuel_duty_rise_cancellation,Fuel duty rise cancellation,2029,91876.84,0.0,70296.53,5972
fuel_duty_rise_cancellation,Fuel duty rise cancellation,2029,33857.664,0.0,2899.4536,6127
fuel_duty_rise_cancellation,Fuel duty rise cancellation,2029,53988.945,49.523438,13474.321,6157
fuel_duty_rise_cancellation,Fuel duty rise cancellation,2029,40698.863,49.476562,24345.465,6196
fuel_duty_rise_cancellation,Fuel duty rise cancellation,2029,23511.42,0.0,69050.055,6244
fuel_duty_rise_cancellation,Fuel duty rise cancellation,2029,57380.01,107.62891,47058.12,6249
fuel_duty_rise_cancellation,Fuel duty rise cancellation,2029,10505.313,0.0,14514.969,6391
fuel_duty_rise_cancellation,Fuel duty rise cancellation,2029,41200.543,0.0,26022.543,6458
fuel_duty_rise_cancellation,Fuel duty rise cancellation,2029,37298.95,0.0,3077.006,6462
fuel_duty_rise_cancellation,Fuel duty rise cancellation,2029,45620.67,0.0,335.87216,6479
fuel_duty_rise_cancellation,Fuel duty rise cancellation,2029,15716.463,1837.1465,116098.48,6494
fuel_duty_rise_cancellation,Fuel duty rise cancellation,2029,27721.986,65.96875,8332.452,6533
fuel_duty_rise_cancellation,Fuel duty rise cancellation,2029,64981.64,90.71094,7579.6987,6598
fuel_duty_rise_cancellation,Fuel duty rise cancellation,2029,39665.984,0.0,1121.1747,6687
fuel_duty_rise_cancellation,Fuel duty rise cancellation,2029,21920.814,0.0,1441.9741,6695
fuel_duty_rise_cancellation,Fuel duty rise cancellation,2029,30140.875,163.33984,80270.52,6732
fuel_duty_rise_cancellation,Fuel duty rise cancellation,2029,71100.89,0.0,219.2566,6753
fuel_duty_rise_cancellation,Fuel duty rise cancellation,2029,32964.195,0.0,50194.016,6815
fuel_duty_rise_cancellation,Fuel duty rise cancellation,2029,19084.812,72.59766,19342.932,6864
fuel_duty_rise_cancellation,Fuel duty rise cancellation,2029,33571.305,87.80078,795.59644,6904
fuel_duty_rise_cancellation,Fuel duty rise cancellation,2029,14933.15,390.04785,21853.404,6912
fuel_duty_rise_cancellation,Fuel duty rise cancellation,2029,22090.172,72.59766,140381.03,6965
fuel_duty_rise_cancellation,Fuel duty rise cancellation,2029,61815.453,243.52344,47055.965,6975
fuel_duty_rise_cancellation,Fuel duty rise cancellation,2029,75915.73,47.90625,44802.227,6987
fuel_duty_rise_cancellation,Fuel duty rise cancellation,2029,51803.605,82.47656,1754.4537,7020
fuel_duty_rise_cancellation,Fuel duty rise cancellation,2029,53039.25,275.21875,3257.281,7036
fuel_duty_rise_cancellation,Fuel duty rise cancellation,2029,43252.97,0.0,441.7833,7080
fuel_duty_rise_cancellation,Fuel duty rise cancellation,2029,22669.258,1767.5176,67384.1,7159
fuel_duty_rise_cancellation,Fuel duty rise cancellation,2029,43622.445,0.0,4277.863,7163
fuel_duty_rise_cancellation,Fuel duty rise cancellation,2029,53198.516,0.0,157241.53,7229
fuel_duty_rise_cancellation,Fuel duty rise cancellation,2029,30196.041,0.0,4020.0964,7248
fuel_duty_rise_cancellation,Fuel duty rise cancellation,2029,9745.391,0.0,25700.96,7428
fuel_duty_rise_cancellation,Fuel duty rise cancellation,2029,42148.758,0.0,48979.145,7444
fuel_duty_rise_cancellation,Fuel duty rise cancellation,2029,25301.62,0.0,11199.715,7459
fuel_duty_rise_cancellation,Fuel duty rise cancellation,2029,102454.47,82.46094,19077.992,7504
fuel_duty_rise_cancellation,Fuel duty rise cancellation,2029,24339.625,188.02734,44410.99,7539
fuel_duty_rise_cancellation,Fuel duty rise cancellation,2029,47076.734,0.0,3068.1829,7624
fuel_duty_rise_cancellation,Fuel duty rise cancellation,2029,92909.33,0.0,1355.0262,7632
fuel_duty_rise_cancellation,Fuel duty rise cancellation,2029,26418.234,0.0,376.2767,7743
fuel_duty_rise_cancellation,Fuel duty rise cancellation,2029,27932.516,0.0,754.8752,7763
fuel_duty_rise_cancellation,Fuel duty rise cancellation,2029,69455.69,41.226562,6635.3647,7908
fuel_duty_rise_cancellation,Fuel duty rise cancellation,2029,13480.375,64.319336,80615.91,8037
fuel_duty_rise_cancellation,Fuel duty rise cancellation,2029,17359.062,0.0,7409.565,8077
fuel_duty_rise_cancellation,Fuel duty rise cancellation,2029,24429.799,185.2832,1300.82,8101
fuel_duty_rise_cancellation,Fuel duty rise cancellation,2029,37536.254,0.0,76993.01,8228
fuel_duty_rise_cancellation,Fuel duty rise cancellation,2029,64486.758,49.476562,31274.018,8272
fuel_duty_rise_cancellation,Fuel duty rise cancellation,2029,62215.336,0.0,7394.0166,8342
fuel_duty_rise_cancellation,Fuel duty rise cancellation,2029,39622.055,0.0,4114.93,8392
fuel_duty_rise_cancellation,Fuel duty rise cancellation,2029,65468.977,0.0,5498.5703,8468
fuel_duty_rise_cancellation,Fuel duty rise cancellation,2029,21547.672,0.0,525.76263,8478
fuel_duty_rise_cancellation,Fuel duty rise cancellation,2029,55758.87,133.08984,1151.4694,8480
fuel_duty_rise_cancellation,Fuel duty rise cancellation,2029,59244.418,0.0,79988.305,8511
fuel_duty_rise_cancellation,Fuel duty rise cancellation,2029,36948.45,0.0,268018.12,8566
fuel_duty_rise_cancellation,Fuel duty rise cancellation,2029,107928.3,0.0,438.68823,8595
fuel_duty_rise_cancellation,Fuel duty rise cancellation,2029,54153.527,41.246094,39604.11,8686
fuel_duty_rise_cancellation,Fuel duty rise cancellation,2029,44417.008,514.0703,17267.299,8762
fuel_duty_rise_cancellation,Fuel duty rise cancellation,2029,30827.363,0.0,53186.266,8782
fuel_duty_rise_cancellation,Fuel duty rise cancellation,2029,116902.18,98.140625,269.802,8790
fuel_duty_rise_cancellation,Fuel duty rise cancellation,2029,50043.1,41.625,5382.107,8879
fuel_duty_rise_cancellation,Fuel duty rise cancellation,2029,49229.855,0.0,518.4888,8945
fuel_duty_rise_cancellation,Fuel duty rise cancellation,2029,29333.135,0.0,13783.342,9118
fuel_duty_rise_cancellation,Fuel duty rise cancellation,2029,98300.984,302.125,90000.164,9196
fuel_duty_rise_cancellation,Fuel duty rise cancellation,2029,6962.979,0.0,7246.813,9288
fuel_duty_rise_cancellation,Fuel duty rise cancellation,2029,97829.62,417.53125,26343.1,9313
fuel_duty_rise_cancellation,Fuel duty rise cancellation,2029,30736.865,0.0,40003.15,9395
fuel_duty_rise_cancellation,Fuel duty rise cancellation,2029,16422.652,71.59375,45454.047,9396
fuel_duty_rise_cancellation,Fuel duty rise cancellation,2029,60265.676,449.91406,14529.292,9409
fuel_duty_rise_cancellation,Fuel duty rise cancellation,2029,22520.262,0.0,9006.242,9418
fuel_duty_rise_cancellation,Fuel duty rise cancellation,2029,54751.57,0.0,10392.116,9419
fuel_duty_rise_cancellation,Fuel duty rise cancellation,2029,41616.625,0.0,60006.06,9497
fuel_duty_rise_cancellation,Fuel duty rise cancellation,2029,94128.32,56.070312,120263.96,9588
fuel_duty_rise_cancellation,Fuel duty rise cancellation,2029,38846.18,74.14844,11546.937,9652
fuel_duty_rise_cancellation,Fuel duty rise cancellation,2029,47390.047,337.89844,184.49013,9664
fuel_duty_rise_cancellation,Fuel duty rise cancellation,2029,33132.492,0.0,92439.81,9734
fuel_duty_rise_cancellation,Fuel duty rise cancellation,2029,66645.195,0.0,9858.507,9744
fuel_duty_rise_cancellation,Fuel duty rise cancellation,2029,59541.586,269.22266,20249.744,9754
fuel_duty_rise_cancellation,Fuel duty rise cancellation,2029,19675.17,0.0,445.8326,9779
fuel_duty_rise_cancellation,Fuel duty rise cancellation,2029,71660.63,0.0,309.87402,9782
fuel_duty_rise_cancellation,Fuel duty rise cancellation,2029,65843.516,84.109375,51881.36,9851
fuel_duty_rise_cancellation,Fuel duty rise cancellation,2029,28415.465,0.0,95666.84,9876
fuel_duty_rise_cancellation,Fuel duty rise cancellation,2029,117006.68,200.02344,10096.105,9933
fuel_duty_rise_cancellation,Fuel duty rise cancellation,2029,23853.652,0.0,831.23004,9962
fuel_duty_rise_cancellation,Fuel duty rise cancellation,2029,28878.71,0.0,43409.19,10072
fuel_duty_rise_cancellation,Fuel duty rise cancellation,2029,50301.914,65.96875,96712.47,10082
fuel_duty_rise_cancellation,Fuel duty rise cancellation,2029,56024.535,413.64453,653.1409,10125
fuel_duty_rise_cancellation,Fuel duty rise cancellation,2029,19611.018,420.39062,703.456,10153
fuel_duty_rise_cancellation,Fuel duty rise cancellation,2029,15900.482,1779.291,113545.83,10159
fuel_duty_rise_cancellation,Fuel duty rise cancellation,2029,30180.531,387.2793,35998.23,10230
fuel_duty_rise_cancellation,Fuel duty rise cancellation,2029,37530.38,0.0,10504.627,10231
fuel_duty_rise_cancellation,Fuel duty rise cancellation,2029,89292.914,526.6328,557.80963,10256
fuel_duty_rise_cancellation,Fuel duty rise cancellation,2029,54179.574,0.0,16572.738,10325
fuel_duty_rise_cancellation,Fuel duty rise cancellation,2029,29222.605,0.0,516.8279,10386
fuel_duty_rise_cancellation,Fuel duty rise cancellation,2029,47861.336,33.035156,8065.781,10491
fuel_duty_rise_cancellation,Fuel duty rise cancellation,2029,35742.242,150.96875,317.48648,10530
fuel_duty_rise_cancellation,Fuel duty rise cancellation,2029,44517.492,270.96094,459.50772,10535
fuel_duty_rise_cancellation,Fuel duty rise cancellation,2029,61793.773,308.3125,2553.0332,10567
fuel_duty_rise_cancellation,Fuel duty rise cancellation,2029,85673.51,389.02344,79569.32,10582
fuel_duty_rise_cancellation,Fuel duty rise cancellation,2029,5527.997,0.0,5076.476,10629
fuel_duty_rise_cancellation,Fuel duty rise cancellation,2029,20325.77,33.0,17698.113,10632
fuel_duty_rise_cancellation,Fuel duty rise cancellation,2029,5802.2173,0.0,14559.629,10644
fuel_duty_rise_cancellation,Fuel duty rise cancellation,2029,39333.156,0.0,120804.12,10646
fuel_duty_rise_cancellation,Fuel duty rise cancellation,2029,18782.492,0.0,17597.635,10675
fuel_duty_rise_cancellation,Fuel duty rise cancellation,2029,30511.8,0.0,14859.006,10682
fuel_duty_rise_cancellation,Fuel duty rise cancellation,2029,56642.164,0.0,282.98453,10728
fuel_duty_rise_cancellation,Fuel duty rise cancellation,2029,28213.025,0.0,3673.9517,10772
fuel_duty_rise_cancellation,Fuel duty rise cancellation,2029,47222.492,0.0,1896.3315,10821
fuel_duty_rise_cancellation,Fuel duty rise cancellation,2029,54951.277,97.37109,14032.031,10900
fuel_duty_rise_cancellation,Fuel duty rise cancellation,2029,31176.506,0.0,1193.3528,11037
fuel_duty_rise_cancellation,Fuel duty rise cancellation,2029,38171.945,49.476562,308.00443,11054
fuel_duty_rise_cancellation,Fuel duty rise cancellation,2029,66467.2,0.0,843.07306,11137
fuel_duty_rise_cancellation,Fuel duty rise cancellation,2029,63311.258,0.0,3997.0547,11199
fuel_duty_rise_cancellation,Fuel duty rise cancellation,2029,103737.62,428.625,478.25024,11260
fuel_duty_rise_cancellation,Fuel duty rise cancellation,2029,46230.79,0.0,5692.368,11356
fuel_duty_rise_cancellation,Fuel duty rise cancellation,2029,71496.59,0.0,116.03188,11384
fuel_duty_rise_cancellation,Fuel duty rise cancellation,2029,122278.03,0.0,503.61423,11444
fuel_duty_rise_cancellation,Fuel duty rise cancellation,2029,93400.4,0.0,5193.0894,11457
fuel_duty_rise_cancellation,Fuel duty rise cancellation,2029,57994.934,0.0,230.54599,11560
fuel_duty_rise_cancellation,Fuel duty rise cancellation,2029,70638.305,275.07812,758.9417,11599
fuel_duty_rise_cancellation,Fuel duty rise cancellation,2029,137310.92,0.0,132157.12,11615
fuel_duty_rise_cancellation,Fuel duty rise cancellation,2029,53281.113,0.0,37725.477,11757
fuel_duty_rise_cancellation,Fuel duty rise cancellation,2029,108133.766,0.0,4576.6587,11834
fuel_duty_rise_cancellation,Fuel duty rise cancellation,2029,29000.143,0.0,284.6783,11877
fuel_duty_rise_cancellation,Fuel duty rise cancellation,2029,31651.252,0.0,6688.569,11945
fuel_duty_rise_cancellation,Fuel duty rise cancellation,2029,43956.234,0.0,1141.6493,11980
fuel_duty_rise_cancellation,Fuel duty rise cancellation,2029,46658.47,67.58594,3874.8718,11992
fuel_duty_rise_cancellation,Fuel duty rise cancellation,2029,55323.094,66.74219,27775.979,11995
fuel_duty_rise_cancellation,Fuel duty rise cancellation,2029,84970.44,0.0,46222.883,12162
fuel_duty_rise_cancellation,Fuel duty rise cancellation,2029,69485.28,387.28906,15112.087,12275
fuel_duty_rise_cancellation,Fuel duty rise cancellation,2029,124860.49,0.0,13061.76,12346
fuel_duty_rise_cancellation,Fuel duty rise cancellation,2029,33461.273,188.16406,16482.49,12352
fuel_duty_rise_cancellation,Fuel duty rise cancellation,2029,75174.04,0.0,724.214,12362
fuel_duty_rise_cancellation,Fuel duty rise cancellation,2029,78998.12,0.0,889.99817,12396
fuel_duty_rise_cancellation,Fuel duty rise cancellation,2029,23434.617,0.0,25559.363,12404
fuel_duty_rise_cancellation,Fuel duty rise cancellation,2029,108794.055,0.0,12225.258,12441
fuel_duty_rise_cancellation,Fuel duty rise cancellation,2029,64952.07,340.21875,18958.092,12506
fuel_duty_rise_cancellation,Fuel duty rise cancellation,2029,39427.223,0.0,9975.378,12512
fuel_duty_rise_cancellation,Fuel duty rise cancellation,2029,136555.14,0.0,91472.87,12585
fuel_duty_rise_cancellation,Fuel duty rise cancellation,2029,24945.283,0.0,2367.0012,12604
fuel_duty_rise_cancellation,Fuel duty rise cancellation,2029,48016.24,345.53906,8884.635,12635
fuel_duty_rise_cancellation,Fuel duty rise cancellation,2029,38505.227,0.0,528.34015,12716
fuel_duty_rise_cancellation,Fuel duty rise cancellation,2029,19832.977,315.48828,13688.495,12785
fuel_duty_rise_cancellation,Fuel duty rise cancellation,2029,142047.47,0.0,5641.5024,12788
fuel_duty_rise_cancellation,Fuel duty rise cancellation,2029,58242.797,0.0,5827.1206,12821
fuel_duty_rise_cancellation,Fuel duty rise cancellation,2029,47237.637,0.0,1025.311,12972
fuel_duty_rise_cancellation,Fuel duty rise cancellation,2029,64411.742,0.0,759.9261,12981
fuel_duty_rise_cancellation,Fuel duty rise cancellation,2029,123967.09,146.95312,26481.467,12990
fuel_duty_rise_cancellation,Fuel duty rise cancellation,2029,41586.14,0.0,15431.872,13041
fuel_duty_rise_cancellation,Fuel duty rise cancellation,2029,41540.305,0.0,87204.945,13118
fuel_duty_rise_cancellation,Fuel duty rise cancellation,2029,122418.12,0.0,24818.006,13139
fuel_duty_rise_cancellation,Fuel duty rise cancellation,2029,26071.705,423.56055,406.6986,13150
fuel_duty_rise_cancellation,Fuel duty rise cancellation,2029,27758.193,0.0,2856.797,13154
fuel_duty_rise_cancellation,Fuel duty rise cancellation,2029,23790.998,167.7539,5364.4395,13196
fuel_duty_rise_cancellation,Fuel duty rise cancellation,2029,68004.05,280.53125,34896.0,13209
fuel_duty_rise_cancellation,Fuel duty rise cancellation,2029,111549.33,0.0,2848.495,13287
fuel_duty_rise_cancellation,Fuel duty rise cancellation,2029,116363.08,0.0,537.089,13303
fuel_duty_rise_cancellation,Fuel duty rise cancellation,2029,38709.83,0.0,13018.787,13339
fuel_duty_rise_cancellation,Fuel duty rise cancellation,2029,117549.055,345.75,8976.819,13358
fuel_duty_rise_cancellation,Fuel duty rise cancellation,2029,27574.027,0.0,2454.2676,13417
fuel_duty_rise_cancellation,Fuel duty rise cancellation,2029,62700.645,197.42578,13571.585,13419
fuel_duty_rise_cancellation,Fuel duty rise cancellation,2029,22594.57,0.0,600.39484,13463
fuel_duty_rise_cancellation,Fuel duty rise cancellation,2029,44764.67,330.26953,22277.936,13533
fuel_duty_rise_cancellation,Fuel duty rise cancellation,2029,84007.23,340.22656,26993.672,13627
fuel_duty_rise_cancellation,Fuel duty rise cancellation,2029,44554.69,41.246094,942.6212,13735
fuel_duty_rise_cancellation,Fuel duty rise cancellation,2029,7079.9688,617.1284,331.9763,13784
fuel_duty_rise_cancellation,Fuel duty rise cancellation,2029,13507.809,0.0,40935.734,13786
fuel_duty_rise_cancellation,Fuel duty rise cancellation,2029,56326.98,0.0,70934.43,13843
fuel_duty_rise_cancellation,Fuel duty rise cancellation,2029,25166.38,0.0,360.22223,13939
fuel_duty_rise_cancellation,Fuel duty rise cancellation,2029,111282.26,0.0,655.2892,13985
fuel_duty_rise_cancellation,Fuel duty rise cancellation,2029,53438.64,0.0,142365.31,14066
fuel_duty_rise_cancellation,Fuel duty rise cancellation,2029,27142.682,0.0,184.97131,14081
fuel_duty_rise_cancellation,Fuel duty rise cancellation,2029,61919.656,229.53906,3454.6113,14086
fuel_duty_rise_cancellation,Fuel duty rise cancellation,2029,40448.53,0.0,2370.81,14123
fuel_duty_rise_cancellation,Fuel duty rise cancellation,2029,23703.096,0.0,436.24625,14161
fuel_duty_rise_cancellation,Fuel duty rise cancellation,2029,87512.875,400.41406,38230.33,14219
fuel_duty_rise_cancellation,Fuel duty rise cancellation,2029,75004.28,0.0,33766.504,14225
fuel_duty_rise_cancellation,Fuel duty rise cancellation,2029,65833.76,49.492188,4565.218,14298
fuel_duty_rise_cancellation,Fuel duty rise cancellation,2029,80705.92,0.0,51048.03,14332
fuel_duty_rise_cancellation,Fuel duty rise cancellation,2029,15267.081,0.0,9914.039,14424
fuel_duty_rise_cancellation,Fuel duty rise cancellation,2029,43671.92,0.0,1799.5557,14458
fuel_duty_rise_cancellation,Fuel duty rise cancellation,2029,64349.31,177.78516,7881.8887,14474
fuel_duty_rise_cancellation,Fuel duty rise cancellation,2029,80473.3,0.0,1343.1193,14483
fuel_duty_rise_cancellation,Fuel duty rise cancellation,2029,37881.03,0.0,1754.701,14558
fuel_duty_rise_cancellation,Fuel duty rise cancellation,2029,72890.04,0.0,1577.1871,14580
fuel_duty_rise_cancellation,Fuel duty rise cancellation,2029,74906.28,0.0,461.6653,14591
fuel_duty_rise_cancellation,Fuel duty rise cancellation,2029,50906.703,0.0,68009.71,14660
fuel_duty_rise_cancellation,Fuel duty rise cancellation,2029,69205.25,0.0,2976.3604,14674
fuel_duty_rise_cancellation,Fuel duty rise cancellation,2029,3202.3574,0.0,831.3934,14686
fuel_duty_rise_cancellation,Fuel duty rise cancellation,2029,69824.69,98.53906,3970.5784,14746
fuel_duty_rise_cancellation,Fuel duty rise cancellation,2029,22640.447,0.0,333.0706,14757
fuel_duty_rise_cancellation,Fuel duty rise cancellation,2029,5859.461,0.0,21675.105,14791
fuel_duty_rise_cancellation,Fuel duty rise cancellation,2029,34784.93,346.70703,81473.11,14809
fuel_duty_rise_cancellation,Fuel duty rise cancellation,2029,135849.64,514.2031,28316.328,14895
fuel_duty_rise_cancellation,Fuel duty rise cancellation,2029,48440.395,62.6875,5194.998,14910
fuel_duty_rise_cancellation,Fuel duty rise cancellation,2029,38281.957,164.95312,139.03833,14961
fuel_duty_rise_cancellation,Fuel duty rise cancellation,2029,80138.2,91.609375,19009.17,14989
fuel_duty_rise_cancellation,Fuel duty rise cancellation,2029,32374.232,428.66992,16803.018,15036
fuel_duty_rise_cancellation,Fuel duty rise cancellation,2029,70790.125,0.0,259.32132,15072
fuel_duty_rise_cancellation,Fuel duty rise cancellation,2029,70986.0,401.14844,6479.3154,15169
fuel_duty_rise_cancellation,Fuel duty rise cancellation,2029,115208.305,172.80469,409.41052,15182
fuel_duty_rise_cancellation,Fuel duty rise cancellation,2029,35022.676,113.79297,598.1416,15216
fuel_duty_rise_cancellation,Fuel duty rise cancellation,2029,113275.03,0.0,5192.743,15234
fuel_duty_rise_cancellation,Fuel duty rise cancellation,2029,51944.258,170.88281,321.76996,15322
fuel_duty_rise_cancellation,Fuel duty rise cancellation,2029,107772.0,100.625,1207.3525,15348
fuel_duty_rise_cancellation,Fuel duty rise cancellation,2029,92043.86,0.0,11551.71,15394
fuel_duty_rise_cancellation,Fuel duty rise cancellation,2029,60552.297,0.0,153010.84,15519
fuel_duty_rise_cancellation,Fuel duty rise cancellation,2029,65399.67,461.64062,567.75104,15548
fuel_duty_rise_cancellation,Fuel duty rise cancellation,2029,51677.16,427.60156,19210.898,15599
fuel_duty_rise_cancellation,Fuel duty rise cancellation,2029,95351.414,179.05469,5778.538,15611
fuel_duty_rise_cancellation,Fuel duty rise cancellation,2029,29685.1,0.0,11633.123,15633
fuel_duty_rise_cancellation,Fuel duty rise cancellation,2029,88449.16,0.0,5876.782,15642
fuel_duty_rise_cancellation,Fuel duty rise cancellation,2029,77267.39,0.0,32997.656,15668
fuel_duty_rise_cancellation,Fuel duty rise cancellation,2029,104697.234,208.28125,125622.695,15721
fuel_duty_rise_cancellation,Fuel duty rise cancellation,2029,57525.73,227.0039,873.4399,15728
fuel_duty_rise_cancellation,Fuel duty rise cancellation,2029,49984.547,0.0,24103.826,15740
fuel_duty_rise_cancellation,Fuel duty rise cancellation,2029,40452.25,414.6875,25014.988,15945
fuel_duty_rise_cancellation,Fuel duty rise cancellation,2029,29744.18,0.0,2371.9094,15966
fuel_duty_rise_cancellation,Fuel duty rise cancellation,2029,12181.061,0.0,1857.6448,15981
fuel_duty_rise_cancellation,Fuel duty rise cancellation,2029,60545.75,202.52734,394.65073,16003
fuel_duty_rise_cancellation,Fuel duty rise cancellation,2029,27561.988,72.59961,662.82446,16058
fuel_duty_rise_cancellation,Fuel duty rise cancellation,2029,44005.312,0.0,12047.5205,16180
fuel_duty_rise_cancellation,Fuel duty rise cancellation,2029,48347.895,65.984375,496.85083,16411
fuel_duty_rise_cancellation,Fuel duty rise cancellation,2029,55020.715,0.0,218.35391,16439
fuel_duty_rise_cancellation,Fuel duty rise cancellation,2029,103965.98,49.476562,51985.15,16724
fuel_duty_rise_cancellation,Fuel duty rise cancellation,2029,106532.65,93.78125,407.35483,16845
fuel_duty_rise_cancellation,Fuel duty rise cancellation,2029,3306.7188,0.0,349.5547,17074
fuel_duty_rise_cancellation,Fuel duty rise cancellation,2029,36057.152,100.203125,551.5202,17104
fuel_duty_rise_cancellation,Fuel duty rise cancellation,2029,29894.52,438.4668,32302.85,17379
fuel_duty_rise_cancellation,Fuel duty rise cancellation,2029,60825.832,434.54688,870.69666,17740
fuel_duty_rise_cancellation,Fuel duty rise cancellation,2029,59930.297,0.0,597.0616,17800
fuel_duty_rise_cancellation,Fuel duty rise cancellation,2029,7502.2466,113.7959,290.66302,17876
fuel_duty_rise_cancellation,Fuel duty rise cancellation,2029,127668.01,349.01562,7506.157,17918
fuel_duty_rise_cancellation,Fuel duty rise cancellation,2029,91822.92,159.42969,8086.307,17925
fuel_duty_rise_cancellation,Fuel duty rise cancellation,2029,74698.836,441.6953,15390.016,17983
fuel_duty_rise_cancellation,Fuel duty rise cancellation,2029,106915.91,230.5625,96637.69,18465
fuel_duty_rise_cancellation,Fuel duty rise cancellation,2029,19310.488,323.92188,951.4387,18670
fuel_duty_rise_cancellation,Fuel duty rise cancellation,2029,136034.23,62.671875,44611.63,18686
fuel_duty_rise_cancellation,Fuel duty rise cancellation,2029,18021.477,428.17578,23249.873,18754
fuel_duty_rise_cancellation,Fuel duty rise cancellation,2029,32739.666,0.0,941.4042,18843
fuel_duty_rise_cancellation,Fuel duty rise cancellation,2029,82001.92,0.0,12231.521,19014
fuel_duty_rise_cancellation,Fuel duty rise cancellation,2029,11503.717,401.97266,589.8009,19199
fuel_duty_rise_cancellation,Fuel duty rise cancellation,2029,110458.83,479.45312,532.76544,19212
fuel_duty_rise_cancellation,Fuel duty rise cancellation,2029,64318.375,298.20312,3945.252,19368
fuel_duty_rise_cancellation,Fuel duty rise cancellation,2029,109199.88,0.0,23.010983,19419
fuel_duty_rise_cancellation,Fuel duty rise cancellation,2029,39985.85,31.878906,1609.5996,19707
fuel_duty_rise_cancellation,Fuel duty rise cancellation,2029,77301.15,32.984375,950.6551,19725
fuel_duty_rise_cancellation,Fuel duty rise cancellation,2029,27306.855,204.125,1627.7549,19809
fuel_duty_rise_cancellation,Fuel duty rise cancellation,2029,49438.516,373.6797,9314.245,19932
fuel_duty_rise_cancellation,Fuel duty rise cancellation,2029,16846.521,400.17383,3720.3018,19936
fuel_duty_rise_cancellation,Fuel duty rise cancellation,2029,85613.93,370.35938,7330.942,19953
fuel_duty_rise_cancellation,Fuel duty rise cancellation,2029,27918.516,0.0,329.4102,20000
fuel_duty_rise_cancellation,Fuel duty rise cancellation,2029,33253.465,94.00391,29798.924,20039
fuel_duty_rise_cancellation,Fuel duty rise cancellation,2029,72503.16,69.859375,3375.5857,20057
fuel_duty_rise_cancellation,Fuel duty rise cancellation,2029,21959.195,0.0,1585.0503,20120
fuel_duty_rise_cancellation,Fuel duty rise cancellation,2029,58626.023,0.0,576.85065,20310
fuel_duty_rise_cancellation,Fuel duty rise cancellation,2029,45700.75,55.183594,272.5717,20323
fuel_duty_rise_cancellation,Fuel duty rise cancellation,2029,103113.484,234.36719,6519.948,20383
fuel_duty_rise_cancellation,Fuel duty rise cancellation,2029,30976.64,96.28125,233.61374,20426
fuel_duty_rise_cancellation,Fuel duty rise cancellation,2029,50487.586,592.71484,774.14624,20457
fuel_duty_rise_cancellation,Fuel duty rise cancellation,2029,96112.055,220.51562,16352.014,20555
fuel_duty_rise_cancellation,Fuel duty rise cancellation,2029,22968.191,0.0,2485.4321,20642
fuel_duty_rise_cancellation,Fuel duty rise cancellation,2029,69001.44,552.6406,194.5861,20692
fuel_duty_rise_cancellation,Fuel duty rise cancellation,2029,90023.336,33.015625,545.19037,20751
fuel_duty_rise_cancellation,Fuel duty rise cancellation,2029,33395.227,0.0,39153.41,21263
fuel_duty_rise_cancellation,Fuel duty rise cancellation,2029,18739.693,332.39844,464.16705,21304
fuel_duty_rise_cancellation,Fuel duty rise cancellation,2029,80333.25,99.02344,276.65195,21486
fuel_duty_rise_cancellation,Fuel duty rise cancellation,2029,68005.59,0.0,979.506,21759
fuel_duty_rise_cancellation,Fuel duty rise cancellation,2029,72553.14,257.77344,308.76376,21763
fuel_duty_rise_cancellation,Fuel duty rise cancellation,2029,40738.105,0.0,510.98367,21894
fuel_duty_rise_cancellation,Fuel duty rise cancellation,2029,59860.863,0.0,287.21622,21905
fuel_duty_rise_cancellation,Fuel duty rise cancellation,2029,107491.51,384.85156,6042.712,21952
fuel_duty_rise_cancellation,Fuel duty rise cancellation,2029,93181.05,459.35156,1695.8997,22015
fuel_duty_rise_cancellation,Fuel duty rise cancellation,2029,123567.914,229.54688,4214.59,22150
fuel_duty_rise_cancellation,Fuel duty rise cancellation,2029,54237.676,517.71094,312.96844,22171
fuel_duty_rise_cancellation,Fuel duty rise cancellation,2029,28829.188,100.25391,1801.4933,22179
fuel_duty_rise_cancellation,Fuel duty rise cancellation,2029,18467.166,0.0,399.28653,22197
fuel_duty_rise_cancellation,Fuel duty rise cancellation,2029,19325.102,0.0,422.35992,22367
fuel_duty_rise_cancellation,Fuel duty rise cancellation,2029,20938.611,49.476562,633.19556,22485
fuel_duty_rise_cancellation,Fuel duty rise cancellation,2029,17296.752,0.0,982.7595,23016
fuel_duty_rise_cancellation,Fuel duty rise cancellation,2029,33991.61,442.7422,589.2754,23179
fuel_duty_rise_cancellation,Fuel duty rise cancellation,2029,56667.26,335.58984,438.4046,23654
fuel_duty_rise_cancellation,Fuel duty rise cancellation,2029,23787.719,135.26953,3209.877,23867
fuel_duty_rise_cancellation,Fuel duty rise cancellation,2029,28398.29,0.0,496.75833,23904
fuel_duty_rise_cancellation,Fuel duty rise cancellation,2029,67235.04,32.984375,46487.33,23972
fuel_duty_rise_cancellation,Fuel duty rise cancellation,2029,45737.984,0.0,499.9601,23992
fuel_duty_rise_cancellation,Fuel duty rise cancellation,2029,133939.61,66.796875,11336.905,24109
fuel_duty_rise_cancellation,Fuel duty rise cancellation,2029,70652.63,228.72656,8244.157,24110
fuel_duty_rise_cancellation,Fuel duty rise cancellation,2029,57166.312,0.0,404.08698,24112
fuel_duty_rise_cancellation,Fuel duty rise cancellation,2029,102702.85,0.0,242.1264,24169
fuel_duty_rise_cancellation,Fuel duty rise cancellation,2029,91233.69,0.0,35320.098,24170
fuel_duty_rise_cancellation,Fuel duty rise cancellation,2029,57754.406,0.0,9990.411,24189
fuel_duty_rise_cancellation,Fuel duty rise cancellation,2029,30604.643,102.15234,6202.968,24240
fuel_duty_rise_cancellation,Fuel duty rise cancellation,2029,61672.543,642.78125,24281.48,24503
fuel_duty_rise_cancellation,Fuel duty rise cancellation,2029,24069.207,0.0,374.22723,24527
fuel_duty_rise_cancellation,Fuel duty rise cancellation,2029,64710.12,204.64844,726.8042,25073
fuel_duty_rise_cancellation,Fuel duty rise cancellation,2029,49491.742,0.0,482.61505,25564
fuel_duty_rise_cancellation,Fuel duty rise cancellation,2029,24750.158,0.0,598.7523,25667
fuel_duty_rise_cancellation,Fuel duty rise cancellation,2029,81846.51,0.0,2710.53,25784
fuel_duty_rise_cancellation,Fuel duty rise cancellation,2029,73058.26,0.0,188.0317,25858
fuel_duty_rise_cancellation,Fuel duty rise cancellation,2029,26849.428,570.875,39661.07,26003
fuel_duty_rise_cancellation,Fuel duty rise cancellation,2029,17635.123,0.0,589.661,26044
fuel_duty_rise_cancellation,Fuel duty rise cancellation,2029,6461.033,0.0,13051.523,26272
fuel_duty_rise_cancellation,Fuel duty rise cancellation,2029,29635.777,414.0293,5105.798,26346
fuel_duty_rise_cancellation,Fuel duty rise cancellation,2029,53029.777,0.0,313.70102,26408
fuel_duty_rise_cancellation,Fuel duty rise cancellation,2029,829.0745,1779.291,59258.312,26448
fuel_duty_rise_cancellation,Fuel duty rise cancellation,2029,24116.402,189.28906,663.1033,26726
fuel_duty_rise_cancellation,Fuel duty rise cancellation,2029,66095.93,401.0547,2179.5747,26811
fuel_duty_rise_cancellation,Fuel duty rise cancellation,2029,52766.836,177.08594,31116.504,26832
fuel_duty_rise_cancellation,Fuel duty rise cancellation,2029,24915.127,192.72461,2843.9897,27077
fuel_duty_rise_cancellation,Fuel duty rise cancellation,2029,42983.22,0.0,374.72577,27093
fuel_duty_rise_cancellation,Fuel duty rise cancellation,2029,51809.016,189.51172,2127.0317,27113
fuel_duty_rise_cancellation,Fuel duty rise cancellation,2029,120983.09,194.32031,1859.7404,27254
fuel_duty_rise_cancellation,Fuel duty rise cancellation,2029,31092.09,0.0,19748.477,27293
fuel_duty_rise_cancellation,Fuel duty rise cancellation,2029,54475.76,434.91797,30713.297,27736
fuel_duty_rise_cancellation,Fuel duty rise cancellation,2029,29999.408,123.29492,536.5665,27751
fuel_duty_rise_cancellation,Fuel duty rise cancellation,2029,58658.566,325.1836,125893.19,27767
fuel_duty_rise_cancellation,Fuel duty rise cancellation,2029,52609.777,16.589844,11608.658,27991
fuel_duty_rise_cancellation,Fuel duty rise cancellation,2029,21590.76,0.0,489.23224,28026
fuel_duty_rise_cancellation,Fuel duty rise cancellation,2029,116847.77,1083.2734,25146.232,28725
fuel_duty_rise_cancellation,Fuel duty rise cancellation,2029,56733.598,198.41797,277.88196,28792
fuel_duty_rise_cancellation,Fuel duty rise cancellation,2029,74621.58,66.71094,761.4658,28899
fuel_duty_rise_cancellation,Fuel duty rise cancellation,2029,47504.285,131.11328,1599.7662,28941
fuel_duty_rise_cancellation,Fuel duty rise cancellation,2029,16981.652,0.0,1759.9332,29088
fuel_duty_rise_cancellation,Fuel duty rise cancellation,2029,34201.395,76.24219,666.74664,29189
fuel_duty_rise_cancellation,Fuel duty rise cancellation,2029,92949.68,37.851562,2304.7344,29333
fuel_duty_rise_cancellation,Fuel duty rise cancellation,2029,26867.33,99.33203,1119.4282,29745
fuel_duty_rise_cancellation,Fuel duty rise cancellation,2029,117023.87,0.0,231.3557,29749
fuel_duty_rise_cancellation,Fuel duty rise cancellation,2029,39146.566,235.64062,20903.777,30124
fuel_duty_rise_cancellation,Fuel duty rise cancellation,2029,41756.28,0.0,448.59402,30238
fuel_duty_rise_cancellation,Fuel duty rise cancellation,2029,74455.414,235.26562,19188.62,30391
fuel_duty_rise_cancellation,Fuel duty rise cancellation,2029,13651.746,0.0,44161.945,30913
fuel_duty_rise_cancellation,Fuel duty rise cancellation,2029,83943.63,94.21875,2778.6484,31066
fuel_duty_rise_cancellation,Fuel duty rise cancellation,2029,22148.258,0.0,417.39978,31254
fuel_duty_rise_cancellation,Fuel duty rise cancellation,2029,20829.547,33.033203,7533.559,31538
fuel_duty_rise_cancellation,Fuel duty rise cancellation,2029,46799.805,0.0,5596.369,31541
fuel_duty_rise_cancellation,Fuel duty rise cancellation,2029,39752.434,45.75,81.0134,31546
fuel_duty_rise_cancellation,Fuel duty rise cancellation,2029,135621.33,311.15625,13083.353,31691
fuel_duty_rise_cancellation,Fuel duty rise cancellation,2029,134047.61,0.0,437.3773,31767
fuel_duty_rise_cancellation,Fuel duty rise cancellation,2029,90656.586,0.0,203.81633,31806
fuel_duty_rise_cancellation,Fuel duty rise cancellation,2029,39949.26,1083.2734,26731.127,31886
fuel_duty_rise_cancellation,Fuel duty rise cancellation,2029,106116.99,33.296875,41020.91,31943
fuel_duty_rise_cancellation,Fuel duty rise cancellation,2029,46303.414,0.0,403.06104,32163
fuel_duty_rise_cancellation,Fuel duty rise cancellation,2029,73042.54,0.0,3180.7083,32168
fuel_duty_rise_cancellation,Fuel duty rise cancellation,2029,48702.605,342.0,1206.968,32172
fuel_duty_rise_cancellation,Fuel duty rise cancellation,2029,67111.97,0.0,301.0523,32174
fuel_duty_rise_cancellation,Fuel duty rise cancellation,2029,33472.633,41.246094,299.35355,32254
fuel_duty_rise_cancellation,Fuel duty rise cancellation,2029,61324.434,0.0,13055.931,32331
fuel_duty_rise_cancellation,Fuel duty rise cancellation,2029,81578.15,0.0,1287.9932,32475
fuel_duty_rise_cancellation,Fuel duty rise cancellation,2029,56848.91,65.96875,23.772476,33814
fuel_duty_rise_cancellation,Fuel duty rise cancellation,2029,47513.88,0.0,37.970303,41944
fuel_duty_rise_cancellation,Fuel duty rise cancellation,2029,98006.23,0.0,61.7314,41950
fuel_duty_rise_cancellation,Fuel duty rise cancellation,2029,22413.322,0.0,14.730131,46185
fuel_duty_rise_cancellation,Fuel duty rise cancellation,2029,123612.23,0.0,199.08308,49121
fuel_duty_rise_cancellation,Fuel duty rise cancellation,2029,49567.695,0.0,533.0612,49812
fuel_duty_rise_cancellation,Fuel duty rise cancellation,2029,45490.027,81.56641,3320.582,50537
fuel_duty_rise_cancellation,Fuel duty rise cancellation,2029,7339.3594,0.0,8363.333,51580
fuel_duty_rise_cancellation,Fuel duty rise cancellation,2029,58131.277,79.296875,108.17214,51640
fuel_duty_rise_cancellation,Fuel duty rise cancellation,2029,28584.87,0.0,554.00214,52783
fuel_duty_rise_cancellation,Fuel duty rise cancellation,2029,23748.074,0.0,400.61368,54403
fuel_duty_rise_cancellation,Fuel duty rise cancellation,2029,64215.594,517.71094,144.17096,54749
fuel_duty_rise_cancellation,Fuel duty rise cancellation,2029,130562.62,0.0,920.8624,54824
fuel_duty_rise_cancellation,Fuel duty rise cancellation,2029,76523.43,1083.2734,202.64777,55334
fuel_duty_rise_cancellation,Fuel duty rise cancellation,2029,17633.994,0.0,5420.3613,55805
fuel_duty_rise_cancellation,Fuel duty rise cancellation,2029,8121.6294,0.0,286.8304,56245
fuel_duty_rise_cancellation,Fuel duty rise cancellation,2029,94013.164,88.234375,15116.316,57181
fuel_duty_rise_cancellation,Fuel duty rise cancellation,2029,143772.7,0.0,17.287086,58496
fuel_duty_rise_cancellation,Fuel duty rise cancellation,2029,4329.7676,0.0,3703.1348,58677
fuel_duty_rise_cancellation,Fuel duty rise cancellation,2029,15223.529,0.0,283.67496,58702
fuel_duty_rise_cancellation,Fuel duty rise cancellation,2029,27460.45,0.0,270.57318,60626
fuel_duty_rise_cancellation,Fuel duty rise cancellation,2029,55709.08,369.0,777.11597,62259
fuel_duty_rise_cancellation,Fuel duty rise cancellation,2029,101913.15,0.0,99.62747,62593
fuel_duty_rise_cancellation,Fuel duty rise cancellation,2029,77540.21,82.46094,2906.4644,62794
fuel_duty_rise_cancellation,Fuel duty rise cancellation,2029,110779.88,352.8672,127.33924,63791
fuel_duty_rise_cancellation,Fuel duty rise cancellation,2029,59202.223,294.40234,19408.623,64098
fuel_duty_rise_cancellation,Fuel duty rise cancellation,2029,49439.08,0.0,1833.7272,64774
fuel_duty_rise_cancellation,Fuel duty rise cancellation,2030,65046.656,0.0,674.84143,183
fuel_duty_rise_cancellation,Fuel duty rise cancellation,2030,47538.707,503.63672,2211.343,222
fuel_duty_rise_cancellation,Fuel duty rise cancellation,2030,58871.25,0.0,714.1321,257
fuel_duty_rise_cancellation,Fuel duty rise cancellation,2030,7816.366,0.0,5073.2983,321
fuel_duty_rise_cancellation,Fuel duty rise cancellation,2030,55891.4,33.82422,1963.9438,366
fuel_duty_rise_cancellation,Fuel duty rise cancellation,2030,45301.17,73.84375,38477.28,385
fuel_duty_rise_cancellation,Fuel duty rise cancellation,2030,69541.2,73.88281,7859.6133,507
fuel_duty_rise_cancellation,Fuel duty rise cancellation,2030,27450.025,0.0,3923.2012,603
fuel_duty_rise_cancellation,Fuel duty rise cancellation,2030,35309.58,72.8125,1224.7833,621
fuel_duty_rise_cancellation,Fuel duty rise cancellation,2030,34529.46,0.0,644.7658,668
fuel_duty_rise_cancellation,Fuel duty rise cancellation,2030,16857.55,0.0,726.48956,675
fuel_duty_rise_cancellation,Fuel duty rise cancellation,2030,19825.941,434.6504,47394.688,769
fuel_duty_rise_cancellation,Fuel duty rise cancellation,2030,34691.844,0.0,2253.9211,800
fuel_duty_rise_cancellation,Fuel duty rise cancellation,2030,55555.38,0.0,22923.793,848
fuel_duty_rise_cancellation,Fuel duty rise cancellation,2030,62372.746,0.0,27649.746,978
fuel_duty_rise_cancellation,Fuel duty rise cancellation,2030,110274.38,0.0,24313.232,986
fuel_duty_rise_cancellation,Fuel duty rise cancellation,2030,38677.387,0.0,2103.5798,1068
fuel_duty_rise_cancellation,Fuel duty rise cancellation,2030,100835.6,748.58594,31375.197,1075
fuel_duty_rise_cancellation,Fuel duty rise cancellation,2030,56958.613,102.55078,41964.258,1116
fuel_duty_rise_cancellation,Fuel duty rise cancellation,2030,46207.01,0.0,11101.346,1144
fuel_duty_rise_cancellation,Fuel duty rise cancellation,2030,31429.363,0.0,5362.066,1151
fuel_duty_rise_cancellation,Fuel duty rise cancellation,2030,51658.195,55.382812,34195.54,1179
fuel_duty_rise_cancellation,Fuel duty rise cancellation,2030,57055.996,130.23047,208130.55,1243
fuel_duty_rise_cancellation,Fuel duty rise cancellation,2030,54395.523,36.941406,1949.9491,1293
fuel_duty_rise_cancellation,Fuel duty rise cancellation,2030,32781.02,0.0,11718.915,1379
fuel_duty_rise_cancellation,Fuel duty rise cancellation,2030,18538.918,101.55664,1225.2557,1441
fuel_duty_rise_cancellation,Fuel duty rise cancellation,2030,43555.92,99.69141,18514.0,1445
fuel_duty_rise_cancellation,Fuel duty rise cancellation,2030,97851.13,565.27344,31491.64,1508
fuel_duty_rise_cancellation,Fuel duty rise cancellation,2030,65495.074,0.0,5615.154,1577
fuel_duty_rise_cancellation,Fuel duty rise cancellation,2030,38976.094,170.07031,1259.7944,1664
fuel_duty_rise_cancellation,Fuel duty rise cancellation,2030,32652.926,0.0,334.13428,1803
fuel_duty_rise_cancellation,Fuel duty rise cancellation,2030,48168.42,0.0,796.58344,1948
fuel_duty_rise_cancellation,Fuel duty rise cancellation,2030,45769.523,417.35938,9661.883,2040
fuel_duty_rise_cancellation,Fuel duty rise cancellation,2030,57919.35,51.710938,5143.9653,2084
fuel_duty_rise_cancellation,Fuel duty rise cancellation,2030,64985.55,455.71094,6869.963,2128
fuel_duty_rise_cancellation,Fuel duty rise cancellation,2030,89279.65,0.0,95740.42,2156
fuel_duty_rise_cancellation,Fuel duty rise cancellation,2030,99434.67,258.08594,48964.855,2176
fuel_duty_rise_cancellation,Fuel duty rise cancellation,2030,68977.945,55.390625,4683.9165,2199
fuel_duty_rise_cancellation,Fuel duty rise cancellation,2030,14497.056,0.0,2681.0452,2307
fuel_duty_rise_cancellation,Fuel duty rise cancellation,2030,61866.586,0.0,3925.933,2315
fuel_duty_rise_cancellation,Fuel duty rise cancellation,2030,73503.39,501.8828,1492.5345,2339
fuel_duty_rise_cancellation,Fuel duty rise cancellation,2030,11516.363,0.0,1686.8151,2341
fuel_duty_rise_cancellation,Fuel duty rise cancellation,2030,35869.504,0.0,316.6416,2412
fuel_duty_rise_cancellation,Fuel duty rise cancellation,2030,12051.483,479.30664,45869.14,2465
fuel_duty_rise_cancellation,Fuel duty rise cancellation,2030,70652.53,92.3125,63287.246,2529
fuel_duty_rise_cancellation,Fuel duty rise cancellation,2030,40992.816,0.0,1033.2932,2554
fuel_duty_rise_cancellation,Fuel duty rise cancellation,2030,27861.998,0.0,4391.7397,2624
fuel_duty_rise_cancellation,Fuel duty rise cancellation,2030,59178.31,0.0,15503.456,2642
fuel_duty_rise_cancellation,Fuel duty rise cancellation,2030,47318.375,83.078125,3913.671,2670
fuel_duty_rise_cancellation,Fuel duty rise cancellation,2030,39162.89,0.0,31805.56,2694
fuel_duty_rise_cancellation,Fuel duty rise cancellation,2030,57283.96,149.55469,1282.2988,2703
fuel_duty_rise_cancellation,Fuel duty rise cancellation,2030,56076.703,0.0,6262.299,2722
fuel_duty_rise_cancellation,Fuel duty rise cancellation,2030,45659.953,515.23047,3787.5615,2753
fuel_duty_rise_cancellation,Fuel duty rise cancellation,2030,41475.312,0.0,50932.426,2892
fuel_duty_rise_cancellation,Fuel duty rise cancellation,2030,23751.502,36.92383,80203.02,2913
fuel_duty_rise_cancellation,Fuel duty rise cancellation,2030,50740.832,0.0,4476.5566,2932
fuel_duty_rise_cancellation,Fuel duty rise cancellation,2030,32091.14,0.0,1152.5197,2960
fuel_duty_rise_cancellation,Fuel duty rise cancellation,2030,65145.285,74.77344,827.4156,2967
fuel_duty_rise_cancellation,Fuel duty rise cancellation,2030,25619.234,0.0,5584.1323,3039
fuel_duty_rise_cancellation,Fuel duty rise cancellation,2030,99825.56,1212.6328,117.54084,3052
fuel_duty_rise_cancellation,Fuel duty rise cancellation,2030,78392.94,333.8125,12768.343,3079
fuel_duty_rise_cancellation,Fuel duty rise cancellation,2030,19472.078,0.0,5299.6157,3094
fuel_duty_rise_cancellation,Fuel duty rise cancellation,2030,59527.42,0.0,7895.011,3107
fuel_duty_rise_cancellation,Fuel duty rise cancellation,2030,43429.86,0.0,8116.3774,3139
fuel_duty_rise_cancellation,Fuel duty rise cancellation,2030,65934.23,0.0,844.3768,3284
fuel_duty_rise_cancellation,Fuel duty rise cancellation,2030,58222.508,96.49609,26469.773,3341
fuel_duty_rise_cancellation,Fuel duty rise cancellation,2030,77804.03,0.0,172.30534,3344
fuel_duty_rise_cancellation,Fuel duty rise cancellation,2030,69318.02,66.484375,4770.754,3386
fuel_duty_rise_cancellation,Fuel duty rise cancellation,2030,28938.969,105.37891,897.0065,3399
fuel_duty_rise_cancellation,Fuel duty rise cancellation,2030,11922.529,0.0,40695.188,3460
fuel_duty_rise_cancellation,Fuel duty rise cancellation,2030,54705.566,228.5039,76268.63,3520
fuel_duty_rise_cancellation,Fuel duty rise cancellation,2030,68566.42,454.5625,12919.501,3562
fuel_duty_rise_cancellation,Fuel duty rise cancellation,2030,70028.03,321.125,48169.973,3577
fuel_duty_rise_cancellation,Fuel duty rise cancellation,2030,133600.67,83.375,301.6837,3640
fuel_duty_rise_cancellation,Fuel duty rise cancellation,2030,78385.99,418.3047,145.31418,3643
fuel_duty_rise_cancellation,Fuel duty rise cancellation,2030,45373.48,0.0,800.22687,3645
fuel_duty_rise_cancellation,Fuel duty rise cancellation,2030,25570.29,0.0,10309.768,3660
fuel_duty_rise_cancellation,Fuel duty rise cancellation,2030,47864.75,414.59766,55586.684,3664
fuel_duty_rise_cancellation,Fuel duty rise cancellation,2030,43129.367,0.0,139765.48,3711
fuel_duty_rise_cancellation,Fuel duty rise cancellation,2030,40899.465,0.0,9569.642,3740
fuel_duty_rise_cancellation,Fuel duty rise cancellation,2030,60714.84,0.0,23043.148,3747
fuel_duty_rise_cancellation,Fuel duty rise cancellation,2030,32309.043,42.460938,3415.2407,3751
fuel_duty_rise_cancellation,Fuel duty rise cancellation,2030,35625.504,0.0,18918.148,3796
fuel_duty_rise_cancellation,Fuel duty rise cancellation,2030,14531.433,0.0,3005.1267,3804
fuel_duty_rise_cancellation,Fuel duty rise cancellation,2030,20836.207,0.0,4124.641,3901
fuel_duty_rise_cancellation,Fuel duty rise cancellation,2030,73068.91,300.09375,5032.246,3996
fuel_duty_rise_cancellation,Fuel duty rise cancellation,2030,41809.098,0.0,3441.0505,4061
fuel_duty_rise_cancellation,Fuel duty rise cancellation,2030,58419.773,55.625,462.35123,4098
fuel_duty_rise_cancellation,Fuel duty rise cancellation,2030,47615.977,55.38672,10851.621,4113
fuel_duty_rise_cancellation,Fuel duty rise cancellation,2030,34177.812,83.078125,10327.95,4115
fuel_duty_rise_cancellation,Fuel duty rise cancellation,2030,21763.12,0.0,4055.1504,4189
fuel_duty_rise_cancellation,Fuel duty rise cancellation,2030,110547.72,259.9453,2225.2744,4301
fuel_duty_rise_cancellation,Fuel duty rise cancellation,2030,19358.623,0.0,3654.3616,4336
fuel_duty_rise_cancellation,Fuel duty rise cancellation,2030,79964.01,0.0,1111.4761,4443
fuel_duty_rise_cancellation,Fuel duty rise cancellation,2030,84376.37,0.0,1502.6879,4450
fuel_duty_rise_cancellation,Fuel duty rise cancellation,2030,50893.31,46.152344,4927.4634,4497
fuel_duty_rise_cancellation,Fuel duty rise cancellation,2030,22323.947,154.59375,1264.9994,4522
fuel_duty_rise_cancellation,Fuel duty rise cancellation,2030,19617.273,489.9375,24520.701,4560
fuel_duty_rise_cancellation,Fuel duty rise cancellation,2030,29044.088,0.0,450.77667,4634
fuel_duty_rise_cancellation,Fuel duty rise cancellation,2030,77534.88,0.0,2500.1658,4712
fuel_duty_rise_cancellation,Fuel duty rise cancellation,2030,28820.885,90.166016,1936.6768,4721
fuel_duty_rise_cancellation,Fuel duty rise cancellation,2030,90902.234,45.726562,8553.269,4759
fuel_duty_rise_cancellation,Fuel duty rise cancellation,2030,139611.53,223.40625,13487.953,4864
fuel_duty_rise_cancellation,Fuel duty rise cancellation,2030,26759.518,0.0,7475.801,4934
fuel_duty_rise_cancellation,Fuel duty rise cancellation,2030,17892.736,1994.5996,21651.654,4953
fuel_duty_rise_cancellation,Fuel duty rise cancellation,2030,24719.215,36.921875,19096.701,4970
fuel_duty_rise_cancellation,Fuel duty rise cancellation,2030,28744.26,0.0,111304.29,5003
fuel_duty_rise_cancellation,Fuel duty rise cancellation,2030,64187.473,71.703125,5065.6367,5031
fuel_duty_rise_cancellation,Fuel duty rise cancellation,2030,31357.701,527.041,3643.6821,5038
fuel_duty_rise_cancellation,Fuel duty rise cancellation,2030,25522.275,18.460938,9576.305,5090
fuel_duty_rise_cancellation,Fuel duty rise cancellation,2030,43685.164,452.8125,1585.6691,5106
fuel_duty_rise_cancellation,Fuel duty rise cancellation,2030,90364.61,333.8125,1598.1738,5108
fuel_duty_rise_cancellation,Fuel duty rise cancellation,2030,34557.027,166.20703,34300.094,5420
fuel_duty_rise_cancellation,Fuel duty rise cancellation,2030,101914.39,0.0,446.13327,5436
fuel_duty_rise_cancellation,Fuel duty rise cancellation,2030,49341.434,80.140625,1086.6338,5475
fuel_duty_rise_cancellation,Fuel duty rise cancellation,2030,41635.965,27.691406,4114.8022,5706
fuel_duty_rise_cancellation,Fuel duty rise cancellation,2030,16718.068,0.0,42286.516,5711
fuel_duty_rise_cancellation,Fuel duty rise cancellation,2030,52118.258,79.14453,4954.856,5716
fuel_duty_rise_cancellation,Fuel duty rise cancellation,2030,35202.535,0.0,5672.0503,5808
fuel_duty_rise_cancellation,Fuel duty rise cancellation,2030,72554.984,0.0,82466.99,5813
fuel_duty_rise_cancellation,Fuel duty rise cancellation,2030,52158.566,0.0,9578.591,5814
fuel_duty_rise_cancellation,Fuel duty rise cancellation,2030,52675.445,0.0,341.84683,5845
fuel_duty_rise_cancellation,Fuel duty rise cancellation,2030,107275.27,333.8125,1592.49,5905
fuel_duty_rise_cancellation,Fuel duty rise cancellation,2030,66217.22,55.40625,2103.2646,5906
fuel_duty_rise_cancellation,Fuel duty rise cancellation,2030,42347.953,259.92188,287.95187,5966
fuel_duty_rise_cancellation,Fuel duty rise cancellation,2030,69244.45,85.07031,37682.688,5971
fuel_duty_rise_cancellation,Fuel duty rise cancellation,2030,93678.34,0.0,70612.87,5972
fuel_duty_rise_cancellation,Fuel duty rise cancellation,2030,34606.348,0.0,2912.5012,6127
fuel_duty_rise_cancellation,Fuel duty rise cancellation,2030,55035.3,55.4375,13534.956,6157
fuel_duty_rise_cancellation,Fuel duty rise cancellation,2030,41603.164,55.38672,24455.02,6196
fuel_duty_rise_cancellation,Fuel duty rise cancellation,2030,23936.213,0.0,69360.78,6244
fuel_duty_rise_cancellation,Fuel duty rise cancellation,2030,58261.027,120.47656,47269.883,6249
fuel_duty_rise_cancellation,Fuel duty rise cancellation,2030,10700.1045,0.0,14580.286,6391
fuel_duty_rise_cancellation,Fuel duty rise cancellation,2030,41852.277,0.0,26139.645,6458
fuel_duty_rise_cancellation,Fuel duty rise cancellation,2030,37479.78,0.0,3090.8528,6462
fuel_duty_rise_cancellation,Fuel duty rise cancellation,2030,48145.992,0.0,337.3836,6479
fuel_duty_rise_cancellation,Fuel duty rise cancellation,2030,16581.125,2056.5234,116620.92,6494
fuel_duty_rise_cancellation,Fuel duty rise cancellation,2030,27997.7,73.8457,8369.948,6533
fuel_duty_rise_cancellation,Fuel duty rise cancellation,2030,66120.195,101.53906,7613.8076,6598
fuel_duty_rise_cancellation,Fuel duty rise cancellation,2030,37734.484,0.0,1126.22,6687
fuel_duty_rise_cancellation,Fuel duty rise cancellation,2030,19480.969,0.0,1448.463,6695
fuel_duty_rise_cancellation,Fuel duty rise cancellation,2030,30749.25,182.84375,80631.74,6732
fuel_duty_rise_cancellation,Fuel duty rise cancellation,2030,72555.53,0.0,220.24327,6753
fuel_duty_rise_cancellation,Fuel duty rise cancellation,2030,32166.537,0.0,50419.89,6815
fuel_duty_rise_cancellation,Fuel duty rise cancellation,2030,19445.262,81.26758,19429.975,6864
fuel_duty_rise_cancellation,Fuel duty rise cancellation,2030,34268.664,98.28906,799.17664,6904
fuel_duty_rise_cancellation,Fuel duty rise cancellation,2030,15167.875,436.62305,21951.746,6912
fuel_duty_rise_cancellation,Fuel duty rise cancellation,2030,22456.379,81.26758,141012.75,6965
fuel_duty_rise_cancellation,Fuel duty rise cancellation,2030,62969.234,272.60938,47267.72,6975
fuel_duty_rise_cancellation,Fuel duty rise cancellation,2030,77310.71,53.625,45003.84,6987
fuel_duty_rise_cancellation,Fuel duty rise cancellation,2030,50375.703,92.328125,1762.3489,7020
fuel_duty_rise_cancellation,Fuel duty rise cancellation,2030,54072.617,308.08594,3271.939,7036
fuel_duty_rise_cancellation,Fuel duty rise cancellation,2030,44267.56,0.0,443.77133,7080
fuel_duty_rise_cancellation,Fuel duty rise cancellation,2030,23752.08,1978.5781,67687.336,7159
fuel_duty_rise_cancellation,Fuel duty rise cancellation,2030,44464.527,0.0,4297.1133,7163
fuel_duty_rise_cancellation,Fuel duty rise cancellation,2030,54165.77,0.0,157949.12,7229
fuel_duty_rise_cancellation,Fuel duty rise cancellation,2030,30159.234,0.0,4038.187,7248
fuel_duty_rise_cancellation,Fuel duty rise cancellation,2030,9851.818,0.0,25816.615,7428
fuel_duty_rise_cancellation,Fuel duty rise cancellation,2030,41756.418,0.0,49199.55,7444
fuel_duty_rise_cancellation,Fuel duty rise cancellation,2030,26007.29,0.0,11250.114,7459
fuel_duty_rise_cancellation,Fuel duty rise cancellation,2030,104195.016,92.3125,19163.844,7504
fuel_duty_rise_cancellation,Fuel duty rise cancellation,2030,24775.902,210.47852,44610.84,7539
fuel_duty_rise_cancellation,Fuel duty rise cancellation,2030,47669.805,0.0,3081.9897,7624
fuel_duty_rise_cancellation,Fuel duty rise cancellation,2030,94224.516,0.0,1361.1239,7632
fuel_duty_rise_cancellation,Fuel duty rise cancellation,2030,26855.639,0.0,377.96997,7743
fuel_duty_rise_cancellation,Fuel duty rise cancellation,2030,28329.676,0.0,758.27216,7763
fuel_duty_rise_cancellation,Fuel duty rise cancellation,2030,71236.35,46.15625,6665.224,7908
fuel_duty_rise_cancellation,Fuel duty rise cancellation,2030,13662.783,72.0,80978.68,8037
fuel_duty_rise_cancellation,Fuel duty rise cancellation,2030,17657.035,0.0,7442.908,8077
fuel_duty_rise_cancellation,Fuel duty rise cancellation,2030,24918.219,207.4082,1306.6737,8101
fuel_duty_rise_cancellation,Fuel duty rise cancellation,2030,38368.62,0.0,77339.48,8228
fuel_duty_rise_cancellation,Fuel duty rise cancellation,2030,65608.47,55.382812,31414.752,8272
fuel_duty_rise_cancellation,Fuel duty rise cancellation,2030,63536.723,0.0,7427.29,8342
fuel_duty_rise_cancellation,Fuel duty rise cancellation,2030,40351.74,0.0,4133.4473,8392
fuel_duty_rise_cancellation,Fuel duty rise cancellation,2030,66815.51,0.0,5523.314,8468
fuel_duty_rise_cancellation,Fuel duty rise cancellation,2030,21884.805,0.0,528.1286,8478
fuel_duty_rise_cancellation,Fuel duty rise cancellation,2030,56848.92,148.98438,1156.651,8480
fuel_duty_rise_cancellation,Fuel duty rise cancellation,2030,60137.367,0.0,80348.26,8511
fuel_duty_rise_cancellation,Fuel duty rise cancellation,2030,36311.645,0.0,269224.22,8566
fuel_duty_rise_cancellation,Fuel duty rise cancellation,2030,109742.85,0.0,440.66235,8595
fuel_duty_rise_cancellation,Fuel duty rise cancellation,2030,53643.23,46.171875,39782.33,8686
fuel_duty_rise_cancellation,Fuel duty rise cancellation,2030,47956.043,575.45703,17345.002,8762
fuel_duty_rise_cancellation,Fuel duty rise cancellation,2030,31550.955,0.0,53425.605,8782
fuel_duty_rise_cancellation,Fuel duty rise cancellation,2030,118149.5,109.84375,271.0161,8790
fuel_duty_rise_cancellation,Fuel duty rise cancellation,2030,50935.98,46.597656,5406.3267,8879
fuel_duty_rise_cancellation,Fuel duty rise cancellation,2030,50095.08,0.0,520.82196,8945
fuel_duty_rise_cancellation,Fuel duty rise cancellation,2030,28894.117,0.0,13845.367,9118
fuel_duty_rise_cancellation,Fuel duty rise cancellation,2030,99986.36,338.1953,90405.164,9196
fuel_duty_rise_cancellation,Fuel duty rise cancellation,2030,7009.2783,0.0,7279.424,9288
fuel_duty_rise_cancellation,Fuel duty rise cancellation,2030,100220.14,467.39062,26461.645,9313
fuel_duty_rise_cancellation,Fuel duty rise cancellation,2030,31506.63,0.0,40183.164,9395
fuel_duty_rise_cancellation,Fuel duty rise cancellation,2030,16749.758,80.14258,45658.59,9396
fuel_duty_rise_cancellation,Fuel duty rise cancellation,2030,61792.066,503.6328,14594.674,9409
fuel_duty_rise_cancellation,Fuel duty rise cancellation,2030,22991.953,0.0,9046.7705,9418
fuel_duty_rise_cancellation,Fuel duty rise cancellation,2030,55822.645,0.0,10438.881,9419
fuel_duty_rise_cancellation,Fuel duty rise cancellation,2030,42753.41,0.0,60276.086,9497
fuel_duty_rise_cancellation,Fuel duty rise cancellation,2030,96510.95,62.765625,120805.16,9588
fuel_duty_rise_cancellation,Fuel duty rise cancellation,2030,39316.844,83.0,11598.898,9652
fuel_duty_rise_cancellation,Fuel duty rise cancellation,2030,48192.65,378.2422,185.32034,9664
fuel_duty_rise_cancellation,Fuel duty rise cancellation,2030,32713.402,0.0,92855.8,9734
fuel_duty_rise_cancellation,Fuel duty rise cancellation,2030,66652.48,0.0,9902.87,9744
fuel_duty_rise_cancellation,Fuel duty rise cancellation,2030,60676.617,301.375,20340.87,9754
fuel_duty_rise_cancellation,Fuel duty rise cancellation,2030,19923.549,0.0,447.83887,9779
fuel_duty_rise_cancellation,Fuel duty rise cancellation,2030,72671.74,0.0,311.26846,9782
fuel_duty_rise_cancellation,Fuel duty rise cancellation,2030,67149.25,94.15625,52114.83,9851
fuel_duty_rise_cancellation,Fuel duty rise cancellation,2030,28942.582,0.0,96097.34,9876
fuel_duty_rise_cancellation,Fuel duty rise cancellation,2030,119749.9,223.90625,10141.538,9933
fuel_duty_rise_cancellation,Fuel duty rise cancellation,2030,24214.62,0.0,834.9706,9962
fuel_duty_rise_cancellation,Fuel duty rise cancellation,2030,26507.832,0.0,43604.535,10072
fuel_duty_rise_cancellation,Fuel duty rise cancellation,2030,51542.414,73.84766,97147.68,10082
fuel_duty_rise_cancellation,Fuel duty rise cancellation,2030,57145.273,463.03906,656.0801,10125
fuel_duty_rise_cancellation,Fuel duty rise cancellation,2030,20081.465,470.58984,706.6216,10153
fuel_duty_rise_cancellation,Fuel duty rise cancellation,2030,16726.064,1991.7578,114056.79,10159
fuel_duty_rise_cancellation,Fuel duty rise cancellation,2030,30748.91,433.52344,36160.223,10230
fuel_duty_rise_cancellation,Fuel duty rise cancellation,2030,37670.574,0.0,10551.898,10231
fuel_duty_rise_cancellation,Fuel duty rise cancellation,2030,90895.195,589.5156,560.31976,10256
fuel_duty_rise_cancellation,Fuel duty rise cancellation,2030,52475.06,0.0,16647.316,10325
fuel_duty_rise_cancellation,Fuel duty rise cancellation,2030,27076.91,0.0,519.1536,10386
fuel_duty_rise_cancellation,Fuel duty rise cancellation,2030,46019.477,36.976562,8102.077,10491
fuel_duty_rise_cancellation,Fuel duty rise cancellation,2030,36475.617,168.9961,318.9152,10530
fuel_duty_rise_cancellation,Fuel duty rise cancellation,2030,45491.01,303.32422,461.57553,10535
fuel_duty_rise_cancellation,Fuel duty rise cancellation,2030,63061.207,345.14062,2564.522,10567
fuel_duty_rise_cancellation,Fuel duty rise cancellation,2030,87364.13,435.47656,79927.38,10582
fuel_duty_rise_cancellation,Fuel duty rise cancellation,2030,5577.0435,0.0,5099.3203,10629
fuel_duty_rise_cancellation,Fuel duty rise cancellation,2030,20808.205,36.941406,17777.756,10632
fuel_duty_rise_cancellation,Fuel duty rise cancellation,2030,5794.4937,0.0,14625.147,10644
fuel_duty_rise_cancellation,Fuel duty rise cancellation,2030,40405.72,0.0,121347.74,10646
fuel_duty_rise_cancellation,Fuel duty rise cancellation,2030,18899.645,0.0,17676.824,10675
fuel_duty_rise_cancellation,Fuel duty rise cancellation,2030,31231.482,0.0,14925.872,10682
fuel_duty_rise_cancellation,Fuel duty rise cancellation,2030,57612.383,0.0,284.25797,10728
fuel_duty_rise_cancellation,Fuel duty rise cancellation,2030,28717.58,0.0,3690.4846,10772
fuel_duty_rise_cancellation,Fuel duty rise cancellation,2030,47960.652,0.0,1904.8651,10821
fuel_duty_rise_cancellation,Fuel duty rise cancellation,2030,56067.93,109.0,14095.176,10900
fuel_duty_rise_cancellation,Fuel duty rise cancellation,2030,31742.404,0.0,1198.7229,11037
fuel_duty_rise_cancellation,Fuel duty rise cancellation,2030,38911.98,55.382812,309.39044,11054
fuel_duty_rise_cancellation,Fuel duty rise cancellation,2030,68185.64,0.0,846.86694,11137
fuel_duty_rise_cancellation,Fuel duty rise cancellation,2030,64246.047,0.0,4015.0415,11199
fuel_duty_rise_cancellation,Fuel duty rise cancellation,2030,105337.32,479.8125,480.40237,11260
fuel_duty_rise_cancellation,Fuel duty rise cancellation,2030,47167.28,0.0,5717.984,11356
fuel_duty_rise_cancellation,Fuel duty rise cancellation,2030,72793.984,0.0,116.55403,11384
fuel_duty_rise_cancellation,Fuel duty rise cancellation,2030,124036.59,0.0,505.8805,11444
fuel_duty_rise_cancellation,Fuel duty rise cancellation,2030,95193.5,0.0,5216.4585,11457
fuel_duty_rise_cancellation,Fuel duty rise cancellation,2030,56232.176,0.0,231.58345,11560
fuel_duty_rise_cancellation,Fuel duty rise cancellation,2030,72056.39,307.92188,762.357,11599
fuel_duty_rise_cancellation,Fuel duty rise cancellation,2030,139768.8,0.0,132751.84,11615
fuel_duty_rise_cancellation,Fuel duty rise cancellation,2030,54246.523,0.0,37895.242,11757
fuel_duty_rise_cancellation,Fuel duty rise cancellation,2030,110117.93,0.0,4597.254,11834
fuel_duty_rise_cancellation,Fuel duty rise cancellation,2030,29477.252,0.0,285.95938,11877
fuel_duty_rise_cancellation,Fuel duty rise cancellation,2030,31574.883,0.0,6718.6675,11945
fuel_duty_rise_cancellation,Fuel duty rise cancellation,2030,44943.58,0.0,1146.7867,11980
fuel_duty_rise_cancellation,Fuel duty rise cancellation,2030,47397.652,75.65625,3892.3088,11992
fuel_duty_rise_cancellation,Fuel duty rise cancellation,2030,56547.574,74.71484,27900.97,11995
fuel_duty_rise_cancellation,Fuel duty rise cancellation,2030,86458.23,0.0,46430.887,12162
fuel_duty_rise_cancellation,Fuel duty rise cancellation,2030,71004.03,433.53125,15180.092,12275
fuel_duty_rise_cancellation,Fuel duty rise cancellation,2030,126575.09,0.0,13120.538,12346
fuel_duty_rise_cancellation,Fuel duty rise cancellation,2030,31424.389,210.63672,16556.662,12352
fuel_duty_rise_cancellation,Fuel duty rise cancellation,2030,76434.25,0.0,727.47296,12362
fuel_duty_rise_cancellation,Fuel duty rise cancellation,2030,81074.96,0.0,894.0032,12396
fuel_duty_rise_cancellation,Fuel duty rise cancellation,2030,24030.303,0.0,25674.38,12404
fuel_duty_rise_cancellation,Fuel duty rise cancellation,2030,110247.46,0.0,12280.271,12441
fuel_duty_rise_cancellation,Fuel duty rise cancellation,2030,66068.49,380.84375,19043.404,12506
fuel_duty_rise_cancellation,Fuel duty rise cancellation,2030,39438.26,0.0,10020.268,12512
fuel_duty_rise_cancellation,Fuel duty rise cancellation,2030,138590.39,0.0,91884.5,12585
fuel_duty_rise_cancellation,Fuel duty rise cancellation,2030,22584.145,0.0,2377.6528,12604
fuel_duty_rise_cancellation,Fuel duty rise cancellation,2030,49051.68,386.79688,8924.616,12635
fuel_duty_rise_cancellation,Fuel duty rise cancellation,2030,39230.387,0.0,530.7177,12716
fuel_duty_rise_cancellation,Fuel duty rise cancellation,2030,20228.906,353.1621,13750.094,12785
fuel_duty_rise_cancellation,Fuel duty rise cancellation,2030,145257.72,0.0,5666.889,12788
fuel_duty_rise_cancellation,Fuel duty rise cancellation,2030,59674.88,0.0,5853.343,12821
fuel_duty_rise_cancellation,Fuel duty rise cancellation,2030,48042.938,0.0,1029.9249,12972
fuel_duty_rise_cancellation,Fuel duty rise cancellation,2030,65608.12,0.0,763.34576,12981
fuel_duty_rise_cancellation,Fuel duty rise cancellation,2030,126073.99,164.5,26600.635,12990
fuel_duty_rise_cancellation,Fuel duty rise cancellation,2030,42891.21,0.0,15501.316,13041
fuel_duty_rise_cancellation,Fuel duty rise cancellation,2030,42341.145,0.0,87597.37,13118
fuel_duty_rise_cancellation,Fuel duty rise cancellation,2030,124269.055,0.0,24929.688,13139
fuel_duty_rise_cancellation,Fuel duty rise cancellation,2030,26705.023,474.13672,408.52878,13150
fuel_duty_rise_cancellation,Fuel duty rise cancellation,2030,28513.045,0.0,2869.6528,13154
fuel_duty_rise_cancellation,Fuel duty rise cancellation,2030,24576.549,187.78516,5388.5796,13196
fuel_duty_rise_cancellation,Fuel duty rise cancellation,2030,69100.69,314.03125,35053.03,13209
fuel_duty_rise_cancellation,Fuel duty rise cancellation,2030,113944.12,0.0,2861.3135,13287
fuel_duty_rise_cancellation,Fuel duty rise cancellation,2030,117872.99,0.0,539.5059,13303
fuel_duty_rise_cancellation,Fuel duty rise cancellation,2030,39652.047,0.0,13077.372,13339
fuel_duty_rise_cancellation,Fuel duty rise cancellation,2030,119427.31,387.03906,9017.215,13358
fuel_duty_rise_cancellation,Fuel duty rise cancellation,2030,27654.93,0.0,2465.3118,13417
fuel_duty_rise_cancellation,Fuel duty rise cancellation,2030,63934.24,221.00781,13632.657,13419
fuel_duty_rise_cancellation,Fuel duty rise cancellation,2030,22982.943,0.0,603.0966,13463
fuel_duty_rise_cancellation,Fuel duty rise cancellation,2030,45880.848,369.70703,22378.188,13533
fuel_duty_rise_cancellation,Fuel duty rise cancellation,2030,85748.33,380.84375,27115.145,13627
fuel_duty_rise_cancellation,Fuel duty rise cancellation,2030,45240.805,46.171875,946.86304,13735
fuel_duty_rise_cancellation,Fuel duty rise cancellation,2030,7381.028,690.81885,333.47018,13784
fuel_duty_rise_cancellation,Fuel duty rise cancellation,2030,13660.996,0.0,41119.945,13786
fuel_duty_rise_cancellation,Fuel duty rise cancellation,2030,57388.86,0.0,71253.64,13843
fuel_duty_rise_cancellation,Fuel duty rise cancellation,2030,25559.248,0.0,361.84323,13939
fuel_duty_rise_cancellation,Fuel duty rise cancellation,2030,112658.3,0.0,658.238,13985
fuel_duty_rise_cancellation,Fuel duty rise cancellation,2030,54326.234,0.0,143005.95,14066
fuel_duty_rise_cancellation,Fuel duty rise cancellation,2030,27670.562,0.0,185.8037,14081
fuel_duty_rise_cancellation,Fuel duty rise cancellation,2030,63200.22,256.94922,3470.1572,14086
fuel_duty_rise_cancellation,Fuel duty rise cancellation,2030,41160.07,0.0,2381.4788,14123
fuel_duty_rise_cancellation,Fuel duty rise cancellation,2030,23977.002,0.0,438.20938,14161
fuel_duty_rise_cancellation,Fuel duty rise cancellation,2030,88877.52,448.23438,38402.367,14219
fuel_duty_rise_cancellation,Fuel duty rise cancellation,2030,76884.375,0.0,33918.453,14225
fuel_duty_rise_cancellation,Fuel duty rise cancellation,2030,65989.92,55.40625,4585.761,14298
fuel_duty_rise_cancellation,Fuel duty rise cancellation,2030,82211.72,0.0,51277.75,14332
fuel_duty_rise_cancellation,Fuel duty rise cancellation,2030,15482.495,0.0,9958.652,14424
fuel_duty_rise_cancellation,Fuel duty rise cancellation,2030,44659.258,0.0,1807.6537,14458
fuel_duty_rise_cancellation,Fuel duty rise cancellation,2030,65754.66,199.01562,7917.3574,14474
fuel_duty_rise_cancellation,Fuel duty rise cancellation,2030,81976.88,0.0,1349.1633,14483
fuel_duty_rise_cancellation,Fuel duty rise cancellation,2030,35791.797,0.0,1762.5973,14558
fuel_duty_rise_cancellation,Fuel duty rise cancellation,2030,71052.36,0.0,1584.2845,14580
fuel_duty_rise_cancellation,Fuel duty rise cancellation,2030,76358.6,0.0,463.74283,14591
fuel_duty_rise_cancellation,Fuel duty rise cancellation,2030,51744.832,0.0,68315.76,14660
fuel_duty_rise_cancellation,Fuel duty rise cancellation,2030,70893.586,0.0,2989.7542,14674
fuel_duty_rise_cancellation,Fuel duty rise cancellation,2030,3203.288,0.0,835.13464,14686
fuel_duty_rise_cancellation,Fuel duty rise cancellation,2030,71723.91,110.30469,3988.446,14746
fuel_duty_rise_cancellation,Fuel duty rise cancellation,2030,22974.045,0.0,334.56943,14757
fuel_duty_rise_cancellation,Fuel duty rise cancellation,2030,5879.5703,0.0,21772.645,14791
fuel_duty_rise_cancellation,Fuel duty rise cancellation,2030,35519.418,388.10547,81839.74,14809
fuel_duty_rise_cancellation,Fuel duty rise cancellation,2030,139700.75,575.6094,28443.752,14895
fuel_duty_rise_cancellation,Fuel duty rise cancellation,2030,49361.004,70.171875,5218.3755,14910
fuel_duty_rise_cancellation,Fuel duty rise cancellation,2030,39008.227,184.65234,139.664,14961
fuel_duty_rise_cancellation,Fuel duty rise cancellation,2030,81745.24,102.55469,19094.71,14989
fuel_duty_rise_cancellation,Fuel duty rise cancellation,2030,33018.62,479.85938,16878.63,15036
fuel_duty_rise_cancellation,Fuel duty rise cancellation,2030,71945.21,0.0,260.48828,15072
fuel_duty_rise_cancellation,Fuel duty rise cancellation,2030,72026.55,449.04688,6508.4727,15169
fuel_duty_rise_cancellation,Fuel duty rise cancellation,2030,117521.58,193.4375,411.25287,15182
fuel_duty_rise_cancellation,Fuel duty rise cancellation,2030,35529.875,127.38281,600.83325,15216
fuel_duty_rise_cancellation,Fuel duty rise cancellation,2030,115334.19,0.0,5216.111,15234
fuel_duty_rise_cancellation,Fuel duty rise cancellation,2030,52892.457,191.28906,323.21793,15322
fuel_duty_rise_cancellation,Fuel duty rise cancellation,2030,110254.89,112.640625,1212.7856,15348
fuel_duty_rise_cancellation,Fuel duty rise cancellation,2030,93857.52,0.0,11603.693,15394
fuel_duty_rise_cancellation,Fuel duty rise cancellation,2030,61802.4,0.0,153699.39,15519
fuel_duty_rise_cancellation,Fuel duty rise cancellation,2030,67010.53,516.77344,570.3059,15548
fuel_duty_rise_cancellation,Fuel duty rise cancellation,2030,52741.746,478.65625,19297.348,15599
fuel_duty_rise_cancellation,Fuel duty rise cancellation,2030,97305.23,200.42969,5804.5415,15611
fuel_duty_rise_cancellation,Fuel duty rise cancellation,2030,29611.113,0.0,11685.473,15633
fuel_duty_rise_cancellation,Fuel duty rise cancellation,2030,90106.88,0.0,5903.228,15642
fuel_duty_rise_cancellation,Fuel duty rise cancellation,2030,78667.16,0.0,33146.15,15668
fuel_duty_rise_cancellation,Fuel duty rise cancellation,2030,107711.41,233.15625,126188.0,15721
fuel_duty_rise_cancellation,Fuel duty rise cancellation,2030,58641.727,254.10938,877.37036,15728
fuel_duty_rise_cancellation,Fuel duty rise cancellation,2030,50998.78,0.0,24212.295,15740
fuel_duty_rise_cancellation,Fuel duty rise cancellation,2030,41030.95,464.20312,25127.557,15945
fuel_duty_rise_cancellation,Fuel duty rise cancellation,2030,30199.186,0.0,2382.583,15966
fuel_duty_rise_cancellation,Fuel duty rise cancellation,2030,12417.959,0.0,1866.0043,15981
fuel_duty_rise_cancellation,Fuel duty rise cancellation,2030,61804.418,226.70703,396.42667,16003
fuel_duty_rise_cancellation,Fuel duty rise cancellation,2030,28041.01,81.26758,665.8072,16058
fuel_duty_rise_cancellation,Fuel duty rise cancellation,2030,44891.473,0.0,12101.734,16180
fuel_duty_rise_cancellation,Fuel duty rise cancellation,2030,50889.477,73.86719,499.08667,16411
fuel_duty_rise_cancellation,Fuel duty rise cancellation,2030,55771.586,0.0,219.33652,16439
fuel_duty_rise_cancellation,Fuel duty rise cancellation,2030,105590.02,55.390625,52219.082,16724
fuel_duty_rise_cancellation,Fuel duty rise cancellation,2030,108341.93,104.99219,409.18793,16845
fuel_duty_rise_cancellation,Fuel duty rise cancellation,2030,3225.7095,0.0,351.1277,17074
fuel_duty_rise_cancellation,Fuel duty rise cancellation,2030,36589.414,112.171875,554.0021,17104
fuel_duty_rise_cancellation,Fuel duty rise cancellation,2030,30371.006,490.82422,32448.213,17379
fuel_duty_rise_cancellation,Fuel duty rise cancellation,2030,62424.07,486.4375,874.6148,17740
fuel_duty_rise_cancellation,Fuel duty rise cancellation,2030,61029.32,0.0,599.74835,17800
fuel_duty_rise_cancellation,Fuel duty rise cancellation,2030,7765.9194,127.384766,291.971,17876
fuel_duty_rise_cancellation,Fuel duty rise cancellation,2030,129868.25,390.70312,7539.935,17918
fuel_duty_rise_cancellation,Fuel duty rise cancellation,2030,93526.49,178.46094,8122.696,17925
fuel_duty_rise_cancellation,Fuel duty rise cancellation,2030,76341.44,494.4375,15459.271,17983
fuel_duty_rise_cancellation,Fuel duty rise cancellation,2030,109092.42,258.08594,97072.56,18465
fuel_duty_rise_cancellation,Fuel duty rise cancellation,2030,19677.977,362.60156,955.7202,18670
fuel_duty_rise_cancellation,Fuel duty rise cancellation,2030,138517.03,70.140625,44812.383,18686
fuel_duty_rise_cancellation,Fuel duty rise cancellation,2030,18373.879,479.3047,23354.498,18754
fuel_duty_rise_cancellation,Fuel duty rise cancellation,2030,33076.68,0.0,945.6405,18843
fuel_duty_rise_cancellation,Fuel duty rise cancellation,2030,83512.48,0.0,12286.563,19014
fuel_duty_rise_cancellation,Fuel duty rise cancellation,2030,11782.625,449.9707,592.455,19199
fuel_duty_rise_cancellation,Fuel duty rise cancellation,2030,112727.29,536.7031,535.1629,19212
fuel_duty_rise_cancellation,Fuel duty rise cancellation,2030,65616.09,333.8125,3963.0056,19368
fuel_duty_rise_cancellation,Fuel duty rise cancellation,2030,111344.38,0.0,23.114532,19419
fuel_duty_rise_cancellation,Fuel duty rise cancellation,2030,40661.973,35.683594,1616.8429,19707
fuel_duty_rise_cancellation,Fuel duty rise cancellation,2030,78606.93,36.921875,954.93304,19725
fuel_duty_rise_cancellation,Fuel duty rise cancellation,2030,27706.938,228.50195,1635.0798,19809
fuel_duty_rise_cancellation,Fuel duty rise cancellation,2030,50221.42,418.29688,9356.159,19932
fuel_duty_rise_cancellation,Fuel duty rise cancellation,2030,17146.453,447.95898,3737.0432,19936
fuel_duty_rise_cancellation,Fuel duty rise cancellation,2030,87310.78,414.59375,7363.931,19953
fuel_duty_rise_cancellation,Fuel duty rise cancellation,2030,28458.21,0.0,330.89255,20000
fuel_duty_rise_cancellation,Fuel duty rise cancellation,2030,33835.836,105.23047,29933.02,20039
fuel_duty_rise_cancellation,Fuel duty rise cancellation,2030,73684.6,78.203125,3390.776,20057
fuel_duty_rise_cancellation,Fuel duty rise cancellation,2030,22352.805,0.0,1592.1831,20120
fuel_duty_rise_cancellation,Fuel duty rise cancellation,2030,59700.688,0.0,579.4465,20310
fuel_duty_rise_cancellation,Fuel duty rise cancellation,2030,46477.145,61.773438,273.79828,20323
fuel_duty_rise_cancellation,Fuel duty rise cancellation,2030,104906.21,262.3672,6549.288,20383
fuel_duty_rise_cancellation,Fuel duty rise cancellation,2030,31557.648,107.77734,234.66501,20426
fuel_duty_rise_cancellation,Fuel duty rise cancellation,2030,51160.688,663.4922,777.62994,20457
fuel_duty_rise_cancellation,Fuel duty rise cancellation,2030,98440.11,246.85156,16425.598,20555
fuel_duty_rise_cancellation,Fuel duty rise cancellation,2030,23337.658,0.0,2496.6167,20642
fuel_duty_rise_cancellation,Fuel duty rise cancellation,2030,70370.555,618.625,195.46175,20692
fuel_duty_rise_cancellation,Fuel duty rise cancellation,2030,91692.5,36.960938,547.64374,20751
fuel_duty_rise_cancellation,Fuel duty rise cancellation,2030,33638.816,0.0,39329.6,21263
fuel_duty_rise_cancellation,Fuel duty rise cancellation,2030,19054.213,372.0918,466.25583,21304
fuel_duty_rise_cancellation,Fuel duty rise cancellation,2030,81949.234,110.84375,277.89688,21486
fuel_duty_rise_cancellation,Fuel duty rise cancellation,2030,69279.35,0.0,983.9138,21759
fuel_duty_rise_cancellation,Fuel duty rise cancellation,2030,73577.86,288.54688,310.1532,21763
fuel_duty_rise_cancellation,Fuel duty rise cancellation,2030,41200.32,0.0,513.28314,21894
fuel_duty_rise_cancellation,Fuel duty rise cancellation,2030,60684.01,0.0,288.5087,21905
fuel_duty_rise_cancellation,Fuel duty rise cancellation,2030,108935.23,430.8047,6069.9043,21952
fuel_duty_rise_cancellation,Fuel duty rise cancellation,2030,95312.19,514.21094,1703.5312,22015
fuel_duty_rise_cancellation,Fuel duty rise cancellation,2030,126119.5,256.95312,4233.5557,22150
fuel_duty_rise_cancellation,Fuel duty rise cancellation,2030,55279.016,579.53125,314.3768,22171
fuel_duty_rise_cancellation,Fuel duty rise cancellation,2030,29403.695,112.22656,1809.6001,22179
fuel_duty_rise_cancellation,Fuel duty rise cancellation,2030,18719.703,0.0,401.08334,22197
fuel_duty_rise_cancellation,Fuel duty rise cancellation,2030,19604.791,0.0,424.26056,22367
fuel_duty_rise_cancellation,Fuel duty rise cancellation,2030,21239.582,55.384766,636.045,22485
fuel_duty_rise_cancellation,Fuel duty rise cancellation,2030,17611.438,0.0,987.18195,23016
fuel_duty_rise_cancellation,Fuel duty rise cancellation,2030,37241.625,495.60938,591.9271,23179
fuel_duty_rise_cancellation,Fuel duty rise cancellation,2030,57810.824,375.66406,440.37744,23654
fuel_duty_rise_cancellation,Fuel duty rise cancellation,2030,24380.074,151.42188,3224.3215,23867
fuel_duty_rise_cancellation,Fuel duty rise cancellation,2030,29016.908,0.0,498.99377,23904
fuel_duty_rise_cancellation,Fuel duty rise cancellation,2030,68430.7,36.921875,46696.523,23972
fuel_duty_rise_cancellation,Fuel duty rise cancellation,2030,46529.79,0.0,502.20996,23992
fuel_duty_rise_cancellation,Fuel duty rise cancellation,2030,136514.0,74.765625,11387.922,24109
fuel_duty_rise_cancellation,Fuel duty rise cancellation,2030,71879.49,256.03906,8281.256,24110
fuel_duty_rise_cancellation,Fuel duty rise cancellation,2030,58360.465,0.0,405.90536,24112
fuel_duty_rise_cancellation,Fuel duty rise cancellation,2030,104856.5,0.0,243.21597,24169
fuel_duty_rise_cancellation,Fuel duty rise cancellation,2030,92808.23,0.0,35479.04,24170
fuel_duty_rise_cancellation,Fuel duty rise cancellation,2030,58840.465,0.0,10035.368,24189
fuel_duty_rise_cancellation,Fuel duty rise cancellation,2030,31131.734,114.35156,6230.8813,24240
fuel_duty_rise_cancellation,Fuel duty rise cancellation,2030,63130.53,719.53906,24390.748,24503
fuel_duty_rise_cancellation,Fuel duty rise cancellation,2030,24381.926,0.0,375.91125,24527
fuel_duty_rise_cancellation,Fuel duty rise cancellation,2030,65456.457,229.08984,730.0748,25073
fuel_duty_rise_cancellation,Fuel duty rise cancellation,2030,50344.977,0.0,484.78683,25564
fuel_duty_rise_cancellation,Fuel duty rise cancellation,2030,25109.574,0.0,601.4467,25667
fuel_duty_rise_cancellation,Fuel duty rise cancellation,2030,80307.24,0.0,2722.7275,25784
fuel_duty_rise_cancellation,Fuel duty rise cancellation,2030,74481.1,0.0,188.87784,25858
fuel_duty_rise_cancellation,Fuel duty rise cancellation,2030,27622.705,639.0449,39839.547,26003
fuel_duty_rise_cancellation,Fuel duty rise cancellation,2030,17848.693,0.0,592.3145,26044
fuel_duty_rise_cancellation,Fuel duty rise cancellation,2030,6454.539,0.0,13110.256,26272
fuel_duty_rise_cancellation,Fuel duty rise cancellation,2030,30321.027,463.46875,5128.774,26346
fuel_duty_rise_cancellation,Fuel duty rise cancellation,2030,53809.79,0.0,315.11267,26408
fuel_duty_rise_cancellation,Fuel duty rise cancellation,2030,1293.4137,1991.7579,59524.977,26448
fuel_duty_rise_cancellation,Fuel duty rise cancellation,2030,24593.145,211.89258,666.0873,26726
fuel_duty_rise_cancellation,Fuel duty rise cancellation,2030,67634.9,448.9453,2189.3828,26811
fuel_duty_rise_cancellation,Fuel duty rise cancellation,2030,53917.227,198.23438,31256.53,26832
fuel_duty_rise_cancellation,Fuel duty rise cancellation,2030,25372.564,215.73828,2856.7878,27077
fuel_duty_rise_cancellation,Fuel duty rise cancellation,2030,44055.88,0.0,376.41205,27093
fuel_duty_rise_cancellation,Fuel duty rise cancellation,2030,53029.17,212.14062,2136.6035,27113
fuel_duty_rise_cancellation,Fuel duty rise cancellation,2030,123488.62,217.52344,1868.1093,27254
fuel_duty_rise_cancellation,Fuel duty rise cancellation,2030,31615.16,0.0,19837.346,27293
fuel_duty_rise_cancellation,Fuel duty rise cancellation,2030,55398.035,486.85156,30851.508,27736
fuel_duty_rise_cancellation,Fuel duty rise cancellation,2030,30408.572,138.01758,538.9811,27751
fuel_duty_rise_cancellation,Fuel duty rise cancellation,2030,59780.496,364.01562,126459.71,27767
fuel_duty_rise_cancellation,Fuel duty rise cancellation,2030,53609.6,18.574219,11660.897,27991
fuel_duty_rise_cancellation,Fuel duty rise cancellation,2030,21934.531,0.0,491.4338,28026
fuel_duty_rise_cancellation,Fuel duty rise cancellation,2030,117495.19,1212.6328,25259.39,28725
fuel_duty_rise_cancellation,Fuel duty rise cancellation,2030,57835.363,222.10938,279.13245,28792
fuel_duty_rise_cancellation,Fuel duty rise cancellation,2030,76086.54,74.671875,764.89246,28899
fuel_duty_rise_cancellation,Fuel duty rise cancellation,2030,48355.31,146.76953,1606.9652,28941
fuel_duty_rise_cancellation,Fuel duty rise cancellation,2030,16908.553,0.0,1767.853,29088
fuel_duty_rise_cancellation,Fuel duty rise cancellation,2030,35264.637,85.34766,669.747,29189
fuel_duty_rise_cancellation,Fuel duty rise cancellation,2030,94523.46,42.367188,2315.1057,29333
fuel_duty_rise_cancellation,Fuel duty rise cancellation,2030,27369.0,111.19336,1124.4657,29745
fuel_duty_rise_cancellation,Fuel duty rise cancellation,2030,119296.4,0.0,232.3968,29749
fuel_duty_rise_cancellation,Fuel duty rise cancellation,2030,39729.38,263.77344,20997.846,30124
fuel_duty_rise_cancellation,Fuel duty rise cancellation,2030,42555.363,0.0,450.6127,30238
fuel_duty_rise_cancellation,Fuel duty rise cancellation,2030,75792.79,263.35938,19274.969,30391
fuel_duty_rise_cancellation,Fuel duty rise cancellation,2030,13845.318,0.0,44360.676,30913
fuel_duty_rise_cancellation,Fuel duty rise cancellation,2030,85577.91,105.46875,2791.1523,31066
fuel_duty_rise_cancellation,Fuel duty rise cancellation,2030,22484.305,0.0,419.2781,31254
fuel_duty_rise_cancellation,Fuel duty rise cancellation,2030,21187.787,36.978516,7567.4604,31538
fuel_duty_rise_cancellation,Fuel duty rise cancellation,2030,47727.992,0.0,5621.5527,31541
fuel_duty_rise_cancellation,Fuel duty rise cancellation,2030,40483.8,51.210938,81.37796,31546
fuel_duty_rise_cancellation,Fuel duty rise cancellation,2030,138457.98,348.3125,13142.229,31691
fuel_duty_rise_cancellation,Fuel duty rise cancellation,2030,136825.17,0.0,439.3455,31767
fuel_duty_rise_cancellation,Fuel duty rise cancellation,2030,92782.22,0.0,204.7335,31806
fuel_duty_rise_cancellation,Fuel duty rise cancellation,2030,41185.164,1212.6328,26851.418,31886
fuel_duty_rise_cancellation,Fuel duty rise cancellation,2030,108454.39,37.273438,41205.504,31943
fuel_duty_rise_cancellation,Fuel duty rise cancellation,2030,46914.457,0.0,404.87482,32163
fuel_duty_rise_cancellation,Fuel duty rise cancellation,2030,71730.61,0.0,3195.0215,32168
fuel_duty_rise_cancellation,Fuel duty rise cancellation,2030,49378.45,382.83984,1212.3994,32172
fuel_duty_rise_cancellation,Fuel duty rise cancellation,2030,69490.49,0.0,302.40704,32174
fuel_duty_rise_cancellation,Fuel duty rise cancellation,2030,34027.09,46.171875,300.70065,32254
fuel_duty_rise_cancellation,Fuel duty rise cancellation,2030,61996.3,0.0,13114.683,32331
fuel_duty_rise_cancellation,Fuel duty rise cancellation,2030,83144.23,0.0,1293.7892,32475
fuel_duty_rise_cancellation,Fuel duty rise cancellation,2030,57828.367,73.84766,23.879454,33814
fuel_duty_rise_cancellation,Fuel duty rise cancellation,2030,48224.81,0.0,38.14117,41944
fuel_duty_rise_cancellation,Fuel duty rise cancellation,2030,99211.49,0.0,62.009193,41950
fuel_duty_rise_cancellation,Fuel duty rise cancellation,2030,22617.424,0.0,14.796417,46185
fuel_duty_rise_cancellation,Fuel duty rise cancellation,2030,125902.65,0.0,199.97896,49121
fuel_duty_rise_cancellation,Fuel duty rise cancellation,2030,50362.258,0.0,535.46,49812
fuel_duty_rise_cancellation,Fuel duty rise cancellation,2030,46145.164,91.30859,3335.5247,50537
fuel_duty_rise_cancellation,Fuel duty rise cancellation,2030,7386.5967,0.0,8400.969,51580
fuel_duty_rise_cancellation,Fuel duty rise cancellation,2030,59407.336,88.75781,108.65892,51640
fuel_duty_rise_cancellation,Fuel duty rise cancellation,2030,28788.543,0.0,556.4952,52783
fuel_duty_rise_cancellation,Fuel duty rise cancellation,2030,22833.816,0.0,402.41644,54403
fuel_duty_rise_cancellation,Fuel duty rise cancellation,2030,65554.22,579.53125,144.81973,54749
fuel_duty_rise_cancellation,Fuel duty rise cancellation,2030,134190.47,0.0,925.00635,54824
fuel_duty_rise_cancellation,Fuel duty rise cancellation,2030,78780.695,1212.625,203.5597,55334
fuel_duty_rise_cancellation,Fuel duty rise cancellation,2030,17946.035,0.0,5444.753,55805
fuel_duty_rise_cancellation,Fuel duty rise cancellation,2030,7693.2544,0.0,288.12115,56245
fuel_duty_rise_cancellation,Fuel duty rise cancellation,2030,96111.5,98.765625,15184.34,57181
fuel_duty_rise_cancellation,Fuel duty rise cancellation,2030,146292.1,0.0,17.36488,58496
fuel_duty_rise_cancellation,Fuel duty rise cancellation,2030,4332.716,0.0,3719.799,58677
fuel_duty_rise_cancellation,Fuel duty rise cancellation,2030,15280.242,0.0,284.9515,58702
fuel_duty_rise_cancellation,Fuel duty rise cancellation,2030,27852.123,0.0,271.79077,60626
fuel_duty_rise_cancellation,Fuel duty rise cancellation,2030,56859.117,413.0625,780.61304,62259
fuel_duty_rise_cancellation,Fuel duty rise cancellation,2030,103710.88,0.0,100.0758,62593
fuel_duty_rise_cancellation,Fuel duty rise cancellation,2030,79294.81,92.30469,2919.5435,62794
fuel_duty_rise_cancellation,Fuel duty rise cancellation,2030,112778.27,395.0078,127.91227,63791
fuel_duty_rise_cancellation,Fuel duty rise cancellation,2030,60341.086,329.55078,19495.963,64098
fuel_duty_rise_cancellation,Fuel duty rise cancellation,2030,47555.176,0.0,1841.979,64774
