reform_id,reform_name,year,employment_income,baseline_net_income,reform_net_income
mock2_fuel_duty_hold,Fuel duty held until September 2027,2026,0.0,23876.223,23876.223
mock2_fuel_duty_hold,Fuel duty held until September 2027,2026,750.0,24626.223,24626.223
mock2_fuel_duty_hold,Fuel duty held until September 2027,2026,1500.0,25376.223,25376.223
mock2_fuel_duty_hold,Fuel duty held until September 2027,2026,2250.0,26126.223,26126.223
mock2_fuel_duty_hold,Fuel duty held until September 2027,2026,3000.0,26876.223,26876.223
mock2_fuel_duty_hold,Fuel duty held until September 2027,2026,3750.0,27626.223,27626.223
mock2_fuel_duty_hold,Fuel duty held until September 2027,2026,4500.0,28376.223,28376.223
mock2_fuel_duty_hold,Fuel duty held until September 2027,2026,5250.0,29126.223,29126.223
mock2_fuel_duty_hold,Fuel duty held until September 2027,2026,6000.0,29876.223,29876.223
mock2_fuel_duty_hold,Fuel duty held until September 2027,2026,6750.0,30626.223,30626.223
mock2_fuel_duty_hold,Fuel duty held until September 2027,2026,7500.0,31376.223,31376.223
mock2_fuel_duty_hold,Fuel duty held until September 2027,2026,8250.0,32126.223,32126.223
mock2_fuel_duty_hold,Fuel duty held until September 2027,2026,9000.0,32876.223,32876.223
mock2_fuel_duty_hold,Fuel duty held until September 2027,2026,9750.0,33626.223,33626.223
mock2_fuel_duty_hold,Fuel duty held until September 2027,2026,10500.0,34376.223,34376.223
mock2_fuel_duty_hold,Fuel duty held until September 2027,2026,11250.0,35126.223,35126.223
mock2_fuel_duty_hold,Fuel duty held until September 2027,2026,12000.0,35876.223,35876.223
mock2_fuel_duty_hold,Fuel duty held until September 2027,2026,12750.0,36611.82,36611.82
mock2_fuel_duty_hold,Fuel duty held until September 2027,2026,13500.0,37301.82,37301.82
mock2_fuel_duty_hold,Fuel duty held until September 2027,2026,14250.0,37991.82,37991.82
mock2_fuel_duty_hold,Fuel duty held until September 2027,2026,15000.0,38681.82,38681.82
mock2_fuel_duty_hold,Fuel duty held until September 2027,2026,15750.0,39371.82,39371.82
mock2_fuel_duty_hold,Fuel duty held until September 2027,2026,16500.0,40061.82,40061.82
mock2_fuel_duty_hold,Fuel duty held until September 2027,2026,17250.0,40751.82,40751.82
mock2_fuel_duty_hold,Fuel duty held until September 2027,2026,18000.0,41441.82,41441.82
mock2_fuel_duty_hold,Fuel duty held until September 2027,2026,18750.0,42131.82,42131.82
mock2_fuel_duty_hold,Fuel duty held until September 2027,2026,19500.0,42587.742,42587.742
mock2_fuel_duty_hold,Fuel duty held until September 2027,2026,20250.0,42898.242,42898.242
mock2_fuel_duty_hold,Fuel duty held until September 2027,2026,21000.0,43208.742,43208.742
mock2_fuel_duty_hold,Fuel duty held until September 2027,2026,21750.0,43519.242,43519.242
mock2_fuel_duty_hold,Fuel duty held until September 2027,2026,22500.0,43829.742,43829.742
mock2_fuel_duty_hold,Fuel duty held until September 2027,2026,23250.0,44140.242,44140.242
mock2_fuel_duty_hold,Fuel duty held until September 2027,2026,24000.0,44435.438,44435.438
mock2_fuel_duty_hold,Fuel duty held until September 2027,2026,24750.0,44678.438,44678.438
mock2_fuel_duty_hold,Fuel duty held until September 2027,2026,25500.0,44921.438,44921.438
mock2_fuel_duty_hold,Fuel duty held until September 2027,2026,26250.0,45164.438,45164.438
mock2_fuel_duty_hold,Fuel duty held until September 2027,2026,27000.0,45407.438,45407.438
mock2_fuel_duty_hold,Fuel duty held until September 2027,2026,27750.0,45650.438,45650.438
mock2_fuel_duty_hold,Fuel duty held until September 2027,2026,28500.0,45893.438,45893.438
mock2_fuel_duty_hold,Fuel duty held until September 2027,2026,29250.0,46136.438,46136.438
mock2_fuel_duty_hold,Fuel duty held until September 2027,2026,30000.0,46379.438,46379.438
mock2_fuel_duty_hold,Fuel duty held until September 2027,2026,30750.0,46622.438,46622.438
mock2_fuel_duty_hold,Fuel duty held until September 2027,2026,31500.0,46865.438,46865.438
mock2_fuel_duty_hold,Fuel duty held until September 2027,2026,32250.0,47108.438,47108.438
mock2_fuel_duty_hold,Fuel duty held until September 2027,2026,33000.0,47351.438,47351.438
mock2_fuel_duty_hold,Fuel duty held until September 2027,2026,33750.0,47594.438,47594.438
mock2_fuel_duty_hold,Fuel duty held until September 2027,2026,34500.0,47837.438,47837.438
mock2_fuel_duty_hold,Fuel duty held until September 2027,2026,35250.0,48080.438,48080.438
mock2_fuel_duty_hold,Fuel duty held until September 2027,2026,36000.0,48323.438,48323.438
mock2_fuel_duty_hold,Fuel duty held until September 2027,2026,36750.0,48566.438,48566.438
mock2_fuel_duty_hold,Fuel duty held until September 2027,2026,37500.0,48809.438,48809.438
mock2_fuel_duty_hold,Fuel duty held until September 2027,2026,38250.0,49052.438,49052.438
mock2_fuel_duty_hold,Fuel duty held until September 2027,2026,39000.0,49295.438,49295.438
mock2_fuel_duty_hold,Fuel duty held until September 2027,2026,39750.0,49538.438,49538.438
mock2_fuel_duty_hold,Fuel duty held until September 2027,2026,40500.0,49781.438,49781.438
mock2_fuel_duty_hold,Fuel duty held until September 2027,2026,41250.0,50024.438,50024.438
mock2_fuel_duty_hold,Fuel duty held until September 2027,2026,42000.0,50267.438,50267.438
mock2_fuel_duty_hold,Fuel duty held until September 2027,2026,42750.0,50510.438,50510.438
mock2_fuel_duty_hold,Fuel duty held until September 2027,2026,43500.0,50753.438,50753.438
mock2_fuel_duty_hold,Fuel duty held until September 2027,2026,44250.0,50996.438,50996.438
mock2_fuel_duty_hold,Fuel duty held until September 2027,2026,45000.0,51239.438,51239.438
mock2_fuel_duty_hold,Fuel duty held until September 2027,2026,45750.0,51482.438,51482.438
mock2_fuel_duty_hold,Fuel duty held until September 2027,2026,46500.0,51725.438,51725.438
mock2_fuel_duty_hold,Fuel duty held until September 2027,2026,47250.0,51968.438,51968.438
mock2_fuel_duty_hold,Fuel duty held until September 2027,2026,48000.0,52211.438,52211.438
mock2_fuel_duty_hold,Fuel duty held until September 2027,2026,48750.0,52454.438,52454.438
mock2_fuel_duty_hold,Fuel duty held until September 2027,2026,49500.0,52697.438,52697.438
mock2_fuel_duty_hold,Fuel duty held until September 2027,2026,50250.0,52940.438,52940.438
mock2_fuel_duty_hold,Fuel duty held until September 2027,2026,51000.0,53203.156,53203.156
mock2_fuel_duty_hold,Fuel duty held until September 2027,2026,51750.0,53466.406,53466.406
mock2_fuel_duty_hold,Fuel duty held until September 2027,2026,52500.0,53729.656,53729.656
mock2_fuel_duty_hold,Fuel duty held until September 2027,2026,53250.0,53992.906,53992.906
mock2_fuel_duty_hold,Fuel duty held until September 2027,2026,54000.0,54212.355,54212.355
mock2_fuel_duty_hold,Fuel duty held until September 2027,2026,54750.0,54430.605,54430.605
mock2_fuel_duty_hold,Fuel duty held until September 2027,2026,55500.0,54648.855,54648.855
mock2_fuel_duty_hold,Fuel duty held until September 2027,2026,56250.0,54867.105,54867.105
mock2_fuel_duty_hold,Fuel duty held until September 2027,2026,57000.0,55085.355,55085.355
mock2_fuel_duty_hold,Fuel duty held until September 2027,2026,57750.0,55303.605,55303.605
mock2_fuel_duty_hold,Fuel duty held until September 2027,2026,58500.0,55521.855,55521.855
mock2_fuel_duty_hold,Fuel duty held until September 2027,2026,59250.0,55740.1,55740.1
mock2_fuel_duty_hold,Fuel duty held until September 2027,2026,60000.0,55958.35,55958.35
mock2_fuel_duty_hold,Fuel duty held until September 2027,2026,60750.0,55926.242,55926.242
mock2_fuel_duty_hold,Fuel duty held until September 2027,2026,61500.0,55999.438,55999.438
mock2_fuel_duty_hold,Fuel duty held until September 2027,2026,62250.0,56072.633,56072.633
mock2_fuel_duty_hold,Fuel duty held until September 2027,2026,63000.0,56145.82,56145.82
mock2_fuel_duty_hold,Fuel duty held until September 2027,2026,63750.0,56219.016,56219.016
mock2_fuel_duty_hold,Fuel duty held until September 2027,2026,64500.0,56292.21,56292.21
mock2_fuel_duty_hold,Fuel duty held until September 2027,2026,65250.0,56365.4,56365.4
mock2_fuel_duty_hold,Fuel duty held until September 2027,2026,66000.0,56438.594,56438.594
mock2_fuel_duty_hold,Fuel duty held until September 2027,2026,66750.0,56680.125,56680.125
mock2_fuel_duty_hold,Fuel duty held until September 2027,2026,67500.0,56992.562,56992.562
mock2_fuel_duty_hold,Fuel duty held until September 2027,2026,68250.0,57305.008,57305.008
mock2_fuel_duty_hold,Fuel duty held until September 2027,2026,69000.0,57617.453,57617.453
mock2_fuel_duty_hold,Fuel duty held until September 2027,2026,69750.0,57929.89,57929.89
mock2_fuel_duty_hold,Fuel duty held until September 2027,2026,70500.0,58242.336,58242.336
mock2_fuel_duty_hold,Fuel duty held until September 2027,2026,71250.0,58554.78,58554.78
mock2_fuel_duty_hold,Fuel duty held until September 2027,2026,72000.0,58867.22,58867.22
mock2_fuel_duty_hold,Fuel duty held until September 2027,2026,72750.0,59179.656,59179.656
mock2_fuel_duty_hold,Fuel duty held until September 2027,2026,73500.0,59492.1,59492.1
mock2_fuel_duty_hold,Fuel duty held until September 2027,2026,74250.0,59804.547,59804.547
mock2_fuel_duty_hold,Fuel duty held until September 2027,2026,75000.0,60116.984,60116.984
mock2_fuel_duty_hold,Fuel duty held until September 2027,2026,75750.0,60429.43,60429.43
mock2_fuel_duty_hold,Fuel duty held until September 2027,2026,76500.0,60741.875,60741.875
mock2_fuel_duty_hold,Fuel duty held until September 2027,2026,77250.0,61054.312,61054.312
mock2_fuel_duty_hold,Fuel duty held until September 2027,2026,78000.0,61366.758,61366.758
mock2_fuel_duty_hold,Fuel duty held until September 2027,2026,78750.0,61679.203,61679.203
mock2_fuel_duty_hold,Fuel duty held until September 2027,2026,79500.0,61991.64,61991.64
mock2_fuel_duty_hold,Fuel duty held until September 2027,2026,80250.0,62344.938,62344.938
mock2_fuel_duty_hold,Fuel duty held until September 2027,2026,81000.0,62779.938,62779.938
mock2_fuel_duty_hold,Fuel duty held until September 2027,2026,81750.0,63214.938,63214.938
mock2_fuel_duty_hold,Fuel duty held until September 2027,2026,82500.0,63649.938,63649.938
mock2_fuel_duty_hold,Fuel duty held until September 2027,2026,83250.0,64084.938,64084.938
mock2_fuel_duty_hold,Fuel duty held until September 2027,2026,84000.0,64519.938,64519.938
mock2_fuel_duty_hold,Fuel duty held until September 2027,2026,84750.0,64954.938,64954.938
mock2_fuel_duty_hold,Fuel duty held until September 2027,2026,85500.0,65389.938,65389.938
mock2_fuel_duty_hold,Fuel duty held until September 2027,2026,86250.0,65824.94,65824.94
mock2_fuel_duty_hold,Fuel duty held until September 2027,2026,87000.0,66259.94,66259.94
mock2_fuel_duty_hold,Fuel duty held until September 2027,2026,87750.0,66694.94,66694.94
mock2_fuel_duty_hold,Fuel duty held until September 2027,2026,88500.0,67129.94,67129.94
mock2_fuel_duty_hold,Fuel duty held until September 2027,2026,89250.0,67564.94,67564.94
mock2_fuel_duty_hold,Fuel duty held until September 2027,2026,90000.0,67999.94,67999.94
mock2_fuel_duty_hold,Fuel duty held until September 2027,2026,90750.0,68434.94,68434.94
mock2_fuel_duty_hold,Fuel duty held until September 2027,2026,91500.0,68869.94,68869.94
mock2_fuel_duty_hold,Fuel duty held until September 2027,2026,92250.0,69304.94,69304.94
mock2_fuel_duty_hold,Fuel duty held until September 2027,2026,93000.0,69739.94,69739.94
mock2_fuel_duty_hold,Fuel duty held until September 2027,2026,93750.0,70174.94,70174.94
mock2_fuel_duty_hold,Fuel duty held until September 2027,2026,94500.0,70609.94,70609.94
mock2_fuel_duty_hold,Fuel duty held until September 2027,2026,95250.0,71044.94,71044.94
mock2_fuel_duty_hold,Fuel duty held until September 2027,2026,96000.0,71479.94,71479.94
mock2_fuel_duty_hold,Fuel duty held until September 2027,2026,96750.0,71914.94,71914.94
mock2_fuel_duty_hold,Fuel duty held until September 2027,2026,97500.0,72349.94,72349.94
mock2_fuel_duty_hold,Fuel duty held until September 2027,2026,98250.0,72784.94,72784.94
mock2_fuel_duty_hold,Fuel duty held until September 2027,2026,99000.0,73219.94,73219.94
mock2_fuel_duty_hold,Fuel duty held until September 2027,2026,99750.0,73654.94,73654.94
mock2_fuel_duty_hold,Fuel duty held until September 2027,2026,100500.0,73989.94,73989.94
mock2_fuel_duty_hold,Fuel duty held until September 2027,2026,101250.0,74274.94,74274.94
mock2_fuel_duty_hold,Fuel duty held until September 2027,2026,102000.0,74559.94,74559.94
mock2_fuel_duty_hold,Fuel duty held until September 2027,2026,102750.0,74844.94,74844.94
mock2_fuel_duty_hold,Fuel duty held until September 2027,2026,103500.0,75129.94,75129.94
mock2_fuel_duty_hold,Fuel duty held until September 2027,2026,104250.0,75414.94,75414.94
mock2_fuel_duty_hold,Fuel duty held until September 2027,2026,105000.0,75699.94,75699.94
mock2_fuel_duty_hold,Fuel duty held until September 2027,2026,105750.0,75984.94,75984.94
mock2_fuel_duty_hold,Fuel duty held until September 2027,2026,106500.0,76269.94,76269.94
mock2_fuel_duty_hold,Fuel duty held until September 2027,2026,107250.0,76554.94,76554.94
mock2_fuel_duty_hold,Fuel duty held until September 2027,2026,108000.0,76839.94,76839.94
mock2_fuel_duty_hold,Fuel duty held until September 2027,2026,108750.0,77124.94,77124.94
mock2_fuel_duty_hold,Fuel duty held until September 2027,2026,109500.0,77409.94,77409.94
mock2_fuel_duty_hold,Fuel duty held until September 2027,2026,110250.0,77694.94,77694.94
mock2_fuel_duty_hold,Fuel duty held until September 2027,2026,111000.0,77979.94,77979.94
mock2_fuel_duty_hold,Fuel duty held until September 2027,2026,111750.0,78264.94,78264.94
mock2_fuel_duty_hold,Fuel duty held until September 2027,2026,112500.0,78549.94,78549.94
mock2_fuel_duty_hold,Fuel duty held until September 2027,2026,113250.0,78834.94,78834.94
mock2_fuel_duty_hold,Fuel duty held until September 2027,2026,114000.0,79119.94,79119.94
mock2_fuel_duty_hold,Fuel duty held until September 2027,2026,114750.0,79404.94,79404.94
mock2_fuel_duty_hold,Fuel duty held until September 2027,2026,115500.0,79689.94,79689.94
mock2_fuel_duty_hold,Fuel duty held until September 2027,2026,116250.0,79974.94,79974.94
mock2_fuel_duty_hold,Fuel duty held until September 2027,2026,117000.0,80259.94,80259.94
mock2_fuel_duty_hold,Fuel duty held until September 2027,2026,117750.0,80544.94,80544.94
mock2_fuel_duty_hold,Fuel duty held until September 2027,2026,118500.0,80829.94,80829.94
mock2_fuel_duty_hold,Fuel duty held until September 2027,2026,119250.0,81114.94,81114.94
mock2_fuel_duty_hold,Fuel duty held until September 2027,2026,120000.0,81399.94,81399.94
mock2_fuel_duty_hold,Fuel duty held until September 2027,2026,120750.0,81684.94,81684.94
mock2_fuel_duty_hold,Fuel duty held until September 2027,2026,121500.0,81969.94,81969.94
mock2_fuel_duty_hold,Fuel duty held until September 2027,2026,122250.0,82254.94,82254.94
mock2_fuel_duty_hold,Fuel duty held until September 2027,2026,123000.0,82539.94,82539.94
mock2_fuel_duty_hold,Fuel duty held until September 2027,2026,123750.0,82824.94,82824.94
mock2_fuel_duty_hold,Fuel duty held until September 2027,2026,124500.0,83109.94,83109.94
mock2_fuel_duty_hold,Fuel duty held until September 2027,2026,125250.0,83416.94,83416.94
mock2_fuel_duty_hold,Fuel duty held until September 2027,2026,126000.0,83851.94,83851.94
mock2_fuel_duty_hold,Fuel duty held until September 2027,2026,126750.0,84286.94,84286.94
mock2_fuel_duty_hold,Fuel duty held until September 2027,2026,127500.0,84721.94,84721.94
mock2_fuel_duty_hold,Fuel duty held until September 2027,2026,128250.0,85156.94,85156.94
mock2_fuel_duty_hold,Fuel duty held until September 2027,2026,129000.0,85591.94,85591.94
mock2_fuel_duty_hold,Fuel duty held until September 2027,2026,129750.0,86026.94,86026.94
mock2_fuel_duty_hold,Fuel duty held until September 2027,2026,130500.0,86461.94,86461.94
mock2_fuel_duty_hold,Fuel duty held until September 2027,2026,131250.0,86896.94,86896.94
mock2_fuel_duty_hold,Fuel duty held until September 2027,2026,132000.0,87331.94,87331.94
mock2_fuel_duty_hold,Fuel duty held until September 2027,2026,132750.0,87766.94,87766.94
mock2_fuel_duty_hold,Fuel duty held until September 2027,2026,133500.0,88201.94,88201.94
mock2_fuel_duty_hold,Fuel duty held until September 2027,2026,134250.0,88636.94,88636.94
mock2_fuel_duty_hold,Fuel duty held until September 2027,2026,135000.0,89071.94,89071.94
mock2_fuel_duty_hold,Fuel duty held until September 2027,2026,135750.0,89476.44,89476.44
mock2_fuel_duty_hold,Fuel duty held until September 2027,2026,136500.0,89873.94,89873.94
mock2_fuel_duty_hold,Fuel duty held until September 2027,2026,137250.0,90271.44,90271.44
mock2_fuel_duty_hold,Fuel duty held until September 2027,2026,138000.0,90668.94,90668.94
mock2_fuel_duty_hold,Fuel duty held until September 2027,2026,138750.0,91066.44,91066.44
mock2_fuel_duty_hold,Fuel duty held until September 2027,2026,139500.0,91463.94,91463.94
mock2_fuel_duty_hold,Fuel duty held until September 2027,2026,140250.0,91861.44,91861.44
mock2_fuel_duty_hold,Fuel duty held until September 2027,2026,141000.0,92258.94,92258.94
mock2_fuel_duty_hold,Fuel duty held until September 2027,2026,141750.0,92656.44,92656.44
mock2_fuel_duty_hold,Fuel duty held until September 2027,2026,142500.0,93053.94,93053.94
mock2_fuel_duty_hold,Fuel duty held until September 2027,2026,143250.0,93451.44,93451.44
mock2_fuel_duty_hold,Fuel duty held until September 2027,2026,144000.0,93848.94,93848.94
mock2_fuel_duty_hold,Fuel duty held until September 2027,2026,144750.0,94246.44,94246.44
mock2_fuel_duty_hold,Fuel duty held until September 2027,2026,145500.0,94643.94,94643.94
mock2_fuel_duty_hold,Fuel duty held until September 2027,2026,146250.0,95041.44,95041.44
mock2_fuel_duty_hold,Fuel duty held until September 2027,2026,147000.0,95438.94,95438.94
mock2_fuel_duty_hold,Fuel duty held until September 2027,2026,147750.0,95836.44,95836.44
mock2_fuel_duty_hold,Fuel duty held until September 2027,2026,148500.0,96233.94,96233.94
mock2_fuel_duty_hold,Fuel duty held until September 2027,2026,149250.0,96631.44,96631.44
mock2_fuel_duty_hold,Fuel duty held until September 2027,2026,150000.0,97028.94,97028.94
mock2_fuel_duty_hold,Fuel duty held until September 2027,2027,0.0,24425.934,24477.375
mock2_fuel_duty_hold,Fuel duty held until September 2027,2027,750.0,25175.934,25227.375
mock2_fuel_duty_hold,Fuel duty held until September 2027,2027,1500.0,25925.934,25977.375
mock2_fuel_duty_hold,Fuel duty held until September 2027,2027,2250.0,26675.934,26727.375
mock2_fuel_duty_hold,Fuel duty held until September 2027,2027,3000.0,27425.934,27477.375
mock2_fuel_duty_hold,Fuel duty held until September 2027,2027,3750.0,28175.934,28227.375
mock2_fuel_duty_hold,Fuel duty held until September 2027,2027,4500.0,28925.934,28977.375
mock2_fuel_duty_hold,Fuel duty held until September 2027,2027,5250.0,29675.934,29727.375
mock2_fuel_duty_hold,Fuel duty held until September 2027,2027,6000.0,30425.934,30477.375
mock2_fuel_duty_hold,Fuel duty held until September 2027,2027,6750.0,31175.934,31227.375
mock2_fuel_duty_hold,Fuel duty held until September 2027,2027,7500.0,31925.934,31977.375
mock2_fuel_duty_hold,Fuel duty held until September 2027,2027,8250.0,32675.934,32727.375
mock2_fuel_duty_hold,Fuel duty held until September 2027,2027,9000.0,33425.934,33477.375
mock2_fuel_duty_hold,Fuel duty held until September 2027,2027,9750.0,34175.934,34227.375
mock2_fuel_duty_hold,Fuel duty held until September 2027,2027,10500.0,34925.934,34977.375
mock2_fuel_duty_hold,Fuel duty held until September 2027,2027,11250.0,35675.934,35727.375
mock2_fuel_duty_hold,Fuel duty held until September 2027,2027,12000.0,36425.934,36477.375
mock2_fuel_duty_hold,Fuel duty held until September 2027,2027,12750.0,37161.53,37212.973
mock2_fuel_duty_hold,Fuel duty held until September 2027,2027,13500.0,37851.53,37902.973
mock2_fuel_duty_hold,Fuel duty held until September 2027,2027,14250.0,38541.53,38592.973
mock2_fuel_duty_hold,Fuel duty held until September 2027,2027,15000.0,39231.53,39282.973
mock2_fuel_duty_hold,Fuel duty held until September 2027,2027,15750.0,39921.53,39972.973
mock2_fuel_duty_hold,Fuel duty held until September 2027,2027,16500.0,40611.53,40662.973
mock2_fuel_duty_hold,Fuel duty held until September 2027,2027,17250.0,41301.53,41352.973
mock2_fuel_duty_hold,Fuel duty held until September 2027,2027,18000.0,41991.53,42042.973
mock2_fuel_duty_hold,Fuel duty held until September 2027,2027,18750.0,42681.53,42732.973
mock2_fuel_duty_hold,Fuel duty held until September 2027,2027,19500.0,43245.22,43296.66
mock2_fuel_duty_hold,Fuel duty held until September 2027,2027,20250.0,43555.72,43607.16
mock2_fuel_duty_hold,Fuel duty held until September 2027,2027,21000.0,43866.22,43917.66
mock2_fuel_duty_hold,Fuel duty held until September 2027,2027,21750.0,44176.72,44228.16
mock2_fuel_duty_hold,Fuel duty held until September 2027,2027,22500.0,44487.22,44538.66
mock2_fuel_duty_hold,Fuel duty held until September 2027,2027,23250.0,44797.72,44849.16
mock2_fuel_duty_hold,Fuel duty held until September 2027,2027,24000.0,45092.92,45144.363
mock2_fuel_duty_hold,Fuel duty held until September 2027,2027,24750.0,45335.92,45387.363
mock2_fuel_duty_hold,Fuel duty held until September 2027,2027,25500.0,45578.92,45630.363
mock2_fuel_duty_hold,Fuel duty held until September 2027,2027,26250.0,45821.92,45873.363
mock2_fuel_duty_hold,Fuel duty held until September 2027,2027,27000.0,46064.92,46116.363
mock2_fuel_duty_hold,Fuel duty held until September 2027,2027,27750.0,46307.92,46359.363
mock2_fuel_duty_hold,Fuel duty held until September 2027,2027,28500.0,46550.92,46602.363
mock2_fuel_duty_hold,Fuel duty held until September 2027,2027,29250.0,46793.92,46845.363
mock2_fuel_duty_hold,Fuel duty held until September 2027,2027,30000.0,47036.92,47088.363
mock2_fuel_duty_hold,Fuel duty held until September 2027,2027,30750.0,47279.92,47331.363
mock2_fuel_duty_hold,Fuel duty held until September 2027,2027,31500.0,47522.92,47574.363
mock2_fuel_duty_hold,Fuel duty held until September 2027,2027,32250.0,47765.92,47817.363
mock2_fuel_duty_hold,Fuel duty held until September 2027,2027,33000.0,48008.92,48060.363
mock2_fuel_duty_hold,Fuel duty held until September 2027,2027,33750.0,48251.92,48303.363
mock2_fuel_duty_hold,Fuel duty held until September 2027,2027,34500.0,48494.92,48546.363
mock2_fuel_duty_hold,Fuel duty held until September 2027,2027,35250.0,48737.92,48789.363
mock2_fuel_duty_hold,Fuel duty held until September 2027,2027,36000.0,48980.92,49032.363
mock2_fuel_duty_hold,Fuel duty held until September 2027,2027,36750.0,49223.92,49275.363
mock2_fuel_duty_hold,Fuel duty held until September 2027,2027,37500.0,49466.92,49518.363
mock2_fuel_duty_hold,Fuel duty held until September 2027,2027,38250.0,49709.92,49761.363
mock2_fuel_duty_hold,Fuel duty held until September 2027,2027,39000.0,49952.92,50004.363
mock2_fuel_duty_hold,Fuel duty held until September 2027,2027,39750.0,50195.92,50247.363
mock2_fuel_duty_hold,Fuel duty held until September 2027,2027,40500.0,50438.92,50490.363
mock2_fuel_duty_hold,Fuel duty held until September 2027,2027,41250.0,50681.92,50733.363
mock2_fuel_duty_hold,Fuel duty held until September 2027,2027,42000.0,50924.92,50976.363
mock2_fuel_duty_hold,Fuel duty held until September 2027,2027,42750.0,51167.92,51219.363
mock2_fuel_duty_hold,Fuel duty held until September 2027,2027,43500.0,51410.92,51462.363
mock2_fuel_duty_hold,Fuel duty held until September 2027,2027,44250.0,51653.92,51705.363
mock2_fuel_duty_hold,Fuel duty held until September 2027,2027,45000.0,51896.92,51948.363
mock2_fuel_duty_hold,Fuel duty held until September 2027,2027,45750.0,52139.92,52191.363
mock2_fuel_duty_hold,Fuel duty held until September 2027,2027,46500.0,52382.92,52434.363
mock2_fuel_duty_hold,Fuel duty held until September 2027,2027,47250.0,52625.92,52677.363
mock2_fuel_duty_hold,Fuel duty held until September 2027,2027,48000.0,52868.92,52920.363
mock2_fuel_duty_hold,Fuel duty held until September 2027,2027,48750.0,53111.92,53163.363
mock2_fuel_duty_hold,Fuel duty held until September 2027,2027,49500.0,53354.92,53406.363
mock2_fuel_duty_hold,Fuel duty held until September 2027,2027,50250.0,53597.92,53649.363
mock2_fuel_duty_hold,Fuel duty held until September 2027,2027,51000.0,53860.63,53912.07
mock2_fuel_duty_hold,Fuel duty held until September 2027,2027,51750.0,54123.88,54175.32
mock2_fuel_duty_hold,Fuel duty held until September 2027,2027,52500.0,54387.13,54438.57
mock2_fuel_duty_hold,Fuel duty held until September 2027,2027,53250.0,54650.38,54701.82
mock2_fuel_duty_hold,Fuel duty held until September 2027,2027,54000.0,54869.83,54921.273
mock2_fuel_duty_hold,Fuel duty held until September 2027,2027,54750.0,55088.08,55139.523
mock2_fuel_duty_hold,Fuel duty held until September 2027,2027,55500.0,55306.33,55357.773
mock2_fuel_duty_hold,Fuel duty held until September 2027,2027,56250.0,55524.58,55576.023
mock2_fuel_duty_hold,Fuel duty held until September 2027,2027,57000.0,55742.83,55794.273
mock2_fuel_duty_hold,Fuel duty held until September 2027,2027,57750.0,55961.08,56012.523
mock2_fuel_duty_hold,Fuel duty held until September 2027,2027,58500.0,56179.33,56230.773
mock2_fuel_duty_hold,Fuel duty held until September 2027,2027,59250.0,56397.58,56449.023
mock2_fuel_duty_hold,Fuel duty held until September 2027,2027,60000.0,56615.83,56667.273
mock2_fuel_duty_hold,Fuel duty held until September 2027,2027,60750.0,56580.9,56632.344
mock2_fuel_duty_hold,Fuel duty held until September 2027,2027,61500.0,56651.273,56702.72
mock2_fuel_duty_hold,Fuel duty held until September 2027,2027,62250.0,56721.65,56773.094
mock2_fuel_duty_hold,Fuel duty held until September 2027,2027,63000.0,56792.023,56843.47
mock2_fuel_duty_hold,Fuel duty held until September 2027,2027,63750.0,56862.4,56913.844
mock2_fuel_duty_hold,Fuel duty held until September 2027,2027,64500.0,56932.773,56984.21
mock2_fuel_duty_hold,Fuel duty held until September 2027,2027,65250.0,57003.14,57054.586
mock2_fuel_duty_hold,Fuel duty held until September 2027,2027,66000.0,57073.516,57124.96
mock2_fuel_duty_hold,Fuel duty held until September 2027,2027,66750.0,57143.89,57195.336
mock2_fuel_duty_hold,Fuel duty held until September 2027,2027,67500.0,57214.266,57265.71
mock2_fuel_duty_hold,Fuel duty held until September 2027,2027,68250.0,57388.016,57439.453
mock2_fuel_duty_hold,Fuel duty held until September 2027,2027,69000.0,57697.64,57749.08
mock2_fuel_duty_hold,Fuel duty held until September 2027,2027,69750.0,58007.266,58058.703
mock2_fuel_duty_hold,Fuel duty held until September 2027,2027,70500.0,58316.89,58368.33
mock2_fuel_duty_hold,Fuel duty held until September 2027,2027,71250.0,58626.516,58677.953
mock2_fuel_duty_hold,Fuel duty held until September 2027,2027,72000.0,58936.14,58987.58
mock2_fuel_duty_hold,Fuel duty held until September 2027,2027,72750.0,59245.758,59297.203
mock2_fuel_duty_hold,Fuel duty held until September 2027,2027,73500.0,59555.383,59606.83
mock2_fuel_duty_hold,Fuel duty held until September 2027,2027,74250.0,59865.008,59916.453
mock2_fuel_duty_hold,Fuel duty held until September 2027,2027,75000.0,60174.633,60226.07
mock2_fuel_duty_hold,Fuel duty held until September 2027,2027,75750.0,60484.258,60535.695
mock2_fuel_duty_hold,Fuel duty held until September 2027,2027,76500.0,60793.875,60845.32
mock2_fuel_duty_hold,Fuel duty held until September 2027,2027,77250.0,61103.5,61154.945
mock2_fuel_duty_hold,Fuel duty held until September 2027,2027,78000.0,61413.125,61464.57
mock2_fuel_duty_hold,Fuel duty held until September 2027,2027,78750.0,61722.75,61774.188
mock2_fuel_duty_hold,Fuel duty held until September 2027,2027,79500.0,62032.375,62083.812
mock2_fuel_duty_hold,Fuel duty held until September 2027,2027,80250.0,62383.79,62435.234
mock2_fuel_duty_hold,Fuel duty held until September 2027,2027,81000.0,62818.79,62870.234
mock2_fuel_duty_hold,Fuel duty held until September 2027,2027,81750.0,63253.79,63305.234
mock2_fuel_duty_hold,Fuel duty held until September 2027,2027,82500.0,63688.79,63740.234
mock2_fuel_duty_hold,Fuel duty held until September 2027,2027,83250.0,64123.79,64175.234
mock2_fuel_duty_hold,Fuel duty held until September 2027,2027,84000.0,64558.79,64610.234
mock2_fuel_duty_hold,Fuel duty held until September 2027,2027,84750.0,64993.79,65045.234
mock2_fuel_duty_hold,Fuel duty held until September 2027,2027,85500.0,65428.79,65480.234
mock2_fuel_duty_hold,Fuel duty held until September 2027,2027,86250.0,65863.79,65915.234
mock2_fuel_duty_hold,Fuel duty held until September 2027,2027,87000.0,66298.79,66350.234
mock2_fuel_duty_hold,Fuel duty held until September 2027,2027,87750.0,66733.79,66785.234
mock2_fuel_duty_hold,Fuel duty held until September 2027,2027,88500.0,67168.79,67220.234
mock2_fuel_duty_hold,Fuel duty held until September 2027,2027,89250.0,67603.79,67655.234
mock2_fuel_duty_hold,Fuel duty held until September 2027,2027,90000.0,68038.79,68090.234
mock2_fuel_duty_hold,Fuel duty held until September 2027,2027,90750.0,68473.79,68525.234
mock2_fuel_duty_hold,Fuel duty held until September 2027,2027,91500.0,68908.79,68960.234
mock2_fuel_duty_hold,Fuel duty held until September 2027,2027,92250.0,69343.79,69395.234
mock2_fuel_duty_hold,Fuel duty held until September 2027,2027,93000.0,69778.79,69830.234
mock2_fuel_duty_hold,Fuel duty held until September 2027,2027,93750.0,70213.79,70265.234
mock2_fuel_duty_hold,Fuel duty held until September 2027,2027,94500.0,70648.79,70700.234
mock2_fuel_duty_hold,Fuel duty held until September 2027,2027,95250.0,71083.79,71135.234
mock2_fuel_duty_hold,Fuel duty held until September 2027,2027,96000.0,71518.79,71570.234
mock2_fuel_duty_hold,Fuel duty held until September 2027,2027,96750.0,71953.79,72005.234
mock2_fuel_duty_hold,Fuel duty held until September 2027,2027,97500.0,72388.79,72440.234
mock2_fuel_duty_hold,Fuel duty held until September 2027,2027,98250.0,72823.79,72875.234
mock2_fuel_duty_hold,Fuel duty held until September 2027,2027,99000.0,73258.79,73310.234
mock2_fuel_duty_hold,Fuel duty held until September 2027,2027,99750.0,73693.8,73745.234
mock2_fuel_duty_hold,Fuel duty held until September 2027,2027,100500.0,74028.8,74080.234
mock2_fuel_duty_hold,Fuel duty held until September 2027,2027,101250.0,74313.8,74365.234
mock2_fuel_duty_hold,Fuel duty held until September 2027,2027,102000.0,74598.8,74650.234
mock2_fuel_duty_hold,Fuel duty held until September 2027,2027,102750.0,74883.8,74935.234
mock2_fuel_duty_hold,Fuel duty held until September 2027,2027,103500.0,75168.8,75220.234
mock2_fuel_duty_hold,Fuel duty held until September 2027,2027,104250.0,75453.8,75505.234
mock2_fuel_duty_hold,Fuel duty held until September 2027,2027,105000.0,75738.8,75790.234
mock2_fuel_duty_hold,Fuel duty held until September 2027,2027,105750.0,76023.8,76075.234
mock2_fuel_duty_hold,Fuel duty held until September 2027,2027,106500.0,76308.8,76360.234
mock2_fuel_duty_hold,Fuel duty held until September 2027,2027,107250.0,76593.8,76645.234
mock2_fuel_duty_hold,Fuel duty held until September 2027,2027,108000.0,76878.8,76930.234
mock2_fuel_duty_hold,Fuel duty held until September 2027,2027,108750.0,77163.8,77215.234
mock2_fuel_duty_hold,Fuel duty held until September 2027,2027,109500.0,77448.8,77500.234
mock2_fuel_duty_hold,Fuel duty held until September 2027,2027,110250.0,77733.8,77785.234
mock2_fuel_duty_hold,Fuel duty held until September 2027,2027,111000.0,78018.8,78070.234
mock2_fuel_duty_hold,Fuel duty held until September 2027,2027,111750.0,78303.8,78355.234
mock2_fuel_duty_hold,Fuel duty held until September 2027,2027,112500.0,78588.8,78640.234
mock2_fuel_duty_hold,Fuel duty held until September 2027,2027,113250.0,78873.8,78925.234
mock2_fuel_duty_hold,Fuel duty held until September 2027,2027,114000.0,79158.8,79210.234
mock2_fuel_duty_hold,Fuel duty held until September 2027,2027,114750.0,79443.8,79495.234
mock2_fuel_duty_hold,Fuel duty held until September 2027,2027,115500.0,79728.8,79780.234
mock2_fuel_duty_hold,Fuel duty held until September 2027,2027,116250.0,80013.8,80065.234
mock2_fuel_duty_hold,Fuel duty held until September 2027,2027,117000.0,80298.8,80350.234
mock2_fuel_duty_hold,Fuel duty held until September 2027,2027,117750.0,80583.8,80635.234
mock2_fuel_duty_hold,Fuel duty held until September 2027,2027,118500.0,80868.8,80920.234
mock2_fuel_duty_hold,Fuel duty held until September 2027,2027,119250.0,81153.8,81205.234
mock2_fuel_duty_hold,Fuel duty held until September 2027,2027,120000.0,81438.8,81490.234
mock2_fuel_duty_hold,Fuel duty held until September 2027,2027,120750.0,81723.8,81775.234
mock2_fuel_duty_hold,Fuel duty held until September 2027,2027,121500.0,82008.8,82060.234
mock2_fuel_duty_hold,Fuel duty held until September 2027,2027,122250.0,82293.8,82345.234
mock2_fuel_duty_hold,Fuel duty held until September 2027,2027,123000.0,82578.8,82630.234
mock2_fuel_duty_hold,Fuel duty held until September 2027,2027,123750.0,82863.8,82915.234
mock2_fuel_duty_hold,Fuel duty held until September 2027,2027,124500.0,83148.8,83200.234
mock2_fuel_duty_hold,Fuel duty held until September 2027,2027,125250.0,83455.8,83507.234
mock2_fuel_duty_hold,Fuel duty held until September 2027,2027,126000.0,83890.8,83942.234
mock2_fuel_duty_hold,Fuel duty held until September 2027,2027,126750.0,84325.8,84377.234
mock2_fuel_duty_hold,Fuel duty held until September 2027,2027,127500.0,84760.8,84812.234
mock2_fuel_duty_hold,Fuel duty held until September 2027,2027,128250.0,85195.8,85247.234
mock2_fuel_duty_hold,Fuel duty held until September 2027,2027,129000.0,85630.8,85682.234
mock2_fuel_duty_hold,Fuel duty held until September 2027,2027,129750.0,86065.8,86117.234
mock2_fuel_duty_hold,Fuel duty held until September 2027,2027,130500.0,86500.8,86552.234
mock2_fuel_duty_hold,Fuel duty held until September 2027,2027,131250.0,86935.8,86987.234
mock2_fuel_duty_hold,Fuel duty held until September 2027,2027,132000.0,87370.8,87422.234
mock2_fuel_duty_hold,Fuel duty held until September 2027,2027,132750.0,87805.8,87857.234
mock2_fuel_duty_hold,Fuel duty held until September 2027,2027,133500.0,88240.8,88292.234
mock2_fuel_duty_hold,Fuel duty held until September 2027,2027,134250.0,88675.8,88727.234
mock2_fuel_duty_hold,Fuel duty held until September 2027,2027,135000.0,89110.8,89162.234
mock2_fuel_duty_hold,Fuel duty held until September 2027,2027,135750.0,89515.3,89566.734
mock2_fuel_duty_hold,Fuel duty held until September 2027,2027,136500.0,89912.8,89964.234
mock2_fuel_duty_hold,Fuel duty held until September 2027,2027,137250.0,90310.3,90361.734
mock2_fuel_duty_hold,Fuel duty held until September 2027,2027,138000.0,90707.8,90759.234
mock2_fuel_duty_hold,Fuel duty held until September 2027,2027,138750.0,91105.3,91156.734
mock2_fuel_duty_hold,Fuel duty held until September 2027,2027,139500.0,91502.8,91554.234
mock2_fuel_duty_hold,Fuel duty held until September 2027,2027,140250.0,91900.3,91951.734
mock2_fuel_duty_hold,Fuel duty held until September 2027,2027,141000.0,92297.8,92349.234
mock2_fuel_duty_hold,Fuel duty held until September 2027,2027,141750.0,92695.3,92746.734
mock2_fuel_duty_hold,Fuel duty held until September 2027,2027,142500.0,93092.8,93144.234
mock2_fuel_duty_hold,Fuel duty held until September 2027,2027,143250.0,93490.3,93541.734
mock2_fuel_duty_hold,Fuel duty held until September 2027,2027,144000.0,93887.8,93939.234
mock2_fuel_duty_hold,Fuel duty held until September 2027,2027,144750.0,94285.3,94336.734
mock2_fuel_duty_hold,Fuel duty held until September 2027,2027,145500.0,94682.8,94734.234
mock2_fuel_duty_hold,Fuel duty held until September 2027,2027,146250.0,95080.3,95131.734
mock2_fuel_duty_hold,Fuel duty held until September 2027,2027,147000.0,95477.8,95529.234
mock2_fuel_duty_hold,Fuel duty held until September 2027,2027,147750.0,95875.3,95926.734
mock2_fuel_duty_hold,Fuel duty held until September 2027,2027,148500.0,96272.8,96324.234
mock2_fuel_duty_hold,Fuel duty held until September 2027,2027,149250.0,96670.3,96721.734
mock2_fuel_duty_hold,Fuel duty held until September 2027,2027,150000.0,97067.8,97119.234
mock2_fuel_duty_hold,Fuel duty held until September 2027,2028,0.0,24934.555,24975.23
mock2_fuel_duty_hold,Fuel duty held until September 2027,2028,750.0,25684.555,25725.23
mock2_fuel_duty_hold,Fuel duty held until September 2027,2028,1500.0,26434.555,26475.23
mock2_fuel_duty_hold,Fuel duty held until September 2027,2028,2250.0,27184.555,27225.23
mock2_fuel_duty_hold,Fuel duty held until September 2027,2028,3000.0,27934.555,27975.23
mock2_fuel_duty_hold,Fuel duty held until September 2027,2028,3750.0,28684.555,28725.23
mock2_fuel_duty_hold,Fuel duty held until September 2027,2028,4500.0,29434.555,29475.23
mock2_fuel_duty_hold,Fuel duty held until September 2027,2028,5250.0,30184.555,30225.23
mock2_fuel_duty_hold,Fuel duty held until September 2027,2028,6000.0,30934.555,30975.23
mock2_fuel_duty_hold,Fuel duty held until September 2027,2028,6750.0,31684.555,31725.23
mock2_fuel_duty_hold,Fuel duty held until September 2027,2028,7500.0,32434.555,32475.23
mock2_fuel_duty_hold,Fuel duty held until September 2027,2028,8250.0,33184.555,33225.23
mock2_fuel_duty_hold,Fuel duty held until September 2027,2028,9000.0,33934.555,33975.23
mock2_fuel_duty_hold,Fuel duty held until September 2027,2028,9750.0,34684.555,34725.23
mock2_fuel_duty_hold,Fuel duty held until September 2027,2028,10500.0,35434.555,35475.23
mock2_fuel_duty_hold,Fuel duty held until September 2027,2028,11250.0,36184.555,36225.23
mock2_fuel_duty_hold,Fuel duty held until September 2027,2028,12000.0,36934.555,36975.23
mock2_fuel_duty_hold,Fuel duty held until September 2027,2028,12750.0,37670.152,37710.83
mock2_fuel_duty_hold,Fuel duty held until September 2027,2028,13500.0,38360.152,38400.83
mock2_fuel_duty_hold,Fuel duty held until September 2027,2028,14250.0,39050.152,39090.83
mock2_fuel_duty_hold,Fuel duty held until September 2027,2028,15000.0,39740.152,39780.83
mock2_fuel_duty_hold,Fuel duty held until September 2027,2028,15750.0,40430.152,40470.83
mock2_fuel_duty_hold,Fuel duty held until September 2027,2028,16500.0,41120.152,41160.83
mock2_fuel_duty_hold,Fuel duty held until September 2027,2028,17250.0,41810.152,41850.83
mock2_fuel_duty_hold,Fuel duty held until September 2027,2028,18000.0,42500.152,42540.83
mock2_fuel_duty_hold,Fuel duty held until September 2027,2028,18750.0,43190.152,43230.83
mock2_fuel_duty_hold,Fuel duty held until September 2027,2028,19500.0,43849.707,43890.383
mock2_fuel_duty_hold,Fuel duty held until September 2027,2028,20250.0,44160.207,44200.883
mock2_fuel_duty_hold,Fuel duty held until September 2027,2028,21000.0,44470.707,44511.383
mock2_fuel_duty_hold,Fuel duty held until September 2027,2028,21750.0,44781.207,44821.883
mock2_fuel_duty_hold,Fuel duty held until September 2027,2028,22500.0,45091.707,45132.383
mock2_fuel_duty_hold,Fuel duty held until September 2027,2028,23250.0,45402.207,45442.883
mock2_fuel_duty_hold,Fuel duty held until September 2027,2028,24000.0,45697.41,45738.086
mock2_fuel_duty_hold,Fuel duty held until September 2027,2028,24750.0,45940.41,45981.086
mock2_fuel_duty_hold,Fuel duty held until September 2027,2028,25500.0,46183.41,46224.086
mock2_fuel_duty_hold,Fuel duty held until September 2027,2028,26250.0,46426.41,46467.086
mock2_fuel_duty_hold,Fuel duty held until September 2027,2028,27000.0,46669.406,46710.082
mock2_fuel_duty_hold,Fuel duty held until September 2027,2028,27750.0,46912.406,46953.082
mock2_fuel_duty_hold,Fuel duty held until September 2027,2028,28500.0,47155.406,47196.082
mock2_fuel_duty_hold,Fuel duty held until September 2027,2028,29250.0,47398.406,47439.082
mock2_fuel_duty_hold,Fuel duty held until September 2027,2028,30000.0,47641.406,47682.082
mock2_fuel_duty_hold,Fuel duty held until September 2027,2028,30750.0,47884.406,47925.082
mock2_fuel_duty_hold,Fuel duty held until September 2027,2028,31500.0,48127.406,48168.082
mock2_fuel_duty_hold,Fuel duty held until September 2027,2028,32250.0,48370.406,48411.082
mock2_fuel_duty_hold,Fuel duty held until September 2027,2028,33000.0,48613.406,48654.082
mock2_fuel_duty_hold,Fuel duty held until September 2027,2028,33750.0,48856.406,48897.082
mock2_fuel_duty_hold,Fuel duty held until September 2027,2028,34500.0,49099.406,49140.082
mock2_fuel_duty_hold,Fuel duty held until September 2027,2028,35250.0,49342.406,49383.082
mock2_fuel_duty_hold,Fuel duty held until September 2027,2028,36000.0,49585.406,49626.082
mock2_fuel_duty_hold,Fuel duty held until September 2027,2028,36750.0,49828.406,49869.082
mock2_fuel_duty_hold,Fuel duty held until September 2027,2028,37500.0,50071.406,50112.082
mock2_fuel_duty_hold,Fuel duty held until September 2027,2028,38250.0,50314.406,50355.082
mock2_fuel_duty_hold,Fuel duty held until September 2027,2028,39000.0,50557.406,50598.082
mock2_fuel_duty_hold,Fuel duty held until September 2027,2028,39750.0,50800.406,50841.082
mock2_fuel_duty_hold,Fuel duty held until September 2027,2028,40500.0,51043.406,51084.082
mock2_fuel_duty_hold,Fuel duty held until September 2027,2028,41250.0,51286.406,51327.082
mock2_fuel_duty_hold,Fuel duty held until September 2027,2028,42000.0,51529.406,51570.082
mock2_fuel_duty_hold,Fuel duty held until September 2027,2028,42750.0,51772.406,51813.082
mock2_fuel_duty_hold,Fuel duty held until September 2027,2028,43500.0,52015.406,52056.082
mock2_fuel_duty_hold,Fuel duty held until September 2027,2028,44250.0,52258.406,52299.082
mock2_fuel_duty_hold,Fuel duty held until September 2027,2028,45000.0,52501.406,52542.082
mock2_fuel_duty_hold,Fuel duty held until September 2027,2028,45750.0,52744.406,52785.082
mock2_fuel_duty_hold,Fuel duty held until September 2027,2028,46500.0,52987.406,53028.082
mock2_fuel_duty_hold,Fuel duty held until September 2027,2028,47250.0,53230.406,53271.082
mock2_fuel_duty_hold,Fuel duty held until September 2027,2028,48000.0,53473.406,53514.082
mock2_fuel_duty_hold,Fuel duty held until September 2027,2028,48750.0,53716.406,53757.082
mock2_fuel_duty_hold,Fuel duty held until September 2027,2028,49500.0,53959.406,54000.082
mock2_fuel_duty_hold,Fuel duty held until September 2027,2028,50250.0,54202.406,54243.082
mock2_fuel_duty_hold,Fuel duty held until September 2027,2028,51000.0,54465.12,54505.797
mock2_fuel_duty_hold,Fuel duty held until September 2027,2028,51750.0,54728.37,54769.047
mock2_fuel_duty_hold,Fuel duty held until September 2027,2028,52500.0,54991.62,55032.297
mock2_fuel_duty_hold,Fuel duty held until September 2027,2028,53250.0,55254.87,55295.547
mock2_fuel_duty_hold,Fuel duty held until September 2027,2028,54000.0,55474.32,55514.996
mock2_fuel_duty_hold,Fuel duty held until September 2027,2028,54750.0,55692.57,55733.25
mock2_fuel_duty_hold,Fuel duty held until September 2027,2028,55500.0,55910.82,55951.5
mock2_fuel_duty_hold,Fuel duty held until September 2027,2028,56250.0,56129.07,56169.75
mock2_fuel_duty_hold,Fuel duty held until September 2027,2028,57000.0,56347.32,56388.0
mock2_fuel_duty_hold,Fuel duty held until September 2027,2028,57750.0,56565.57,56606.25
mock2_fuel_duty_hold,Fuel duty held until September 2027,2028,58500.0,56783.82,56824.5
mock2_fuel_duty_hold,Fuel duty held until September 2027,2028,59250.0,57002.07,57042.75
mock2_fuel_duty_hold,Fuel duty held until September 2027,2028,60000.0,57220.32,57261.0
mock2_fuel_duty_hold,Fuel duty held until September 2027,2028,60750.0,57182.89,57223.562
mock2_fuel_duty_hold,Fuel duty held until September 2027,2028,61500.0,57250.75,57291.43
mock2_fuel_duty_hold,Fuel duty held until September 2027,2028,62250.0,57318.617,57359.297
mock2_fuel_duty_hold,Fuel duty held until September 2027,2028,63000.0,57386.484,57427.164
mock2_fuel_duty_hold,Fuel duty held until September 2027,2028,63750.0,57454.35,57495.03
mock2_fuel_duty_hold,Fuel duty held until September 2027,2028,64500.0,57522.22,57562.9
mock2_fuel_duty_hold,Fuel duty held until September 2027,2028,65250.0,57590.086,57630.766
mock2_fuel_duty_hold,Fuel duty held until September 2027,2028,66000.0,57657.953,57698.625
mock2_fuel_duty_hold,Fuel duty held until September 2027,2028,66750.0,57725.82,57766.5
mock2_fuel_duty_hold,Fuel duty held until September 2027,2028,67500.0,57793.688,57834.36
mock2_fuel_duty_hold,Fuel duty held until September 2027,2028,68250.0,57861.555,57902.227
mock2_fuel_duty_hold,Fuel duty held until September 2027,2028,69000.0,57929.42,57970.094
mock2_fuel_duty_hold,Fuel duty held until September 2027,2028,69750.0,58095.695,58136.367
mock2_fuel_duty_hold,Fuel duty held until September 2027,2028,70500.0,58402.812,58443.484
mock2_fuel_duty_hold,Fuel duty held until September 2027,2028,71250.0,58709.92,58750.6
mock2_fuel_duty_hold,Fuel duty held until September 2027,2028,72000.0,59017.047,59057.72
mock2_fuel_duty_hold,Fuel duty held until September 2027,2028,72750.0,59324.156,59364.836
mock2_fuel_duty_hold,Fuel duty held until September 2027,2028,73500.0,59631.28,59671.953
mock2_fuel_duty_hold,Fuel duty held until September 2027,2028,74250.0,59938.39,59979.07
mock2_fuel_duty_hold,Fuel duty held until September 2027,2028,75000.0,60245.508,60286.188
mock2_fuel_duty_hold,Fuel duty held until September 2027,2028,75750.0,60552.625,60593.297
mock2_fuel_duty_hold,Fuel duty held until September 2027,2028,76500.0,60859.742,60900.42
mock2_fuel_duty_hold,Fuel duty held until September 2027,2028,77250.0,61166.86,61207.53
mock2_fuel_duty_hold,Fuel duty held until September 2027,2028,78000.0,61473.977,61514.65
mock2_fuel_duty_hold,Fuel duty held until September 2027,2028,78750.0,61781.094,61821.766
mock2_fuel_duty_hold,Fuel duty held until September 2027,2028,79500.0,62088.21,62128.883
mock2_fuel_duty_hold,Fuel duty held until September 2027,2028,80250.0,62437.953,62478.625
mock2_fuel_duty_hold,Fuel duty held until September 2027,2028,81000.0,62872.953,62913.625
mock2_fuel_duty_hold,Fuel duty held until September 2027,2028,81750.0,63307.953,63348.625
mock2_fuel_duty_hold,Fuel duty held until September 2027,2028,82500.0,63742.953,63783.625
mock2_fuel_duty_hold,Fuel duty held until September 2027,2028,83250.0,64177.953,64218.625
mock2_fuel_duty_hold,Fuel duty held until September 2027,2028,84000.0,64612.953,64653.625
mock2_fuel_duty_hold,Fuel duty held until September 2027,2028,84750.0,65047.953,65088.625
mock2_fuel_duty_hold,Fuel duty held until September 2027,2028,85500.0,65482.953,65523.625
mock2_fuel_duty_hold,Fuel duty held until September 2027,2028,86250.0,65917.95,65958.625
mock2_fuel_duty_hold,Fuel duty held until September 2027,2028,87000.0,66352.95,66393.625
mock2_fuel_duty_hold,Fuel duty held until September 2027,2028,87750.0,66787.95,66828.625
mock2_fuel_duty_hold,Fuel duty held until September 2027,2028,88500.0,67222.95,67263.625
mock2_fuel_duty_hold,Fuel duty held until September 2027,2028,89250.0,67657.95,67698.625
mock2_fuel_duty_hold,Fuel duty held until September 2027,2028,90000.0,68092.95,68133.625
mock2_fuel_duty_hold,Fuel duty held until September 2027,2028,90750.0,68527.95,68568.625
mock2_fuel_duty_hold,Fuel duty held until September 2027,2028,91500.0,68962.95,69003.625
mock2_fuel_duty_hold,Fuel duty held until September 2027,2028,92250.0,69397.95,69438.625
mock2_fuel_duty_hold,Fuel duty held until September 2027,2028,93000.0,69832.95,69873.625
mock2_fuel_duty_hold,Fuel duty held until September 2027,2028,93750.0,70267.95,70308.625
mock2_fuel_duty_hold,Fuel duty held until September 2027,2028,94500.0,70702.95,70743.625
mock2_fuel_duty_hold,Fuel duty held until September 2027,2028,95250.0,71137.95,71178.625
mock2_fuel_duty_hold,Fuel duty held until September 2027,2028,96000.0,71572.95,71613.625
mock2_fuel_duty_hold,Fuel duty held until September 2027,2028,96750.0,72007.95,72048.625
mock2_fuel_duty_hold,Fuel duty held until September 2027,2028,97500.0,72442.95,72483.625
mock2_fuel_duty_hold,Fuel duty held until September 2027,2028,98250.0,72877.95,72918.625
mock2_fuel_duty_hold,Fuel duty held until September 2027,2028,99000.0,73312.95,73353.625
mock2_fuel_duty_hold,Fuel duty held until September 2027,2028,99750.0,73747.95,73788.625
mock2_fuel_duty_hold,Fuel duty held until September 2027,2028,100500.0,74082.95,74123.625
mock2_fuel_duty_hold,Fuel duty held until September 2027,2028,101250.0,74367.95,74408.625
mock2_fuel_duty_hold,Fuel duty held until September 2027,2028,102000.0,74652.95,74693.625
mock2_fuel_duty_hold,Fuel duty held until September 2027,2028,102750.0,74937.95,74978.625
mock2_fuel_duty_hold,Fuel duty held until September 2027,2028,103500.0,75222.95,75263.625
mock2_fuel_duty_hold,Fuel duty held until September 2027,2028,104250.0,75507.95,75548.625
mock2_fuel_duty_hold,Fuel duty held until September 2027,2028,105000.0,75792.95,75833.625
mock2_fuel_duty_hold,Fuel duty held until September 2027,2028,105750.0,76077.95,76118.625
mock2_fuel_duty_hold,Fuel duty held until September 2027,2028,106500.0,76362.95,76403.625
mock2_fuel_duty_hold,Fuel duty held until September 2027,2028,107250.0,76647.95,76688.625
mock2_fuel_duty_hold,Fuel duty held until September 2027,2028,108000.0,76932.95,76973.625
mock2_fuel_duty_hold,Fuel duty held until September 2027,2028,108750.0,77217.95,77258.625
mock2_fuel_duty_hold,Fuel duty held until September 2027,2028,109500.0,77502.95,77543.625
mock2_fuel_duty_hold,Fuel duty held until September 2027,2028,110250.0,77787.95,77828.625
mock2_fuel_duty_hold,Fuel duty held until September 2027,2028,111000.0,78072.95,78113.625
mock2_fuel_duty_hold,Fuel duty held until September 2027,2028,111750.0,78357.95,78398.625
mock2_fuel_duty_hold,Fuel duty held until September 2027,2028,112500.0,78642.95,78683.625
mock2_fuel_duty_hold,Fuel duty held until September 2027,2028,113250.0,78927.95,78968.625
mock2_fuel_duty_hold,Fuel duty held until September 2027,2028,114000.0,79212.95,79253.625
mock2_fuel_duty_hold,Fuel duty held until September 2027,2028,114750.0,79497.95,79538.625
mock2_fuel_duty_hold,Fuel duty held until September 2027,2028,115500.0,79782.95,79823.625
mock2_fuel_duty_hold,Fuel duty held until September 2027,2028,116250.0,80067.95,80108.625
mock2_fuel_duty_hold,Fuel duty held until September 2027,2028,117000.0,80352.95,80393.625
mock2_fuel_duty_hold,Fuel duty held until September 2027,2028,117750.0,80637.95,80678.625
mock2_fuel_duty_hold,Fuel duty held until September 2027,2028,118500.0,80922.95,80963.625
mock2_fuel_duty_hold,Fuel duty held until September 2027,2028,119250.0,81207.95,81248.625
mock2_fuel_duty_hold,Fuel duty held until September 2027,2028,120000.0,81492.95,81533.625
mock2_fuel_duty_hold,Fuel duty held until September 2027,2028,120750.0,81777.95,81818.625
mock2_fuel_duty_hold,Fuel duty held until September 2027,2028,121500.0,82062.95,82103.625
mock2_fuel_duty_hold,Fuel duty held until September 2027,2028,122250.0,82347.95,82388.625
mock2_fuel_duty_hold,Fuel duty held until September 2027,2028,123000.0,82632.95,82673.625
mock2_fuel_duty_hold,Fuel duty held until September 2027,2028,123750.0,82917.95,82958.625
mock2_fuel_duty_hold,Fuel duty held until September 2027,2028,124500.0,83202.95,83243.625
mock2_fuel_duty_hold,Fuel duty held until September 2027,2028,125250.0,83509.95,83550.625
mock2_fuel_duty_hold,Fuel duty held until September 2027,2028,126000.0,83944.95,83985.625
mock2_fuel_duty_hold,Fuel duty held until September 2027,2028,126750.0,84379.95,84420.625
mock2_fuel_duty_hold,Fuel duty held until September 2027,2028,127500.0,84814.95,84855.625
mock2_fuel_duty_hold,Fuel duty held until September 2027,2028,128250.0,85249.95,85290.625
mock2_fuel_duty_hold,Fuel duty held until September 2027,2028,129000.0,85684.95,85725.625
mock2_fuel_duty_hold,Fuel duty held until September 2027,2028,129750.0,86119.95,86160.625
mock2_fuel_duty_hold,Fuel duty held until September 2027,2028,130500.0,86554.95,86595.625
mock2_fuel_duty_hold,Fuel duty held until September 2027,2028,131250.0,86989.95,87030.625
mock2_fuel_duty_hold,Fuel duty held until September 2027,2028,132000.0,87424.95,87465.625
mock2_fuel_duty_hold,Fuel duty held until September 2027,2028,132750.0,87859.95,87900.625
mock2_fuel_duty_hold,Fuel duty held until September 2027,2028,133500.0,88294.95,88335.625
mock2_fuel_duty_hold,Fuel duty held until September 2027,2028,134250.0,88729.95,88770.625
mock2_fuel_duty_hold,Fuel duty held until September 2027,2028,135000.0,89164.95,89205.625
mock2_fuel_duty_hold,Fuel duty held until September 2027,2028,135750.0,89569.45,89610.125
mock2_fuel_duty_hold,Fuel duty held until September 2027,2028,136500.0,89966.95,90007.625
mock2_fuel_duty_hold,Fuel duty held until September 2027,2028,137250.0,90364.45,90405.125
mock2_fuel_duty_hold,Fuel duty held until September 2027,2028,138000.0,90761.95,90802.625
mock2_fuel_duty_hold,Fuel duty held until September 2027,2028,138750.0,91159.45,91200.125
mock2_fuel_duty_hold,Fuel duty held until September 2027,2028,139500.0,91556.95,91597.625
mock2_fuel_duty_hold,Fuel duty held until September 2027,2028,140250.0,91954.45,91995.125
mock2_fuel_duty_hold,Fuel duty held until September 2027,2028,141000.0,92351.95,92392.625
mock2_fuel_duty_hold,Fuel duty held until September 2027,2028,141750.0,92749.45,92790.125
mock2_fuel_duty_hold,Fuel duty held until September 2027,2028,142500.0,93146.95,93187.625
mock2_fuel_duty_hold,Fuel duty held until September 2027,2028,143250.0,93544.45,93585.125
mock2_fuel_duty_hold,Fuel duty held until September 2027,2028,144000.0,93941.95,93982.625
mock2_fuel_duty_hold,Fuel duty held until September 2027,2028,144750.0,94339.45,94380.125
mock2_fuel_duty_hold,Fuel duty held until September 2027,2028,145500.0,94736.95,94777.625
mock2_fuel_duty_hold,Fuel duty held until September 2027,2028,146250.0,95134.45,95175.125
mock2_fuel_duty_hold,Fuel duty held until September 2027,2028,147000.0,95531.95,95572.625
mock2_fuel_duty_hold,Fuel duty held until September 2027,2028,147750.0,95929.45,95970.125
mock2_fuel_duty_hold,Fuel duty held until September 2027,2028,148500.0,96326.95,96367.625
mock2_fuel_duty_hold,Fuel duty held until September 2027,2028,149250.0,96724.45,96765.125
mock2_fuel_duty_hold,Fuel duty held until September 2027,2028,150000.0,97121.95,97162.625
mock2_fuel_duty_hold,Fuel duty held until September 2027,2029,0.0,25457.176,25499.078
mock2_fuel_duty_hold,Fuel duty held until September 2027,2029,750.0,26205.977,26247.879
mock2_fuel_duty_hold,Fuel duty held until September 2027,2029,1500.0,26954.777,26996.68
mock2_fuel_duty_hold,Fuel duty held until September 2027,2029,2250.0,27703.574,27745.477
mock2_fuel_duty_hold,Fuel duty held until September 2027,2029,3000.0,28452.375,28494.277
mock2_fuel_duty_hold,Fuel duty held until September 2027,2029,3750.0,29201.176,29243.078
mock2_fuel_duty_hold,Fuel duty held until September 2027,2029,4500.0,29949.977,29991.879
mock2_fuel_duty_hold,Fuel duty held until September 2027,2029,5250.0,30698.777,30740.68
mock2_fuel_duty_hold,Fuel duty held until September 2027,2029,6000.0,31447.574,31489.477
mock2_fuel_duty_hold,Fuel duty held until September 2027,2029,6750.0,32196.375,32238.277
mock2_fuel_duty_hold,Fuel duty held until September 2027,2029,7500.0,32945.176,32987.08
mock2_fuel_duty_hold,Fuel duty held until September 2027,2029,8250.0,33693.977,33735.88
mock2_fuel_duty_hold,Fuel duty held until September 2027,2029,9000.0,34442.777,34484.68
mock2_fuel_duty_hold,Fuel duty held until September 2027,2029,9750.0,35191.574,35233.477
mock2_fuel_duty_hold,Fuel duty held until September 2027,2029,10500.0,35940.375,35982.277
mock2_fuel_duty_hold,Fuel duty held until September 2027,2029,11250.0,36689.176,36731.08
mock2_fuel_duty_hold,Fuel duty held until September 2027,2029,12000.0,37437.977,37479.88
mock2_fuel_duty_hold,Fuel duty held until September 2027,2029,12750.0,38174.008,38215.906
mock2_fuel_duty_hold,Fuel duty held until September 2027,2029,13500.0,38862.9,38904.8
mock2_fuel_duty_hold,Fuel duty held until September 2027,2029,14250.0,39551.797,39593.695
mock2_fuel_duty_hold,Fuel duty held until September 2027,2029,15000.0,40240.69,40282.594
mock2_fuel_duty_hold,Fuel duty held until September 2027,2029,15750.0,40929.59,40971.49
mock2_fuel_duty_hold,Fuel duty held until September 2027,2029,16500.0,41618.49,41660.387
mock2_fuel_duty_hold,Fuel duty held until September 2027,2029,17250.0,42307.38,42349.28
mock2_fuel_duty_hold,Fuel duty held until September 2027,2029,18000.0,42996.277,43038.176
mock2_fuel_duty_hold,Fuel duty held until September 2027,2029,18750.0,43685.17,43727.074
mock2_fuel_duty_hold,Fuel duty held until September 2027,2029,19500.0,44374.07,44415.97
mock2_fuel_duty_hold,Fuel duty held until September 2027,2029,20250.0,44767.203,44809.105
mock2_fuel_duty_hold,Fuel duty held until September 2027,2029,21000.0,45077.207,45119.11
mock2_fuel_duty_hold,Fuel duty held until September 2027,2029,21750.0,45387.215,45429.113
mock2_fuel_duty_hold,Fuel duty held until September 2027,2029,22500.0,45697.215,45739.117
mock2_fuel_duty_hold,Fuel duty held until September 2027,2029,23250.0,46007.22,46049.117
mock2_fuel_duty_hold,Fuel duty held until September 2027,2029,24000.0,46305.375,46347.277
mock2_fuel_duty_hold,Fuel duty held until September 2027,2029,24750.0,46547.984,46589.887
mock2_fuel_duty_hold,Fuel duty held until September 2027,2029,25500.0,46790.6,46832.5
mock2_fuel_duty_hold,Fuel duty held until September 2027,2029,26250.0,47033.21,47075.113
mock2_fuel_duty_hold,Fuel duty held until September 2027,2029,27000.0,47275.82,47317.723
mock2_fuel_duty_hold,Fuel duty held until September 2027,2029,27750.0,47518.43,47560.332
mock2_fuel_duty_hold,Fuel duty held until September 2027,2029,28500.0,47761.04,47802.94
mock2_fuel_duty_hold,Fuel duty held until September 2027,2029,29250.0,48003.656,48045.555
mock2_fuel_duty_hold,Fuel duty held until September 2027,2029,30000.0,48246.27,48288.168
mock2_fuel_duty_hold,Fuel duty held until September 2027,2029,30750.0,48488.875,48530.777
mock2_fuel_duty_hold,Fuel duty held until September 2027,2029,31500.0,48731.492,48773.39
mock2_fuel_duty_hold,Fuel duty held until September 2027,2029,32250.0,48974.098,49015.996
mock2_fuel_duty_hold,Fuel duty held until September 2027,2029,33000.0,49216.715,49258.613
mock2_fuel_duty_hold,Fuel duty held until September 2027,2029,33750.0,49459.324,49501.223
mock2_fuel_duty_hold,Fuel duty held until September 2027,2029,34500.0,49701.934,49743.832
mock2_fuel_duty_hold,Fuel duty held until September 2027,2029,35250.0,49944.543,49986.44
mock2_fuel_duty_hold,Fuel duty held until September 2027,2029,36000.0,50187.16,50229.06
mock2_fuel_duty_hold,Fuel duty held until September 2027,2029,36750.0,50429.77,50471.668
mock2_fuel_duty_hold,Fuel duty held until September 2027,2029,37500.0,50672.38,50714.277
mock2_fuel_duty_hold,Fuel duty held until September 2027,2029,38250.0,50914.99,50956.887
mock2_fuel_duty_hold,Fuel duty held until September 2027,2029,39000.0,51157.598,51199.496
mock2_fuel_duty_hold,Fuel duty held until September 2027,2029,39750.0,51400.215,51442.113
mock2_fuel_duty_hold,Fuel duty held until September 2027,2029,40500.0,51642.824,51684.723
mock2_fuel_duty_hold,Fuel duty held until September 2027,2029,41250.0,51885.434,51927.332
mock2_fuel_duty_hold,Fuel duty held until September 2027,2029,42000.0,52128.043,52169.94
mock2_fuel_duty_hold,Fuel duty held until September 2027,2029,42750.0,52370.652,52412.55
mock2_fuel_duty_hold,Fuel duty held until September 2027,2029,43500.0,52613.27,52655.17
mock2_fuel_duty_hold,Fuel duty held until September 2027,2029,44250.0,52855.88,52897.777
mock2_fuel_duty_hold,Fuel duty held until September 2027,2029,45000.0,53098.49,53140.387
mock2_fuel_duty_hold,Fuel duty held until September 2027,2029,45750.0,53341.105,53383.004
mock2_fuel_duty_hold,Fuel duty held until September 2027,2029,46500.0,53583.715,53625.613
mock2_fuel_duty_hold,Fuel duty held until September 2027,2029,47250.0,53826.324,53868.223
mock2_fuel_duty_hold,Fuel duty held until September 2027,2029,48000.0,54068.934,54110.836
mock2_fuel_duty_hold,Fuel duty held until September 2027,2029,48750.0,54311.543,54353.445
mock2_fuel_duty_hold,Fuel duty held until September 2027,2029,49500.0,54554.16,54596.06
mock2_fuel_duty_hold,Fuel duty held until September 2027,2029,50250.0,54796.77,54838.668
mock2_fuel_duty_hold,Fuel duty held until September 2027,2029,51000.0,55056.887,55098.79
mock2_fuel_duty_hold,Fuel duty held until September 2027,2029,51750.0,55319.72,55361.62
mock2_fuel_duty_hold,Fuel duty held until September 2027,2029,52500.0,55582.547,55624.445
mock2_fuel_duty_hold,Fuel duty held until September 2027,2029,53250.0,55845.375,55887.273
mock2_fuel_duty_hold,Fuel duty held until September 2027,2029,54000.0,56069.586,56111.484
mock2_fuel_duty_hold,Fuel duty held until September 2027,2029,54750.0,56287.484,56329.383
mock2_fuel_duty_hold,Fuel duty held until September 2027,2029,55500.0,56505.39,56547.29
mock2_fuel_duty_hold,Fuel duty held until September 2027,2029,56250.0,56723.29,56765.188
mock2_fuel_duty_hold,Fuel duty held until September 2027,2029,57000.0,56941.188,56983.086
mock2_fuel_duty_hold,Fuel duty held until September 2027,2029,57750.0,57159.094,57200.992
mock2_fuel_duty_hold,Fuel duty held until September 2027,2029,58500.0,57376.992,57418.89
mock2_fuel_duty_hold,Fuel duty held until September 2027,2029,59250.0,57594.9,57636.797
mock2_fuel_duty_hold,Fuel duty held until September 2027,2029,60000.0,57812.79,57854.688
mock2_fuel_duty_hold,Fuel duty held until September 2027,2029,60750.0,57792.266,57834.17
mock2_fuel_duty_hold,Fuel duty held until September 2027,2029,61500.0,57857.477,57899.375
mock2_fuel_duty_hold,Fuel duty held until September 2027,2029,62250.0,57922.68,57964.58
mock2_fuel_duty_hold,Fuel duty held until September 2027,2029,63000.0,57987.89,58029.79
mock2_fuel_duty_hold,Fuel duty held until September 2027,2029,63750.0,58053.094,58094.992
mock2_fuel_duty_hold,Fuel duty held until September 2027,2029,64500.0,58118.29,58160.188
mock2_fuel_duty_hold,Fuel duty held until September 2027,2029,65250.0,58183.5,58225.4
mock2_fuel_duty_hold,Fuel duty held until September 2027,2029,66000.0,58248.703,58290.6
mock2_fuel_duty_hold,Fuel duty held until September 2027,2029,66750.0,58313.906,58355.812
mock2_fuel_duty_hold,Fuel duty held until September 2027,2029,67500.0,58379.11,58421.016
mock2_fuel_duty_hold,Fuel duty held until September 2027,2029,68250.0,58444.32,58486.22
mock2_fuel_duty_hold,Fuel duty held until September 2027,2029,69000.0,58509.523,58551.42
mock2_fuel_duty_hold,Fuel duty held until September 2027,2029,69750.0,58574.727,58616.625
mock2_fuel_duty_hold,Fuel duty held until September 2027,2029,70500.0,58639.938,58681.836
mock2_fuel_duty_hold,Fuel duty held until September 2027,2029,71250.0,58752.53,58794.438
mock2_fuel_duty_hold,Fuel duty held until September 2027,2029,72000.0,59056.61,59098.508
mock2_fuel_duty_hold,Fuel duty held until September 2027,2029,72750.0,59360.68,59402.58
mock2_fuel_duty_hold,Fuel duty held until September 2027,2029,73500.0,59664.75,59706.65
mock2_fuel_duty_hold,Fuel duty held until September 2027,2029,74250.0,59968.83,60010.727
mock2_fuel_duty_hold,Fuel duty held until September 2027,2029,75000.0,60272.89,60314.797
mock2_fuel_duty_hold,Fuel duty held until September 2027,2029,75750.0,60576.96,60618.86
mock2_fuel_duty_hold,Fuel duty held until September 2027,2029,76500.0,60881.04,60922.938
mock2_fuel_duty_hold,Fuel duty held until September 2027,2029,77250.0,61185.11,61227.008
mock2_fuel_duty_hold,Fuel duty held until September 2027,2029,78000.0,61489.188,61531.08
mock2_fuel_duty_hold,Fuel duty held until September 2027,2029,78750.0,61793.25,61835.156
mock2_fuel_duty_hold,Fuel duty held until September 2027,2029,79500.0,62097.32,62139.22
mock2_fuel_duty_hold,Fuel duty held until September 2027,2029,80250.0,62422.547,62464.445
mock2_fuel_duty_hold,Fuel duty held until September 2027,2029,81000.0,62856.85,62898.75
mock2_fuel_duty_hold,Fuel duty held until September 2027,2029,81750.0,63291.156,63333.055
mock2_fuel_duty_hold,Fuel duty held until September 2027,2029,82500.0,63725.453,63767.36
mock2_fuel_duty_hold,Fuel duty held until September 2027,2029,83250.0,64159.758,64201.656
mock2_fuel_duty_hold,Fuel duty held until September 2027,2029,84000.0,64594.07,64635.97
mock2_fuel_duty_hold,Fuel duty held until September 2027,2029,84750.0,65028.367,65070.266
mock2_fuel_duty_hold,Fuel duty held until September 2027,2029,85500.0,65462.67,65504.58
mock2_fuel_duty_hold,Fuel duty held until September 2027,2029,86250.0,65896.98,65938.875
mock2_fuel_duty_hold,Fuel duty held until September 2027,2029,87000.0,66331.28,66373.18
mock2_fuel_duty_hold,Fuel duty held until September 2027,2029,87750.0,66765.586,66807.484
mock2_fuel_duty_hold,Fuel duty held until September 2027,2029,88500.0,67199.89,67241.79
mock2_fuel_duty_hold,Fuel duty held until September 2027,2029,89250.0,67634.195,67676.09
mock2_fuel_duty_hold,Fuel duty held until September 2027,2029,90000.0,68068.5,68110.4
mock2_fuel_duty_hold,Fuel duty held until September 2027,2029,90750.0,68502.8,68544.7
mock2_fuel_duty_hold,Fuel duty held until September 2027,2029,91500.0,68937.1,68979.0
mock2_fuel_duty_hold,Fuel duty held until September 2027,2029,92250.0,69371.41,69413.31
mock2_fuel_duty_hold,Fuel duty held until September 2027,2029,93000.0,69805.72,69847.62
mock2_fuel_duty_hold,Fuel duty held until September 2027,2029,93750.0,70240.016,70281.914
mock2_fuel_duty_hold,Fuel duty held until September 2027,2029,94500.0,70674.32,70716.22
mock2_fuel_duty_hold,Fuel duty held until September 2027,2029,95250.0,71108.625,71150.53
mock2_fuel_duty_hold,Fuel duty held until September 2027,2029,96000.0,71542.93,71584.83
mock2_fuel_duty_hold,Fuel duty held until September 2027,2029,96750.0,71977.234,72019.13
mock2_fuel_duty_hold,Fuel duty held until September 2027,2029,97500.0,72411.54,72453.44
mock2_fuel_duty_hold,Fuel duty held until September 2027,2029,98250.0,72845.84,72887.74
mock2_fuel_duty_hold,Fuel duty held until September 2027,2029,99000.0,73280.14,73322.05
mock2_fuel_duty_hold,Fuel duty held until September 2027,2029,99750.0,73714.445,73756.34
mock2_fuel_duty_hold,Fuel duty held until September 2027,2029,100500.0,74081.16,74123.055
mock2_fuel_duty_hold,Fuel duty held until September 2027,2029,101250.0,74365.45,74407.36
mock2_fuel_duty_hold,Fuel duty held until September 2027,2029,102000.0,74650.16,74692.06
mock2_fuel_duty_hold,Fuel duty held until September 2027,2029,102750.0,74934.87,74976.766
mock2_fuel_duty_hold,Fuel duty held until September 2027,2029,103500.0,75219.17,75261.06
mock2_fuel_duty_hold,Fuel duty held until September 2027,2029,104250.0,75503.875,75545.78
mock2_fuel_duty_hold,Fuel duty held until September 2027,2029,105000.0,75788.18,75830.08
mock2_fuel_duty_hold,Fuel duty held until September 2027,2029,105750.0,76072.88,76114.78
mock2_fuel_duty_hold,Fuel duty held until September 2027,2029,106500.0,76357.586,76399.484
mock2_fuel_duty_hold,Fuel duty held until September 2027,2029,107250.0,76641.89,76683.79
mock2_fuel_duty_hold,Fuel duty held until September 2027,2029,108000.0,76926.59,76968.49
mock2_fuel_duty_hold,Fuel duty held until September 2027,2029,108750.0,77210.9,77252.8
mock2_fuel_duty_hold,Fuel duty held until September 2027,2029,109500.0,77495.59,77537.5
mock2_fuel_duty_hold,Fuel duty held until September 2027,2029,110250.0,77780.31,77822.2
mock2_fuel_duty_hold,Fuel duty held until September 2027,2029,111000.0,78064.61,78106.51
mock2_fuel_duty_hold,Fuel duty held until September 2027,2029,111750.0,78349.31,78391.22
mock2_fuel_duty_hold,Fuel duty held until September 2027,2029,112500.0,78633.62,78675.516
mock2_fuel_duty_hold,Fuel duty held until September 2027,2029,113250.0,78918.32,78960.22
mock2_fuel_duty_hold,Fuel duty held until September 2027,2029,114000.0,79203.03,79244.94
mock2_fuel_duty_hold,Fuel duty held until September 2027,2029,114750.0,79487.32,79529.22
mock2_fuel_duty_hold,Fuel duty held until September 2027,2029,115500.0,79772.03,79813.94
mock2_fuel_duty_hold,Fuel duty held until September 2027,2029,116250.0,80056.34,80098.234
mock2_fuel_duty_hold,Fuel duty held until September 2027,2029,117000.0,80341.04,80382.94
mock2_fuel_duty_hold,Fuel duty held until September 2027,2029,117750.0,80625.75,80667.66
mock2_fuel_duty_hold,Fuel duty held until September 2027,2029,118500.0,80910.04,80951.94
mock2_fuel_duty_hold,Fuel duty held until September 2027,2029,119250.0,81194.75,81236.66
mock2_fuel_duty_hold,Fuel duty held until September 2027,2029,120000.0,81479.06,81520.95
mock2_fuel_duty_hold,Fuel duty held until September 2027,2029,120750.0,81763.766,81805.66
mock2_fuel_duty_hold,Fuel duty held until September 2027,2029,121500.0,82048.46,82090.36
mock2_fuel_duty_hold,Fuel duty held until September 2027,2029,122250.0,82332.78,82374.67
mock2_fuel_duty_hold,Fuel duty held until September 2027,2029,123000.0,82617.48,82659.375
mock2_fuel_duty_hold,Fuel duty held until September 2027,2029,123750.0,82901.78,82943.68
mock2_fuel_duty_hold,Fuel duty held until September 2027,2029,124500.0,83186.48,83228.375
mock2_fuel_duty_hold,Fuel duty held until September 2027,2029,125250.0,83471.18,83513.08
mock2_fuel_duty_hold,Fuel duty held until September 2027,2029,126000.0,83887.09,83929.0
mock2_fuel_duty_hold,Fuel duty held until September 2027,2029,126750.0,84321.39,84363.3
mock2_fuel_duty_hold,Fuel duty held until September 2027,2029,127500.0,84755.7,84797.59
mock2_fuel_duty_hold,Fuel duty held until September 2027,2029,128250.0,85190.0,85231.91
mock2_fuel_duty_hold,Fuel duty held until September 2027,2029,129000.0,85624.3,85666.2
mock2_fuel_duty_hold,Fuel duty held until September 2027,2029,129750.0,86058.61,86100.516
mock2_fuel_duty_hold,Fuel duty held until September 2027,2029,130500.0,86492.914,86534.81
mock2_fuel_duty_hold,Fuel duty held until September 2027,2029,131250.0,86927.22,86969.12
mock2_fuel_duty_hold,Fuel duty held until September 2027,2029,132000.0,87361.516,87403.42
mock2_fuel_duty_hold,Fuel duty held until September 2027,2029,132750.0,87795.82,87837.72
mock2_fuel_duty_hold,Fuel duty held until September 2027,2029,133500.0,88230.13,88272.03
mock2_fuel_duty_hold,Fuel duty held until September 2027,2029,134250.0,88664.44,88706.336
mock2_fuel_duty_hold,Fuel duty held until September 2027,2029,135000.0,89098.734,89140.64
mock2_fuel_duty_hold,Fuel duty held until September 2027,2029,135750.0,89513.41,89555.3
mock2_fuel_duty_hold,Fuel duty held until September 2027,2029,136500.0,89910.266,89952.16
mock2_fuel_duty_hold,Fuel duty held until September 2027,2029,137250.0,90307.13,90349.03
mock2_fuel_duty_hold,Fuel duty held until September 2027,2029,138000.0,90704.0,90745.89
mock2_fuel_duty_hold,Fuel duty held until September 2027,2029,138750.0,91100.86,91142.75
mock2_fuel_duty_hold,Fuel duty held until September 2027,2029,139500.0,91497.72,91539.625
mock2_fuel_duty_hold,Fuel duty held until September 2027,2029,140250.0,91894.58,91936.484
mock2_fuel_duty_hold,Fuel duty held until September 2027,2029,141000.0,92291.45,92333.35
mock2_fuel_duty_hold,Fuel duty held until September 2027,2029,141750.0,92688.31,92730.22
mock2_fuel_duty_hold,Fuel duty held until September 2027,2029,142500.0,93085.18,93127.08
mock2_fuel_duty_hold,Fuel duty held until September 2027,2029,143250.0,93482.04,93523.94
mock2_fuel_duty_hold,Fuel duty held until September 2027,2029,144000.0,93878.91,93920.805
mock2_fuel_duty_hold,Fuel duty held until September 2027,2029,144750.0,94275.77,94317.67
mock2_fuel_duty_hold,Fuel duty held until September 2027,2029,145500.0,94672.63,94714.53
mock2_fuel_duty_hold,Fuel duty held until September 2027,2029,146250.0,95069.5,95111.4
mock2_fuel_duty_hold,Fuel duty held until September 2027,2029,147000.0,95466.36,95508.26
mock2_fuel_duty_hold,Fuel duty held until September 2027,2029,147750.0,95863.22,95905.125
mock2_fuel_duty_hold,Fuel duty held until September 2027,2029,148500.0,96260.09,96301.99
mock2_fuel_duty_hold,Fuel duty held until September 2027,2029,149250.0,96656.95,96698.86
mock2_fuel_duty_hold,Fuel duty held until September 2027,2029,150000.0,97053.81,97095.72
mock2_fuel_duty_hold,Fuel duty held until September 2027,2030,0.0,25990.727,26033.828
mock2_fuel_duty_hold,Fuel duty held until September 2027,2030,750.0,26739.523,26782.625
mock2_fuel_duty_hold,Fuel duty held until September 2027,2030,1500.0,27488.324,27531.426
mock2_fuel_duty_hold,Fuel duty held until September 2027,2030,2250.0,28237.125,28280.227
mock2_fuel_duty_hold,Fuel duty held until September 2027,2030,3000.0,28985.926,29029.027
mock2_fuel_duty_hold,Fuel duty held until September 2027,2030,3750.0,29734.727,29777.828
mock2_fuel_duty_hold,Fuel duty held until September 2027,2030,4500.0,30483.523,30526.625
mock2_fuel_duty_hold,Fuel duty held until September 2027,2030,5250.0,31232.324,31275.426
mock2_fuel_duty_hold,Fuel duty held until September 2027,2030,6000.0,31981.125,32024.227
mock2_fuel_duty_hold,Fuel duty held until September 2027,2030,6750.0,32729.922,32773.023
mock2_fuel_duty_hold,Fuel duty held until September 2027,2030,7500.0,33478.727,33521.83
mock2_fuel_duty_hold,Fuel duty held until September 2027,2030,8250.0,34227.523,34270.625
mock2_fuel_duty_hold,Fuel duty held until September 2027,2030,9000.0,34976.324,35019.426
mock2_fuel_duty_hold,Fuel duty held until September 2027,2030,9750.0,35725.125,35768.227
mock2_fuel_duty_hold,Fuel duty held until September 2027,2030,10500.0,36473.92,36517.023
mock2_fuel_duty_hold,Fuel duty held until September 2027,2030,11250.0,37222.727,37265.83
mock2_fuel_duty_hold,Fuel duty held until September 2027,2030,12000.0,37971.523,38014.625
mock2_fuel_duty_hold,Fuel duty held until September 2027,2030,12750.0,38707.555,38750.656
mock2_fuel_duty_hold,Fuel duty held until September 2027,2030,13500.0,39396.453,39439.55
mock2_fuel_duty_hold,Fuel duty held until September 2027,2030,14250.0,40085.344,40128.445
mock2_fuel_duty_hold,Fuel duty held until September 2027,2030,15000.0,40774.246,40817.344
mock2_fuel_duty_hold,Fuel duty held until September 2027,2030,15750.0,41463.137,41506.24
mock2_fuel_duty_hold,Fuel duty held until September 2027,2030,16500.0,42152.035,42195.137
mock2_fuel_duty_hold,Fuel duty held until September 2027,2030,17250.0,42840.93,42884.03
mock2_fuel_duty_hold,Fuel duty held until September 2027,2030,18000.0,43529.824,43572.926
mock2_fuel_duty_hold,Fuel duty held until September 2027,2030,18750.0,44218.727,44261.824
mock2_fuel_duty_hold,Fuel duty held until September 2027,2030,19500.0,44907.617,44950.72
mock2_fuel_duty_hold,Fuel duty held until September 2027,2030,20250.0,45400.496,45443.594
mock2_fuel_duty_hold,Fuel duty held until September 2027,2030,21000.0,45710.496,45753.598
mock2_fuel_duty_hold,Fuel duty held until September 2027,2030,21750.0,46020.5,46063.6
mock2_fuel_duty_hold,Fuel duty held until September 2027,2030,22500.0,46330.504,46373.6
mock2_fuel_duty_hold,Fuel duty held until September 2027,2030,23250.0,46640.504,46683.605
mock2_fuel_duty_hold,Fuel duty held until September 2027,2030,24000.0,46938.668,46981.766
mock2_fuel_duty_hold,Fuel duty held until September 2027,2030,24750.0,47181.273,47224.37
mock2_fuel_duty_hold,Fuel duty held until September 2027,2030,25500.0,47423.887,47466.984
mock2_fuel_duty_hold,Fuel duty held until September 2027,2030,26250.0,47666.5,47709.598
mock2_fuel_duty_hold,Fuel duty held until September 2027,2030,27000.0,47909.11,47952.207
mock2_fuel_duty_hold,Fuel duty held until September 2027,2030,27750.0,48151.723,48194.82
mock2_fuel_duty_hold,Fuel duty held until September 2027,2030,28500.0,48394.33,48437.43
mock2_fuel_duty_hold,Fuel duty held until September 2027,2030,29250.0,48636.945,48680.047
mock2_fuel_duty_hold,Fuel duty held until September 2027,2030,30000.0,48879.555,48922.656
mock2_fuel_duty_hold,Fuel duty held until September 2027,2030,30750.0,49122.164,49165.26
mock2_fuel_duty_hold,Fuel duty held until September 2027,2030,31500.0,49364.777,49407.875
mock2_fuel_duty_hold,Fuel duty held until September 2027,2030,32250.0,49607.383,49650.484
mock2_fuel_duty_hold,Fuel duty held until September 2027,2030,33000.0,49850.0,49893.1
mock2_fuel_duty_hold,Fuel duty held until September 2027,2030,33750.0,50092.61,50135.71
mock2_fuel_duty_hold,Fuel duty held until September 2027,2030,34500.0,50335.22,50378.32
mock2_fuel_duty_hold,Fuel duty held until September 2027,2030,35250.0,50577.83,50620.93
mock2_fuel_duty_hold,Fuel duty held until September 2027,2030,36000.0,50820.445,50863.547
mock2_fuel_duty_hold,Fuel duty held until September 2027,2030,36750.0,51063.055,51106.156
mock2_fuel_duty_hold,Fuel duty held until September 2027,2030,37500.0,51305.664,51348.766
mock2_fuel_duty_hold,Fuel duty held until September 2027,2030,38250.0,51548.28,51591.383
mock2_fuel_duty_hold,Fuel duty held until September 2027,2030,39000.0,51790.89,51833.992
mock2_fuel_duty_hold,Fuel duty held until September 2027,2030,39750.0,52033.5,52076.6
mock2_fuel_duty_hold,Fuel duty held until September 2027,2030,40500.0,52276.11,52319.21
mock2_fuel_duty_hold,Fuel duty held until September 2027,2030,41250.0,52518.72,52561.82
mock2_fuel_duty_hold,Fuel duty held until September 2027,2030,42000.0,52761.336,52804.438
mock2_fuel_duty_hold,Fuel duty held until September 2027,2030,42750.0,53003.945,53047.047
mock2_fuel_duty_hold,Fuel duty held until September 2027,2030,43500.0,53246.555,53289.656
mock2_fuel_duty_hold,Fuel duty held until September 2027,2030,44250.0,53489.164,53532.266
mock2_fuel_duty_hold,Fuel duty held until September 2027,2030,45000.0,53731.773,53774.875
mock2_fuel_duty_hold,Fuel duty held until September 2027,2030,45750.0,53974.39,54017.492
mock2_fuel_duty_hold,Fuel duty held until September 2027,2030,46500.0,54217.0,54260.1
mock2_fuel_duty_hold,Fuel duty held until September 2027,2030,47250.0,54459.61,54502.71
mock2_fuel_duty_hold,Fuel duty held until September 2027,2030,48000.0,54702.22,54745.32
mock2_fuel_duty_hold,Fuel duty held until September 2027,2030,48750.0,54944.83,54987.93
mock2_fuel_duty_hold,Fuel duty held until September 2027,2030,49500.0,55187.445,55230.547
mock2_fuel_duty_hold,Fuel duty held until September 2027,2030,50250.0,55430.055,55473.156
mock2_fuel_duty_hold,Fuel duty held until September 2027,2030,51000.0,55690.17,55733.273
mock2_fuel_duty_hold,Fuel duty held until September 2027,2030,51750.0,55953.008,55996.11
mock2_fuel_duty_hold,Fuel duty held until September 2027,2030,52500.0,56215.836,56258.938
mock2_fuel_duty_hold,Fuel duty held until September 2027,2030,53250.0,56478.656,56521.758
mock2_fuel_duty_hold,Fuel duty held until September 2027,2030,54000.0,56702.875,56745.97
mock2_fuel_duty_hold,Fuel duty held until September 2027,2030,54750.0,56920.773,56963.867
mock2_fuel_duty_hold,Fuel duty held until September 2027,2030,55500.0,57138.67,57181.773
mock2_fuel_duty_hold,Fuel duty held until September 2027,2030,56250.0,57356.58,57399.67
mock2_fuel_duty_hold,Fuel duty held until September 2027,2030,57000.0,57574.47,57617.57
mock2_fuel_duty_hold,Fuel duty held until September 2027,2030,57750.0,57792.375,57835.477
mock2_fuel_duty_hold,Fuel duty held until September 2027,2030,58500.0,58010.28,58053.375
mock2_fuel_duty_hold,Fuel duty held until September 2027,2030,59250.0,58228.188,58271.28
mock2_fuel_duty_hold,Fuel duty held until September 2027,2030,60000.0,58446.08,58489.18
mock2_fuel_duty_hold,Fuel duty held until September 2027,2030,60750.0,58423.28,58466.383
mock2_fuel_duty_hold,Fuel duty held until September 2027,2030,61500.0,58485.89,58528.984
mock2_fuel_duty_hold,Fuel duty held until September 2027,2030,62250.0,58548.492,58591.586
mock2_fuel_duty_hold,Fuel duty held until September 2027,2030,63000.0,58611.094,58654.195
mock2_fuel_duty_hold,Fuel duty held until September 2027,2030,63750.0,58673.688,58716.79
mock2_fuel_duty_hold,Fuel duty held until September 2027,2030,64500.0,58736.29,58779.383
mock2_fuel_duty_hold,Fuel duty held until September 2027,2030,65250.0,58798.89,58841.992
mock2_fuel_duty_hold,Fuel duty held until September 2027,2030,66000.0,58861.5,58904.594
mock2_fuel_duty_hold,Fuel duty held until September 2027,2030,66750.0,58924.094,58967.195
mock2_fuel_duty_hold,Fuel duty held until September 2027,2030,67500.0,58986.688,59029.79
mock2_fuel_duty_hold,Fuel duty held until September 2027,2030,68250.0,59049.29,59092.39
mock2_fuel_duty_hold,Fuel duty held until September 2027,2030,69000.0,59111.89,59154.992
mock2_fuel_duty_hold,Fuel duty held until September 2027,2030,69750.0,59174.492,59217.594
mock2_fuel_duty_hold,Fuel duty held until September 2027,2030,70500.0,59237.094,59280.195
mock2_fuel_duty_hold,Fuel duty held until September 2027,2030,71250.0,59299.688,59342.79
mock2_fuel_duty_hold,Fuel duty held until September 2027,2030,72000.0,59362.29,59405.39
mock2_fuel_duty_hold,Fuel duty held until September 2027,2030,72750.0,59447.047,59490.15
mock2_fuel_duty_hold,Fuel duty held until September 2027,2030,73500.0,59748.516,59791.617
mock2_fuel_duty_hold,Fuel duty held until September 2027,2030,74250.0,60049.984,60093.086
mock2_fuel_duty_hold,Fuel duty held until September 2027,2030,75000.0,60351.453,60394.547
mock2_fuel_duty_hold,Fuel duty held until September 2027,2030,75750.0,60652.92,60696.016
mock2_fuel_duty_hold,Fuel duty held until September 2027,2030,76500.0,60954.383,60997.484
mock2_fuel_duty_hold,Fuel duty held until September 2027,2030,77250.0,61255.85,61298.953
mock2_fuel_duty_hold,Fuel duty held until September 2027,2030,78000.0,61557.32,61600.42
mock2_fuel_duty_hold,Fuel duty held until September 2027,2030,78750.0,61858.79,61901.89
mock2_fuel_duty_hold,Fuel duty held until September 2027,2030,79500.0,62160.25,62203.35
mock2_fuel_duty_hold,Fuel duty held until September 2027,2030,80250.0,62483.297,62526.4
mock2_fuel_duty_hold,Fuel duty held until September 2027,2030,81000.0,62917.6,62960.703
mock2_fuel_duty_hold,Fuel duty held until September 2027,2030,81750.0,63351.906,63395.0
mock2_fuel_duty_hold,Fuel duty held until September 2027,2030,82500.0,63786.203,63829.305
mock2_fuel_duty_hold,Fuel duty held until September 2027,2030,83250.0,64220.508,64263.61
mock2_fuel_duty_hold,Fuel duty held until September 2027,2030,84000.0,64654.812,64697.914
mock2_fuel_duty_hold,Fuel duty held until September 2027,2030,84750.0,65089.117,65132.22
mock2_fuel_duty_hold,Fuel duty held until September 2027,2030,85500.0,65523.42,65566.53
mock2_fuel_duty_hold,Fuel duty held until September 2027,2030,86250.0,65957.73,66000.83
mock2_fuel_duty_hold,Fuel duty held until September 2027,2030,87000.0,66392.03,66435.125
mock2_fuel_duty_hold,Fuel duty held until September 2027,2030,87750.0,66826.336,66869.44
mock2_fuel_duty_hold,Fuel duty held until September 2027,2030,88500.0,67260.64,67303.74
mock2_fuel_duty_hold,Fuel duty held until September 2027,2030,89250.0,67694.945,67738.05
mock2_fuel_duty_hold,Fuel duty held until September 2027,2030,90000.0,68129.25,68172.34
mock2_fuel_duty_hold,Fuel duty held until September 2027,2030,90750.0,68563.55,68606.65
mock2_fuel_duty_hold,Fuel duty held until September 2027,2030,91500.0,68997.86,69040.95
mock2_fuel_duty_hold,Fuel duty held until September 2027,2030,92250.0,69432.16,69475.26
mock2_fuel_duty_hold,Fuel duty held until September 2027,2030,93000.0,69866.47,69909.56
mock2_fuel_duty_hold,Fuel duty held until September 2027,2030,93750.0,70300.766,70343.87
mock2_fuel_duty_hold,Fuel duty held until September 2027,2030,94500.0,70735.07,70778.17
mock2_fuel_duty_hold,Fuel duty held until September 2027,2030,95250.0,71169.375,71212.48
mock2_fuel_duty_hold,Fuel duty held until September 2027,2030,96000.0,71603.68,71646.78
mock2_fuel_duty_hold,Fuel duty held until September 2027,2030,96750.0,72037.984,72081.086
mock2_fuel_duty_hold,Fuel duty held until September 2027,2030,97500.0,72472.29,72515.39
mock2_fuel_duty_hold,Fuel duty held until September 2027,2030,98250.0,72906.586,72949.69
mock2_fuel_duty_hold,Fuel duty held until September 2027,2030,99000.0,73340.9,73384.0
mock2_fuel_duty_hold,Fuel duty held until September 2027,2030,99750.0,73775.2,73818.3
mock2_fuel_duty_hold,Fuel duty held until September 2027,2030,100500.0,74141.91,74185.0
mock2_fuel_duty_hold,Fuel duty held until September 2027,2030,101250.0,74426.2,74469.31
mock2_fuel_duty_hold,Fuel duty held until September 2027,2030,102000.0,74710.91,74754.016
mock2_fuel_duty_hold,Fuel duty held until September 2027,2030,102750.0,74995.61,75038.72
mock2_fuel_duty_hold,Fuel duty held until September 2027,2030,103500.0,75279.92,75323.016
mock2_fuel_duty_hold,Fuel duty held until September 2027,2030,104250.0,75564.625,75607.72
mock2_fuel_duty_hold,Fuel duty held until September 2027,2030,105000.0,75848.93,75892.03
mock2_fuel_duty_hold,Fuel duty held until September 2027,2030,105750.0,76133.625,76176.734
mock2_fuel_duty_hold,Fuel duty held until September 2027,2030,106500.0,76418.336,76461.44
mock2_fuel_duty_hold,Fuel duty held until September 2027,2030,107250.0,76702.64,76745.734
mock2_fuel_duty_hold,Fuel duty held until September 2027,2030,108000.0,76987.34,77030.445
mock2_fuel_duty_hold,Fuel duty held until September 2027,2030,108750.0,77271.65,77314.75
mock2_fuel_duty_hold,Fuel duty held until September 2027,2030,109500.0,77556.35,77599.45
mock2_fuel_duty_hold,Fuel duty held until September 2027,2030,110250.0,77841.06,77884.16
mock2_fuel_duty_hold,Fuel duty held until September 2027,2030,111000.0,78125.36,78168.45
mock2_fuel_duty_hold,Fuel duty held until September 2027,2030,111750.0,78410.06,78453.17
mock2_fuel_duty_hold,Fuel duty held until September 2027,2030,112500.0,78694.37,78737.47
mock2_fuel_duty_hold,Fuel duty held until September 2027,2030,113250.0,78979.07,79022.17
mock2_fuel_duty_hold,Fuel duty held until September 2027,2030,114000.0,79263.78,79306.875
mock2_fuel_duty_hold,Fuel duty held until September 2027,2030,114750.0,79548.08,79591.17
mock2_fuel_duty_hold,Fuel duty held until September 2027,2030,115500.0,79832.8,79875.89
mock2_fuel_duty_hold,Fuel duty held until September 2027,2030,116250.0,80117.09,80160.2
mock2_fuel_duty_hold,Fuel duty held until September 2027,2030,117000.0,80401.8,80444.9
mock2_fuel_duty_hold,Fuel duty held until September 2027,2030,117750.0,80686.5,80729.59
mock2_fuel_duty_hold,Fuel duty held until September 2027,2030,118500.0,80970.8,81013.9
mock2_fuel_duty_hold,Fuel duty held until September 2027,2030,119250.0,81255.516,81298.61
mock2_fuel_duty_hold,Fuel duty held until September 2027,2030,120000.0,81539.81,81582.914
mock2_fuel_duty_hold,Fuel duty held until September 2027,2030,120750.0,81824.516,81867.625
mock2_fuel_duty_hold,Fuel duty held until September 2027,2030,121500.0,82109.22,82152.32
mock2_fuel_duty_hold,Fuel duty held until September 2027,2030,122250.0,82393.53,82436.64
mock2_fuel_duty_hold,Fuel duty held until September 2027,2030,123000.0,82678.234,82721.336
mock2_fuel_duty_hold,Fuel duty held until September 2027,2030,123750.0,82962.54,83005.64
mock2_fuel_duty_hold,Fuel duty held until September 2027,2030,124500.0,83247.234,83290.336
mock2_fuel_duty_hold,Fuel duty held until September 2027,2030,125250.0,83531.94,83575.03
mock2_fuel_duty_hold,Fuel duty held until September 2027,2030,126000.0,83947.86,83990.95
mock2_fuel_duty_hold,Fuel duty held until September 2027,2030,126750.0,84382.16,84425.25
mock2_fuel_duty_hold,Fuel duty held until September 2027,2030,127500.0,84816.45,84859.56
mock2_fuel_duty_hold,Fuel duty held until September 2027,2030,128250.0,85250.76,85293.86
mock2_fuel_duty_hold,Fuel duty held until September 2027,2030,129000.0,85685.055,85728.16
mock2_fuel_duty_hold,Fuel duty held until September 2027,2030,129750.0,86119.375,86162.47
mock2_fuel_duty_hold,Fuel duty held until September 2027,2030,130500.0,86553.67,86596.77
mock2_fuel_duty_hold,Fuel duty held until September 2027,2030,131250.0,86987.98,87031.08
mock2_fuel_duty_hold,Fuel duty held until September 2027,2030,132000.0,87422.28,87465.375
mock2_fuel_duty_hold,Fuel duty held until September 2027,2030,132750.0,87856.58,87899.68
mock2_fuel_duty_hold,Fuel duty held until September 2027,2030,133500.0,88290.89,88333.99
mock2_fuel_duty_hold,Fuel duty held until September 2027,2030,134250.0,88725.19,88768.3
mock2_fuel_duty_hold,Fuel duty held until September 2027,2030,135000.0,89159.5,89202.59
mock2_fuel_duty_hold,Fuel duty held until September 2027,2030,135750.0,89574.16,89617.26
mock2_fuel_duty_hold,Fuel duty held until September 2027,2030,136500.0,89971.016,90014.125
mock2_fuel_duty_hold,Fuel duty held until September 2027,2030,137250.0,90367.89,90410.99
mock2_fuel_duty_hold,Fuel duty held until September 2027,2030,138000.0,90764.75,90807.86
mock2_fuel_duty_hold,Fuel duty held until September 2027,2030,138750.0,91161.61,91204.72
mock2_fuel_duty_hold,Fuel duty held until September 2027,2030,139500.0,91558.484,91601.58
mock2_fuel_duty_hold,Fuel duty held until September 2027,2030,140250.0,91955.34,91998.44
mock2_fuel_duty_hold,Fuel duty held until September 2027,2030,141000.0,92352.21,92395.31
mock2_fuel_duty_hold,Fuel duty held until September 2027,2030,141750.0,92749.08,92792.17
mock2_fuel_duty_hold,Fuel duty held until September 2027,2030,142500.0,93145.94,93189.04
mock2_fuel_duty_hold,Fuel duty held until September 2027,2030,143250.0,93542.8,93585.9
mock2_fuel_duty_hold,Fuel duty held until September 2027,2030,144000.0,93939.66,93982.766
mock2_fuel_duty_hold,Fuel duty held until September 2027,2030,144750.0,94336.53,94379.63
mock2_fuel_duty_hold,Fuel duty held until September 2027,2030,145500.0,94733.39,94776.49
mock2_fuel_duty_hold,Fuel duty held until September 2027,2030,146250.0,95130.26,95173.36
mock2_fuel_duty_hold,Fuel duty held until September 2027,2030,147000.0,95527.12,95570.22
mock2_fuel_duty_hold,Fuel duty held until September 2027,2030,147750.0,95923.984,95967.08
mock2_fuel_duty_hold,Fuel duty held until September 2027,2030,148500.0,96320.85,96363.95
mock2_fuel_duty_hold,Fuel duty held until September 2027,2030,149250.0,96717.71,96760.81
mock2_fuel_duty_hold,Fuel duty held until September 2027,2030,150000.0,97114.58,97157.67
mock2_electricity_vat_zero,No VAT on household electricity to March 2028,2026,0.0,23876.223,23876.223
mock2_electricity_vat_zero,No VAT on household electricity to March 2028,2026,750.0,24626.223,24626.223
mock2_electricity_vat_zero,No VAT on household electricity to March 2028,2026,1500.0,25376.223,25376.223
mock2_electricity_vat_zero,No VAT on household electricity to March 2028,2026,2250.0,26126.223,26126.223
mock2_electricity_vat_zero,No VAT on household electricity to March 2028,2026,3000.0,26876.223,26876.223
mock2_electricity_vat_zero,No VAT on household electricity to March 2028,2026,3750.0,27626.223,27626.223
mock2_electricity_vat_zero,No VAT on household electricity to March 2028,2026,4500.0,28376.223,28376.223
mock2_electricity_vat_zero,No VAT on household electricity to March 2028,2026,5250.0,29126.223,29126.223
mock2_electricity_vat_zero,No VAT on household electricity to March 2028,2026,6000.0,29876.223,29876.223
mock2_electricity_vat_zero,No VAT on household electricity to March 2028,2026,6750.0,30626.223,30626.223
mock2_electricity_vat_zero,No VAT on household electricity to March 2028,2026,7500.0,31376.223,31376.223
mock2_electricity_vat_zero,No VAT on household electricity to March 2028,2026,8250.0,32126.223,32126.223
mock2_electricity_vat_zero,No VAT on household electricity to March 2028,2026,9000.0,32876.223,32876.223
mock2_electricity_vat_zero,No VAT on household electricity to March 2028,2026,9750.0,33626.223,33626.223
mock2_electricity_vat_zero,No VAT on household electricity to March 2028,2026,10500.0,34376.223,34376.223
mock2_electricity_vat_zero,No VAT on household electricity to March 2028,2026,11250.0,35126.223,35126.223
mock2_electricity_vat_zero,No VAT on household electricity to March 2028,2026,12000.0,35876.223,35876.223
mock2_electricity_vat_zero,No VAT on household electricity to March 2028,2026,12750.0,36611.82,36611.82
mock2_electricity_vat_zero,No VAT on household electricity to March 2028,2026,13500.0,37301.82,37301.82
mock2_electricity_vat_zero,No VAT on household electricity to March 2028,2026,14250.0,37991.82,37991.82
mock2_electricity_vat_zero,No VAT on household electricity to March 2028,2026,15000.0,38681.82,38681.82
mock2_electricity_vat_zero,No VAT on household electricity to March 2028,2026,15750.0,39371.82,39371.82
mock2_electricity_vat_zero,No VAT on household electricity to March 2028,2026,16500.0,40061.82,40061.82
mock2_electricity_vat_zero,No VAT on household electricity to March 2028,2026,17250.0,40751.82,40751.82
mock2_electricity_vat_zero,No VAT on household electricity to March 2028,2026,18000.0,41441.82,41441.82
mock2_electricity_vat_zero,No VAT on household electricity to March 2028,2026,18750.0,42131.82,42131.82
mock2_electricity_vat_zero,No VAT on household electricity to March 2028,2026,19500.0,42587.742,42587.742
mock2_electricity_vat_zero,No VAT on household electricity to March 2028,2026,20250.0,42898.242,42898.242
mock2_electricity_vat_zero,No VAT on household electricity to March 2028,2026,21000.0,43208.742,43208.742
mock2_electricity_vat_zero,No VAT on household electricity to March 2028,2026,21750.0,43519.242,43519.242
mock2_electricity_vat_zero,No VAT on household electricity to March 2028,2026,22500.0,43829.742,43829.742
mock2_electricity_vat_zero,No VAT on household electricity to March 2028,2026,23250.0,44140.242,44140.242
mock2_electricity_vat_zero,No VAT on household electricity to March 2028,2026,24000.0,44435.438,44435.438
mock2_electricity_vat_zero,No VAT on household electricity to March 2028,2026,24750.0,44678.438,44678.438
mock2_electricity_vat_zero,No VAT on household electricity to March 2028,2026,25500.0,44921.438,44921.438
mock2_electricity_vat_zero,No VAT on household electricity to March 2028,2026,26250.0,45164.438,45164.438
mock2_electricity_vat_zero,No VAT on household electricity to March 2028,2026,27000.0,45407.438,45407.438
mock2_electricity_vat_zero,No VAT on household electricity to March 2028,2026,27750.0,45650.438,45650.438
mock2_electricity_vat_zero,No VAT on household electricity to March 2028,2026,28500.0,45893.438,45893.438
mock2_electricity_vat_zero,No VAT on household electricity to March 2028,2026,29250.0,46136.438,46136.438
mock2_electricity_vat_zero,No VAT on household electricity to March 2028,2026,30000.0,46379.438,46379.438
mock2_electricity_vat_zero,No VAT on household electricity to March 2028,2026,30750.0,46622.438,46622.438
mock2_electricity_vat_zero,No VAT on household electricity to March 2028,2026,31500.0,46865.438,46865.438
mock2_electricity_vat_zero,No VAT on household electricity to March 2028,2026,32250.0,47108.438,47108.438
mock2_electricity_vat_zero,No VAT on household electricity to March 2028,2026,33000.0,47351.438,47351.438
mock2_electricity_vat_zero,No VAT on household electricity to March 2028,2026,33750.0,47594.438,47594.438
mock2_electricity_vat_zero,No VAT on household electricity to March 2028,2026,34500.0,47837.438,47837.438
mock2_electricity_vat_zero,No VAT on household electricity to March 2028,2026,35250.0,48080.438,48080.438
mock2_electricity_vat_zero,No VAT on household electricity to March 2028,2026,36000.0,48323.438,48323.438
mock2_electricity_vat_zero,No VAT on household electricity to March 2028,2026,36750.0,48566.438,48566.438
mock2_electricity_vat_zero,No VAT on household electricity to March 2028,2026,37500.0,48809.438,48809.438
mock2_electricity_vat_zero,No VAT on household electricity to March 2028,2026,38250.0,49052.438,49052.438
mock2_electricity_vat_zero,No VAT on household electricity to March 2028,2026,39000.0,49295.438,49295.438
mock2_electricity_vat_zero,No VAT on household electricity to March 2028,2026,39750.0,49538.438,49538.438
mock2_electricity_vat_zero,No VAT on household electricity to March 2028,2026,40500.0,49781.438,49781.438
mock2_electricity_vat_zero,No VAT on household electricity to March 2028,2026,41250.0,50024.438,50024.438
mock2_electricity_vat_zero,No VAT on household electricity to March 2028,2026,42000.0,50267.438,50267.438
mock2_electricity_vat_zero,No VAT on household electricity to March 2028,2026,42750.0,50510.438,50510.438
mock2_electricity_vat_zero,No VAT on household electricity to March 2028,2026,43500.0,50753.438,50753.438
mock2_electricity_vat_zero,No VAT on household electricity to March 2028,2026,44250.0,50996.438,50996.438
mock2_electricity_vat_zero,No VAT on household electricity to March 2028,2026,45000.0,51239.438,51239.438
mock2_electricity_vat_zero,No VAT on household electricity to March 2028,2026,45750.0,51482.438,51482.438
mock2_electricity_vat_zero,No VAT on household electricity to March 2028,2026,46500.0,51725.438,51725.438
mock2_electricity_vat_zero,No VAT on household electricity to March 2028,2026,47250.0,51968.438,51968.438
mock2_electricity_vat_zero,No VAT on household electricity to March 2028,2026,48000.0,52211.438,52211.438
mock2_electricity_vat_zero,No VAT on household electricity to March 2028,2026,48750.0,52454.438,52454.438
mock2_electricity_vat_zero,No VAT on household electricity to March 2028,2026,49500.0,52697.438,52697.438
mock2_electricity_vat_zero,No VAT on household electricity to March 2028,2026,50250.0,52940.438,52940.438
mock2_electricity_vat_zero,No VAT on household electricity to March 2028,2026,51000.0,53203.156,53203.156
mock2_electricity_vat_zero,No VAT on household electricity to March 2028,2026,51750.0,53466.406,53466.406
mock2_electricity_vat_zero,No VAT on household electricity to March 2028,2026,52500.0,53729.656,53729.656
mock2_electricity_vat_zero,No VAT on household electricity to March 2028,2026,53250.0,53992.906,53992.906
mock2_electricity_vat_zero,No VAT on household electricity to March 2028,2026,54000.0,54212.355,54212.355
mock2_electricity_vat_zero,No VAT on household electricity to March 2028,2026,54750.0,54430.605,54430.605
mock2_electricity_vat_zero,No VAT on household electricity to March 2028,2026,55500.0,54648.855,54648.855
mock2_electricity_vat_zero,No VAT on household electricity to March 2028,2026,56250.0,54867.105,54867.105
mock2_electricity_vat_zero,No VAT on household electricity to March 2028,2026,57000.0,55085.355,55085.355
mock2_electricity_vat_zero,No VAT on household electricity to March 2028,2026,57750.0,55303.605,55303.605
mock2_electricity_vat_zero,No VAT on household electricity to March 2028,2026,58500.0,55521.855,55521.855
mock2_electricity_vat_zero,No VAT on household electricity to March 2028,2026,59250.0,55740.1,55740.1
mock2_electricity_vat_zero,No VAT on household electricity to March 2028,2026,60000.0,55958.35,55958.35
mock2_electricity_vat_zero,No VAT on household electricity to March 2028,2026,60750.0,55926.242,55926.242
mock2_electricity_vat_zero,No VAT on household electricity to March 2028,2026,61500.0,55999.438,55999.438
mock2_electricity_vat_zero,No VAT on household electricity to March 2028,2026,62250.0,56072.633,56072.633
mock2_electricity_vat_zero,No VAT on household electricity to March 2028,2026,63000.0,56145.82,56145.82
mock2_electricity_vat_zero,No VAT on household electricity to March 2028,2026,63750.0,56219.016,56219.016
mock2_electricity_vat_zero,No VAT on household electricity to March 2028,2026,64500.0,56292.21,56292.21
mock2_electricity_vat_zero,No VAT on household electricity to March 2028,2026,65250.0,56365.4,56365.4
mock2_electricity_vat_zero,No VAT on household electricity to March 2028,2026,66000.0,56438.594,56438.594
mock2_electricity_vat_zero,No VAT on household electricity to March 2028,2026,66750.0,56680.125,56680.125
mock2_electricity_vat_zero,No VAT on household electricity to March 2028,2026,67500.0,56992.562,56992.562
mock2_electricity_vat_zero,No VAT on household electricity to March 2028,2026,68250.0,57305.008,57305.008
mock2_electricity_vat_zero,No VAT on household electricity to March 2028,2026,69000.0,57617.453,57617.453
mock2_electricity_vat_zero,No VAT on household electricity to March 2028,2026,69750.0,57929.89,57929.89
mock2_electricity_vat_zero,No VAT on household electricity to March 2028,2026,70500.0,58242.336,58242.336
mock2_electricity_vat_zero,No VAT on household electricity to March 2028,2026,71250.0,58554.78,58554.78
mock2_electricity_vat_zero,No VAT on household electricity to March 2028,2026,72000.0,58867.22,58867.22
mock2_electricity_vat_zero,No VAT on household electricity to March 2028,2026,72750.0,59179.656,59179.656
mock2_electricity_vat_zero,No VAT on household electricity to March 2028,2026,73500.0,59492.1,59492.1
mock2_electricity_vat_zero,No VAT on household electricity to March 2028,2026,74250.0,59804.547,59804.547
mock2_electricity_vat_zero,No VAT on household electricity to March 2028,2026,75000.0,60116.984,60116.984
mock2_electricity_vat_zero,No VAT on household electricity to March 2028,2026,75750.0,60429.43,60429.43
mock2_electricity_vat_zero,No VAT on household electricity to March 2028,2026,76500.0,60741.875,60741.875
mock2_electricity_vat_zero,No VAT on household electricity to March 2028,2026,77250.0,61054.312,61054.312
mock2_electricity_vat_zero,No VAT on household electricity to March 2028,2026,78000.0,61366.758,61366.758
mock2_electricity_vat_zero,No VAT on household electricity to March 2028,2026,78750.0,61679.203,61679.203
mock2_electricity_vat_zero,No VAT on household electricity to March 2028,2026,79500.0,61991.64,61991.64
mock2_electricity_vat_zero,No VAT on household electricity to March 2028,2026,80250.0,62344.938,62344.938
mock2_electricity_vat_zero,No VAT on household electricity to March 2028,2026,81000.0,62779.938,62779.938
mock2_electricity_vat_zero,No VAT on household electricity to March 2028,2026,81750.0,63214.938,63214.938
mock2_electricity_vat_zero,No VAT on household electricity to March 2028,2026,82500.0,63649.938,63649.938
mock2_electricity_vat_zero,No VAT on household electricity to March 2028,2026,83250.0,64084.938,64084.938
mock2_electricity_vat_zero,No VAT on household electricity to March 2028,2026,84000.0,64519.938,64519.938
mock2_electricity_vat_zero,No VAT on household electricity to March 2028,2026,84750.0,64954.938,64954.938
mock2_electricity_vat_zero,No VAT on household electricity to March 2028,2026,85500.0,65389.938,65389.938
mock2_electricity_vat_zero,No VAT on household electricity to March 2028,2026,86250.0,65824.94,65824.94
mock2_electricity_vat_zero,No VAT on household electricity to March 2028,2026,87000.0,66259.94,66259.94
mock2_electricity_vat_zero,No VAT on household electricity to March 2028,2026,87750.0,66694.94,66694.94
mock2_electricity_vat_zero,No VAT on household electricity to March 2028,2026,88500.0,67129.94,67129.94
mock2_electricity_vat_zero,No VAT on household electricity to March 2028,2026,89250.0,67564.94,67564.94
mock2_electricity_vat_zero,No VAT on household electricity to March 2028,2026,90000.0,67999.94,67999.94
mock2_electricity_vat_zero,No VAT on household electricity to March 2028,2026,90750.0,68434.94,68434.94
mock2_electricity_vat_zero,No VAT on household electricity to March 2028,2026,91500.0,68869.94,68869.94
mock2_electricity_vat_zero,No VAT on household electricity to March 2028,2026,92250.0,69304.94,69304.94
mock2_electricity_vat_zero,No VAT on household electricity to March 2028,2026,93000.0,69739.94,69739.94
mock2_electricity_vat_zero,No VAT on household electricity to March 2028,2026,93750.0,70174.94,70174.94
mock2_electricity_vat_zero,No VAT on household electricity to March 2028,2026,94500.0,70609.94,70609.94
mock2_electricity_vat_zero,No VAT on household electricity to March 2028,2026,95250.0,71044.94,71044.94
mock2_electricity_vat_zero,No VAT on household electricity to March 2028,2026,96000.0,71479.94,71479.94
mock2_electricity_vat_zero,No VAT on household electricity to March 2028,2026,96750.0,71914.94,71914.94
mock2_electricity_vat_zero,No VAT on household electricity to March 2028,2026,97500.0,72349.94,72349.94
mock2_electricity_vat_zero,No VAT on household electricity to March 2028,2026,98250.0,72784.94,72784.94
mock2_electricity_vat_zero,No VAT on household electricity to March 2028,2026,99000.0,73219.94,73219.94
mock2_electricity_vat_zero,No VAT on household electricity to March 2028,2026,99750.0,73654.94,73654.94
mock2_electricity_vat_zero,No VAT on household electricity to March 2028,2026,100500.0,73989.94,73989.94
mock2_electricity_vat_zero,No VAT on household electricity to March 2028,2026,101250.0,74274.94,74274.94
mock2_electricity_vat_zero,No VAT on household electricity to March 2028,2026,102000.0,74559.94,74559.94
mock2_electricity_vat_zero,No VAT on household electricity to March 2028,2026,102750.0,74844.94,74844.94
mock2_electricity_vat_zero,No VAT on household electricity to March 2028,2026,103500.0,75129.94,75129.94
mock2_electricity_vat_zero,No VAT on household electricity to March 2028,2026,104250.0,75414.94,75414.94
mock2_electricity_vat_zero,No VAT on household electricity to March 2028,2026,105000.0,75699.94,75699.94
mock2_electricity_vat_zero,No VAT on household electricity to March 2028,2026,105750.0,75984.94,75984.94
mock2_electricity_vat_zero,No VAT on household electricity to March 2028,2026,106500.0,76269.94,76269.94
mock2_electricity_vat_zero,No VAT on household electricity to March 2028,2026,107250.0,76554.94,76554.94
mock2_electricity_vat_zero,No VAT on household electricity to March 2028,2026,108000.0,76839.94,76839.94
mock2_electricity_vat_zero,No VAT on household electricity to March 2028,2026,108750.0,77124.94,77124.94
mock2_electricity_vat_zero,No VAT on household electricity to March 2028,2026,109500.0,77409.94,77409.94
mock2_electricity_vat_zero,No VAT on household electricity to March 2028,2026,110250.0,77694.94,77694.94
mock2_electricity_vat_zero,No VAT on household electricity to March 2028,2026,111000.0,77979.94,77979.94
mock2_electricity_vat_zero,No VAT on household electricity to March 2028,2026,111750.0,78264.94,78264.94
mock2_electricity_vat_zero,No VAT on household electricity to March 2028,2026,112500.0,78549.94,78549.94
mock2_electricity_vat_zero,No VAT on household electricity to March 2028,2026,113250.0,78834.94,78834.94
mock2_electricity_vat_zero,No VAT on household electricity to March 2028,2026,114000.0,79119.94,79119.94
mock2_electricity_vat_zero,No VAT on household electricity to March 2028,2026,114750.0,79404.94,79404.94
mock2_electricity_vat_zero,No VAT on household electricity to March 2028,2026,115500.0,79689.94,79689.94
mock2_electricity_vat_zero,No VAT on household electricity to March 2028,2026,116250.0,79974.94,79974.94
mock2_electricity_vat_zero,No VAT on household electricity to March 2028,2026,117000.0,80259.94,80259.94
mock2_electricity_vat_zero,No VAT on household electricity to March 2028,2026,117750.0,80544.94,80544.94
mock2_electricity_vat_zero,No VAT on household electricity to March 2028,2026,118500.0,80829.94,80829.94
mock2_electricity_vat_zero,No VAT on household electricity to March 2028,2026,119250.0,81114.94,81114.94
mock2_electricity_vat_zero,No VAT on household electricity to March 2028,2026,120000.0,81399.94,81399.94
mock2_electricity_vat_zero,No VAT on household electricity to March 2028,2026,120750.0,81684.94,81684.94
mock2_electricity_vat_zero,No VAT on household electricity to March 2028,2026,121500.0,81969.94,81969.94
mock2_electricity_vat_zero,No VAT on household electricity to March 2028,2026,122250.0,82254.94,82254.94
mock2_electricity_vat_zero,No VAT on household electricity to March 2028,2026,123000.0,82539.94,82539.94
mock2_electricity_vat_zero,No VAT on household electricity to March 2028,2026,123750.0,82824.94,82824.94
mock2_electricity_vat_zero,No VAT on household electricity to March 2028,2026,124500.0,83109.94,83109.94
mock2_electricity_vat_zero,No VAT on household electricity to March 2028,2026,125250.0,83416.94,83416.94
mock2_electricity_vat_zero,No VAT on household electricity to March 2028,2026,126000.0,83851.94,83851.94
mock2_electricity_vat_zero,No VAT on household electricity to March 2028,2026,126750.0,84286.94,84286.94
mock2_electricity_vat_zero,No VAT on household electricity to March 2028,2026,127500.0,84721.94,84721.94
mock2_electricity_vat_zero,No VAT on household electricity to March 2028,2026,128250.0,85156.94,85156.94
mock2_electricity_vat_zero,No VAT on household electricity to March 2028,2026,129000.0,85591.94,85591.94
mock2_electricity_vat_zero,No VAT on household electricity to March 2028,2026,129750.0,86026.94,86026.94
mock2_electricity_vat_zero,No VAT on household electricity to March 2028,2026,130500.0,86461.94,86461.94
mock2_electricity_vat_zero,No VAT on household electricity to March 2028,2026,131250.0,86896.94,86896.94
mock2_electricity_vat_zero,No VAT on household electricity to March 2028,2026,132000.0,87331.94,87331.94
mock2_electricity_vat_zero,No VAT on household electricity to March 2028,2026,132750.0,87766.94,87766.94
mock2_electricity_vat_zero,No VAT on household electricity to March 2028,2026,133500.0,88201.94,88201.94
mock2_electricity_vat_zero,No VAT on household electricity to March 2028,2026,134250.0,88636.94,88636.94
mock2_electricity_vat_zero,No VAT on household electricity to March 2028,2026,135000.0,89071.94,89071.94
mock2_electricity_vat_zero,No VAT on household electricity to March 2028,2026,135750.0,89476.44,89476.44
mock2_electricity_vat_zero,No VAT on household electricity to March 2028,2026,136500.0,89873.94,89873.94
mock2_electricity_vat_zero,No VAT on household electricity to March 2028,2026,137250.0,90271.44,90271.44
mock2_electricity_vat_zero,No VAT on household electricity to March 2028,2026,138000.0,90668.94,90668.94
mock2_electricity_vat_zero,No VAT on household electricity to March 2028,2026,138750.0,91066.44,91066.44
mock2_electricity_vat_zero,No VAT on household electricity to March 2028,2026,139500.0,91463.94,91463.94
mock2_electricity_vat_zero,No VAT on household electricity to March 2028,2026,140250.0,91861.44,91861.44
mock2_electricity_vat_zero,No VAT on household electricity to March 2028,2026,141000.0,92258.94,92258.94
mock2_electricity_vat_zero,No VAT on household electricity to March 2028,2026,141750.0,92656.44,92656.44
mock2_electricity_vat_zero,No VAT on household electricity to March 2028,2026,142500.0,93053.94,93053.94
mock2_electricity_vat_zero,No VAT on household electricity to March 2028,2026,143250.0,93451.44,93451.44
mock2_electricity_vat_zero,No VAT on household electricity to March 2028,2026,144000.0,93848.94,93848.94
mock2_electricity_vat_zero,No VAT on household electricity to March 2028,2026,144750.0,94246.44,94246.44
mock2_electricity_vat_zero,No VAT on household electricity to March 2028,2026,145500.0,94643.94,94643.94
mock2_electricity_vat_zero,No VAT on household electricity to March 2028,2026,146250.0,95041.44,95041.44
mock2_electricity_vat_zero,No VAT on household electricity to March 2028,2026,147000.0,95438.94,95438.94
mock2_electricity_vat_zero,No VAT on household electricity to March 2028,2026,147750.0,95836.44,95836.44
mock2_electricity_vat_zero,No VAT on household electricity to March 2028,2026,148500.0,96233.94,96233.94
mock2_electricity_vat_zero,No VAT on household electricity to March 2028,2026,149250.0,96631.44,96631.44
mock2_electricity_vat_zero,No VAT on household electricity to March 2028,2026,150000.0,97028.94,97028.94
mock2_electricity_vat_zero,No VAT on household electricity to March 2028,2027,0.0,24420.266,24420.266
mock2_electricity_vat_zero,No VAT on household electricity to March 2028,2027,750.0,25170.266,25170.266
mock2_electricity_vat_zero,No VAT on household electricity to March 2028,2027,1500.0,25920.266,25920.266
mock2_electricity_vat_zero,No VAT on household electricity to March 2028,2027,2250.0,26670.266,26670.266
mock2_electricity_vat_zero,No VAT on household electricity to March 2028,2027,3000.0,27420.266,27420.266
mock2_electricity_vat_zero,No VAT on household electricity to March 2028,2027,3750.0,28170.266,28170.266
mock2_electricity_vat_zero,No VAT on household electricity to March 2028,2027,4500.0,28920.266,28920.266
mock2_electricity_vat_zero,No VAT on household electricity to March 2028,2027,5250.0,29670.266,29670.266
mock2_electricity_vat_zero,No VAT on household electricity to March 2028,2027,6000.0,30420.266,30420.266
mock2_electricity_vat_zero,No VAT on household electricity to March 2028,2027,6750.0,31170.266,31170.266
mock2_electricity_vat_zero,No VAT on household electricity to March 2028,2027,7500.0,31920.266,31920.266
mock2_electricity_vat_zero,No VAT on household electricity to March 2028,2027,8250.0,32670.266,32670.266
mock2_electricity_vat_zero,No VAT on household electricity to March 2028,2027,9000.0,33420.266,33420.266
mock2_electricity_vat_zero,No VAT on household electricity to March 2028,2027,9750.0,34170.266,34170.266
mock2_electricity_vat_zero,No VAT on household electricity to March 2028,2027,10500.0,34920.266,34920.266
mock2_electricity_vat_zero,No VAT on household electricity to March 2028,2027,11250.0,35670.266,35670.266
mock2_electricity_vat_zero,No VAT on household electricity to March 2028,2027,12000.0,36420.266,36420.266
mock2_electricity_vat_zero,No VAT on household electricity to March 2028,2027,12750.0,37155.86,37155.86
mock2_electricity_vat_zero,No VAT on household electricity to March 2028,2027,13500.0,37845.86,37845.86
mock2_electricity_vat_zero,No VAT on household electricity to March 2028,2027,14250.0,38535.86,38535.86
mock2_electricity_vat_zero,No VAT on household electricity to March 2028,2027,15000.0,39225.86,39225.86
mock2_electricity_vat_zero,No VAT on household electricity to March 2028,2027,15750.0,39915.86,39915.86
mock2_electricity_vat_zero,No VAT on household electricity to March 2028,2027,16500.0,40605.86,40605.86
mock2_electricity_vat_zero,No VAT on household electricity to March 2028,2027,17250.0,41295.86,41295.86
mock2_electricity_vat_zero,No VAT on household electricity to March 2028,2027,18000.0,41985.86,41985.86
mock2_electricity_vat_zero,No VAT on household electricity to March 2028,2027,18750.0,42675.86,42675.86
mock2_electricity_vat_zero,No VAT on household electricity to March 2028,2027,19500.0,43239.547,43239.547
mock2_electricity_vat_zero,No VAT on household electricity to March 2028,2027,20250.0,43550.047,43550.047
mock2_electricity_vat_zero,No VAT on household electricity to March 2028,2027,21000.0,43860.547,43860.547
mock2_electricity_vat_zero,No VAT on household electricity to March 2028,2027,21750.0,44171.047,44171.047
mock2_electricity_vat_zero,No VAT on household electricity to March 2028,2027,22500.0,44481.547,44481.547
mock2_electricity_vat_zero,No VAT on household electricity to March 2028,2027,23250.0,44792.047,44792.047
mock2_electricity_vat_zero,No VAT on household electricity to March 2028,2027,24000.0,45087.25,45087.25
mock2_electricity_vat_zero,No VAT on household electricity to March 2028,2027,24750.0,45330.25,45330.25
mock2_electricity_vat_zero,No VAT on household electricity to March 2028,2027,25500.0,45573.25,45573.25
mock2_electricity_vat_zero,No VAT on household electricity to March 2028,2027,26250.0,45816.25,45816.25
mock2_electricity_vat_zero,No VAT on household electricity to March 2028,2027,27000.0,46059.25,46059.25
mock2_electricity_vat_zero,No VAT on household electricity to March 2028,2027,27750.0,46302.25,46302.25
mock2_electricity_vat_zero,No VAT on household electricity to March 2028,2027,28500.0,46545.25,46545.25
mock2_electricity_vat_zero,No VAT on household electricity to March 2028,2027,29250.0,46788.25,46788.25
mock2_electricity_vat_zero,No VAT on household electricity to March 2028,2027,30000.0,47031.25,47031.25
mock2_electricity_vat_zero,No VAT on household electricity to March 2028,2027,30750.0,47274.25,47274.25
mock2_electricity_vat_zero,No VAT on household electricity to March 2028,2027,31500.0,47517.25,47517.25
mock2_electricity_vat_zero,No VAT on household electricity to March 2028,2027,32250.0,47760.25,47760.25
mock2_electricity_vat_zero,No VAT on household electricity to March 2028,2027,33000.0,48003.25,48003.25
mock2_electricity_vat_zero,No VAT on household electricity to March 2028,2027,33750.0,48246.25,48246.25
mock2_electricity_vat_zero,No VAT on household electricity to March 2028,2027,34500.0,48489.25,48489.25
mock2_electricity_vat_zero,No VAT on household electricity to March 2028,2027,35250.0,48732.25,48732.25
mock2_electricity_vat_zero,No VAT on household electricity to March 2028,2027,36000.0,48975.25,48975.25
mock2_electricity_vat_zero,No VAT on household electricity to March 2028,2027,36750.0,49218.25,49218.25
mock2_electricity_vat_zero,No VAT on household electricity to March 2028,2027,37500.0,49461.25,49461.25
mock2_electricity_vat_zero,No VAT on household electricity to March 2028,2027,38250.0,49704.25,49704.25
mock2_electricity_vat_zero,No VAT on household electricity to March 2028,2027,39000.0,49947.25,49947.25
mock2_electricity_vat_zero,No VAT on household electricity to March 2028,2027,39750.0,50190.25,50190.25
mock2_electricity_vat_zero,No VAT on household electricity to March 2028,2027,40500.0,50433.25,50433.25
mock2_electricity_vat_zero,No VAT on household electricity to March 2028,2027,41250.0,50676.25,50676.25
mock2_electricity_vat_zero,No VAT on household electricity to March 2028,2027,42000.0,50919.25,50919.25
mock2_electricity_vat_zero,No VAT on household electricity to March 2028,2027,42750.0,51162.25,51162.25
mock2_electricity_vat_zero,No VAT on household electricity to March 2028,2027,43500.0,51405.25,51405.25
mock2_electricity_vat_zero,No VAT on household electricity to March 2028,2027,44250.0,51648.25,51648.25
mock2_electricity_vat_zero,No VAT on household electricity to March 2028,2027,45000.0,51891.25,51891.25
mock2_electricity_vat_zero,No VAT on household electricity to March 2028,2027,45750.0,52134.25,52134.25
mock2_electricity_vat_zero,No VAT on household electricity to March 2028,2027,46500.0,52377.25,52377.25
mock2_electricity_vat_zero,No VAT on household electricity to March 2028,2027,47250.0,52620.25,52620.25
mock2_electricity_vat_zero,No VAT on household electricity to March 2028,2027,48000.0,52863.25,52863.25
mock2_electricity_vat_zero,No VAT on household electricity to March 2028,2027,48750.0,53106.25,53106.25
mock2_electricity_vat_zero,No VAT on household electricity to March 2028,2027,49500.0,53349.25,53349.25
mock2_electricity_vat_zero,No VAT on household electricity to March 2028,2027,50250.0,53592.25,53592.25
mock2_electricity_vat_zero,No VAT on household electricity to March 2028,2027,51000.0,53854.96,53854.96
mock2_electricity_vat_zero,No VAT on household electricity to March 2028,2027,51750.0,54118.21,54118.21
mock2_electricity_vat_zero,No VAT on household electricity to March 2028,2027,52500.0,54381.46,54381.46
mock2_electricity_vat_zero,No VAT on household electricity to March 2028,2027,53250.0,54644.71,54644.71
mock2_electricity_vat_zero,No VAT on household electricity to March 2028,2027,54000.0,54864.16,54864.16
mock2_electricity_vat_zero,No VAT on household electricity to March 2028,2027,54750.0,55082.41,55082.41
mock2_electricity_vat_zero,No VAT on household electricity to March 2028,2027,55500.0,55300.66,55300.66
mock2_electricity_vat_zero,No VAT on household electricity to March 2028,2027,56250.0,55518.91,55518.91
mock2_electricity_vat_zero,No VAT on household electricity to March 2028,2027,57000.0,55737.156,55737.156
mock2_electricity_vat_zero,No VAT on household electricity to March 2028,2027,57750.0,55955.406,55955.406
mock2_electricity_vat_zero,No VAT on household electricity to March 2028,2027,58500.0,56173.656,56173.656
mock2_electricity_vat_zero,No VAT on household electricity to March 2028,2027,59250.0,56391.906,56391.906
mock2_electricity_vat_zero,No VAT on household electricity to March 2028,2027,60000.0,56610.156,56610.156
mock2_electricity_vat_zero,No VAT on household electricity to March 2028,2027,60750.0,56575.234,56575.234
mock2_electricity_vat_zero,No VAT on household electricity to March 2028,2027,61500.0,56645.61,56645.61
mock2_electricity_vat_zero,No VAT on household electricity to March 2028,2027,62250.0,56715.984,56715.984
mock2_electricity_vat_zero,No VAT on household electricity to March 2028,2027,63000.0,56786.35,56786.35
mock2_electricity_vat_zero,No VAT on household electricity to March 2028,2027,63750.0,56856.727,56856.727
mock2_electricity_vat_zero,No VAT on household electricity to March 2028,2027,64500.0,56927.1,56927.1
mock2_electricity_vat_zero,No VAT on household electricity to March 2028,2027,65250.0,56997.477,56997.477
mock2_electricity_vat_zero,No VAT on household electricity to March 2028,2027,66000.0,57067.85,57067.85
mock2_electricity_vat_zero,No VAT on household electricity to March 2028,2027,66750.0,57138.227,57138.227
mock2_electricity_vat_zero,No VAT on household electricity to March 2028,2027,67500.0,57208.594,57208.594
mock2_electricity_vat_zero,No VAT on household electricity to March 2028,2027,68250.0,57382.344,57382.344
mock2_electricity_vat_zero,No VAT on household electricity to March 2028,2027,69000.0,57691.97,57691.97
mock2_electricity_vat_zero,No VAT on household electricity to March 2028,2027,69750.0,58001.594,58001.594
mock2_electricity_vat_zero,No VAT on household electricity to March 2028,2027,70500.0,58311.22,58311.22
mock2_electricity_vat_zero,No VAT on household electricity to March 2028,2027,71250.0,58620.844,58620.844
mock2_electricity_vat_zero,No VAT on household electricity to March 2028,2027,72000.0,58930.47,58930.47
mock2_electricity_vat_zero,No VAT on household electricity to March 2028,2027,72750.0,59240.094,59240.094
mock2_electricity_vat_zero,No VAT on household electricity to March 2028,2027,73500.0,59549.72,59549.72
mock2_electricity_vat_zero,No VAT on household electricity to March 2028,2027,74250.0,59859.344,59859.344
mock2_electricity_vat_zero,No VAT on household electricity to March 2028,2027,75000.0,60168.96,60168.96
mock2_electricity_vat_zero,No VAT on household electricity to March 2028,2027,75750.0,60478.586,60478.586
mock2_electricity_vat_zero,No VAT on household electricity to March 2028,2027,76500.0,60788.21,60788.21
mock2_electricity_vat_zero,No VAT on household electricity to March 2028,2027,77250.0,61097.836,61097.836
mock2_electricity_vat_zero,No VAT on household electricity to March 2028,2027,78000.0,61407.46,61407.46
mock2_electricity_vat_zero,No VAT on household electricity to March 2028,2027,78750.0,61717.08,61717.08
mock2_electricity_vat_zero,No VAT on household electricity to March 2028,2027,79500.0,62026.703,62026.703
mock2_electricity_vat_zero,No VAT on household electricity to March 2028,2027,80250.0,62378.125,62378.125
mock2_electricity_vat_zero,No VAT on household electricity to March 2028,2027,81000.0,62813.125,62813.125
mock2_electricity_vat_zero,No VAT on household electricity to March 2028,2027,81750.0,63248.125,63248.125
mock2_electricity_vat_zero,No VAT on household electricity to March 2028,2027,82500.0,63683.125,63683.125
mock2_electricity_vat_zero,No VAT on household electricity to March 2028,2027,83250.0,64118.125,64118.125
mock2_electricity_vat_zero,No VAT on household electricity to March 2028,2027,84000.0,64553.125,64553.125
mock2_electricity_vat_zero,No VAT on household electricity to March 2028,2027,84750.0,64988.125,64988.125
mock2_electricity_vat_zero,No VAT on household electricity to March 2028,2027,85500.0,65423.125,65423.125
mock2_electricity_vat_zero,No VAT on household electricity to March 2028,2027,86250.0,65858.125,65858.125
mock2_electricity_vat_zero,No VAT on household electricity to March 2028,2027,87000.0,66293.125,66293.125
mock2_electricity_vat_zero,No VAT on household electricity to March 2028,2027,87750.0,66728.125,66728.125
mock2_electricity_vat_zero,No VAT on household electricity to March 2028,2027,88500.0,67163.125,67163.125
mock2_electricity_vat_zero,No VAT on household electricity to March 2028,2027,89250.0,67598.125,67598.125
mock2_electricity_vat_zero,No VAT on household electricity to March 2028,2027,90000.0,68033.125,68033.125
mock2_electricity_vat_zero,No VAT on household electricity to March 2028,2027,90750.0,68468.125,68468.125
mock2_electricity_vat_zero,No VAT on household electricity to March 2028,2027,91500.0,68903.125,68903.125
mock2_electricity_vat_zero,No VAT on household electricity to March 2028,2027,92250.0,69338.125,69338.125
mock2_electricity_vat_zero,No VAT on household electricity to March 2028,2027,93000.0,69773.125,69773.125
mock2_electricity_vat_zero,No VAT on household electricity to March 2028,2027,93750.0,70208.125,70208.125
mock2_electricity_vat_zero,No VAT on household electricity to March 2028,2027,94500.0,70643.125,70643.125
mock2_electricity_vat_zero,No VAT on household electricity to March 2028,2027,95250.0,71078.125,71078.125
mock2_electricity_vat_zero,No VAT on household electricity to March 2028,2027,96000.0,71513.125,71513.125
mock2_electricity_vat_zero,No VAT on household electricity to March 2028,2027,96750.0,71948.125,71948.125
mock2_electricity_vat_zero,No VAT on household electricity to March 2028,2027,97500.0,72383.125,72383.125
mock2_electricity_vat_zero,No VAT on household electricity to March 2028,2027,98250.0,72818.125,72818.125
mock2_electricity_vat_zero,No VAT on household electricity to March 2028,2027,99000.0,73253.125,73253.125
mock2_electricity_vat_zero,No VAT on household electricity to March 2028,2027,99750.0,73688.125,73688.125
mock2_electricity_vat_zero,No VAT on household electricity to March 2028,2027,100500.0,74023.125,74023.125
mock2_electricity_vat_zero,No VAT on household electricity to March 2028,2027,101250.0,74308.125,74308.125
mock2_electricity_vat_zero,No VAT on household electricity to March 2028,2027,102000.0,74593.125,74593.125
mock2_electricity_vat_zero,No VAT on household electricity to March 2028,2027,102750.0,74878.125,74878.125
mock2_electricity_vat_zero,No VAT on household electricity to March 2028,2027,103500.0,75163.125,75163.125
mock2_electricity_vat_zero,No VAT on household electricity to March 2028,2027,104250.0,75448.125,75448.125
mock2_electricity_vat_zero,No VAT on household electricity to March 2028,2027,105000.0,75733.125,75733.125
mock2_electricity_vat_zero,No VAT on household electricity to March 2028,2027,105750.0,76018.125,76018.125
mock2_electricity_vat_zero,No VAT on household electricity to March 2028,2027,106500.0,76303.125,76303.125
mock2_electricity_vat_zero,No VAT on household electricity to March 2028,2027,107250.0,76588.125,76588.125
mock2_electricity_vat_zero,No VAT on household electricity to March 2028,2027,108000.0,76873.125,76873.125
mock2_electricity_vat_zero,No VAT on household electricity to March 2028,2027,108750.0,77158.125,77158.125
mock2_electricity_vat_zero,No VAT on household electricity to March 2028,2027,109500.0,77443.125,77443.125
mock2_electricity_vat_zero,No VAT on household electricity to March 2028,2027,110250.0,77728.125,77728.125
mock2_electricity_vat_zero,No VAT on household electricity to March 2028,2027,111000.0,78013.125,78013.125
mock2_electricity_vat_zero,No VAT on household electricity to March 2028,2027,111750.0,78298.125,78298.125
mock2_electricity_vat_zero,No VAT on household electricity to March 2028,2027,112500.0,78583.125,78583.125
mock2_electricity_vat_zero,No VAT on household electricity to March 2028,2027,113250.0,78868.125,78868.125
mock2_electricity_vat_zero,No VAT on household electricity to March 2028,2027,114000.0,79153.125,79153.125
mock2_electricity_vat_zero,No VAT on household electricity to March 2028,2027,114750.0,79438.125,79438.125
mock2_electricity_vat_zero,No VAT on household electricity to March 2028,2027,115500.0,79723.125,79723.125
mock2_electricity_vat_zero,No VAT on household electricity to March 2028,2027,116250.0,80008.125,80008.125
mock2_electricity_vat_zero,No VAT on household electricity to March 2028,2027,117000.0,80293.125,80293.125
mock2_electricity_vat_zero,No VAT on household electricity to March 2028,2027,117750.0,80578.125,80578.125
mock2_electricity_vat_zero,No VAT on household electricity to March 2028,2027,118500.0,80863.125,80863.125
mock2_electricity_vat_zero,No VAT on household electricity to March 2028,2027,119250.0,81148.125,81148.125
mock2_electricity_vat_zero,No VAT on household electricity to March 2028,2027,120000.0,81433.125,81433.125
mock2_electricity_vat_zero,No VAT on household electricity to March 2028,2027,120750.0,81718.125,81718.125
mock2_electricity_vat_zero,No VAT on household electricity to March 2028,2027,121500.0,82003.125,82003.125
mock2_electricity_vat_zero,No VAT on household electricity to March 2028,2027,122250.0,82288.125,82288.125
mock2_electricity_vat_zero,No VAT on household electricity to March 2028,2027,123000.0,82573.125,82573.125
mock2_electricity_vat_zero,No VAT on household electricity to March 2028,2027,123750.0,82858.125,82858.125
mock2_electricity_vat_zero,No VAT on household electricity to March 2028,2027,124500.0,83143.125,83143.125
mock2_electricity_vat_zero,No VAT on household electricity to March 2028,2027,125250.0,83450.125,83450.125
mock2_electricity_vat_zero,No VAT on household electricity to March 2028,2027,126000.0,83885.125,83885.125
mock2_electricity_vat_zero,No VAT on household electricity to March 2028,2027,126750.0,84320.125,84320.125
mock2_electricity_vat_zero,No VAT on household electricity to March 2028,2027,127500.0,84755.125,84755.125
mock2_electricity_vat_zero,No VAT on household electricity to March 2028,2027,128250.0,85190.125,85190.125
mock2_electricity_vat_zero,No VAT on household electricity to March 2028,2027,129000.0,85625.125,85625.125
mock2_electricity_vat_zero,No VAT on household electricity to March 2028,2027,129750.0,86060.125,86060.125
mock2_electricity_vat_zero,No VAT on household electricity to March 2028,2027,130500.0,86495.125,86495.125
mock2_electricity_vat_zero,No VAT on household electricity to March 2028,2027,131250.0,86930.125,86930.125
mock2_electricity_vat_zero,No VAT on household electricity to March 2028,2027,132000.0,87365.125,87365.125
mock2_electricity_vat_zero,No VAT on household electricity to March 2028,2027,132750.0,87800.125,87800.125
mock2_electricity_vat_zero,No VAT on household electricity to March 2028,2027,133500.0,88235.125,88235.125
mock2_electricity_vat_zero,No VAT on household electricity to March 2028,2027,134250.0,88670.125,88670.125
mock2_electricity_vat_zero,No VAT on household electricity to March 2028,2027,135000.0,89105.125,89105.125
mock2_electricity_vat_zero,No VAT on household electricity to March 2028,2027,135750.0,89509.625,89509.625
mock2_electricity_vat_zero,No VAT on household electricity to March 2028,2027,136500.0,89907.125,89907.125
mock2_electricity_vat_zero,No VAT on household electricity to March 2028,2027,137250.0,90304.625,90304.625
mock2_electricity_vat_zero,No VAT on household electricity to March 2028,2027,138000.0,90702.125,90702.125
mock2_electricity_vat_zero,No VAT on household electricity to March 2028,2027,138750.0,91099.625,91099.625
mock2_electricity_vat_zero,No VAT on household electricity to March 2028,2027,139500.0,91497.125,91497.125
mock2_electricity_vat_zero,No VAT on household electricity to March 2028,2027,140250.0,91894.625,91894.625
mock2_electricity_vat_zero,No VAT on household electricity to March 2028,2027,141000.0,92292.125,92292.125
mock2_electricity_vat_zero,No VAT on household electricity to March 2028,2027,141750.0,92689.625,92689.625
mock2_electricity_vat_zero,No VAT on household electricity to March 2028,2027,142500.0,93087.125,93087.125
mock2_electricity_vat_zero,No VAT on household electricity to March 2028,2027,143250.0,93484.625,93484.625
mock2_electricity_vat_zero,No VAT on household electricity to March 2028,2027,144000.0,93882.125,93882.125
mock2_electricity_vat_zero,No VAT on household electricity to March 2028,2027,144750.0,94279.625,94279.625
mock2_electricity_vat_zero,No VAT on household electricity to March 2028,2027,145500.0,94677.125,94677.125
mock2_electricity_vat_zero,No VAT on household electricity to March 2028,2027,146250.0,95074.625,95074.625
mock2_electricity_vat_zero,No VAT on household electricity to March 2028,2027,147000.0,95472.125,95472.125
mock2_electricity_vat_zero,No VAT on household electricity to March 2028,2027,147750.0,95869.625,95869.625
mock2_electricity_vat_zero,No VAT on household electricity to March 2028,2027,148500.0,96267.125,96267.125
mock2_electricity_vat_zero,No VAT on household electricity to March 2028,2027,149250.0,96664.625,96664.625
mock2_electricity_vat_zero,No VAT on household electricity to March 2028,2027,150000.0,97062.125,97062.125
mock2_electricity_vat_zero,No VAT on household electricity to March 2028,2028,0.0,24932.484,24932.484
mock2_electricity_vat_zero,No VAT on household electricity to March 2028,2028,750.0,25682.484,25682.484
mock2_electricity_vat_zero,No VAT on household electricity to March 2028,2028,1500.0,26432.484,26432.484
mock2_electricity_vat_zero,No VAT on household electricity to March 2028,2028,2250.0,27182.484,27182.484
mock2_electricity_vat_zero,No VAT on household electricity to March 2028,2028,3000.0,27932.484,27932.484
mock2_electricity_vat_zero,No VAT on household electricity to March 2028,2028,3750.0,28682.484,28682.484
mock2_electricity_vat_zero,No VAT on household electricity to March 2028,2028,4500.0,29432.484,29432.484
mock2_electricity_vat_zero,No VAT on household electricity to March 2028,2028,5250.0,30182.484,30182.484
mock2_electricity_vat_zero,No VAT on household electricity to March 2028,2028,6000.0,30932.484,30932.484
mock2_electricity_vat_zero,No VAT on household electricity to March 2028,2028,6750.0,31682.484,31682.484
mock2_electricity_vat_zero,No VAT on household electricity to March 2028,2028,7500.0,32432.484,32432.484
mock2_electricity_vat_zero,No VAT on household electricity to March 2028,2028,8250.0,33182.484,33182.484
mock2_electricity_vat_zero,No VAT on household electricity to March 2028,2028,9000.0,33932.484,33932.484
mock2_electricity_vat_zero,No VAT on household electricity to March 2028,2028,9750.0,34682.484,34682.484
mock2_electricity_vat_zero,No VAT on household electricity to March 2028,2028,10500.0,35432.484,35432.484
mock2_electricity_vat_zero,No VAT on household electricity to March 2028,2028,11250.0,36182.484,36182.484
mock2_electricity_vat_zero,No VAT on household electricity to March 2028,2028,12000.0,36932.484,36932.484
mock2_electricity_vat_zero,No VAT on household electricity to March 2028,2028,12750.0,37668.082,37668.082
mock2_electricity_vat_zero,No VAT on household electricity to March 2028,2028,13500.0,38358.082,38358.082
mock2_electricity_vat_zero,No VAT on household electricity to March 2028,2028,14250.0,39048.082,39048.082
mock2_electricity_vat_zero,No VAT on household electricity to March 2028,2028,15000.0,39738.082,39738.082
mock2_electricity_vat_zero,No VAT on household electricity to March 2028,2028,15750.0,40428.082,40428.082
mock2_electricity_vat_zero,No VAT on household electricity to March 2028,2028,16500.0,41118.082,41118.082
mock2_electricity_vat_zero,No VAT on household electricity to March 2028,2028,17250.0,41808.082,41808.082
mock2_electricity_vat_zero,No VAT on household electricity to March 2028,2028,18000.0,42498.082,42498.082
mock2_electricity_vat_zero,No VAT on household electricity to March 2028,2028,18750.0,43188.082,43188.082
mock2_electricity_vat_zero,No VAT on household electricity to March 2028,2028,19500.0,43847.637,43847.637
mock2_electricity_vat_zero,No VAT on household electricity to March 2028,2028,20250.0,44158.137,44158.137
mock2_electricity_vat_zero,No VAT on household electricity to March 2028,2028,21000.0,44468.637,44468.637
mock2_electricity_vat_zero,No VAT on household electricity to March 2028,2028,21750.0,44779.137,44779.137
mock2_electricity_vat_zero,No VAT on household electricity to March 2028,2028,22500.0,45089.637,45089.637
mock2_electricity_vat_zero,No VAT on household electricity to March 2028,2028,23250.0,45400.137,45400.137
mock2_electricity_vat_zero,No VAT on household electricity to March 2028,2028,24000.0,45695.34,45695.34
mock2_electricity_vat_zero,No VAT on household electricity to March 2028,2028,24750.0,45938.34,45938.34
mock2_electricity_vat_zero,No VAT on household electricity to March 2028,2028,25500.0,46181.34,46181.34
mock2_electricity_vat_zero,No VAT on household electricity to March 2028,2028,26250.0,46424.34,46424.34
mock2_electricity_vat_zero,No VAT on household electricity to March 2028,2028,27000.0,46667.336,46667.336
mock2_electricity_vat_zero,No VAT on household electricity to March 2028,2028,27750.0,46910.336,46910.336
mock2_electricity_vat_zero,No VAT on household electricity to March 2028,2028,28500.0,47153.336,47153.336
mock2_electricity_vat_zero,No VAT on household electricity to March 2028,2028,29250.0,47396.336,47396.336
mock2_electricity_vat_zero,No VAT on household electricity to March 2028,2028,30000.0,47639.336,47639.336
mock2_electricity_vat_zero,No VAT on household electricity to March 2028,2028,30750.0,47882.336,47882.336
mock2_electricity_vat_zero,No VAT on household electricity to March 2028,2028,31500.0,48125.336,48125.336
mock2_electricity_vat_zero,No VAT on household electricity to March 2028,2028,32250.0,48368.336,48368.336
mock2_electricity_vat_zero,No VAT on household electricity to March 2028,2028,33000.0,48611.336,48611.336
mock2_electricity_vat_zero,No VAT on household electricity to March 2028,2028,33750.0,48854.336,48854.336
mock2_electricity_vat_zero,No VAT on household electricity to March 2028,2028,34500.0,49097.336,49097.336
mock2_electricity_vat_zero,No VAT on household electricity to March 2028,2028,35250.0,49340.336,49340.336
mock2_electricity_vat_zero,No VAT on household electricity to March 2028,2028,36000.0,49583.336,49583.336
mock2_electricity_vat_zero,No VAT on household electricity to March 2028,2028,36750.0,49826.336,49826.336
mock2_electricity_vat_zero,No VAT on household electricity to March 2028,2028,37500.0,50069.336,50069.336
mock2_electricity_vat_zero,No VAT on household electricity to March 2028,2028,38250.0,50312.336,50312.336
mock2_electricity_vat_zero,No VAT on household electricity to March 2028,2028,39000.0,50555.336,50555.336
mock2_electricity_vat_zero,No VAT on household electricity to March 2028,2028,39750.0,50798.336,50798.336
mock2_electricity_vat_zero,No VAT on household electricity to March 2028,2028,40500.0,51041.336,51041.336
mock2_electricity_vat_zero,No VAT on household electricity to March 2028,2028,41250.0,51284.336,51284.336
mock2_electricity_vat_zero,No VAT on household electricity to March 2028,2028,42000.0,51527.336,51527.336
mock2_electricity_vat_zero,No VAT on household electricity to March 2028,2028,42750.0,51770.336,51770.336
mock2_electricity_vat_zero,No VAT on household electricity to March 2028,2028,43500.0,52013.336,52013.336
mock2_electricity_vat_zero,No VAT on household electricity to March 2028,2028,44250.0,52256.336,52256.336
mock2_electricity_vat_zero,No VAT on household electricity to March 2028,2028,45000.0,52499.336,52499.336
mock2_electricity_vat_zero,No VAT on household electricity to March 2028,2028,45750.0,52742.336,52742.336
mock2_electricity_vat_zero,No VAT on household electricity to March 2028,2028,46500.0,52985.336,52985.336
mock2_electricity_vat_zero,No VAT on household electricity to March 2028,2028,47250.0,53228.336,53228.336
mock2_electricity_vat_zero,No VAT on household electricity to March 2028,2028,48000.0,53471.336,53471.336
mock2_electricity_vat_zero,No VAT on household electricity to March 2028,2028,48750.0,53714.336,53714.336
mock2_electricity_vat_zero,No VAT on household electricity to March 2028,2028,49500.0,53957.336,53957.336
mock2_electricity_vat_zero,No VAT on household electricity to March 2028,2028,50250.0,54200.336,54200.336
mock2_electricity_vat_zero,No VAT on household electricity to March 2028,2028,51000.0,54463.05,54463.05
mock2_electricity_vat_zero,No VAT on household electricity to March 2028,2028,51750.0,54726.3,54726.3
mock2_electricity_vat_zero,No VAT on household electricity to March 2028,2028,52500.0,54989.55,54989.55
mock2_electricity_vat_zero,No VAT on household electricity to March 2028,2028,53250.0,55252.8,55252.8
mock2_electricity_vat_zero,No VAT on household electricity to March 2028,2028,54000.0,55472.25,55472.25
mock2_electricity_vat_zero,No VAT on household electricity to March 2028,2028,54750.0,55690.5,55690.5
mock2_electricity_vat_zero,No VAT on household electricity to March 2028,2028,55500.0,55908.75,55908.75
mock2_electricity_vat_zero,No VAT on household electricity to March 2028,2028,56250.0,56127.0,56127.0
mock2_electricity_vat_zero,No VAT on household electricity to March 2028,2028,57000.0,56345.25,56345.25
mock2_electricity_vat_zero,No VAT on household electricity to March 2028,2028,57750.0,56563.5,56563.5
mock2_electricity_vat_zero,No VAT on household electricity to March 2028,2028,58500.0,56781.75,56781.75
mock2_electricity_vat_zero,No VAT on household electricity to March 2028,2028,59250.0,57000.0,57000.0
mock2_electricity_vat_zero,No VAT on household electricity to March 2028,2028,60000.0,57218.25,57218.25
mock2_electricity_vat_zero,No VAT on household electricity to March 2028,2028,60750.0,57180.812,57180.812
mock2_electricity_vat_zero,No VAT on household electricity to March 2028,2028,61500.0,57248.68,57248.68
mock2_electricity_vat_zero,No VAT on household electricity to March 2028,2028,62250.0,57316.547,57316.547
mock2_electricity_vat_zero,No VAT on household electricity to March 2028,2028,63000.0,57384.414,57384.414
mock2_electricity_vat_zero,No VAT on household electricity to March 2028,2028,63750.0,57452.28,57452.28
mock2_electricity_vat_zero,No VAT on household electricity to March 2028,2028,64500.0,57520.15,57520.15
mock2_electricity_vat_zero,No VAT on household electricity to March 2028,2028,65250.0,57588.016,57588.016
mock2_electricity_vat_zero,No VAT on household electricity to March 2028,2028,66000.0,57655.883,57655.883
mock2_electricity_vat_zero,No VAT on household electricity to March 2028,2028,66750.0,57723.75,57723.75
mock2_electricity_vat_zero,No VAT on household electricity to March 2028,2028,67500.0,57791.617,57791.617
mock2_electricity_vat_zero,No VAT on household electricity to March 2028,2028,68250.0,57859.484,57859.484
mock2_electricity_vat_zero,No VAT on household electricity to March 2028,2028,69000.0,57927.35,57927.35
mock2_electricity_vat_zero,No VAT on household electricity to March 2028,2028,69750.0,58093.625,58093.625
mock2_electricity_vat_zero,No VAT on household electricity to March 2028,2028,70500.0,58400.734,58400.734
mock2_electricity_vat_zero,No VAT on household electricity to March 2028,2028,71250.0,58707.86,58707.86
mock2_electricity_vat_zero,No VAT on household electricity to March 2028,2028,72000.0,59014.97,59014.97
mock2_electricity_vat_zero,No VAT on household electricity to March 2028,2028,72750.0,59322.086,59322.086
mock2_electricity_vat_zero,No VAT on household electricity to March 2028,2028,73500.0,59629.203,59629.203
mock2_electricity_vat_zero,No VAT on household electricity to March 2028,2028,74250.0,59936.32,59936.32
mock2_electricity_vat_zero,No VAT on household electricity to March 2028,2028,75000.0,60243.438,60243.438
mock2_electricity_vat_zero,No VAT on household electricity to March 2028,2028,75750.0,60550.555,60550.555
mock2_electricity_vat_zero,No VAT on household electricity to March 2028,2028,76500.0,60857.67,60857.67
mock2_electricity_vat_zero,No VAT on household electricity to March 2028,2028,77250.0,61164.79,61164.79
mock2_electricity_vat_zero,No VAT on household electricity to March 2028,2028,78000.0,61471.906,61471.906
mock2_electricity_vat_zero,No VAT on household electricity to March 2028,2028,78750.0,61779.023,61779.023
mock2_electricity_vat_zero,No VAT on household electricity to March 2028,2028,79500.0,62086.14,62086.14
mock2_electricity_vat_zero,No VAT on household electricity to March 2028,2028,80250.0,62435.883,62435.883
mock2_electricity_vat_zero,No VAT on household electricity to March 2028,2028,81000.0,62870.883,62870.883
mock2_electricity_vat_zero,No VAT on household electricity to March 2028,2028,81750.0,63305.883,63305.883
mock2_electricity_vat_zero,No VAT on household electricity to March 2028,2028,82500.0,63740.883,63740.883
mock2_electricity_vat_zero,No VAT on household electricity to March 2028,2028,83250.0,64175.883,64175.883
mock2_electricity_vat_zero,No VAT on household electricity to March 2028,2028,84000.0,64610.883,64610.883
mock2_electricity_vat_zero,No VAT on household electricity to March 2028,2028,84750.0,65045.883,65045.883
mock2_electricity_vat_zero,No VAT on household electricity to March 2028,2028,85500.0,65480.883,65480.883
mock2_electricity_vat_zero,No VAT on household electricity to March 2028,2028,86250.0,65915.88,65915.88
mock2_electricity_vat_zero,No VAT on household electricity to March 2028,2028,87000.0,66350.88,66350.88
mock2_electricity_vat_zero,No VAT on household electricity to March 2028,2028,87750.0,66785.88,66785.88
mock2_electricity_vat_zero,No VAT on household electricity to March 2028,2028,88500.0,67220.88,67220.88
mock2_electricity_vat_zero,No VAT on household electricity to March 2028,2028,89250.0,67655.88,67655.88
mock2_electricity_vat_zero,No VAT on household electricity to March 2028,2028,90000.0,68090.88,68090.88
mock2_electricity_vat_zero,No VAT on household electricity to March 2028,2028,90750.0,68525.88,68525.88
mock2_electricity_vat_zero,No VAT on household electricity to March 2028,2028,91500.0,68960.88,68960.88
mock2_electricity_vat_zero,No VAT on household electricity to March 2028,2028,92250.0,69395.88,69395.88
mock2_electricity_vat_zero,No VAT on household electricity to March 2028,2028,93000.0,69830.88,69830.88
mock2_electricity_vat_zero,No VAT on household electricity to March 2028,2028,93750.0,70265.88,70265.88
mock2_electricity_vat_zero,No VAT on household electricity to March 2028,2028,94500.0,70700.88,70700.88
mock2_electricity_vat_zero,No VAT on household electricity to March 2028,2028,95250.0,71135.88,71135.88
mock2_electricity_vat_zero,No VAT on household electricity to March 2028,2028,96000.0,71570.88,71570.88
mock2_electricity_vat_zero,No VAT on household electricity to March 2028,2028,96750.0,72005.88,72005.88
mock2_electricity_vat_zero,No VAT on household electricity to March 2028,2028,97500.0,72440.88,72440.88
mock2_electricity_vat_zero,No VAT on household electricity to March 2028,2028,98250.0,72875.88,72875.88
mock2_electricity_vat_zero,No VAT on household electricity to March 2028,2028,99000.0,73310.88,73310.88
mock2_electricity_vat_zero,No VAT on household electricity to March 2028,2028,99750.0,73745.88,73745.88
mock2_electricity_vat_zero,No VAT on household electricity to March 2028,2028,100500.0,74080.88,74080.88
mock2_electricity_vat_zero,No VAT on household electricity to March 2028,2028,101250.0,74365.88,74365.88
mock2_electricity_vat_zero,No VAT on household electricity to March 2028,2028,102000.0,74650.88,74650.88
mock2_electricity_vat_zero,No VAT on household electricity to March 2028,2028,102750.0,74935.88,74935.88
mock2_electricity_vat_zero,No VAT on household electricity to March 2028,2028,103500.0,75220.88,75220.88
mock2_electricity_vat_zero,No VAT on household electricity to March 2028,2028,104250.0,75505.88,75505.88
mock2_electricity_vat_zero,No VAT on household electricity to March 2028,2028,105000.0,75790.88,75790.88
mock2_electricity_vat_zero,No VAT on household electricity to March 2028,2028,105750.0,76075.88,76075.88
mock2_electricity_vat_zero,No VAT on household electricity to March 2028,2028,106500.0,76360.88,76360.88
mock2_electricity_vat_zero,No VAT on household electricity to March 2028,2028,107250.0,76645.88,76645.88
mock2_electricity_vat_zero,No VAT on household electricity to March 2028,2028,108000.0,76930.88,76930.88
mock2_electricity_vat_zero,No VAT on household electricity to March 2028,2028,108750.0,77215.88,77215.88
mock2_electricity_vat_zero,No VAT on household electricity to March 2028,2028,109500.0,77500.88,77500.88
mock2_electricity_vat_zero,No VAT on household electricity to March 2028,2028,110250.0,77785.88,77785.88
mock2_electricity_vat_zero,No VAT on household electricity to March 2028,2028,111000.0,78070.88,78070.88
mock2_electricity_vat_zero,No VAT on household electricity to March 2028,2028,111750.0,78355.88,78355.88
mock2_electricity_vat_zero,No VAT on household electricity to March 2028,2028,112500.0,78640.88,78640.88
mock2_electricity_vat_zero,No VAT on household electricity to March 2028,2028,113250.0,78925.88,78925.88
mock2_electricity_vat_zero,No VAT on household electricity to March 2028,2028,114000.0,79210.88,79210.88
mock2_electricity_vat_zero,No VAT on household electricity to March 2028,2028,114750.0,79495.88,79495.88
mock2_electricity_vat_zero,No VAT on household electricity to March 2028,2028,115500.0,79780.88,79780.88
mock2_electricity_vat_zero,No VAT on household electricity to March 2028,2028,116250.0,80065.88,80065.88
mock2_electricity_vat_zero,No VAT on household electricity to March 2028,2028,117000.0,80350.88,80350.88
mock2_electricity_vat_zero,No VAT on household electricity to March 2028,2028,117750.0,80635.88,80635.88
mock2_electricity_vat_zero,No VAT on household electricity to March 2028,2028,118500.0,80920.88,80920.88
mock2_electricity_vat_zero,No VAT on household electricity to March 2028,2028,119250.0,81205.88,81205.88
mock2_electricity_vat_zero,No VAT on household electricity to March 2028,2028,120000.0,81490.88,81490.88
mock2_electricity_vat_zero,No VAT on household electricity to March 2028,2028,120750.0,81775.88,81775.88
mock2_electricity_vat_zero,No VAT on household electricity to March 2028,2028,121500.0,82060.88,82060.88
mock2_electricity_vat_zero,No VAT on household electricity to March 2028,2028,122250.0,82345.88,82345.88
mock2_electricity_vat_zero,No VAT on household electricity to March 2028,2028,123000.0,82630.88,82630.88
mock2_electricity_vat_zero,No VAT on household electricity to March 2028,2028,123750.0,82915.88,82915.88
mock2_electricity_vat_zero,No VAT on household electricity to March 2028,2028,124500.0,83200.88,83200.88
mock2_electricity_vat_zero,No VAT on household electricity to March 2028,2028,125250.0,83507.88,83507.88
mock2_electricity_vat_zero,No VAT on household electricity to March 2028,2028,126000.0,83942.88,83942.88
mock2_electricity_vat_zero,No VAT on household electricity to March 2028,2028,126750.0,84377.88,84377.88
mock2_electricity_vat_zero,No VAT on household electricity to March 2028,2028,127500.0,84812.88,84812.88
mock2_electricity_vat_zero,No VAT on household electricity to March 2028,2028,128250.0,85247.88,85247.88
mock2_electricity_vat_zero,No VAT on household electricity to March 2028,2028,129000.0,85682.88,85682.88
mock2_electricity_vat_zero,No VAT on household electricity to March 2028,2028,129750.0,86117.88,86117.88
mock2_electricity_vat_zero,No VAT on household electricity to March 2028,2028,130500.0,86552.88,86552.88
mock2_electricity_vat_zero,No VAT on household electricity to March 2028,2028,131250.0,86987.88,86987.88
mock2_electricity_vat_zero,No VAT on household electricity to March 2028,2028,132000.0,87422.88,87422.88
mock2_electricity_vat_zero,No VAT on household electricity to March 2028,2028,132750.0,87857.88,87857.88
mock2_electricity_vat_zero,No VAT on household electricity to March 2028,2028,133500.0,88292.88,88292.88
mock2_electricity_vat_zero,No VAT on household electricity to March 2028,2028,134250.0,88727.88,88727.88
mock2_electricity_vat_zero,No VAT on household electricity to March 2028,2028,135000.0,89162.88,89162.88
mock2_electricity_vat_zero,No VAT on household electricity to March 2028,2028,135750.0,89567.38,89567.38
mock2_electricity_vat_zero,No VAT on household electricity to March 2028,2028,136500.0,89964.88,89964.88
mock2_electricity_vat_zero,No VAT on household electricity to March 2028,2028,137250.0,90362.38,90362.38
mock2_electricity_vat_zero,No VAT on household electricity to March 2028,2028,138000.0,90759.88,90759.88
mock2_electricity_vat_zero,No VAT on household electricity to March 2028,2028,138750.0,91157.38,91157.38
mock2_electricity_vat_zero,No VAT on household electricity to March 2028,2028,139500.0,91554.88,91554.88
mock2_electricity_vat_zero,No VAT on household electricity to March 2028,2028,140250.0,91952.38,91952.38
mock2_electricity_vat_zero,No VAT on household electricity to March 2028,2028,141000.0,92349.88,92349.88
mock2_electricity_vat_zero,No VAT on household electricity to March 2028,2028,141750.0,92747.38,92747.38
mock2_electricity_vat_zero,No VAT on household electricity to March 2028,2028,142500.0,93144.88,93144.88
mock2_electricity_vat_zero,No VAT on household electricity to March 2028,2028,143250.0,93542.38,93542.38
mock2_electricity_vat_zero,No VAT on household electricity to March 2028,2028,144000.0,93939.88,93939.88
mock2_electricity_vat_zero,No VAT on household electricity to March 2028,2028,144750.0,94337.38,94337.38
mock2_electricity_vat_zero,No VAT on household electricity to March 2028,2028,145500.0,94734.88,94734.88
mock2_electricity_vat_zero,No VAT on household electricity to March 2028,2028,146250.0,95132.38,95132.38
mock2_electricity_vat_zero,No VAT on household electricity to March 2028,2028,147000.0,95529.88,95529.88
mock2_electricity_vat_zero,No VAT on household electricity to March 2028,2028,147750.0,95927.38,95927.38
mock2_electricity_vat_zero,No VAT on household electricity to March 2028,2028,148500.0,96324.88,96324.88
mock2_electricity_vat_zero,No VAT on household electricity to March 2028,2028,149250.0,96722.38,96722.38
mock2_electricity_vat_zero,No VAT on household electricity to March 2028,2028,150000.0,97119.88,97119.88
mock2_electricity_vat_zero,No VAT on household electricity to March 2028,2029,0.0,25455.82,25455.82
mock2_electricity_vat_zero,No VAT on household electricity to March 2028,2029,750.0,26204.621,26204.621
mock2_electricity_vat_zero,No VAT on household electricity to March 2028,2029,1500.0,26953.422,26953.422
mock2_electricity_vat_zero,No VAT on household electricity to March 2028,2029,2250.0,27702.219,27702.219
mock2_electricity_vat_zero,No VAT on household electricity to March 2028,2029,3000.0,28451.02,28451.02
mock2_electricity_vat_zero,No VAT on household electricity to March 2028,2029,3750.0,29199.82,29199.82
mock2_electricity_vat_zero,No VAT on household electricity to March 2028,2029,4500.0,29948.621,29948.621
mock2_electricity_vat_zero,No VAT on household electricity to March 2028,2029,5250.0,30697.422,30697.422
mock2_electricity_vat_zero,No VAT on household electricity to March 2028,2029,6000.0,31446.219,31446.219
mock2_electricity_vat_zero,No VAT on household electricity to March 2028,2029,6750.0,32195.02,32195.02
mock2_electricity_vat_zero,No VAT on household electricity to March 2028,2029,7500.0,32943.82,32943.82
mock2_electricity_vat_zero,No VAT on household electricity to March 2028,2029,8250.0,33692.62,33692.62
mock2_electricity_vat_zero,No VAT on household electricity to March 2028,2029,9000.0,34441.42,34441.42
mock2_electricity_vat_zero,No VAT on household electricity to March 2028,2029,9750.0,35190.22,35190.22
mock2_electricity_vat_zero,No VAT on household electricity to March 2028,2029,10500.0,35939.02,35939.02
mock2_electricity_vat_zero,No VAT on household electricity to March 2028,2029,11250.0,36687.82,36687.82
mock2_electricity_vat_zero,No VAT on household electricity to March 2028,2029,12000.0,37436.62,37436.62
mock2_electricity_vat_zero,No VAT on household electricity to March 2028,2029,12750.0,38172.652,38172.652
mock2_electricity_vat_zero,No VAT on household electricity to March 2028,2029,13500.0,38861.547,38861.547
mock2_electricity_vat_zero,No VAT on household electricity to March 2028,2029,14250.0,39550.44,39550.44
mock2_electricity_vat_zero,No VAT on household electricity to March 2028,2029,15000.0,40239.34,40239.34
mock2_electricity_vat_zero,No VAT on household electricity to March 2028,2029,15750.0,40928.234,40928.234
mock2_electricity_vat_zero,No VAT on household electricity to March 2028,2029,16500.0,41617.133,41617.133
mock2_electricity_vat_zero,No VAT on household electricity to March 2028,2029,17250.0,42306.023,42306.023
mock2_electricity_vat_zero,No VAT on household electricity to March 2028,2029,18000.0,42994.92,42994.92
mock2_electricity_vat_zero,No VAT on household electricity to March 2028,2029,18750.0,43683.82,43683.82
mock2_electricity_vat_zero,No VAT on household electricity to March 2028,2029,19500.0,44372.715,44372.715
mock2_electricity_vat_zero,No VAT on household electricity to March 2028,2029,20250.0,44765.85,44765.85
mock2_electricity_vat_zero,No VAT on household electricity to March 2028,2029,21000.0,45075.85,45075.85
mock2_electricity_vat_zero,No VAT on household electricity to March 2028,2029,21750.0,45385.86,45385.86
mock2_electricity_vat_zero,No VAT on household electricity to March 2028,2029,22500.0,45695.86,45695.86
mock2_electricity_vat_zero,No VAT on household electricity to March 2028,2029,23250.0,46005.863,46005.863
mock2_electricity_vat_zero,No VAT on household electricity to March 2028,2029,24000.0,46304.023,46304.023
mock2_electricity_vat_zero,No VAT on household electricity to March 2028,2029,24750.0,46546.633,46546.633
mock2_electricity_vat_zero,No VAT on household electricity to March 2028,2029,25500.0,46789.246,46789.246
mock2_electricity_vat_zero,No VAT on household electricity to March 2028,2029,26250.0,47031.86,47031.86
mock2_electricity_vat_zero,No VAT on household electricity to March 2028,2029,27000.0,47274.47,47274.47
mock2_electricity_vat_zero,No VAT on household electricity to March 2028,2029,27750.0,47517.08,47517.08
mock2_electricity_vat_zero,No VAT on household electricity to March 2028,2029,28500.0,47759.688,47759.688
mock2_electricity_vat_zero,No VAT on household electricity to March 2028,2029,29250.0,48002.3,48002.3
mock2_electricity_vat_zero,No VAT on household electricity to March 2028,2029,30000.0,48244.914,48244.914
mock2_electricity_vat_zero,No VAT on household electricity to March 2028,2029,30750.0,48487.523,48487.523
mock2_electricity_vat_zero,No VAT on household electricity to March 2028,2029,31500.0,48730.137,48730.137
mock2_electricity_vat_zero,No VAT on household electricity to March 2028,2029,32250.0,48972.742,48972.742
mock2_electricity_vat_zero,No VAT on household electricity to March 2028,2029,33000.0,49215.36,49215.36
mock2_electricity_vat_zero,No VAT on household electricity to March 2028,2029,33750.0,49457.97,49457.97
mock2_electricity_vat_zero,No VAT on household electricity to March 2028,2029,34500.0,49700.58,49700.58
mock2_electricity_vat_zero,No VAT on household electricity to March 2028,2029,35250.0,49943.188,49943.188
mock2_electricity_vat_zero,No VAT on household electricity to March 2028,2029,36000.0,50185.805,50185.805
mock2_electricity_vat_zero,No VAT on household electricity to March 2028,2029,36750.0,50428.414,50428.414
mock2_electricity_vat_zero,No VAT on household electricity to March 2028,2029,37500.0,50671.023,50671.023
mock2_electricity_vat_zero,No VAT on household electricity to March 2028,2029,38250.0,50913.633,50913.633
mock2_electricity_vat_zero,No VAT on household electricity to March 2028,2029,39000.0,51156.242,51156.242
mock2_electricity_vat_zero,No VAT on household electricity to March 2028,2029,39750.0,51398.86,51398.86
mock2_electricity_vat_zero,No VAT on household electricity to March 2028,2029,40500.0,51641.47,51641.47
mock2_electricity_vat_zero,No VAT on household electricity to March 2028,2029,41250.0,51884.08,51884.08
mock2_electricity_vat_zero,No VAT on household electricity to March 2028,2029,42000.0,52126.688,52126.688
mock2_electricity_vat_zero,No VAT on household electricity to March 2028,2029,42750.0,52369.297,52369.297
mock2_electricity_vat_zero,No VAT on household electricity to March 2028,2029,43500.0,52611.914,52611.914
mock2_electricity_vat_zero,No VAT on household electricity to March 2028,2029,44250.0,52854.523,52854.523
mock2_electricity_vat_zero,No VAT on household electricity to March 2028,2029,45000.0,53097.133,53097.133
mock2_electricity_vat_zero,No VAT on household electricity to March 2028,2029,45750.0,53339.75,53339.75
mock2_electricity_vat_zero,No VAT on household electricity to March 2028,2029,46500.0,53582.36,53582.36
mock2_electricity_vat_zero,No VAT on household electricity to March 2028,2029,47250.0,53824.97,53824.97
mock2_electricity_vat_zero,No VAT on household electricity to March 2028,2029,48000.0,54067.58,54067.58
mock2_electricity_vat_zero,No VAT on household electricity to March 2028,2029,48750.0,54310.188,54310.188
mock2_electricity_vat_zero,No VAT on household electricity to March 2028,2029,49500.0,54552.805,54552.805
mock2_electricity_vat_zero,No VAT on household electricity to March 2028,2029,50250.0,54795.414,54795.414
mock2_electricity_vat_zero,No VAT on household electricity to March 2028,2029,51000.0,55055.53,55055.53
mock2_electricity_vat_zero,No VAT on household electricity to March 2028,2029,51750.0,55318.367,55318.367
mock2_electricity_vat_zero,No VAT on household electricity to March 2028,2029,52500.0,55581.195,55581.195
mock2_electricity_vat_zero,No VAT on household electricity to March 2028,2029,53250.0,55844.016,55844.016
mock2_electricity_vat_zero,No VAT on household electricity to March 2028,2029,54000.0,56068.227,56068.227
mock2_electricity_vat_zero,No VAT on household electricity to March 2028,2029,54750.0,56286.125,56286.125
mock2_electricity_vat_zero,No VAT on household electricity to March 2028,2029,55500.0,56504.03,56504.03
mock2_electricity_vat_zero,No VAT on household electricity to March 2028,2029,56250.0,56721.93,56721.93
mock2_electricity_vat_zero,No VAT on household electricity to March 2028,2029,57000.0,56939.83,56939.83
mock2_electricity_vat_zero,No VAT on household electricity to March 2028,2029,57750.0,57157.734,57157.734
mock2_electricity_vat_zero,No VAT on household electricity to March 2028,2029,58500.0,57375.64,57375.64
mock2_electricity_vat_zero,No VAT on household electricity to March 2028,2029,59250.0,57593.547,57593.547
mock2_electricity_vat_zero,No VAT on household electricity to March 2028,2029,60000.0,57811.438,57811.438
mock2_electricity_vat_zero,No VAT on household electricity to March 2028,2029,60750.0,57790.914,57790.914
mock2_electricity_vat_zero,No VAT on household electricity to March 2028,2029,61500.0,57856.125,57856.125
mock2_electricity_vat_zero,No VAT on household electricity to March 2028,2029,62250.0,57921.33,57921.33
mock2_electricity_vat_zero,No VAT on household electricity to March 2028,2029,63000.0,57986.53,57986.53
mock2_electricity_vat_zero,No VAT on household electricity to March 2028,2029,63750.0,58051.734,58051.734
mock2_electricity_vat_zero,No VAT on household electricity to March 2028,2029,64500.0,58116.938,58116.938
mock2_electricity_vat_zero,No VAT on household electricity to March 2028,2029,65250.0,58182.15,58182.15
mock2_electricity_vat_zero,No VAT on household electricity to March 2028,2029,66000.0,58247.35,58247.35
mock2_electricity_vat_zero,No VAT on household electricity to March 2028,2029,66750.0,58312.555,58312.555
mock2_electricity_vat_zero,No VAT on household electricity to March 2028,2029,67500.0,58377.758,58377.758
mock2_electricity_vat_zero,No VAT on household electricity to March 2028,2029,68250.0,58442.96,58442.96
mock2_electricity_vat_zero,No VAT on household electricity to March 2028,2029,69000.0,58508.17,58508.17
mock2_electricity_vat_zero,No VAT on household electricity to March 2028,2029,69750.0,58573.375,58573.375
mock2_electricity_vat_zero,No VAT on household electricity to March 2028,2029,70500.0,58638.58,58638.58
mock2_electricity_vat_zero,No VAT on household electricity to March 2028,2029,71250.0,58751.18,58751.18
mock2_electricity_vat_zero,No VAT on household electricity to March 2028,2029,72000.0,59055.25,59055.25
mock2_electricity_vat_zero,No VAT on household electricity to March 2028,2029,72750.0,59359.33,59359.33
mock2_electricity_vat_zero,No VAT on household electricity to March 2028,2029,73500.0,59663.4,59663.4
mock2_electricity_vat_zero,No VAT on household electricity to March 2028,2029,74250.0,59967.47,59967.47
mock2_electricity_vat_zero,No VAT on household electricity to March 2028,2029,75000.0,60271.54,60271.54
mock2_electricity_vat_zero,No VAT on household electricity to March 2028,2029,75750.0,60575.61,60575.61
mock2_electricity_vat_zero,No VAT on household electricity to March 2028,2029,76500.0,60879.688,60879.688
mock2_electricity_vat_zero,No VAT on household electricity to March 2028,2029,77250.0,61183.758,61183.758
mock2_electricity_vat_zero,No VAT on household electricity to March 2028,2029,78000.0,61487.83,61487.83
mock2_electricity_vat_zero,No VAT on household electricity to March 2028,2029,78750.0,61791.9,61791.9
mock2_electricity_vat_zero,No VAT on household electricity to March 2028,2029,79500.0,62095.97,62095.97
mock2_electricity_vat_zero,No VAT on household electricity to March 2028,2029,80250.0,62421.188,62421.188
mock2_electricity_vat_zero,No VAT on household electricity to March 2028,2029,81000.0,62855.492,62855.492
mock2_electricity_vat_zero,No VAT on household electricity to March 2028,2029,81750.0,63289.805,63289.805
mock2_electricity_vat_zero,No VAT on household electricity to March 2028,2029,82500.0,63724.1,63724.1
mock2_electricity_vat_zero,No VAT on household electricity to March 2028,2029,83250.0,64158.406,64158.406
mock2_electricity_vat_zero,No VAT on household electricity to March 2028,2029,84000.0,64592.71,64592.71
mock2_electricity_vat_zero,No VAT on household electricity to March 2028,2029,84750.0,65027.016,65027.016
mock2_electricity_vat_zero,No VAT on household electricity to March 2028,2029,85500.0,65461.32,65461.32
mock2_electricity_vat_zero,No VAT on household electricity to March 2028,2029,86250.0,65895.625,65895.625
mock2_electricity_vat_zero,No VAT on household electricity to March 2028,2029,87000.0,66329.92,66329.92
mock2_electricity_vat_zero,No VAT on household electricity to March 2028,2029,87750.0,66764.234,66764.234
mock2_electricity_vat_zero,No VAT on household electricity to March 2028,2029,88500.0,67198.53,67198.53
mock2_electricity_vat_zero,No VAT on household electricity to March 2028,2029,89250.0,67632.84,67632.84
mock2_electricity_vat_zero,No VAT on household electricity to March 2028,2029,90000.0,68067.14,68067.14
mock2_electricity_vat_zero,No VAT on household electricity to March 2028,2029,90750.0,68501.445,68501.445
mock2_electricity_vat_zero,No VAT on household electricity to March 2028,2029,91500.0,68935.75,68935.75
mock2_electricity_vat_zero,No VAT on household electricity to March 2028,2029,92250.0,69370.055,69370.055
mock2_electricity_vat_zero,No VAT on household electricity to March 2028,2029,93000.0,69804.36,69804.36
mock2_electricity_vat_zero,No VAT on household electricity to March 2028,2029,93750.0,70238.664,70238.664
mock2_electricity_vat_zero,No VAT on household electricity to March 2028,2029,94500.0,70672.96,70672.96
mock2_electricity_vat_zero,No VAT on household electricity to March 2028,2029,95250.0,71107.27,71107.27
mock2_electricity_vat_zero,No VAT on household electricity to March 2028,2029,96000.0,71541.58,71541.58
mock2_electricity_vat_zero,No VAT on household electricity to March 2028,2029,96750.0,71975.875,71975.875
mock2_electricity_vat_zero,No VAT on household electricity to March 2028,2029,97500.0,72410.19,72410.19
mock2_electricity_vat_zero,No VAT on household electricity to March 2028,2029,98250.0,72844.484,72844.484
mock2_electricity_vat_zero,No VAT on household electricity to March 2028,2029,99000.0,73278.79,73278.79
mock2_electricity_vat_zero,No VAT on household electricity to March 2028,2029,99750.0,73713.09,73713.09
mock2_electricity_vat_zero,No VAT on household electricity to March 2028,2029,100500.0,74079.8,74079.8
mock2_electricity_vat_zero,No VAT on household electricity to March 2028,2029,101250.0,74364.1,74364.1
mock2_electricity_vat_zero,No VAT on household electricity to March 2028,2029,102000.0,74648.805,74648.805
mock2_electricity_vat_zero,No VAT on household electricity to March 2028,2029,102750.0,74933.516,74933.516
mock2_electricity_vat_zero,No VAT on household electricity to March 2028,2029,103500.0,75217.81,75217.81
mock2_electricity_vat_zero,No VAT on household electricity to March 2028,2029,104250.0,75502.52,75502.52
mock2_electricity_vat_zero,No VAT on household electricity to March 2028,2029,105000.0,75786.83,75786.83
mock2_electricity_vat_zero,No VAT on household electricity to March 2028,2029,105750.0,76071.53,76071.53
mock2_electricity_vat_zero,No VAT on household electricity to March 2028,2029,106500.0,76356.234,76356.234
mock2_electricity_vat_zero,No VAT on household electricity to March 2028,2029,107250.0,76640.53,76640.53
mock2_electricity_vat_zero,No VAT on household electricity to March 2028,2029,108000.0,76925.234,76925.234
mock2_electricity_vat_zero,No VAT on household electricity to March 2028,2029,108750.0,77209.55,77209.55
mock2_electricity_vat_zero,No VAT on household electricity to March 2028,2029,109500.0,77494.25,77494.25
mock2_electricity_vat_zero,No VAT on household electricity to March 2028,2029,110250.0,77778.95,77778.95
mock2_electricity_vat_zero,No VAT on household electricity to March 2028,2029,111000.0,78063.25,78063.25
mock2_electricity_vat_zero,No VAT on household electricity to March 2028,2029,111750.0,78347.96,78347.96
mock2_electricity_vat_zero,No VAT on household electricity to March 2028,2029,112500.0,78632.266,78632.266
mock2_electricity_vat_zero,No VAT on household electricity to March 2028,2029,113250.0,78916.97,78916.97
mock2_electricity_vat_zero,No VAT on household electricity to March 2028,2029,114000.0,79201.68,79201.68
mock2_electricity_vat_zero,No VAT on household electricity to March 2028,2029,114750.0,79485.97,79485.97
mock2_electricity_vat_zero,No VAT on household electricity to March 2028,2029,115500.0,79770.69,79770.69
mock2_electricity_vat_zero,No VAT on household electricity to March 2028,2029,116250.0,80054.984,80054.984
mock2_electricity_vat_zero,No VAT on household electricity to March 2028,2029,117000.0,80339.69,80339.69
mock2_electricity_vat_zero,No VAT on household electricity to March 2028,2029,117750.0,80624.4,80624.4
mock2_electricity_vat_zero,No VAT on household electricity to March 2028,2029,118500.0,80908.69,80908.69
mock2_electricity_vat_zero,No VAT on household electricity to March 2028,2029,119250.0,81193.41,81193.41
mock2_electricity_vat_zero,No VAT on household electricity to March 2028,2029,120000.0,81477.7,81477.7
mock2_electricity_vat_zero,No VAT on household electricity to March 2028,2029,120750.0,81762.41,81762.41
mock2_electricity_vat_zero,No VAT on household electricity to March 2028,2029,121500.0,82047.11,82047.11
mock2_electricity_vat_zero,No VAT on household electricity to March 2028,2029,122250.0,82331.42,82331.42
mock2_electricity_vat_zero,No VAT on household electricity to March 2028,2029,123000.0,82616.125,82616.125
mock2_electricity_vat_zero,No VAT on household electricity to March 2028,2029,123750.0,82900.42,82900.42
mock2_electricity_vat_zero,No VAT on household electricity to March 2028,2029,124500.0,83185.125,83185.125
mock2_electricity_vat_zero,No VAT on household electricity to March 2028,2029,125250.0,83469.83,83469.83
mock2_electricity_vat_zero,No VAT on household electricity to March 2028,2029,126000.0,83885.74,83885.74
mock2_electricity_vat_zero,No VAT on household electricity to March 2028,2029,126750.0,84320.04,84320.04
mock2_electricity_vat_zero,No VAT on household electricity to March 2028,2029,127500.0,84754.34,84754.34
mock2_electricity_vat_zero,No VAT on household electricity to March 2028,2029,128250.0,85188.64,85188.64
mock2_electricity_vat_zero,No VAT on household electricity to March 2028,2029,129000.0,85622.94,85622.94
mock2_electricity_vat_zero,No VAT on household electricity to March 2028,2029,129750.0,86057.26,86057.26
mock2_electricity_vat_zero,No VAT on household electricity to March 2028,2029,130500.0,86491.56,86491.56
mock2_electricity_vat_zero,No VAT on household electricity to March 2028,2029,131250.0,86925.86,86925.86
mock2_electricity_vat_zero,No VAT on household electricity to March 2028,2029,132000.0,87360.164,87360.164
mock2_electricity_vat_zero,No VAT on household electricity to March 2028,2029,132750.0,87794.47,87794.47
mock2_electricity_vat_zero,No VAT on household electricity to March 2028,2029,133500.0,88228.78,88228.78
mock2_electricity_vat_zero,No VAT on household electricity to March 2028,2029,134250.0,88663.08,88663.08
mock2_electricity_vat_zero,No VAT on household electricity to March 2028,2029,135000.0,89097.38,89097.38
mock2_electricity_vat_zero,No VAT on household electricity to March 2028,2029,135750.0,89512.05,89512.05
mock2_electricity_vat_zero,No VAT on household electricity to March 2028,2029,136500.0,89908.91,89908.91
mock2_electricity_vat_zero,No VAT on household electricity to March 2028,2029,137250.0,90305.78,90305.78
mock2_electricity_vat_zero,No VAT on household electricity to March 2028,2029,138000.0,90702.64,90702.64
mock2_electricity_vat_zero,No VAT on household electricity to March 2028,2029,138750.0,91099.5,91099.5
mock2_electricity_vat_zero,No VAT on household electricity to March 2028,2029,139500.0,91496.36,91496.36
mock2_electricity_vat_zero,No VAT on household electricity to March 2028,2029,140250.0,91893.234,91893.234
mock2_electricity_vat_zero,No VAT on household electricity to March 2028,2029,141000.0,92290.09,92290.09
mock2_electricity_vat_zero,No VAT on household electricity to March 2028,2029,141750.0,92686.96,92686.96
mock2_electricity_vat_zero,No VAT on household electricity to March 2028,2029,142500.0,93083.83,93083.83
mock2_electricity_vat_zero,No VAT on household electricity to March 2028,2029,143250.0,93480.69,93480.69
mock2_electricity_vat_zero,No VAT on household electricity to March 2028,2029,144000.0,93877.55,93877.55
mock2_electricity_vat_zero,No VAT on household electricity to March 2028,2029,144750.0,94274.42,94274.42
mock2_electricity_vat_zero,No VAT on household electricity to March 2028,2029,145500.0,94671.28,94671.28
mock2_electricity_vat_zero,No VAT on household electricity to March 2028,2029,146250.0,95068.14,95068.14
mock2_electricity_vat_zero,No VAT on household electricity to March 2028,2029,147000.0,95465.0,95465.0
mock2_electricity_vat_zero,No VAT on household electricity to March 2028,2029,147750.0,95861.87,95861.87
mock2_electricity_vat_zero,No VAT on household electricity to March 2028,2029,148500.0,96258.734,96258.734
mock2_electricity_vat_zero,No VAT on household electricity to March 2028,2029,149250.0,96655.59,96655.59
mock2_electricity_vat_zero,No VAT on household electricity to March 2028,2029,150000.0,97052.46,97052.46
mock2_electricity_vat_zero,No VAT on household electricity to March 2028,2030,0.0,25989.016,25989.016
mock2_electricity_vat_zero,No VAT on household electricity to March 2028,2030,750.0,26737.812,26737.812
mock2_electricity_vat_zero,No VAT on household electricity to March 2028,2030,1500.0,27486.613,27486.613
mock2_electricity_vat_zero,No VAT on household electricity to March 2028,2030,2250.0,28235.414,28235.414
mock2_electricity_vat_zero,No VAT on household electricity to March 2028,2030,3000.0,28984.215,28984.215
mock2_electricity_vat_zero,No VAT on household electricity to March 2028,2030,3750.0,29733.016,29733.016
mock2_electricity_vat_zero,No VAT on household electricity to March 2028,2030,4500.0,30481.812,30481.812
mock2_electricity_vat_zero,No VAT on household electricity to March 2028,2030,5250.0,31230.613,31230.613
mock2_electricity_vat_zero,No VAT on household electricity to March 2028,2030,6000.0,31979.414,31979.414
mock2_electricity_vat_zero,No VAT on household electricity to March 2028,2030,6750.0,32728.21,32728.21
mock2_electricity_vat_zero,No VAT on household electricity to March 2028,2030,7500.0,33477.016,33477.016
mock2_electricity_vat_zero,No VAT on household electricity to March 2028,2030,8250.0,34225.812,34225.812
mock2_electricity_vat_zero,No VAT on household electricity to March 2028,2030,9000.0,34974.613,34974.613
mock2_electricity_vat_zero,No VAT on household electricity to March 2028,2030,9750.0,35723.414,35723.414
mock2_electricity_vat_zero,No VAT on household electricity to March 2028,2030,10500.0,36472.21,36472.21
mock2_electricity_vat_zero,No VAT on household electricity to March 2028,2030,11250.0,37221.016,37221.016
mock2_electricity_vat_zero,No VAT on household electricity to March 2028,2030,12000.0,37969.812,37969.812
mock2_electricity_vat_zero,No VAT on household electricity to March 2028,2030,12750.0,38705.844,38705.844
mock2_electricity_vat_zero,No VAT on household electricity to March 2028,2030,13500.0,39394.74,39394.74
mock2_electricity_vat_zero,No VAT on household electricity to March 2028,2030,14250.0,40083.633,40083.633
mock2_electricity_vat_zero,No VAT on household electricity to March 2028,2030,15000.0,40772.53,40772.53
mock2_electricity_vat_zero,No VAT on household electricity to March 2028,2030,15750.0,41461.426,41461.426
mock2_electricity_vat_zero,No VAT on household electricity to March 2028,2030,16500.0,42150.32,42150.32
mock2_electricity_vat_zero,No VAT on household electricity to March 2028,2030,17250.0,42839.22,42839.22
mock2_electricity_vat_zero,No VAT on household electricity to March 2028,2030,18000.0,43528.113,43528.113
mock2_electricity_vat_zero,No VAT on household electricity to March 2028,2030,18750.0,44217.01,44217.01
mock2_electricity_vat_zero,No VAT on household electricity to March 2028,2030,19500.0,44905.906,44905.906
mock2_electricity_vat_zero,No VAT on household electricity to March 2028,2030,20250.0,45398.78,45398.78
mock2_electricity_vat_zero,No VAT on household electricity to March 2028,2030,21000.0,45708.785,45708.785
mock2_electricity_vat_zero,No VAT on household electricity to March 2028,2030,21750.0,46018.79,46018.79
mock2_electricity_vat_zero,No VAT on household electricity to March 2028,2030,22500.0,46328.79,46328.79
mock2_electricity_vat_zero,No VAT on household electricity to March 2028,2030,23250.0,46638.793,46638.793
mock2_electricity_vat_zero,No VAT on household electricity to March 2028,2030,24000.0,46936.953,46936.953
mock2_electricity_vat_zero,No VAT on household electricity to March 2028,2030,24750.0,47179.56,47179.56
mock2_electricity_vat_zero,No VAT on household electricity to March 2028,2030,25500.0,47422.17,47422.17
mock2_electricity_vat_zero,No VAT on household electricity to March 2028,2030,26250.0,47664.785,47664.785
mock2_electricity_vat_zero,No VAT on household electricity to March 2028,2030,27000.0,47907.395,47907.395
mock2_electricity_vat_zero,No VAT on household electricity to March 2028,2030,27750.0,48150.008,48150.008
mock2_electricity_vat_zero,No VAT on household electricity to March 2028,2030,28500.0,48392.613,48392.613
mock2_electricity_vat_zero,No VAT on household electricity to March 2028,2030,29250.0,48635.23,48635.23
mock2_electricity_vat_zero,No VAT on household electricity to March 2028,2030,30000.0,48877.84,48877.84
mock2_electricity_vat_zero,No VAT on household electricity to March 2028,2030,30750.0,49120.45,49120.45
mock2_electricity_vat_zero,No VAT on household electricity to March 2028,2030,31500.0,49363.062,49363.062
mock2_electricity_vat_zero,No VAT on household electricity to March 2028,2030,32250.0,49605.67,49605.67
mock2_electricity_vat_zero,No VAT on household electricity to March 2028,2030,33000.0,49848.29,49848.29
mock2_electricity_vat_zero,No VAT on household electricity to March 2028,2030,33750.0,50090.9,50090.9
mock2_electricity_vat_zero,No VAT on household electricity to March 2028,2030,34500.0,50333.504,50333.504
mock2_electricity_vat_zero,No VAT on household electricity to March 2028,2030,35250.0,50576.117,50576.117
mock2_electricity_vat_zero,No VAT on household electricity to March 2028,2030,36000.0,50818.734,50818.734
mock2_electricity_vat_zero,No VAT on household electricity to March 2028,2030,36750.0,51061.344,51061.344
mock2_electricity_vat_zero,No VAT on household electricity to March 2028,2030,37500.0,51303.953,51303.953
mock2_electricity_vat_zero,No VAT on household electricity to March 2028,2030,38250.0,51546.57,51546.57
mock2_electricity_vat_zero,No VAT on household electricity to March 2028,2030,39000.0,51789.18,51789.18
mock2_electricity_vat_zero,No VAT on household electricity to March 2028,2030,39750.0,52031.79,52031.79
mock2_electricity_vat_zero,No VAT on household electricity to March 2028,2030,40500.0,52274.4,52274.4
mock2_electricity_vat_zero,No VAT on household electricity to March 2028,2030,41250.0,52517.008,52517.008
mock2_electricity_vat_zero,No VAT on household electricity to March 2028,2030,42000.0,52759.625,52759.625
mock2_electricity_vat_zero,No VAT on household electricity to March 2028,2030,42750.0,53002.234,53002.234
mock2_electricity_vat_zero,No VAT on household electricity to March 2028,2030,43500.0,53244.844,53244.844
mock2_electricity_vat_zero,No VAT on household electricity to March 2028,2030,44250.0,53487.453,53487.453
mock2_electricity_vat_zero,No VAT on household electricity to March 2028,2030,45000.0,53730.062,53730.062
mock2_electricity_vat_zero,No VAT on household electricity to March 2028,2030,45750.0,53972.68,53972.68
mock2_electricity_vat_zero,No VAT on household electricity to March 2028,2030,46500.0,54215.29,54215.29
mock2_electricity_vat_zero,No VAT on household electricity to March 2028,2030,47250.0,54457.9,54457.9
mock2_electricity_vat_zero,No VAT on household electricity to March 2028,2030,48000.0,54700.508,54700.508
mock2_electricity_vat_zero,No VAT on household electricity to March 2028,2030,48750.0,54943.117,54943.117
mock2_electricity_vat_zero,No VAT on household electricity to March 2028,2030,49500.0,55185.734,55185.734
mock2_electricity_vat_zero,No VAT on household electricity to March 2028,2030,50250.0,55428.344,55428.344
mock2_electricity_vat_zero,No VAT on household electricity to March 2028,2030,51000.0,55688.46,55688.46
mock2_electricity_vat_zero,No VAT on household electricity to March 2028,2030,51750.0,55951.297,55951.297
mock2_electricity_vat_zero,No VAT on household electricity to March 2028,2030,52500.0,56214.125,56214.125
mock2_electricity_vat_zero,No VAT on household electricity to March 2028,2030,53250.0,56476.945,56476.945
mock2_electricity_vat_zero,No VAT on household electricity to March 2028,2030,54000.0,56701.156,56701.156
mock2_electricity_vat_zero,No VAT on household electricity to March 2028,2030,54750.0,56919.055,56919.055
mock2_electricity_vat_zero,No VAT on household electricity to March 2028,2030,55500.0,57136.96,57136.96
mock2_electricity_vat_zero,No VAT on household electricity to March 2028,2030,56250.0,57354.86,57354.86
mock2_electricity_vat_zero,No VAT on household electricity to March 2028,2030,57000.0,57572.758,57572.758
mock2_electricity_vat_zero,No VAT on household electricity to March 2028,2030,57750.0,57790.664,57790.664
mock2_electricity_vat_zero,No VAT on household electricity to March 2028,2030,58500.0,58008.562,58008.562
mock2_electricity_vat_zero,No VAT on household electricity to March 2028,2030,59250.0,58226.47,58226.47
mock2_electricity_vat_zero,No VAT on household electricity to March 2028,2030,60000.0,58444.367,58444.367
mock2_electricity_vat_zero,No VAT on household electricity to March 2028,2030,60750.0,58421.57,58421.57
mock2_electricity_vat_zero,No VAT on household electricity to March 2028,2030,61500.0,58484.17,58484.17
mock2_electricity_vat_zero,No VAT on household electricity to March 2028,2030,62250.0,58546.773,58546.773
mock2_electricity_vat_zero,No VAT on household electricity to March 2028,2030,63000.0,58609.383,58609.383
mock2_electricity_vat_zero,No VAT on household electricity to March 2028,2030,63750.0,58671.977,58671.977
mock2_electricity_vat_zero,No VAT on household electricity to March 2028,2030,64500.0,58734.57,58734.57
mock2_electricity_vat_zero,No VAT on household electricity to March 2028,2030,65250.0,58797.18,58797.18
mock2_electricity_vat_zero,No VAT on household electricity to March 2028,2030,66000.0,58859.78,58859.78
mock2_electricity_vat_zero,No VAT on household electricity to March 2028,2030,66750.0,58922.375,58922.375
mock2_electricity_vat_zero,No VAT on household electricity to March 2028,2030,67500.0,58984.977,58984.977
mock2_electricity_vat_zero,No VAT on household electricity to March 2028,2030,68250.0,59047.58,59047.58
mock2_electricity_vat_zero,No VAT on household electricity to March 2028,2030,69000.0,59110.18,59110.18
mock2_electricity_vat_zero,No VAT on household electricity to March 2028,2030,69750.0,59172.78,59172.78
mock2_electricity_vat_zero,No VAT on household electricity to March 2028,2030,70500.0,59235.383,59235.383
mock2_electricity_vat_zero,No VAT on household electricity to March 2028,2030,71250.0,59297.977,59297.977
mock2_electricity_vat_zero,No VAT on household electricity to March 2028,2030,72000.0,59360.58,59360.58
mock2_electricity_vat_zero,No VAT on household electricity to March 2028,2030,72750.0,59445.336,59445.336
mock2_electricity_vat_zero,No VAT on household electricity to March 2028,2030,73500.0,59746.805,59746.805
mock2_electricity_vat_zero,No VAT on household electricity to March 2028,2030,74250.0,60048.273,60048.273
mock2_electricity_vat_zero,No VAT on household electricity to March 2028,2030,75000.0,60349.734,60349.734
mock2_electricity_vat_zero,No VAT on household electricity to March 2028,2030,75750.0,60651.203,60651.203
mock2_electricity_vat_zero,No VAT on household electricity to March 2028,2030,76500.0,60952.67,60952.67
mock2_electricity_vat_zero,No VAT on household electricity to March 2028,2030,77250.0,61254.14,61254.14
mock2_electricity_vat_zero,No VAT on household electricity to March 2028,2030,78000.0,61555.61,61555.61
mock2_electricity_vat_zero,No VAT on household electricity to March 2028,2030,78750.0,61857.08,61857.08
mock2_electricity_vat_zero,No VAT on household electricity to March 2028,2030,79500.0,62158.54,62158.54
mock2_electricity_vat_zero,No VAT on household electricity to March 2028,2030,80250.0,62481.586,62481.586
mock2_electricity_vat_zero,No VAT on household electricity to March 2028,2030,81000.0,62915.89,62915.89
mock2_electricity_vat_zero,No VAT on household electricity to March 2028,2030,81750.0,63350.188,63350.188
mock2_electricity_vat_zero,No VAT on household electricity to March 2028,2030,82500.0,63784.492,63784.492
mock2_electricity_vat_zero,No VAT on household electricity to March 2028,2030,83250.0,64218.797,64218.797
mock2_electricity_vat_zero,No VAT on household electricity to March 2028,2030,84000.0,64653.1,64653.1
mock2_electricity_vat_zero,No VAT on household electricity to March 2028,2030,84750.0,65087.406,65087.406
mock2_electricity_vat_zero,No VAT on household electricity to March 2028,2030,85500.0,65521.71,65521.71
mock2_electricity_vat_zero,No VAT on household electricity to March 2028,2030,86250.0,65956.016,65956.016
mock2_electricity_vat_zero,No VAT on household electricity to March 2028,2030,87000.0,66390.31,66390.31
mock2_electricity_vat_zero,No VAT on household electricity to March 2028,2030,87750.0,66824.625,66824.625
mock2_electricity_vat_zero,No VAT on household electricity to March 2028,2030,88500.0,67258.92,67258.92
mock2_electricity_vat_zero,No VAT on household electricity to March 2028,2030,89250.0,67693.234,67693.234
mock2_electricity_vat_zero,No VAT on household electricity to March 2028,2030,90000.0,68127.53,68127.53
mock2_electricity_vat_zero,No VAT on household electricity to March 2028,2030,90750.0,68561.836,68561.836
mock2_electricity_vat_zero,No VAT on household electricity to March 2028,2030,91500.0,68996.14,68996.14
mock2_electricity_vat_zero,No VAT on household electricity to March 2028,2030,92250.0,69430.445,69430.445
mock2_electricity_vat_zero,No VAT on household electricity to March 2028,2030,93000.0,69864.75,69864.75
mock2_electricity_vat_zero,No VAT on household electricity to March 2028,2030,93750.0,70299.055,70299.055
mock2_electricity_vat_zero,No VAT on household electricity to March 2028,2030,94500.0,70733.36,70733.36
mock2_electricity_vat_zero,No VAT on household electricity to March 2028,2030,95250.0,71167.664,71167.664
mock2_electricity_vat_zero,No VAT on household electricity to March 2028,2030,96000.0,71601.97,71601.97
mock2_electricity_vat_zero,No VAT on household electricity to March 2028,2030,96750.0,72036.27,72036.27
mock2_electricity_vat_zero,No VAT on household electricity to March 2028,2030,97500.0,72470.58,72470.58
mock2_electricity_vat_zero,No VAT on household electricity to March 2028,2030,98250.0,72904.875,72904.875
mock2_electricity_vat_zero,No VAT on household electricity to March 2028,2030,99000.0,73339.19,73339.19
mock2_electricity_vat_zero,No VAT on household electricity to March 2028,2030,99750.0,73773.484,73773.484
mock2_electricity_vat_zero,No VAT on household electricity to March 2028,2030,100500.0,74140.19,74140.19
mock2_electricity_vat_zero,No VAT on household electricity to March 2028,2030,101250.0,74424.5,74424.5
mock2_electricity_vat_zero,No VAT on household electricity to March 2028,2030,102000.0,74709.2,74709.2
mock2_electricity_vat_zero,No VAT on household electricity to March 2028,2030,102750.0,74993.91,74993.91
mock2_electricity_vat_zero,No VAT on household electricity to March 2028,2030,103500.0,75278.2,75278.2
mock2_electricity_vat_zero,No VAT on household electricity to March 2028,2030,104250.0,75562.91,75562.91
mock2_electricity_vat_zero,No VAT on household electricity to March 2028,2030,105000.0,75847.22,75847.22
mock2_electricity_vat_zero,No VAT on household electricity to March 2028,2030,105750.0,76131.914,76131.914
mock2_electricity_vat_zero,No VAT on household electricity to March 2028,2030,106500.0,76416.625,76416.625
mock2_electricity_vat_zero,No VAT on household electricity to March 2028,2030,107250.0,76700.92,76700.92
mock2_electricity_vat_zero,No VAT on household electricity to March 2028,2030,108000.0,76985.63,76985.63
mock2_electricity_vat_zero,No VAT on household electricity to March 2028,2030,108750.0,77269.94,77269.94
mock2_electricity_vat_zero,No VAT on household electricity to March 2028,2030,109500.0,77554.64,77554.64
mock2_electricity_vat_zero,No VAT on household electricity to March 2028,2030,110250.0,77839.34,77839.34
mock2_electricity_vat_zero,No VAT on household electricity to March 2028,2030,111000.0,78123.64,78123.64
mock2_electricity_vat_zero,No VAT on household electricity to March 2028,2030,111750.0,78408.36,78408.36
mock2_electricity_vat_zero,No VAT on household electricity to March 2028,2030,112500.0,78692.66,78692.66
mock2_electricity_vat_zero,No VAT on household electricity to March 2028,2030,113250.0,78977.36,78977.36
mock2_electricity_vat_zero,No VAT on household electricity to March 2028,2030,114000.0,79262.06,79262.06
mock2_electricity_vat_zero,No VAT on household electricity to March 2028,2030,114750.0,79546.36,79546.36
mock2_electricity_vat_zero,No VAT on household electricity to March 2028,2030,115500.0,79831.08,79831.08
mock2_electricity_vat_zero,No VAT on household electricity to March 2028,2030,116250.0,80115.39,80115.39
mock2_electricity_vat_zero,No VAT on household electricity to March 2028,2030,117000.0,80400.086,80400.086
mock2_electricity_vat_zero,No VAT on household electricity to March 2028,2030,117750.0,80684.78,80684.78
mock2_electricity_vat_zero,No VAT on household electricity to March 2028,2030,118500.0,80969.086,80969.086
mock2_electricity_vat_zero,No VAT on household electricity to March 2028,2030,119250.0,81253.8,81253.8
mock2_electricity_vat_zero,No VAT on household electricity to March 2028,2030,120000.0,81538.1,81538.1
mock2_electricity_vat_zero,No VAT on household electricity to March 2028,2030,120750.0,81822.805,81822.805
mock2_electricity_vat_zero,No VAT on household electricity to March 2028,2030,121500.0,82107.51,82107.51
mock2_electricity_vat_zero,No VAT on household electricity to March 2028,2030,122250.0,82391.83,82391.83
mock2_electricity_vat_zero,No VAT on household electricity to March 2028,2030,123000.0,82676.52,82676.52
mock2_electricity_vat_zero,No VAT on household electricity to March 2028,2030,123750.0,82960.83,82960.83
mock2_electricity_vat_zero,No VAT on household electricity to March 2028,2030,124500.0,83245.52,83245.52
mock2_electricity_vat_zero,No VAT on household electricity to March 2028,2030,125250.0,83530.22,83530.22
mock2_electricity_vat_zero,No VAT on household electricity to March 2028,2030,126000.0,83946.14,83946.14
mock2_electricity_vat_zero,No VAT on household electricity to March 2028,2030,126750.0,84380.44,84380.44
mock2_electricity_vat_zero,No VAT on household electricity to March 2028,2030,127500.0,84814.75,84814.75
mock2_electricity_vat_zero,No VAT on household electricity to March 2028,2030,128250.0,85249.05,85249.05
mock2_electricity_vat_zero,No VAT on household electricity to March 2028,2030,129000.0,85683.34,85683.34
mock2_electricity_vat_zero,No VAT on household electricity to March 2028,2030,129750.0,86117.66,86117.66
mock2_electricity_vat_zero,No VAT on household electricity to March 2028,2030,130500.0,86551.96,86551.96
mock2_electricity_vat_zero,No VAT on household electricity to March 2028,2030,131250.0,86986.266,86986.266
mock2_electricity_vat_zero,No VAT on household electricity to March 2028,2030,132000.0,87420.56,87420.56
mock2_electricity_vat_zero,No VAT on household electricity to March 2028,2030,132750.0,87854.87,87854.87
mock2_electricity_vat_zero,No VAT on household electricity to March 2028,2030,133500.0,88289.18,88289.18
mock2_electricity_vat_zero,No VAT on household electricity to March 2028,2030,134250.0,88723.484,88723.484
mock2_electricity_vat_zero,No VAT on household electricity to March 2028,2030,135000.0,89157.78,89157.78
mock2_electricity_vat_zero,No VAT on household electricity to March 2028,2030,135750.0,89572.445,89572.445
mock2_electricity_vat_zero,No VAT on household electricity to March 2028,2030,136500.0,89969.305,89969.305
mock2_electricity_vat_zero,No VAT on household electricity to March 2028,2030,137250.0,90366.18,90366.18
mock2_electricity_vat_zero,No VAT on household electricity to March 2028,2030,138000.0,90763.05,90763.05
mock2_electricity_vat_zero,No VAT on household electricity to March 2028,2030,138750.0,91159.91,91159.91
mock2_electricity_vat_zero,No VAT on household electricity to March 2028,2030,139500.0,91556.766,91556.766
mock2_electricity_vat_zero,No VAT on household electricity to March 2028,2030,140250.0,91953.625,91953.625
mock2_electricity_vat_zero,No VAT on household electricity to March 2028,2030,141000.0,92350.5,92350.5
mock2_electricity_vat_zero,No VAT on household electricity to March 2028,2030,141750.0,92747.36,92747.36
mock2_electricity_vat_zero,No VAT on household electricity to March 2028,2030,142500.0,93144.23,93144.23
mock2_electricity_vat_zero,No VAT on household electricity to March 2028,2030,143250.0,93541.086,93541.086
mock2_electricity_vat_zero,No VAT on household electricity to March 2028,2030,144000.0,93937.95,93937.95
mock2_electricity_vat_zero,No VAT on household electricity to March 2028,2030,144750.0,94334.82,94334.82
mock2_electricity_vat_zero,No VAT on household electricity to March 2028,2030,145500.0,94731.68,94731.68
mock2_electricity_vat_zero,No VAT on household electricity to March 2028,2030,146250.0,95128.55,95128.55
mock2_electricity_vat_zero,No VAT on household electricity to March 2028,2030,147000.0,95525.41,95525.41
mock2_electricity_vat_zero,No VAT on household electricity to March 2028,2030,147750.0,95922.266,95922.266
mock2_electricity_vat_zero,No VAT on household electricity to March 2028,2030,148500.0,96319.14,96319.14
mock2_electricity_vat_zero,No VAT on household electricity to March 2028,2030,149250.0,96716.0,96716.0
mock2_electricity_vat_zero,No VAT on household electricity to March 2028,2030,150000.0,97112.86,97112.86
mock2_employer_ni_threshold,Employer National Insurance threshold rise,2026,0.0,23876.223,23876.223
mock2_employer_ni_threshold,Employer National Insurance threshold rise,2026,750.0,24626.223,24626.223
mock2_employer_ni_threshold,Employer National Insurance threshold rise,2026,1500.0,25376.223,25376.223
mock2_employer_ni_threshold,Employer National Insurance threshold rise,2026,2250.0,26126.223,26126.223
mock2_employer_ni_threshold,Employer National Insurance threshold rise,2026,3000.0,26876.223,26876.223
mock2_employer_ni_threshold,Employer National Insurance threshold rise,2026,3750.0,27626.223,27626.223
mock2_employer_ni_threshold,Employer National Insurance threshold rise,2026,4500.0,28376.223,28376.223
mock2_employer_ni_threshold,Employer National Insurance threshold rise,2026,5250.0,29126.223,29126.223
mock2_employer_ni_threshold,Employer National Insurance threshold rise,2026,6000.0,29876.223,29876.223
mock2_employer_ni_threshold,Employer National Insurance threshold rise,2026,6750.0,30626.223,30626.223
mock2_employer_ni_threshold,Employer National Insurance threshold rise,2026,7500.0,31376.223,31376.223
mock2_employer_ni_threshold,Employer National Insurance threshold rise,2026,8250.0,32126.223,32126.223
mock2_employer_ni_threshold,Employer National Insurance threshold rise,2026,9000.0,32876.223,32876.223
mock2_employer_ni_threshold,Employer National Insurance threshold rise,2026,9750.0,33626.223,33626.223
mock2_employer_ni_threshold,Employer National Insurance threshold rise,2026,10500.0,34376.223,34376.223
mock2_employer_ni_threshold,Employer National Insurance threshold rise,2026,11250.0,35126.223,35126.223
mock2_employer_ni_threshold,Employer National Insurance threshold rise,2026,12000.0,35876.223,35876.223
mock2_employer_ni_threshold,Employer National Insurance threshold rise,2026,12750.0,36611.82,36611.82
mock2_employer_ni_threshold,Employer National Insurance threshold rise,2026,13500.0,37301.82,37301.82
mock2_employer_ni_threshold,Employer National Insurance threshold rise,2026,14250.0,37991.82,37991.82
mock2_employer_ni_threshold,Employer National Insurance threshold rise,2026,15000.0,38681.82,38681.82
mock2_employer_ni_threshold,Employer National Insurance threshold rise,2026,15750.0,39371.82,39371.82
mock2_employer_ni_threshold,Employer National Insurance threshold rise,2026,16500.0,40061.82,40061.82
mock2_employer_ni_threshold,Employer National Insurance threshold rise,2026,17250.0,40751.82,40751.82
mock2_employer_ni_threshold,Employer National Insurance threshold rise,2026,18000.0,41441.82,41441.82
mock2_employer_ni_threshold,Employer National Insurance threshold rise,2026,18750.0,42131.82,42131.82
mock2_employer_ni_threshold,Employer National Insurance threshold rise,2026,19500.0,42587.742,42587.742
mock2_employer_ni_threshold,Employer National Insurance threshold rise,2026,20250.0,42898.242,42898.242
mock2_employer_ni_threshold,Employer National Insurance threshold rise,2026,21000.0,43208.742,43208.742
mock2_employer_ni_threshold,Employer National Insurance threshold rise,2026,21750.0,43519.242,43519.242
mock2_employer_ni_threshold,Employer National Insurance threshold rise,2026,22500.0,43829.742,43829.742
mock2_employer_ni_threshold,Employer National Insurance threshold rise,2026,23250.0,44140.242,44140.242
mock2_employer_ni_threshold,Employer National Insurance threshold rise,2026,24000.0,44435.438,44435.438
mock2_employer_ni_threshold,Employer National Insurance threshold rise,2026,24750.0,44678.438,44678.438
mock2_employer_ni_threshold,Employer National Insurance threshold rise,2026,25500.0,44921.438,44921.438
mock2_employer_ni_threshold,Employer National Insurance threshold rise,2026,26250.0,45164.438,45164.438
mock2_employer_ni_threshold,Employer National Insurance threshold rise,2026,27000.0,45407.438,45407.438
mock2_employer_ni_threshold,Employer National Insurance threshold rise,2026,27750.0,45650.438,45650.438
mock2_employer_ni_threshold,Employer National Insurance threshold rise,2026,28500.0,45893.438,45893.438
mock2_employer_ni_threshold,Employer National Insurance threshold rise,2026,29250.0,46136.438,46136.438
mock2_employer_ni_threshold,Employer National Insurance threshold rise,2026,30000.0,46379.438,46379.438
mock2_employer_ni_threshold,Employer National Insurance threshold rise,2026,30750.0,46622.438,46622.438
mock2_employer_ni_threshold,Employer National Insurance threshold rise,2026,31500.0,46865.438,46865.438
mock2_employer_ni_threshold,Employer National Insurance threshold rise,2026,32250.0,47108.438,47108.438
mock2_employer_ni_threshold,Employer National Insurance threshold rise,2026,33000.0,47351.438,47351.438
mock2_employer_ni_threshold,Employer National Insurance threshold rise,2026,33750.0,47594.438,47594.438
mock2_employer_ni_threshold,Employer National Insurance threshold rise,2026,34500.0,47837.438,47837.438
mock2_employer_ni_threshold,Employer National Insurance threshold rise,2026,35250.0,48080.438,48080.438
mock2_employer_ni_threshold,Employer National Insurance threshold rise,2026,36000.0,48323.438,48323.438
mock2_employer_ni_threshold,Employer National Insurance threshold rise,2026,36750.0,48566.438,48566.438
mock2_employer_ni_threshold,Employer National Insurance threshold rise,2026,37500.0,48809.438,48809.438
mock2_employer_ni_threshold,Employer National Insurance threshold rise,2026,38250.0,49052.438,49052.438
mock2_employer_ni_threshold,Employer National Insurance threshold rise,2026,39000.0,49295.438,49295.438
mock2_employer_ni_threshold,Employer National Insurance threshold rise,2026,39750.0,49538.438,49538.438
mock2_employer_ni_threshold,Employer National Insurance threshold rise,2026,40500.0,49781.438,49781.438
mock2_employer_ni_threshold,Employer National Insurance threshold rise,2026,41250.0,50024.438,50024.438
mock2_employer_ni_threshold,Employer National Insurance threshold rise,2026,42000.0,50267.438,50267.438
mock2_employer_ni_threshold,Employer National Insurance threshold rise,2026,42750.0,50510.438,50510.438
mock2_employer_ni_threshold,Employer National Insurance threshold rise,2026,43500.0,50753.438,50753.438
mock2_employer_ni_threshold,Employer National Insurance threshold rise,2026,44250.0,50996.438,50996.438
mock2_employer_ni_threshold,Employer National Insurance threshold rise,2026,45000.0,51239.438,51239.438
mock2_employer_ni_threshold,Employer National Insurance threshold rise,2026,45750.0,51482.438,51482.438
mock2_employer_ni_threshold,Employer National Insurance threshold rise,2026,46500.0,51725.438,51725.438
mock2_employer_ni_threshold,Employer National Insurance threshold rise,2026,47250.0,51968.438,51968.438
mock2_employer_ni_threshold,Employer National Insurance threshold rise,2026,48000.0,52211.438,52211.438
mock2_employer_ni_threshold,Employer National Insurance threshold rise,2026,48750.0,52454.438,52454.438
mock2_employer_ni_threshold,Employer National Insurance threshold rise,2026,49500.0,52697.438,52697.438
mock2_employer_ni_threshold,Employer National Insurance threshold rise,2026,50250.0,52940.438,52940.438
mock2_employer_ni_threshold,Employer National Insurance threshold rise,2026,51000.0,53203.156,53203.156
mock2_employer_ni_threshold,Employer National Insurance threshold rise,2026,51750.0,53466.406,53466.406
mock2_employer_ni_threshold,Employer National Insurance threshold rise,2026,52500.0,53729.656,53729.656
mock2_employer_ni_threshold,Employer National Insurance threshold rise,2026,53250.0,53992.906,53992.906
mock2_employer_ni_threshold,Employer National Insurance threshold rise,2026,54000.0,54212.355,54212.355
mock2_employer_ni_threshold,Employer National Insurance threshold rise,2026,54750.0,54430.605,54430.605
mock2_employer_ni_threshold,Employer National Insurance threshold rise,2026,55500.0,54648.855,54648.855
mock2_employer_ni_threshold,Employer National Insurance threshold rise,2026,56250.0,54867.105,54867.105
mock2_employer_ni_threshold,Employer National Insurance threshold rise,2026,57000.0,55085.355,55085.355
mock2_employer_ni_threshold,Employer National Insurance threshold rise,2026,57750.0,55303.605,55303.605
mock2_employer_ni_threshold,Employer National Insurance threshold rise,2026,58500.0,55521.855,55521.855
mock2_employer_ni_threshold,Employer National Insurance threshold rise,2026,59250.0,55740.1,55740.1
mock2_employer_ni_threshold,Employer National Insurance threshold rise,2026,60000.0,55958.35,55958.35
mock2_employer_ni_threshold,Employer National Insurance threshold rise,2026,60750.0,55926.242,55926.242
mock2_employer_ni_threshold,Employer National Insurance threshold rise,2026,61500.0,55999.438,55999.438
mock2_employer_ni_threshold,Employer National Insurance threshold rise,2026,62250.0,56072.633,56072.633
mock2_employer_ni_threshold,Employer National Insurance threshold rise,2026,63000.0,56145.82,56145.82
mock2_employer_ni_threshold,Employer National Insurance threshold rise,2026,63750.0,56219.016,56219.016
mock2_employer_ni_threshold,Employer National Insurance threshold rise,2026,64500.0,56292.21,56292.21
mock2_employer_ni_threshold,Employer National Insurance threshold rise,2026,65250.0,56365.4,56365.4
mock2_employer_ni_threshold,Employer National Insurance threshold rise,2026,66000.0,56438.594,56438.594
mock2_employer_ni_threshold,Employer National Insurance threshold rise,2026,66750.0,56680.125,56680.125
mock2_employer_ni_threshold,Employer National Insurance threshold rise,2026,67500.0,56992.562,56992.562
mock2_employer_ni_threshold,Employer National Insurance threshold rise,2026,68250.0,57305.008,57305.008
mock2_employer_ni_threshold,Employer National Insurance threshold rise,2026,69000.0,57617.453,57617.453
mock2_employer_ni_threshold,Employer National Insurance threshold rise,2026,69750.0,57929.89,57929.89
mock2_employer_ni_threshold,Employer National Insurance threshold rise,2026,70500.0,58242.336,58242.336
mock2_employer_ni_threshold,Employer National Insurance threshold rise,2026,71250.0,58554.78,58554.78
mock2_employer_ni_threshold,Employer National Insurance threshold rise,2026,72000.0,58867.22,58867.22
mock2_employer_ni_threshold,Employer National Insurance threshold rise,2026,72750.0,59179.656,59179.656
mock2_employer_ni_threshold,Employer National Insurance threshold rise,2026,73500.0,59492.1,59492.1
mock2_employer_ni_threshold,Employer National Insurance threshold rise,2026,74250.0,59804.547,59804.547
mock2_employer_ni_threshold,Employer National Insurance threshold rise,2026,75000.0,60116.984,60116.984
mock2_employer_ni_threshold,Employer National Insurance threshold rise,2026,75750.0,60429.43,60429.43
mock2_employer_ni_threshold,Employer National Insurance threshold rise,2026,76500.0,60741.875,60741.875
mock2_employer_ni_threshold,Employer National Insurance threshold rise,2026,77250.0,61054.312,61054.312
mock2_employer_ni_threshold,Employer National Insurance threshold rise,2026,78000.0,61366.758,61366.758
mock2_employer_ni_threshold,Employer National Insurance threshold rise,2026,78750.0,61679.203,61679.203
mock2_employer_ni_threshold,Employer National Insurance threshold rise,2026,79500.0,61991.64,61991.64
mock2_employer_ni_threshold,Employer National Insurance threshold rise,2026,80250.0,62344.938,62344.938
mock2_employer_ni_threshold,Employer National Insurance threshold rise,2026,81000.0,62779.938,62779.938
mock2_employer_ni_threshold,Employer National Insurance threshold rise,2026,81750.0,63214.938,63214.938
mock2_employer_ni_threshold,Employer National Insurance threshold rise,2026,82500.0,63649.938,63649.938
mock2_employer_ni_threshold,Employer National Insurance threshold rise,2026,83250.0,64084.938,64084.938
mock2_employer_ni_threshold,Employer National Insurance threshold rise,2026,84000.0,64519.938,64519.938
mock2_employer_ni_threshold,Employer National Insurance threshold rise,2026,84750.0,64954.938,64954.938
mock2_employer_ni_threshold,Employer National Insurance threshold rise,2026,85500.0,65389.938,65389.938
mock2_employer_ni_threshold,Employer National Insurance threshold rise,2026,86250.0,65824.94,65824.94
mock2_employer_ni_threshold,Employer National Insurance threshold rise,2026,87000.0,66259.94,66259.94
mock2_employer_ni_threshold,Employer National Insurance threshold rise,2026,87750.0,66694.94,66694.94
mock2_employer_ni_threshold,Employer National Insurance threshold rise,2026,88500.0,67129.94,67129.94
mock2_employer_ni_threshold,Employer National Insurance threshold rise,2026,89250.0,67564.94,67564.94
mock2_employer_ni_threshold,Employer National Insurance threshold rise,2026,90000.0,67999.94,67999.94
mock2_employer_ni_threshold,Employer National Insurance threshold rise,2026,90750.0,68434.94,68434.94
mock2_employer_ni_threshold,Employer National Insurance threshold rise,2026,91500.0,68869.94,68869.94
mock2_employer_ni_threshold,Employer National Insurance threshold rise,2026,92250.0,69304.94,69304.94
mock2_employer_ni_threshold,Employer National Insurance threshold rise,2026,93000.0,69739.94,69739.94
mock2_employer_ni_threshold,Employer National Insurance threshold rise,2026,93750.0,70174.94,70174.94
mock2_employer_ni_threshold,Employer National Insurance threshold rise,2026,94500.0,70609.94,70609.94
mock2_employer_ni_threshold,Employer National Insurance threshold rise,2026,95250.0,71044.94,71044.94
mock2_employer_ni_threshold,Employer National Insurance threshold rise,2026,96000.0,71479.94,71479.94
mock2_employer_ni_threshold,Employer National Insurance threshold rise,2026,96750.0,71914.94,71914.94
mock2_employer_ni_threshold,Employer National Insurance threshold rise,2026,97500.0,72349.94,72349.94
mock2_employer_ni_threshold,Employer National Insurance threshold rise,2026,98250.0,72784.94,72784.94
mock2_employer_ni_threshold,Employer National Insurance threshold rise,2026,99000.0,73219.94,73219.94
mock2_employer_ni_threshold,Employer National Insurance threshold rise,2026,99750.0,73654.94,73654.94
mock2_employer_ni_threshold,Employer National Insurance threshold rise,2026,100500.0,73989.94,73989.94
mock2_employer_ni_threshold,Employer National Insurance threshold rise,2026,101250.0,74274.94,74274.94
mock2_employer_ni_threshold,Employer National Insurance threshold rise,2026,102000.0,74559.94,74559.94
mock2_employer_ni_threshold,Employer National Insurance threshold rise,2026,102750.0,74844.94,74844.94
mock2_employer_ni_threshold,Employer National Insurance threshold rise,2026,103500.0,75129.94,75129.94
mock2_employer_ni_threshold,Employer National Insurance threshold rise,2026,104250.0,75414.94,75414.94
mock2_employer_ni_threshold,Employer National Insurance threshold rise,2026,105000.0,75699.94,75699.94
mock2_employer_ni_threshold,Employer National Insurance threshold rise,2026,105750.0,75984.94,75984.94
mock2_employer_ni_threshold,Employer National Insurance threshold rise,2026,106500.0,76269.94,76269.94
mock2_employer_ni_threshold,Employer National Insurance threshold rise,2026,107250.0,76554.94,76554.94
mock2_employer_ni_threshold,Employer National Insurance threshold rise,2026,108000.0,76839.94,76839.94
mock2_employer_ni_threshold,Employer National Insurance threshold rise,2026,108750.0,77124.94,77124.94
mock2_employer_ni_threshold,Employer National Insurance threshold rise,2026,109500.0,77409.94,77409.94
mock2_employer_ni_threshold,Employer National Insurance threshold rise,2026,110250.0,77694.94,77694.94
mock2_employer_ni_threshold,Employer National Insurance threshold rise,2026,111000.0,77979.94,77979.94
mock2_employer_ni_threshold,Employer National Insurance threshold rise,2026,111750.0,78264.94,78264.94
mock2_employer_ni_threshold,Employer National Insurance threshold rise,2026,112500.0,78549.94,78549.94
mock2_employer_ni_threshold,Employer National Insurance threshold rise,2026,113250.0,78834.94,78834.94
mock2_employer_ni_threshold,Employer National Insurance threshold rise,2026,114000.0,79119.94,79119.94
mock2_employer_ni_threshold,Employer National Insurance threshold rise,2026,114750.0,79404.94,79404.94
mock2_employer_ni_threshold,Employer National Insurance threshold rise,2026,115500.0,79689.94,79689.94
mock2_employer_ni_threshold,Employer National Insurance threshold rise,2026,116250.0,79974.94,79974.94
mock2_employer_ni_threshold,Employer National Insurance threshold rise,2026,117000.0,80259.94,80259.94
mock2_employer_ni_threshold,Employer National Insurance threshold rise,2026,117750.0,80544.94,80544.94
mock2_employer_ni_threshold,Employer National Insurance threshold rise,2026,118500.0,80829.94,80829.94
mock2_employer_ni_threshold,Employer National Insurance threshold rise,2026,119250.0,81114.94,81114.94
mock2_employer_ni_threshold,Employer National Insurance threshold rise,2026,120000.0,81399.94,81399.94
mock2_employer_ni_threshold,Employer National Insurance threshold rise,2026,120750.0,81684.94,81684.94
mock2_employer_ni_threshold,Employer National Insurance threshold rise,2026,121500.0,81969.94,81969.94
mock2_employer_ni_threshold,Employer National Insurance threshold rise,2026,122250.0,82254.94,82254.94
mock2_employer_ni_threshold,Employer National Insurance threshold rise,2026,123000.0,82539.94,82539.94
mock2_employer_ni_threshold,Employer National Insurance threshold rise,2026,123750.0,82824.94,82824.94
mock2_employer_ni_threshold,Employer National Insurance threshold rise,2026,124500.0,83109.94,83109.94
mock2_employer_ni_threshold,Employer National Insurance threshold rise,2026,125250.0,83416.94,83416.94
mock2_employer_ni_threshold,Employer National Insurance threshold rise,2026,126000.0,83851.94,83851.94
mock2_employer_ni_threshold,Employer National Insurance threshold rise,2026,126750.0,84286.94,84286.94
mock2_employer_ni_threshold,Employer National Insurance threshold rise,2026,127500.0,84721.94,84721.94
mock2_employer_ni_threshold,Employer National Insurance threshold rise,2026,128250.0,85156.94,85156.94
mock2_employer_ni_threshold,Employer National Insurance threshold rise,2026,129000.0,85591.94,85591.94
mock2_employer_ni_threshold,Employer National Insurance threshold rise,2026,129750.0,86026.94,86026.94
mock2_employer_ni_threshold,Employer National Insurance threshold rise,2026,130500.0,86461.94,86461.94
mock2_employer_ni_threshold,Employer National Insurance threshold rise,2026,131250.0,86896.94,86896.94
mock2_employer_ni_threshold,Employer National Insurance threshold rise,2026,132000.0,87331.94,87331.94
mock2_employer_ni_threshold,Employer National Insurance threshold rise,2026,132750.0,87766.94,87766.94
mock2_employer_ni_threshold,Employer National Insurance threshold rise,2026,133500.0,88201.94,88201.94
mock2_employer_ni_threshold,Employer National Insurance threshold rise,2026,134250.0,88636.94,88636.94
mock2_employer_ni_threshold,Employer National Insurance threshold rise,2026,135000.0,89071.94,89071.94
mock2_employer_ni_threshold,Employer National Insurance threshold rise,2026,135750.0,89476.44,89476.44
mock2_employer_ni_threshold,Employer National Insurance threshold rise,2026,136500.0,89873.94,89873.94
mock2_employer_ni_threshold,Employer National Insurance threshold rise,2026,137250.0,90271.44,90271.44
mock2_employer_ni_threshold,Employer National Insurance threshold rise,2026,138000.0,90668.94,90668.94
mock2_employer_ni_threshold,Employer National Insurance threshold rise,2026,138750.0,91066.44,91066.44
mock2_employer_ni_threshold,Employer National Insurance threshold rise,2026,139500.0,91463.94,91463.94
mock2_employer_ni_threshold,Employer National Insurance threshold rise,2026,140250.0,91861.44,91861.44
mock2_employer_ni_threshold,Employer National Insurance threshold rise,2026,141000.0,92258.94,92258.94
mock2_employer_ni_threshold,Employer National Insurance threshold rise,2026,141750.0,92656.44,92656.44
mock2_employer_ni_threshold,Employer National Insurance threshold rise,2026,142500.0,93053.94,93053.94
mock2_employer_ni_threshold,Employer National Insurance threshold rise,2026,143250.0,93451.44,93451.44
mock2_employer_ni_threshold,Employer National Insurance threshold rise,2026,144000.0,93848.94,93848.94
mock2_employer_ni_threshold,Employer National Insurance threshold rise,2026,144750.0,94246.44,94246.44
mock2_employer_ni_threshold,Employer National Insurance threshold rise,2026,145500.0,94643.94,94643.94
mock2_employer_ni_threshold,Employer National Insurance threshold rise,2026,146250.0,95041.44,95041.44
mock2_employer_ni_threshold,Employer National Insurance threshold rise,2026,147000.0,95438.94,95438.94
mock2_employer_ni_threshold,Employer National Insurance threshold rise,2026,147750.0,95836.44,95836.44
mock2_employer_ni_threshold,Employer National Insurance threshold rise,2026,148500.0,96233.94,96233.94
mock2_employer_ni_threshold,Employer National Insurance threshold rise,2026,149250.0,96631.44,96631.44
mock2_employer_ni_threshold,Employer National Insurance threshold rise,2026,150000.0,97028.94,97028.94
mock2_employer_ni_threshold,Employer National Insurance threshold rise,2027,0.0,24420.266,24420.266
mock2_employer_ni_threshold,Employer National Insurance threshold rise,2027,750.0,25170.266,25170.266
mock2_employer_ni_threshold,Employer National Insurance threshold rise,2027,1500.0,25920.266,25920.266
mock2_employer_ni_threshold,Employer National Insurance threshold rise,2027,2250.0,26670.266,26670.266
mock2_employer_ni_threshold,Employer National Insurance threshold rise,2027,3000.0,27420.266,27420.266
mock2_employer_ni_threshold,Employer National Insurance threshold rise,2027,3750.0,28170.266,28170.266
mock2_employer_ni_threshold,Employer National Insurance threshold rise,2027,4500.0,28920.266,28920.266
mock2_employer_ni_threshold,Employer National Insurance threshold rise,2027,5250.0,29671.309,29736.527
mock2_employer_ni_threshold,Employer National Insurance threshold rise,2027,6000.0,30421.309,30486.527
mock2_employer_ni_threshold,Employer National Insurance threshold rise,2027,6750.0,31171.309,31236.527
mock2_employer_ni_threshold,Employer National Insurance threshold rise,2027,7500.0,31921.309,31986.527
mock2_employer_ni_threshold,Employer National Insurance threshold rise,2027,8250.0,32671.309,32736.527
mock2_employer_ni_threshold,Employer National Insurance threshold rise,2027,9000.0,33421.31,33486.527
mock2_employer_ni_threshold,Employer National Insurance threshold rise,2027,9750.0,34171.31,34236.527
mock2_employer_ni_threshold,Employer National Insurance threshold rise,2027,10500.0,34921.31,34986.527
mock2_employer_ni_threshold,Employer National Insurance threshold rise,2027,11250.0,35671.31,35736.527
mock2_employer_ni_threshold,Employer National Insurance threshold rise,2027,12000.0,36421.31,36486.527
mock2_employer_ni_threshold,Employer National Insurance threshold rise,2027,12750.0,37156.82,37216.82
mock2_employer_ni_threshold,Employer National Insurance threshold rise,2027,13500.0,37846.82,37906.82
mock2_employer_ni_threshold,Employer National Insurance threshold rise,2027,14250.0,38536.82,38596.82
mock2_employer_ni_threshold,Employer National Insurance threshold rise,2027,15000.0,39226.82,39286.82
mock2_employer_ni_threshold,Employer National Insurance threshold rise,2027,15750.0,39916.82,39976.82
mock2_employer_ni_threshold,Employer National Insurance threshold rise,2027,16500.0,40606.82,40666.816
mock2_employer_ni_threshold,Employer National Insurance threshold rise,2027,17250.0,41296.82,41356.816
mock2_employer_ni_threshold,Employer National Insurance threshold rise,2027,18000.0,41986.82,42046.816
mock2_employer_ni_threshold,Employer National Insurance threshold rise,2027,18750.0,42676.82,42736.816
mock2_employer_ni_threshold,Employer National Insurance threshold rise,2027,19500.0,43239.98,43266.98
mock2_employer_ni_threshold,Employer National Insurance threshold rise,2027,20250.0,43550.48,43577.48
mock2_employer_ni_threshold,Employer National Insurance threshold rise,2027,21000.0,43860.98,43887.98
mock2_employer_ni_threshold,Employer National Insurance threshold rise,2027,21750.0,44171.48,44198.48
mock2_employer_ni_threshold,Employer National Insurance threshold rise,2027,22500.0,44481.98,44508.984
mock2_employer_ni_threshold,Employer National Insurance threshold rise,2027,23250.0,44792.48,44819.484
mock2_employer_ni_threshold,Employer National Insurance threshold rise,2027,24000.0,45087.59,45108.715
mock2_employer_ni_threshold,Employer National Insurance threshold rise,2027,24750.0,45330.59,45351.715
mock2_employer_ni_threshold,Employer National Insurance threshold rise,2027,25500.0,45573.59,45594.715
mock2_employer_ni_threshold,Employer National Insurance threshold rise,2027,26250.0,45816.59,45837.715
mock2_employer_ni_threshold,Employer National Insurance threshold rise,2027,27000.0,46059.59,46080.72
mock2_employer_ni_threshold,Employer National Insurance threshold rise,2027,27750.0,46302.59,46323.72
mock2_employer_ni_threshold,Employer National Insurance threshold rise,2027,28500.0,46545.59,46566.72
mock2_employer_ni_threshold,Employer National Insurance threshold rise,2027,29250.0,46788.59,46809.723
mock2_employer_ni_threshold,Employer National Insurance threshold rise,2027,30000.0,47031.59,47052.723
mock2_employer_ni_threshold,Employer National Insurance threshold rise,2027,30750.0,47274.59,47295.723
mock2_employer_ni_threshold,Employer National Insurance threshold rise,2027,31500.0,47517.59,47538.723
mock2_employer_ni_threshold,Employer National Insurance threshold rise,2027,32250.0,47760.59,47781.723
mock2_employer_ni_threshold,Employer National Insurance threshold rise,2027,33000.0,48003.59,48024.723
mock2_employer_ni_threshold,Employer National Insurance threshold rise,2027,33750.0,48246.59,48267.723
mock2_employer_ni_threshold,Employer National Insurance threshold rise,2027,34500.0,48489.59,48510.723
mock2_employer_ni_threshold,Employer National Insurance threshold rise,2027,35250.0,48732.59,48753.723
mock2_employer_ni_threshold,Employer National Insurance threshold rise,2027,36000.0,48975.59,48996.723
mock2_employer_ni_threshold,Employer National Insurance threshold rise,2027,36750.0,49218.594,49239.723
mock2_employer_ni_threshold,Employer National Insurance threshold rise,2027,37500.0,49461.594,49482.723
mock2_employer_ni_threshold,Employer National Insurance threshold rise,2027,38250.0,49704.594,49725.723
mock2_employer_ni_threshold,Employer National Insurance threshold rise,2027,39000.0,49947.594,49968.723
mock2_employer_ni_threshold,Employer National Insurance threshold rise,2027,39750.0,50190.594,50211.723
mock2_employer_ni_threshold,Employer National Insurance threshold rise,2027,40500.0,50433.594,50454.723
mock2_employer_ni_threshold,Employer National Insurance threshold rise,2027,41250.0,50676.594,50697.723
mock2_employer_ni_threshold,Employer National Insurance threshold rise,2027,42000.0,50919.594,50940.723
mock2_employer_ni_threshold,Employer National Insurance threshold rise,2027,42750.0,51162.594,51183.723
mock2_employer_ni_threshold,Employer National Insurance threshold rise,2027,43500.0,51405.594,51426.723
mock2_employer_ni_threshold,Employer National Insurance threshold rise,2027,44250.0,51648.594,51669.723
mock2_employer_ni_threshold,Employer National Insurance threshold rise,2027,45000.0,51891.594,51912.723
mock2_employer_ni_threshold,Employer National Insurance threshold rise,2027,45750.0,52134.594,52155.723
mock2_employer_ni_threshold,Employer National Insurance threshold rise,2027,46500.0,52377.594,52398.723
mock2_employer_ni_threshold,Employer National Insurance threshold rise,2027,47250.0,52620.594,52641.723
mock2_employer_ni_threshold,Employer National Insurance threshold rise,2027,48000.0,52863.594,52884.723
mock2_employer_ni_threshold,Employer National Insurance threshold rise,2027,48750.0,53106.594,53127.723
mock2_employer_ni_threshold,Employer National Insurance threshold rise,2027,49500.0,53349.594,53370.72
mock2_employer_ni_threshold,Employer National Insurance threshold rise,2027,50250.0,53592.594,53614.97
mock2_employer_ni_threshold,Employer National Insurance threshold rise,2027,51000.0,53855.324,53878.22
mock2_employer_ni_threshold,Employer National Insurance threshold rise,2027,51750.0,54118.582,54141.47
mock2_employer_ni_threshold,Employer National Insurance threshold rise,2027,52500.0,54381.832,54404.72
mock2_employer_ni_threshold,Employer National Insurance threshold rise,2027,53250.0,54645.082,54665.19
mock2_employer_ni_threshold,Employer National Insurance threshold rise,2027,54000.0,54864.47,54883.44
mock2_employer_ni_threshold,Employer National Insurance threshold rise,2027,54750.0,55082.72,55101.69
mock2_employer_ni_threshold,Employer National Insurance threshold rise,2027,55500.0,55300.97,55319.95
mock2_employer_ni_threshold,Employer National Insurance threshold rise,2027,56250.0,55519.22,55538.203
mock2_employer_ni_threshold,Employer National Insurance threshold rise,2027,57000.0,55737.47,55756.438
mock2_employer_ni_threshold,Employer National Insurance threshold rise,2027,57750.0,55955.72,55974.688
mock2_employer_ni_threshold,Employer National Insurance threshold rise,2027,58500.0,56173.97,56192.938
mock2_employer_ni_threshold,Employer National Insurance threshold rise,2027,59250.0,56392.22,56411.188
mock2_employer_ni_threshold,Employer National Insurance threshold rise,2027,60000.0,56610.297,56618.36
mock2_employer_ni_threshold,Employer National Insurance threshold rise,2027,60750.0,56575.336,56581.453
mock2_employer_ni_threshold,Employer National Insurance threshold rise,2027,61500.0,56645.71,56651.83
mock2_employer_ni_threshold,Employer National Insurance threshold rise,2027,62250.0,56716.086,56722.203
mock2_employer_ni_threshold,Employer National Insurance threshold rise,2027,63000.0,56786.46,56792.58
mock2_employer_ni_threshold,Employer National Insurance threshold rise,2027,63750.0,56856.83,56862.953
mock2_employer_ni_threshold,Employer National Insurance threshold rise,2027,64500.0,56927.203,56933.33
mock2_employer_ni_threshold,Employer National Insurance threshold rise,2027,65250.0,56997.58,57003.703
mock2_employer_ni_threshold,Employer National Insurance threshold rise,2027,66000.0,57067.953,57074.08
mock2_employer_ni_threshold,Employer National Insurance threshold rise,2027,66750.0,57138.33,57144.445
mock2_employer_ni_threshold,Employer National Insurance threshold rise,2027,67500.0,57208.703,57214.82
mock2_employer_ni_threshold,Employer National Insurance threshold rise,2027,68250.0,57382.78,57409.703
mock2_employer_ni_threshold,Employer National Insurance threshold rise,2027,69000.0,57692.406,57719.33
mock2_employer_ni_threshold,Employer National Insurance threshold rise,2027,69750.0,58002.03,58028.953
mock2_employer_ni_threshold,Employer National Insurance threshold rise,2027,70500.0,58311.656,58338.58
mock2_employer_ni_threshold,Employer National Insurance threshold rise,2027,71250.0,58621.273,58648.203
mock2_employer_ni_threshold,Employer National Insurance threshold rise,2027,72000.0,58930.9,58957.83
mock2_employer_ni_threshold,Employer National Insurance threshold rise,2027,72750.0,59240.523,59267.445
mock2_employer_ni_threshold,Employer National Insurance threshold rise,2027,73500.0,59550.15,59577.07
mock2_employer_ni_threshold,Employer National Insurance threshold rise,2027,74250.0,59859.773,59886.695
mock2_employer_ni_threshold,Employer National Insurance threshold rise,2027,75000.0,60169.39,60196.32
mock2_employer_ni_threshold,Employer National Insurance threshold rise,2027,75750.0,60479.016,60505.945
mock2_employer_ni_threshold,Employer National Insurance threshold rise,2027,76500.0,60788.64,60815.57
mock2_employer_ni_threshold,Employer National Insurance threshold rise,2027,77250.0,61098.266,61125.188
mock2_employer_ni_threshold,Employer National Insurance threshold rise,2027,78000.0,61407.89,61434.812
mock2_employer_ni_threshold,Employer National Insurance threshold rise,2027,78750.0,61717.516,61744.438
mock2_employer_ni_threshold,Employer National Insurance threshold rise,2027,79500.0,62027.14,62054.062
mock2_employer_ni_threshold,Employer National Insurance threshold rise,2027,80250.0,62378.727,62416.555
mock2_employer_ni_threshold,Employer National Insurance threshold rise,2027,81000.0,62813.727,62851.555
mock2_employer_ni_threshold,Employer National Insurance threshold rise,2027,81750.0,63248.727,63286.555
mock2_employer_ni_threshold,Employer National Insurance threshold rise,2027,82500.0,63683.734,63721.555
mock2_employer_ni_threshold,Employer National Insurance threshold rise,2027,83250.0,64118.734,64156.555
mock2_employer_ni_threshold,Employer National Insurance threshold rise,2027,84000.0,64553.734,64591.555
mock2_employer_ni_threshold,Employer National Insurance threshold rise,2027,84750.0,64988.734,65026.555
mock2_employer_ni_threshold,Employer National Insurance threshold rise,2027,85500.0,65423.734,65461.555
mock2_employer_ni_threshold,Employer National Insurance threshold rise,2027,86250.0,65858.734,65896.555
mock2_employer_ni_threshold,Employer National Insurance threshold rise,2027,87000.0,66293.734,66331.555
mock2_employer_ni_threshold,Employer National Insurance threshold rise,2027,87750.0,66728.734,66766.555
mock2_employer_ni_threshold,Employer National Insurance threshold rise,2027,88500.0,67163.734,67201.555
mock2_employer_ni_threshold,Employer National Insurance threshold rise,2027,89250.0,67598.734,67636.555
mock2_employer_ni_threshold,Employer National Insurance threshold rise,2027,90000.0,68033.734,68071.555
mock2_employer_ni_threshold,Employer National Insurance threshold rise,2027,90750.0,68468.734,68506.555
mock2_employer_ni_threshold,Employer National Insurance threshold rise,2027,91500.0,68903.734,68941.555
mock2_employer_ni_threshold,Employer National Insurance threshold rise,2027,92250.0,69338.734,69376.555
mock2_employer_ni_threshold,Employer National Insurance threshold rise,2027,93000.0,69773.734,69811.555
mock2_employer_ni_threshold,Employer National Insurance threshold rise,2027,93750.0,70208.734,70246.555
mock2_employer_ni_threshold,Employer National Insurance threshold rise,2027,94500.0,70643.734,70681.555
mock2_employer_ni_threshold,Employer National Insurance threshold rise,2027,95250.0,71078.734,71116.555
mock2_employer_ni_threshold,Employer National Insurance threshold rise,2027,96000.0,71513.734,71551.555
mock2_employer_ni_threshold,Employer National Insurance threshold rise,2027,96750.0,71948.734,71986.555
mock2_employer_ni_threshold,Employer National Insurance threshold rise,2027,97500.0,72383.734,72421.555
mock2_employer_ni_threshold,Employer National Insurance threshold rise,2027,98250.0,72818.734,72856.555
mock2_employer_ni_threshold,Employer National Insurance threshold rise,2027,99000.0,73253.734,73291.555
mock2_employer_ni_threshold,Employer National Insurance threshold rise,2027,99750.0,73688.734,73726.555
mock2_employer_ni_threshold,Employer National Insurance threshold rise,2027,100500.0,74023.734,74048.36
mock2_employer_ni_threshold,Employer National Insurance threshold rise,2027,101250.0,74308.734,74333.36
mock2_employer_ni_threshold,Employer National Insurance threshold rise,2027,102000.0,74593.734,74618.36
mock2_employer_ni_threshold,Employer National Insurance threshold rise,2027,102750.0,74878.734,74903.36
mock2_employer_ni_threshold,Employer National Insurance threshold rise,2027,103500.0,75163.734,75188.36
mock2_employer_ni_threshold,Employer National Insurance threshold rise,2027,104250.0,75448.734,75473.36
mock2_employer_ni_threshold,Employer National Insurance threshold rise,2027,105000.0,75733.734,75758.36
mock2_employer_ni_threshold,Employer National Insurance threshold rise,2027,105750.0,76018.734,76043.36
mock2_employer_ni_threshold,Employer National Insurance threshold rise,2027,106500.0,76303.734,76328.36
mock2_employer_ni_threshold,Employer National Insurance threshold rise,2027,107250.0,76588.734,76613.36
mock2_employer_ni_threshold,Employer National Insurance threshold rise,2027,108000.0,76873.734,76898.36
mock2_employer_ni_threshold,Employer National Insurance threshold rise,2027,108750.0,77158.734,77183.36
mock2_employer_ni_threshold,Employer National Insurance threshold rise,2027,109500.0,77443.734,77468.36
mock2_employer_ni_threshold,Employer National Insurance threshold rise,2027,110250.0,77728.734,77753.35
mock2_employer_ni_threshold,Employer National Insurance threshold rise,2027,111000.0,78013.734,78038.36
mock2_employer_ni_threshold,Employer National Insurance threshold rise,2027,111750.0,78298.734,78323.36
mock2_employer_ni_threshold,Employer National Insurance threshold rise,2027,112500.0,78583.734,78608.36
mock2_employer_ni_threshold,Employer National Insurance threshold rise,2027,113250.0,78868.734,78893.36
mock2_employer_ni_threshold,Employer National Insurance threshold rise,2027,114000.0,79153.734,79178.36
mock2_employer_ni_threshold,Employer National Insurance threshold rise,2027,114750.0,79438.734,79463.36
mock2_employer_ni_threshold,Employer National Insurance threshold rise,2027,115500.0,79723.734,79748.36
mock2_employer_ni_threshold,Employer National Insurance threshold rise,2027,116250.0,80008.734,80033.36
mock2_employer_ni_threshold,Employer National Insurance threshold rise,2027,117000.0,80293.734,80318.36
mock2_employer_ni_threshold,Employer National Insurance threshold rise,2027,117750.0,80578.734,80603.36
mock2_employer_ni_threshold,Employer National Insurance threshold rise,2027,118500.0,80863.734,80888.36
mock2_employer_ni_threshold,Employer National Insurance threshold rise,2027,119250.0,81148.734,81173.36
mock2_employer_ni_threshold,Employer National Insurance threshold rise,2027,120000.0,81433.734,81458.36
mock2_employer_ni_threshold,Employer National Insurance threshold rise,2027,120750.0,81718.734,81743.36
mock2_employer_ni_threshold,Employer National Insurance threshold rise,2027,121500.0,82003.734,82028.36
mock2_employer_ni_threshold,Employer National Insurance threshold rise,2027,122250.0,82288.734,82313.36
mock2_employer_ni_threshold,Employer National Insurance threshold rise,2027,123000.0,82573.734,82598.36
mock2_employer_ni_threshold,Employer National Insurance threshold rise,2027,123750.0,82858.734,82883.36
mock2_employer_ni_threshold,Employer National Insurance threshold rise,2027,124500.0,83143.734,83168.36
mock2_employer_ni_threshold,Employer National Insurance threshold rise,2027,125250.0,83450.734,83488.56
mock2_employer_ni_threshold,Employer National Insurance threshold rise,2027,126000.0,83885.734,83923.56
mock2_employer_ni_threshold,Employer National Insurance threshold rise,2027,126750.0,84320.734,84358.56
mock2_employer_ni_threshold,Employer National Insurance threshold rise,2027,127500.0,84755.734,84793.56
mock2_employer_ni_threshold,Employer National Insurance threshold rise,2027,128250.0,85190.734,85228.56
mock2_employer_ni_threshold,Employer National Insurance threshold rise,2027,129000.0,85625.734,85663.56
mock2_employer_ni_threshold,Employer National Insurance threshold rise,2027,129750.0,86060.734,86098.56
mock2_employer_ni_threshold,Employer National Insurance threshold rise,2027,130500.0,86495.734,86533.56
mock2_employer_ni_threshold,Employer National Insurance threshold rise,2027,131250.0,86930.734,86968.56
mock2_employer_ni_threshold,Employer National Insurance threshold rise,2027,132000.0,87365.734,87403.56
mock2_employer_ni_threshold,Employer National Insurance threshold rise,2027,132750.0,87800.734,87838.56
mock2_employer_ni_threshold,Employer National Insurance threshold rise,2027,133500.0,88235.734,88273.56
mock2_employer_ni_threshold,Employer National Insurance threshold rise,2027,134250.0,88670.734,88708.56
mock2_employer_ni_threshold,Employer National Insurance threshold rise,2027,135000.0,89105.734,89143.56
mock2_employer_ni_threshold,Employer National Insurance threshold rise,2027,135750.0,89510.17,89544.75
mock2_employer_ni_threshold,Employer National Insurance threshold rise,2027,136500.0,89907.67,89942.25
mock2_employer_ni_threshold,Employer National Insurance threshold rise,2027,137250.0,90305.17,90339.75
mock2_employer_ni_threshold,Employer National Insurance threshold rise,2027,138000.0,90702.67,90737.25
mock2_employer_ni_threshold,Employer National Insurance threshold rise,2027,138750.0,91100.17,91134.75
mock2_employer_ni_threshold,Employer National Insurance threshold rise,2027,139500.0,91497.67,91532.25
mock2_employer_ni_threshold,Employer National Insurance threshold rise,2027,140250.0,91895.17,91929.75
mock2_employer_ni_threshold,Employer National Insurance threshold rise,2027,141000.0,92292.67,92327.25
mock2_employer_ni_threshold,Employer National Insurance threshold rise,2027,141750.0,92690.17,92724.75
mock2_employer_ni_threshold,Employer National Insurance threshold rise,2027,142500.0,93087.67,93122.25
mock2_employer_ni_threshold,Employer National Insurance threshold rise,2027,143250.0,93485.17,93519.75
mock2_employer_ni_threshold,Employer National Insurance threshold rise,2027,144000.0,93882.67,93917.25
mock2_employer_ni_threshold,Employer National Insurance threshold rise,2027,144750.0,94280.17,94314.75
mock2_employer_ni_threshold,Employer National Insurance threshold rise,2027,145500.0,94677.67,94712.25
mock2_employer_ni_threshold,Employer National Insurance threshold rise,2027,146250.0,95075.17,95109.75
mock2_employer_ni_threshold,Employer National Insurance threshold rise,2027,147000.0,95472.67,95507.25
mock2_employer_ni_threshold,Employer National Insurance threshold rise,2027,147750.0,95870.17,95904.75
mock2_employer_ni_threshold,Employer National Insurance threshold rise,2027,148500.0,96267.67,96302.25
mock2_employer_ni_threshold,Employer National Insurance threshold rise,2027,149250.0,96665.17,96699.75
mock2_employer_ni_threshold,Employer National Insurance threshold rise,2027,150000.0,97062.67,97097.25
mock2_employer_ni_threshold,Employer National Insurance threshold rise,2028,0.0,24932.484,24932.484
mock2_employer_ni_threshold,Employer National Insurance threshold rise,2028,750.0,25682.484,25682.484
mock2_employer_ni_threshold,Employer National Insurance threshold rise,2028,1500.0,26432.484,26432.484
mock2_employer_ni_threshold,Employer National Insurance threshold rise,2028,2250.0,27182.484,27182.484
mock2_employer_ni_threshold,Employer National Insurance threshold rise,2028,3000.0,27932.484,27932.484
mock2_employer_ni_threshold,Employer National Insurance threshold rise,2028,3750.0,28682.484,28682.484
mock2_employer_ni_threshold,Employer National Insurance threshold rise,2028,4500.0,29432.484,29432.484
mock2_employer_ni_threshold,Employer National Insurance threshold rise,2028,5250.0,30183.527,30248.746
mock2_employer_ni_threshold,Employer National Insurance threshold rise,2028,6000.0,30933.527,30998.746
mock2_employer_ni_threshold,Employer National Insurance threshold rise,2028,6750.0,31683.527,31748.746
mock2_employer_ni_threshold,Employer National Insurance threshold rise,2028,7500.0,32433.527,32498.746
mock2_employer_ni_threshold,Employer National Insurance threshold rise,2028,8250.0,33183.527,33248.746
mock2_employer_ni_threshold,Employer National Insurance threshold rise,2028,9000.0,33933.527,33998.746
mock2_employer_ni_threshold,Employer National Insurance threshold rise,2028,9750.0,34683.527,34748.746
mock2_employer_ni_threshold,Employer National Insurance threshold rise,2028,10500.0,35433.527,35498.746
mock2_employer_ni_threshold,Employer National Insurance threshold rise,2028,11250.0,36183.527,36248.746
mock2_employer_ni_threshold,Employer National Insurance threshold rise,2028,12000.0,36933.527,36998.746
mock2_employer_ni_threshold,Employer National Insurance threshold rise,2028,12750.0,37669.04,37729.043
mock2_employer_ni_threshold,Employer National Insurance threshold rise,2028,13500.0,38359.04,38419.043
mock2_employer_ni_threshold,Employer National Insurance threshold rise,2028,14250.0,39049.04,39109.043
mock2_employer_ni_threshold,Employer National Insurance threshold rise,2028,15000.0,39739.04,39799.043
mock2_employer_ni_threshold,Employer National Insurance threshold rise,2028,15750.0,40429.04,40489.043
mock2_employer_ni_threshold,Employer National Insurance threshold rise,2028,16500.0,41119.04,41179.043
mock2_employer_ni_threshold,Employer National Insurance threshold rise,2028,17250.0,41809.04,41869.043
mock2_employer_ni_threshold,Employer National Insurance threshold rise,2028,18000.0,42499.04,42559.043
mock2_employer_ni_threshold,Employer National Insurance threshold rise,2028,18750.0,43189.04,43249.043
mock2_employer_ni_threshold,Employer National Insurance threshold rise,2028,19500.0,43848.066,43875.066
mock2_employer_ni_threshold,Employer National Insurance threshold rise,2028,20250.0,44158.566,44185.566
mock2_employer_ni_threshold,Employer National Insurance threshold rise,2028,21000.0,44469.066,44496.066
mock2_employer_ni_threshold,Employer National Insurance threshold rise,2028,21750.0,44779.566,44806.566
mock2_employer_ni_threshold,Employer National Insurance threshold rise,2028,22500.0,45090.066,45117.066
mock2_employer_ni_threshold,Employer National Insurance threshold rise,2028,23250.0,45400.566,45427.566
mock2_employer_ni_threshold,Employer National Insurance threshold rise,2028,24000.0,45695.676,45716.8
mock2_employer_ni_threshold,Employer National Insurance threshold rise,2028,24750.0,45938.676,45959.8
mock2_employer_ni_threshold,Employer National Insurance threshold rise,2028,25500.0,46181.676,46202.8
mock2_employer_ni_threshold,Employer National Insurance threshold rise,2028,26250.0,46424.676,46445.8
mock2_employer_ni_threshold,Employer National Insurance threshold rise,2028,27000.0,46667.676,46688.805
mock2_employer_ni_threshold,Employer National Insurance threshold rise,2028,27750.0,46910.676,46931.805
mock2_employer_ni_threshold,Employer National Insurance threshold rise,2028,28500.0,47153.676,47174.805
mock2_employer_ni_threshold,Employer National Insurance threshold rise,2028,29250.0,47396.676,47417.805
mock2_employer_ni_threshold,Employer National Insurance threshold rise,2028,30000.0,47639.676,47660.805
mock2_employer_ni_threshold,Employer National Insurance threshold rise,2028,30750.0,47882.676,47903.805
mock2_employer_ni_threshold,Employer National Insurance threshold rise,2028,31500.0,48125.676,48146.805
mock2_employer_ni_threshold,Employer National Insurance threshold rise,2028,32250.0,48368.676,48389.805
mock2_employer_ni_threshold,Employer National Insurance threshold rise,2028,33000.0,48611.676,48632.805
mock2_employer_ni_threshold,Employer National Insurance threshold rise,2028,33750.0,48854.676,48875.805
mock2_employer_ni_threshold,Employer National Insurance threshold rise,2028,34500.0,49097.676,49118.805
mock2_employer_ni_threshold,Employer National Insurance threshold rise,2028,35250.0,49340.676,49361.805
mock2_employer_ni_threshold,Employer National Insurance threshold rise,2028,36000.0,49583.676,49604.805
mock2_employer_ni_threshold,Employer National Insurance threshold rise,2028,36750.0,49826.676,49847.805
mock2_employer_ni_threshold,Employer National Insurance threshold rise,2028,37500.0,50069.676,50090.805
mock2_employer_ni_threshold,Employer National Insurance threshold rise,2028,38250.0,50312.676,50333.805
mock2_employer_ni_threshold,Employer National Insurance threshold rise,2028,39000.0,50555.676,50576.805
mock2_employer_ni_threshold,Employer National Insurance threshold rise,2028,39750.0,50798.676,50819.805
mock2_employer_ni_threshold,Employer National Insurance threshold rise,2028,40500.0,51041.676,51062.805
mock2_employer_ni_threshold,Employer National Insurance threshold rise,2028,41250.0,51284.676,51305.805
mock2_employer_ni_threshold,Employer National Insurance threshold rise,2028,42000.0,51527.676,51548.805
mock2_employer_ni_threshold,Employer National Insurance threshold rise,2028,42750.0,51770.676,51791.805
mock2_employer_ni_threshold,Employer National Insurance threshold rise,2028,43500.0,52013.676,52034.805
mock2_employer_ni_threshold,Employer National Insurance threshold rise,2028,44250.0,52256.676,52277.805
mock2_employer_ni_threshold,Employer National Insurance threshold rise,2028,45000.0,52499.676,52520.805
mock2_employer_ni_threshold,Employer National Insurance threshold rise,2028,45750.0,52742.676,52763.805
mock2_employer_ni_threshold,Employer National Insurance threshold rise,2028,46500.0,52985.676,53006.805
mock2_employer_ni_threshold,Employer National Insurance threshold rise,2028,47250.0,53228.676,53249.805
mock2_employer_ni_threshold,Employer National Insurance threshold rise,2028,48000.0,53471.676,53492.805
mock2_employer_ni_threshold,Employer National Insurance threshold rise,2028,48750.0,53714.676,53735.805
mock2_employer_ni_threshold,Employer National Insurance threshold rise,2028,49500.0,53957.676,53978.805
mock2_employer_ni_threshold,Employer National Insurance threshold rise,2028,50250.0,54200.676,54223.06
mock2_employer_ni_threshold,Employer National Insurance threshold rise,2028,51000.0,54463.414,54486.31
mock2_employer_ni_threshold,Employer National Insurance threshold rise,2028,51750.0,54726.664,54749.56
mock2_employer_ni_threshold,Employer National Insurance threshold rise,2028,52500.0,54989.914,55012.81
mock2_employer_ni_threshold,Employer National Insurance threshold rise,2028,53250.0,55253.164,55273.28
mock2_employer_ni_threshold,Employer National Insurance threshold rise,2028,54000.0,55472.555,55491.53
mock2_employer_ni_threshold,Employer National Insurance threshold rise,2028,54750.0,55690.805,55709.78
mock2_employer_ni_threshold,Employer National Insurance threshold rise,2028,55500.0,55909.055,55928.03
mock2_employer_ni_threshold,Employer National Insurance threshold rise,2028,56250.0,56127.305,56146.28
mock2_employer_ni_threshold,Employer National Insurance threshold rise,2028,57000.0,56345.555,56364.53
mock2_employer_ni_threshold,Employer National Insurance threshold rise,2028,57750.0,56563.805,56582.78
mock2_employer_ni_threshold,Employer National Insurance threshold rise,2028,58500.0,56782.055,56801.03
mock2_employer_ni_threshold,Employer National Insurance threshold rise,2028,59250.0,57000.305,57019.28
mock2_employer_ni_threshold,Employer National Insurance threshold rise,2028,60000.0,57218.375,57226.234
mock2_employer_ni_threshold,Employer National Insurance threshold rise,2028,60750.0,57180.906,57186.812
mock2_employer_ni_threshold,Employer National Insurance threshold rise,2028,61500.0,57248.773,57254.68
mock2_employer_ni_threshold,Employer National Insurance threshold rise,2028,62250.0,57316.64,57322.547
mock2_employer_ni_threshold,Employer National Insurance threshold rise,2028,63000.0,57384.508,57390.414
mock2_employer_ni_threshold,Employer National Insurance threshold rise,2028,63750.0,57452.375,57458.28
mock2_employer_ni_threshold,Employer National Insurance threshold rise,2028,64500.0,57520.242,57526.14
mock2_employer_ni_threshold,Employer National Insurance threshold rise,2028,65250.0,57588.11,57594.008
mock2_employer_ni_threshold,Employer National Insurance threshold rise,2028,66000.0,57655.977,57661.875
mock2_employer_ni_threshold,Employer National Insurance threshold rise,2028,66750.0,57723.844,57729.742
mock2_employer_ni_threshold,Employer National Insurance threshold rise,2028,67500.0,57791.71,57797.61
mock2_employer_ni_threshold,Employer National Insurance threshold rise,2028,68250.0,57859.58,57865.477
mock2_employer_ni_threshold,Employer National Insurance threshold rise,2028,69000.0,57927.438,57933.344
mock2_employer_ni_threshold,Employer National Insurance threshold rise,2028,69750.0,58094.047,58120.758
mock2_employer_ni_threshold,Employer National Insurance threshold rise,2028,70500.0,58401.17,58427.875
mock2_employer_ni_threshold,Employer National Insurance threshold rise,2028,71250.0,58708.28,58734.992
mock2_employer_ni_threshold,Employer National Insurance threshold rise,2028,72000.0,59015.4,59042.11
mock2_employer_ni_threshold,Employer National Insurance threshold rise,2028,72750.0,59322.516,59349.22
mock2_employer_ni_threshold,Employer National Insurance threshold rise,2028,73500.0,59629.633,59656.344
mock2_employer_ni_threshold,Employer National Insurance threshold rise,2028,74250.0,59936.75,59963.453
mock2_employer_ni_threshold,Employer National Insurance threshold rise,2028,75000.0,60243.867,60270.57
mock2_employer_ni_threshold,Employer National Insurance threshold rise,2028,75750.0,60550.984,60577.688
mock2_employer_ni_threshold,Employer National Insurance threshold rise,2028,76500.0,60858.1,60884.805
mock2_employer_ni_threshold,Employer National Insurance threshold rise,2028,77250.0,61165.22,61191.92
mock2_employer_ni_threshold,Employer National Insurance threshold rise,2028,78000.0,61472.336,61499.04
mock2_employer_ni_threshold,Employer National Insurance threshold rise,2028,78750.0,61779.453,61806.156
mock2_employer_ni_threshold,Employer National Insurance threshold rise,2028,79500.0,62086.57,62113.273
mock2_employer_ni_threshold,Employer National Insurance threshold rise,2028,80250.0,62436.492,62474.312
mock2_employer_ni_threshold,Employer National Insurance threshold rise,2028,81000.0,62871.492,62909.312
mock2_employer_ni_threshold,Employer National Insurance threshold rise,2028,81750.0,63306.492,63344.312
mock2_employer_ni_threshold,Employer National Insurance threshold rise,2028,82500.0,63741.492,63779.312
mock2_employer_ni_threshold,Employer National Insurance threshold rise,2028,83250.0,64176.492,64214.312
mock2_employer_ni_threshold,Employer National Insurance threshold rise,2028,84000.0,64611.492,64649.312
mock2_employer_ni_threshold,Employer National Insurance threshold rise,2028,84750.0,65046.492,65084.312
mock2_employer_ni_threshold,Employer National Insurance threshold rise,2028,85500.0,65481.492,65519.312
mock2_employer_ni_threshold,Employer National Insurance threshold rise,2028,86250.0,65916.49,65954.31
mock2_employer_ni_threshold,Employer National Insurance threshold rise,2028,87000.0,66351.49,66389.31
mock2_employer_ni_threshold,Employer National Insurance threshold rise,2028,87750.0,66786.49,66824.31
mock2_employer_ni_threshold,Employer National Insurance threshold rise,2028,88500.0,67221.49,67259.31
mock2_employer_ni_threshold,Employer National Insurance threshold rise,2028,89250.0,67656.49,67694.31
mock2_employer_ni_threshold,Employer National Insurance threshold rise,2028,90000.0,68091.49,68129.31
mock2_employer_ni_threshold,Employer National Insurance threshold rise,2028,90750.0,68526.49,68564.31
mock2_employer_ni_threshold,Employer National Insurance threshold rise,2028,91500.0,68961.49,68999.31
mock2_employer_ni_threshold,Employer National Insurance threshold rise,2028,92250.0,69396.49,69434.31
mock2_employer_ni_threshold,Employer National Insurance threshold rise,2028,93000.0,69831.49,69869.31
mock2_employer_ni_threshold,Employer National Insurance threshold rise,2028,93750.0,70266.49,70304.31
mock2_employer_ni_threshold,Employer National Insurance threshold rise,2028,94500.0,70701.49,70739.31
mock2_employer_ni_threshold,Employer National Insurance threshold rise,2028,95250.0,71136.49,71174.31
mock2_employer_ni_threshold,Employer National Insurance threshold rise,2028,96000.0,71571.49,71609.31
mock2_employer_ni_threshold,Employer National Insurance threshold rise,2028,96750.0,72006.49,72044.31
mock2_employer_ni_threshold,Employer National Insurance threshold rise,2028,97500.0,72441.49,72479.31
mock2_employer_ni_threshold,Employer National Insurance threshold rise,2028,98250.0,72876.49,72914.31
mock2_employer_ni_threshold,Employer National Insurance threshold rise,2028,99000.0,73311.49,73349.31
mock2_employer_ni_threshold,Employer National Insurance threshold rise,2028,99750.0,73746.49,73784.31
mock2_employer_ni_threshold,Employer National Insurance threshold rise,2028,100500.0,74081.49,74106.12
mock2_employer_ni_threshold,Employer National Insurance threshold rise,2028,101250.0,74366.49,74391.12
mock2_employer_ni_threshold,Employer National Insurance threshold rise,2028,102000.0,74651.49,74676.12
mock2_employer_ni_threshold,Employer National Insurance threshold rise,2028,102750.0,74936.49,74961.12
mock2_employer_ni_threshold,Employer National Insurance threshold rise,2028,103500.0,75221.49,75246.12
mock2_employer_ni_threshold,Employer National Insurance threshold rise,2028,104250.0,75506.49,75531.12
mock2_employer_ni_threshold,Employer National Insurance threshold rise,2028,105000.0,75791.49,75816.12
mock2_employer_ni_threshold,Employer National Insurance threshold rise,2028,105750.0,76076.49,76101.12
mock2_employer_ni_threshold,Employer National Insurance threshold rise,2028,106500.0,76361.49,76386.12
mock2_employer_ni_threshold,Employer National Insurance threshold rise,2028,107250.0,76646.49,76671.12
mock2_employer_ni_threshold,Employer National Insurance threshold rise,2028,108000.0,76931.49,76956.12
mock2_employer_ni_threshold,Employer National Insurance threshold rise,2028,108750.0,77216.49,77241.12
mock2_employer_ni_threshold,Employer National Insurance threshold rise,2028,109500.0,77501.49,77526.12
mock2_employer_ni_threshold,Employer National Insurance threshold rise,2028,110250.0,77786.49,77811.12
mock2_employer_ni_threshold,Employer National Insurance threshold rise,2028,111000.0,78071.49,78096.12
mock2_employer_ni_threshold,Employer National Insurance threshold rise,2028,111750.0,78356.49,78381.12
mock2_employer_ni_threshold,Employer National Insurance threshold rise,2028,112500.0,78641.49,78666.12
mock2_employer_ni_threshold,Employer National Insurance threshold rise,2028,113250.0,78926.49,78951.12
mock2_employer_ni_threshold,Employer National Insurance threshold rise,2028,114000.0,79211.49,79236.12
mock2_employer_ni_threshold,Employer National Insurance threshold rise,2028,114750.0,79496.49,79521.12
mock2_employer_ni_threshold,Employer National Insurance threshold rise,2028,115500.0,79781.49,79806.12
mock2_employer_ni_threshold,Employer National Insurance threshold rise,2028,116250.0,80066.49,80091.12
mock2_employer_ni_threshold,Employer National Insurance threshold rise,2028,117000.0,80351.49,80376.12
mock2_employer_ni_threshold,Employer National Insurance threshold rise,2028,117750.0,80636.49,80661.12
mock2_employer_ni_threshold,Employer National Insurance threshold rise,2028,118500.0,80921.49,80946.12
mock2_employer_ni_threshold,Employer National Insurance threshold rise,2028,119250.0,81206.49,81231.12
mock2_employer_ni_threshold,Employer National Insurance threshold rise,2028,120000.0,81491.49,81516.12
mock2_employer_ni_threshold,Employer National Insurance threshold rise,2028,120750.0,81776.49,81801.12
mock2_employer_ni_threshold,Employer National Insurance threshold rise,2028,121500.0,82061.49,82086.12
mock2_employer_ni_threshold,Employer National Insurance threshold rise,2028,122250.0,82346.49,82371.12
mock2_employer_ni_threshold,Employer National Insurance threshold rise,2028,123000.0,82631.49,82656.12
mock2_employer_ni_threshold,Employer National Insurance threshold rise,2028,123750.0,82916.49,82941.12
mock2_employer_ni_threshold,Employer National Insurance threshold rise,2028,124500.0,83201.49,83226.12
mock2_employer_ni_threshold,Employer National Insurance threshold rise,2028,125250.0,83508.49,83546.31
mock2_employer_ni_threshold,Employer National Insurance threshold rise,2028,126000.0,83943.49,83981.31
mock2_employer_ni_threshold,Employer National Insurance threshold rise,2028,126750.0,84378.49,84416.31
mock2_employer_ni_threshold,Employer National Insurance threshold rise,2028,127500.0,84813.49,84851.31
mock2_employer_ni_threshold,Employer National Insurance threshold rise,2028,128250.0,85248.49,85286.31
mock2_employer_ni_threshold,Employer National Insurance threshold rise,2028,129000.0,85683.49,85721.31
mock2_employer_ni_threshold,Employer National Insurance threshold rise,2028,129750.0,86118.49,86156.31
mock2_employer_ni_threshold,Employer National Insurance threshold rise,2028,130500.0,86553.49,86591.31
mock2_employer_ni_threshold,Employer National Insurance threshold rise,2028,131250.0,86988.49,87026.31
mock2_employer_ni_threshold,Employer National Insurance threshold rise,2028,132000.0,87423.49,87461.31
mock2_employer_ni_threshold,Employer National Insurance threshold rise,2028,132750.0,87858.49,87896.31
mock2_employer_ni_threshold,Employer National Insurance threshold rise,2028,133500.0,88293.49,88331.31
mock2_employer_ni_threshold,Employer National Insurance threshold rise,2028,134250.0,88728.49,88766.31
mock2_employer_ni_threshold,Employer National Insurance threshold rise,2028,135000.0,89163.49,89201.31
mock2_employer_ni_threshold,Employer National Insurance threshold rise,2028,135750.0,89567.94,89602.5
mock2_employer_ni_threshold,Employer National Insurance threshold rise,2028,136500.0,89965.44,90000.0
mock2_employer_ni_threshold,Employer National Insurance threshold rise,2028,137250.0,90362.94,90397.5
mock2_employer_ni_threshold,Employer National Insurance threshold rise,2028,138000.0,90760.44,90795.0
mock2_employer_ni_threshold,Employer National Insurance threshold rise,2028,138750.0,91157.94,91192.5
mock2_employer_ni_threshold,Employer National Insurance threshold rise,2028,139500.0,91555.44,91590.0
mock2_employer_ni_threshold,Employer National Insurance threshold rise,2028,140250.0,91952.94,91987.5
mock2_employer_ni_threshold,Employer National Insurance threshold rise,2028,141000.0,92350.44,92385.0
mock2_employer_ni_threshold,Employer National Insurance threshold rise,2028,141750.0,92747.94,92782.5
mock2_employer_ni_threshold,Employer National Insurance threshold rise,2028,142500.0,93145.44,93180.0
mock2_employer_ni_threshold,Employer National Insurance threshold rise,2028,143250.0,93542.94,93577.5
mock2_employer_ni_threshold,Employer National Insurance threshold rise,2028,144000.0,93940.44,93975.0
mock2_employer_ni_threshold,Employer National Insurance threshold rise,2028,144750.0,94337.94,94372.5
mock2_employer_ni_threshold,Employer National Insurance threshold rise,2028,145500.0,94735.44,94770.0
mock2_employer_ni_threshold,Employer National Insurance threshold rise,2028,146250.0,95132.94,95167.5
mock2_employer_ni_threshold,Employer National Insurance threshold rise,2028,147000.0,95530.44,95565.0
mock2_employer_ni_threshold,Employer National Insurance threshold rise,2028,147750.0,95927.94,95962.5
mock2_employer_ni_threshold,Employer National Insurance threshold rise,2028,148500.0,96325.44,96360.0
mock2_employer_ni_threshold,Employer National Insurance threshold rise,2028,149250.0,96722.94,96757.5
mock2_employer_ni_threshold,Employer National Insurance threshold rise,2028,150000.0,97120.44,97155.0
mock2_employer_ni_threshold,Employer National Insurance threshold rise,2029,0.0,25455.82,25455.82
mock2_employer_ni_threshold,Employer National Insurance threshold rise,2029,750.0,26204.621,26204.621
mock2_employer_ni_threshold,Employer National Insurance threshold rise,2029,1500.0,26953.422,26953.422
mock2_employer_ni_threshold,Employer National Insurance threshold rise,2029,2250.0,27702.219,27702.219
mock2_employer_ni_threshold,Employer National Insurance threshold rise,2029,3000.0,28451.02,28451.02
mock2_employer_ni_threshold,Employer National Insurance threshold rise,2029,3750.0,29199.82,29199.82
mock2_employer_ni_threshold,Employer National Insurance threshold rise,2029,4500.0,29948.621,29948.621
mock2_employer_ni_threshold,Employer National Insurance threshold rise,2029,5250.0,30698.465,30763.68
mock2_employer_ni_threshold,Employer National Insurance threshold rise,2029,6000.0,31447.266,31512.48
mock2_employer_ni_threshold,Employer National Insurance threshold rise,2029,6750.0,32196.062,32261.281
mock2_employer_ni_threshold,Employer National Insurance threshold rise,2029,7500.0,32944.863,33010.082
mock2_employer_ni_threshold,Employer National Insurance threshold rise,2029,8250.0,33693.664,33758.883
mock2_employer_ni_threshold,Employer National Insurance threshold rise,2029,9000.0,34442.465,34507.68
mock2_employer_ni_threshold,Employer National Insurance threshold rise,2029,9750.0,35191.266,35256.484
mock2_employer_ni_threshold,Employer National Insurance threshold rise,2029,10500.0,35940.062,36005.28
mock2_employer_ni_threshold,Employer National Insurance threshold rise,2029,11250.0,36688.863,36754.082
mock2_employer_ni_threshold,Employer National Insurance threshold rise,2029,12000.0,37437.664,37502.883
mock2_employer_ni_threshold,Employer National Insurance threshold rise,2029,12750.0,38173.613,38233.61
mock2_employer_ni_threshold,Employer National Insurance threshold rise,2029,13500.0,38862.508,38922.508
mock2_employer_ni_threshold,Employer National Insurance threshold rise,2029,14250.0,39551.402,39611.402
mock2_employer_ni_threshold,Employer National Insurance threshold rise,2029,15000.0,40240.297,40300.3
mock2_employer_ni_threshold,Employer National Insurance threshold rise,2029,15750.0,40929.195,40989.195
mock2_employer_ni_threshold,Employer National Insurance threshold rise,2029,16500.0,41618.086,41678.09
mock2_employer_ni_threshold,Employer National Insurance threshold rise,2029,17250.0,42306.99,42366.984
mock2_employer_ni_threshold,Employer National Insurance threshold rise,2029,18000.0,42995.883,43055.883
mock2_employer_ni_threshold,Employer National Insurance threshold rise,2029,18750.0,43684.777,43744.777
mock2_employer_ni_threshold,Employer National Insurance threshold rise,2029,19500.0,44373.676,44433.676
mock2_employer_ni_threshold,Employer National Insurance threshold rise,2029,20250.0,44766.28,44793.28
mock2_employer_ni_threshold,Employer National Insurance threshold rise,2029,21000.0,45076.285,45103.28
mock2_employer_ni_threshold,Employer National Insurance threshold rise,2029,21750.0,45386.29,45413.29
mock2_employer_ni_threshold,Employer National Insurance threshold rise,2029,22500.0,45696.293,45723.29
mock2_employer_ni_threshold,Employer National Insurance threshold rise,2029,23250.0,46006.297,46033.297
mock2_employer_ni_threshold,Employer National Insurance threshold rise,2029,24000.0,46304.36,46325.492
mock2_employer_ni_threshold,Employer National Insurance threshold rise,2029,24750.0,46546.973,46568.1
mock2_employer_ni_threshold,Employer National Insurance threshold rise,2029,25500.0,46789.582,46810.71
mock2_employer_ni_threshold,Employer National Insurance threshold rise,2029,26250.0,47032.19,47053.32
mock2_employer_ni_threshold,Employer National Insurance threshold rise,2029,27000.0,47274.805,47295.938
mock2_employer_ni_threshold,Employer National Insurance threshold rise,2029,27750.0,47517.414,47538.547
mock2_employer_ni_threshold,Employer National Insurance threshold rise,2029,28500.0,47760.027,47781.16
mock2_employer_ni_threshold,Employer National Insurance threshold rise,2029,29250.0,48002.637,48023.766
mock2_employer_ni_threshold,Employer National Insurance threshold rise,2029,30000.0,48245.25,48266.38
mock2_employer_ni_threshold,Employer National Insurance threshold rise,2029,30750.0,48487.863,48508.992
mock2_employer_ni_threshold,Employer National Insurance threshold rise,2029,31500.0,48730.473,48751.6
mock2_employer_ni_threshold,Employer National Insurance threshold rise,2029,32250.0,48973.086,48994.215
mock2_employer_ni_threshold,Employer National Insurance threshold rise,2029,33000.0,49215.69,49236.824
mock2_employer_ni_threshold,Employer National Insurance threshold rise,2029,33750.0,49458.305,49479.438
mock2_employer_ni_threshold,Employer National Insurance threshold rise,2029,34500.0,49700.918,49722.047
mock2_employer_ni_threshold,Employer National Insurance threshold rise,2029,35250.0,49943.527,49964.656
mock2_employer_ni_threshold,Employer National Insurance threshold rise,2029,36000.0,50186.137,50207.266
mock2_employer_ni_threshold,Employer National Insurance threshold rise,2029,36750.0,50428.746,50449.883
mock2_employer_ni_threshold,Employer National Insurance threshold rise,2029,37500.0,50671.355,50692.492
mock2_employer_ni_threshold,Employer National Insurance threshold rise,2029,38250.0,50913.973,50935.1
mock2_employer_ni_threshold,Employer National Insurance threshold rise,2029,39000.0,51156.582,51177.72
mock2_employer_ni_threshold,Employer National Insurance threshold rise,2029,39750.0,51399.19,51420.32
mock2_employer_ni_threshold,Employer National Insurance threshold rise,2029,40500.0,51641.81,51662.938
mock2_employer_ni_threshold,Employer National Insurance threshold rise,2029,41250.0,51884.418,51905.547
mock2_employer_ni_threshold,Employer National Insurance threshold rise,2029,42000.0,52127.027,52148.156
mock2_employer_ni_threshold,Employer National Insurance threshold rise,2029,42750.0,52369.637,52390.773
mock2_employer_ni_threshold,Employer National Insurance threshold rise,2029,43500.0,52612.25,52633.375
mock2_employer_ni_threshold,Employer National Insurance threshold rise,2029,44250.0,52854.867,52875.992
mock2_employer_ni_threshold,Employer National Insurance threshold rise,2029,45000.0,53097.473,53118.6
mock2_employer_ni_threshold,Employer National Insurance threshold rise,2029,45750.0,53340.082,53361.21
mock2_employer_ni_threshold,Employer National Insurance threshold rise,2029,46500.0,53582.7,53603.83
mock2_employer_ni_threshold,Employer National Insurance threshold rise,2029,47250.0,53825.305,53846.44
mock2_employer_ni_threshold,Employer National Insurance threshold rise,2029,48000.0,54067.918,54089.05
mock2_employer_ni_threshold,Employer National Insurance threshold rise,2029,48750.0,54310.53,54331.656
mock2_employer_ni_threshold,Employer National Insurance threshold rise,2029,49500.0,54553.14,54574.273
mock2_employer_ni_threshold,Employer National Insurance threshold rise,2029,50250.0,54795.754,54816.883
mock2_employer_ni_threshold,Employer National Insurance threshold rise,2029,51000.0,55055.9,55078.79
mock2_employer_ni_threshold,Employer National Insurance threshold rise,2029,51750.0,55318.73,55341.617
mock2_employer_ni_threshold,Employer National Insurance threshold rise,2029,52500.0,55581.555,55604.453
mock2_employer_ni_threshold,Employer National Insurance threshold rise,2029,53250.0,55844.383,55867.28
mock2_employer_ni_threshold,Employer National Insurance threshold rise,2029,54000.0,56068.54,56087.516
mock2_employer_ni_threshold,Employer National Insurance threshold rise,2029,54750.0,56286.438,56305.414
mock2_employer_ni_threshold,Employer National Insurance threshold rise,2029,55500.0,56504.336,56523.32
mock2_employer_ni_threshold,Employer National Insurance threshold rise,2029,56250.0,56722.242,56741.227
mock2_employer_ni_threshold,Employer National Insurance threshold rise,2029,57000.0,56940.14,56959.11
mock2_employer_ni_threshold,Employer National Insurance threshold rise,2029,57750.0,57158.04,57177.016
mock2_employer_ni_threshold,Employer National Insurance threshold rise,2029,58500.0,57375.938,57394.92
mock2_employer_ni_threshold,Employer National Insurance threshold rise,2029,59250.0,57593.844,57612.83
mock2_employer_ni_threshold,Employer National Insurance threshold rise,2029,60000.0,57811.742,57830.72
mock2_employer_ni_threshold,Employer National Insurance threshold rise,2029,60750.0,57791.0,57796.688
mock2_employer_ni_threshold,Employer National Insurance threshold rise,2029,61500.0,57856.21,57861.89
mock2_employer_ni_threshold,Employer National Insurance threshold rise,2029,62250.0,57921.42,57927.094
mock2_employer_ni_threshold,Employer National Insurance threshold rise,2029,63000.0,57986.625,57992.305
mock2_employer_ni_threshold,Employer National Insurance threshold rise,2029,63750.0,58051.83,58057.516
mock2_employer_ni_threshold,Employer National Insurance threshold rise,2029,64500.0,58117.03,58122.703
mock2_employer_ni_threshold,Employer National Insurance threshold rise,2029,65250.0,58182.242,58187.914
mock2_employer_ni_threshold,Employer National Insurance threshold rise,2029,66000.0,58247.438,58253.117
mock2_employer_ni_threshold,Employer National Insurance threshold rise,2029,66750.0,58312.65,58318.33
mock2_employer_ni_threshold,Employer National Insurance threshold rise,2029,67500.0,58377.85,58383.53
mock2_employer_ni_threshold,Employer National Insurance threshold rise,2029,68250.0,58443.047,58448.734
mock2_employer_ni_threshold,Employer National Insurance threshold rise,2029,69000.0,58508.258,58513.945
mock2_employer_ni_threshold,Employer National Insurance threshold rise,2029,69750.0,58573.47,58579.14
mock2_employer_ni_threshold,Employer National Insurance threshold rise,2029,70500.0,58638.67,58644.344
mock2_employer_ni_threshold,Employer National Insurance threshold rise,2029,71250.0,58751.61,58778.094
mock2_employer_ni_threshold,Employer National Insurance threshold rise,2029,72000.0,59055.67,59082.156
mock2_employer_ni_threshold,Employer National Insurance threshold rise,2029,72750.0,59359.75,59386.234
mock2_employer_ni_threshold,Employer National Insurance threshold rise,2029,73500.0,59663.82,59690.305
mock2_employer_ni_threshold,Employer National Insurance threshold rise,2029,74250.0,59967.89,59994.375
mock2_employer_ni_threshold,Employer National Insurance threshold rise,2029,75000.0,60271.97,60298.453
mock2_employer_ni_threshold,Employer National Insurance threshold rise,2029,75750.0,60576.03,60602.516
mock2_employer_ni_threshold,Employer National Insurance threshold rise,2029,76500.0,60880.11,60906.594
mock2_employer_ni_threshold,Employer National Insurance threshold rise,2029,77250.0,61184.18,61210.664
mock2_employer_ni_threshold,Employer National Insurance threshold rise,2029,78000.0,61488.25,61514.734
mock2_employer_ni_threshold,Employer National Insurance threshold rise,2029,78750.0,61792.33,61818.812
mock2_employer_ni_threshold,Employer National Insurance threshold rise,2029,79500.0,62096.39,62122.875
mock2_employer_ni_threshold,Employer National Insurance threshold rise,2029,80250.0,62421.797,62459.625
mock2_employer_ni_threshold,Employer National Insurance threshold rise,2029,81000.0,62856.1,62893.93
mock2_employer_ni_threshold,Employer National Insurance threshold rise,2029,81750.0,63290.406,63328.234
mock2_employer_ni_threshold,Employer National Insurance threshold rise,2029,82500.0,63724.71,63762.53
mock2_employer_ni_threshold,Employer National Insurance threshold rise,2029,83250.0,64159.016,64196.844
mock2_employer_ni_threshold,Employer National Insurance threshold rise,2029,84000.0,64593.312,64631.15
mock2_employer_ni_threshold,Employer National Insurance threshold rise,2029,84750.0,65027.625,65065.445
mock2_employer_ni_threshold,Employer National Insurance threshold rise,2029,85500.0,65461.93,65499.758
mock2_employer_ni_threshold,Employer National Insurance threshold rise,2029,86250.0,65896.234,65934.055
mock2_employer_ni_threshold,Employer National Insurance threshold rise,2029,87000.0,66330.53,66368.36
mock2_employer_ni_threshold,Employer National Insurance threshold rise,2029,87750.0,66764.84,66802.664
mock2_employer_ni_threshold,Employer National Insurance threshold rise,2029,88500.0,67199.14,67236.97
mock2_employer_ni_threshold,Employer National Insurance threshold rise,2029,89250.0,67633.445,67671.27
mock2_employer_ni_threshold,Employer National Insurance threshold rise,2029,90000.0,68067.75,68105.58
mock2_employer_ni_threshold,Employer National Insurance threshold rise,2029,90750.0,68502.055,68539.875
mock2_employer_ni_threshold,Employer National Insurance threshold rise,2029,91500.0,68936.36,68974.19
mock2_employer_ni_threshold,Employer National Insurance threshold rise,2029,92250.0,69370.66,69408.484
mock2_employer_ni_threshold,Employer National Insurance threshold rise,2029,93000.0,69804.97,69842.8
mock2_employer_ni_threshold,Employer National Insurance threshold rise,2029,93750.0,70239.27,70277.09
mock2_employer_ni_threshold,Employer National Insurance threshold rise,2029,94500.0,70673.57,70711.4
mock2_employer_ni_threshold,Employer National Insurance threshold rise,2029,95250.0,71107.88,71145.7
mock2_employer_ni_threshold,Employer National Insurance threshold rise,2029,96000.0,71542.18,71580.01
mock2_employer_ni_threshold,Employer National Insurance threshold rise,2029,96750.0,71976.484,72014.31
mock2_employer_ni_threshold,Employer National Insurance threshold rise,2029,97500.0,72410.79,72448.62
mock2_employer_ni_threshold,Employer National Insurance threshold rise,2029,98250.0,72845.09,72882.92
mock2_employer_ni_threshold,Employer National Insurance threshold rise,2029,99000.0,73279.4,73317.23
mock2_employer_ni_threshold,Employer National Insurance threshold rise,2029,99750.0,73713.7,73751.53
mock2_employer_ni_threshold,Employer National Insurance threshold rise,2029,100500.0,74080.01,74105.03
mock2_employer_ni_threshold,Employer National Insurance threshold rise,2029,101250.0,74364.71,74389.34
mock2_employer_ni_threshold,Employer National Insurance threshold rise,2029,102000.0,74649.414,74674.04
mock2_employer_ni_threshold,Employer National Insurance threshold rise,2029,102750.0,74933.72,74958.75
mock2_employer_ni_threshold,Employer National Insurance threshold rise,2029,103500.0,75218.42,75243.05
mock2_employer_ni_threshold,Employer National Insurance threshold rise,2029,104250.0,75502.73,75527.75
mock2_employer_ni_threshold,Employer National Insurance threshold rise,2029,105000.0,75787.43,75812.055
mock2_employer_ni_threshold,Employer National Insurance threshold rise,2029,105750.0,76072.125,76096.766
mock2_employer_ni_threshold,Employer National Insurance threshold rise,2029,106500.0,76356.44,76381.47
mock2_employer_ni_threshold,Employer National Insurance threshold rise,2029,107250.0,76641.14,76665.766
mock2_employer_ni_threshold,Employer National Insurance threshold rise,2029,108000.0,76925.45,76950.48
mock2_employer_ni_threshold,Employer National Insurance threshold rise,2029,108750.0,77210.15,77234.78
mock2_employer_ni_threshold,Employer National Insurance threshold rise,2029,109500.0,77494.85,77519.48
mock2_employer_ni_threshold,Employer National Insurance threshold rise,2029,110250.0,77779.16,77804.19
mock2_employer_ni_threshold,Employer National Insurance threshold rise,2029,111000.0,78063.86,78088.484
mock2_employer_ni_threshold,Employer National Insurance threshold rise,2029,111750.0,78348.17,78373.195
mock2_employer_ni_threshold,Employer National Insurance threshold rise,2029,112500.0,78632.875,78657.5
mock2_employer_ni_threshold,Employer National Insurance threshold rise,2029,113250.0,78917.58,78942.2
mock2_employer_ni_threshold,Employer National Insurance threshold rise,2029,114000.0,79201.875,79226.9
mock2_employer_ni_threshold,Employer National Insurance threshold rise,2029,114750.0,79486.59,79511.22
mock2_employer_ni_threshold,Employer National Insurance threshold rise,2029,115500.0,79770.89,79795.914
mock2_employer_ni_threshold,Employer National Insurance threshold rise,2029,116250.0,80055.59,80080.22
mock2_employer_ni_threshold,Employer National Insurance threshold rise,2029,117000.0,80340.3,80364.92
mock2_employer_ni_threshold,Employer National Insurance threshold rise,2029,117750.0,80624.59,80649.62
mock2_employer_ni_threshold,Employer National Insurance threshold rise,2029,118500.0,80909.31,80933.94
mock2_employer_ni_threshold,Employer National Insurance threshold rise,2029,119250.0,81193.61,81218.63
mock2_employer_ni_threshold,Employer National Insurance threshold rise,2029,120000.0,81478.31,81502.94
mock2_employer_ni_threshold,Employer National Insurance threshold rise,2029,120750.0,81763.016,81787.64
mock2_employer_ni_threshold,Employer National Insurance threshold rise,2029,121500.0,82047.33,82072.36
mock2_employer_ni_threshold,Employer National Insurance threshold rise,2029,122250.0,82332.016,82356.64
mock2_employer_ni_threshold,Employer National Insurance threshold rise,2029,123000.0,82616.33,82641.36
mock2_employer_ni_threshold,Employer National Insurance threshold rise,2029,123750.0,82901.03,82925.66
mock2_employer_ni_threshold,Employer National Insurance threshold rise,2029,124500.0,83185.734,83210.36
mock2_employer_ni_threshold,Employer National Insurance threshold rise,2029,125250.0,83470.05,83495.07
mock2_employer_ni_threshold,Employer National Insurance threshold rise,2029,126000.0,83886.33,83924.16
mock2_employer_ni_threshold,Employer National Insurance threshold rise,2029,126750.0,84320.64,84358.48
mock2_employer_ni_threshold,Employer National Insurance threshold rise,2029,127500.0,84754.95,84792.78
mock2_employer_ni_threshold,Employer National Insurance threshold rise,2029,128250.0,85189.25,85227.08
mock2_employer_ni_threshold,Employer National Insurance threshold rise,2029,129000.0,85623.56,85661.39
mock2_employer_ni_threshold,Employer National Insurance threshold rise,2029,129750.0,86057.85,86095.68
mock2_employer_ni_threshold,Employer National Insurance threshold rise,2029,130500.0,86492.17,86529.99
mock2_employer_ni_threshold,Employer National Insurance threshold rise,2029,131250.0,86926.47,86964.3
mock2_employer_ni_threshold,Employer National Insurance threshold rise,2029,132000.0,87360.77,87398.6
mock2_employer_ni_threshold,Employer National Insurance threshold rise,2029,132750.0,87795.08,87832.91
mock2_employer_ni_threshold,Employer National Insurance threshold rise,2029,133500.0,88229.39,88267.21
mock2_employer_ni_threshold,Employer National Insurance threshold rise,2029,134250.0,88663.69,88701.516
mock2_employer_ni_threshold,Employer National Insurance threshold rise,2029,135000.0,89097.984,89135.81
mock2_employer_ni_threshold,Employer National Insurance threshold rise,2029,135750.0,89512.59,89547.17
mock2_employer_ni_threshold,Employer National Insurance threshold rise,2029,136500.0,89909.46,89944.03
mock2_employer_ni_threshold,Employer National Insurance threshold rise,2029,137250.0,90306.336,90340.9
mock2_employer_ni_threshold,Employer National Insurance threshold rise,2029,138000.0,90703.195,90737.766
mock2_employer_ni_threshold,Employer National Insurance threshold rise,2029,138750.0,91100.06,91134.625
mock2_employer_ni_threshold,Employer National Insurance threshold rise,2029,139500.0,91496.92,91531.484
mock2_employer_ni_threshold,Employer National Insurance threshold rise,2029,140250.0,91893.78,91928.34
mock2_employer_ni_threshold,Employer National Insurance threshold rise,2029,141000.0,92290.66,92325.22
mock2_employer_ni_threshold,Employer National Insurance threshold rise,2029,141750.0,92687.516,92722.08
mock2_employer_ni_threshold,Employer National Insurance threshold rise,2029,142500.0,93084.375,93118.945
mock2_employer_ni_threshold,Employer National Insurance threshold rise,2029,143250.0,93481.24,93515.805
mock2_employer_ni_threshold,Employer National Insurance threshold rise,2029,144000.0,93878.1,93912.67
mock2_employer_ni_threshold,Employer National Insurance threshold rise,2029,144750.0,94274.97,94309.54
mock2_employer_ni_threshold,Employer National Insurance threshold rise,2029,145500.0,94671.836,94706.4
mock2_employer_ni_threshold,Employer National Insurance threshold rise,2029,146250.0,95068.695,95103.266
mock2_employer_ni_threshold,Employer National Insurance threshold rise,2029,147000.0,95465.56,95500.125
mock2_employer_ni_threshold,Employer National Insurance threshold rise,2029,147750.0,95862.42,95896.984
mock2_employer_ni_threshold,Employer National Insurance threshold rise,2029,148500.0,96259.3,96293.86
mock2_employer_ni_threshold,Employer National Insurance threshold rise,2029,149250.0,96656.16,96690.72
mock2_employer_ni_threshold,Employer National Insurance threshold rise,2029,150000.0,97053.016,97087.58
mock2_employer_ni_threshold,Employer National Insurance threshold rise,2030,0.0,25989.016,25989.016
mock2_employer_ni_threshold,Employer National Insurance threshold rise,2030,750.0,26737.812,26737.812
mock2_employer_ni_threshold,Employer National Insurance threshold rise,2030,1500.0,27486.613,27486.613
mock2_employer_ni_threshold,Employer National Insurance threshold rise,2030,2250.0,28235.414,28235.414
mock2_employer_ni_threshold,Employer National Insurance threshold rise,2030,3000.0,28984.215,28984.215
mock2_employer_ni_threshold,Employer National Insurance threshold rise,2030,3750.0,29733.016,29733.016
mock2_employer_ni_threshold,Employer National Insurance threshold rise,2030,4500.0,30481.812,30481.812
mock2_employer_ni_threshold,Employer National Insurance threshold rise,2030,5250.0,31231.656,31296.875
mock2_employer_ni_threshold,Employer National Insurance threshold rise,2030,6000.0,31980.457,32045.676
mock2_employer_ni_threshold,Employer National Insurance threshold rise,2030,6750.0,32729.258,32794.477
mock2_employer_ni_threshold,Employer National Insurance threshold rise,2030,7500.0,33478.055,33543.273
mock2_employer_ni_threshold,Employer National Insurance threshold rise,2030,8250.0,34226.86,34292.074
mock2_employer_ni_threshold,Employer National Insurance threshold rise,2030,9000.0,34975.656,35040.875
mock2_employer_ni_threshold,Employer National Insurance threshold rise,2030,9750.0,35724.46,35789.676
mock2_employer_ni_threshold,Employer National Insurance threshold rise,2030,10500.0,36473.258,36538.477
mock2_employer_ni_threshold,Employer National Insurance threshold rise,2030,11250.0,37222.055,37287.273
mock2_employer_ni_threshold,Employer National Insurance threshold rise,2030,12000.0,37970.86,38036.08
mock2_employer_ni_threshold,Employer National Insurance threshold rise,2030,12750.0,38706.8,38766.805
mock2_employer_ni_threshold,Employer National Insurance threshold rise,2030,13500.0,39395.703,39455.7
mock2_employer_ni_threshold,Employer National Insurance threshold rise,2030,14250.0,40084.594,40144.598
mock2_employer_ni_threshold,Employer National Insurance threshold rise,2030,15000.0,40773.49,40833.49
mock2_employer_ni_threshold,Employer National Insurance threshold rise,2030,15750.0,41462.39,41522.387
mock2_employer_ni_threshold,Employer National Insurance threshold rise,2030,16500.0,42151.28,42211.28
mock2_employer_ni_threshold,Employer National Insurance threshold rise,2030,17250.0,42840.18,42900.176
mock2_employer_ni_threshold,Employer National Insurance threshold rise,2030,18000.0,43529.074,43589.074
mock2_employer_ni_threshold,Employer National Insurance threshold rise,2030,18750.0,44217.97,44277.97
mock2_employer_ni_threshold,Employer National Insurance threshold rise,2030,19500.0,44906.867,44966.867
mock2_employer_ni_threshold,Employer National Insurance threshold rise,2030,20250.0,45399.21,45426.207
mock2_employer_ni_threshold,Employer National Insurance threshold rise,2030,21000.0,45709.22,45736.215
mock2_employer_ni_threshold,Employer National Insurance threshold rise,2030,21750.0,46019.22,46046.22
mock2_employer_ni_threshold,Employer National Insurance threshold rise,2030,22500.0,46329.223,46356.223
mock2_employer_ni_threshold,Employer National Insurance threshold rise,2030,23250.0,46639.223,46666.227
mock2_employer_ni_threshold,Employer National Insurance threshold rise,2030,24000.0,46937.29,46958.42
mock2_employer_ni_threshold,Employer National Insurance threshold rise,2030,24750.0,47179.9,47201.03
mock2_employer_ni_threshold,Employer National Insurance threshold rise,2030,25500.0,47422.51,47443.645
mock2_employer_ni_threshold,Employer National Insurance threshold rise,2030,26250.0,47665.125,47686.25
mock2_employer_ni_threshold,Employer National Insurance threshold rise,2030,27000.0,47907.734,47928.867
mock2_employer_ni_threshold,Employer National Insurance threshold rise,2030,27750.0,48150.348,48171.477
mock2_employer_ni_threshold,Employer National Insurance threshold rise,2030,28500.0,48392.96,48414.094
mock2_employer_ni_threshold,Employer National Insurance threshold rise,2030,29250.0,48635.566,48656.7
mock2_employer_ni_threshold,Employer National Insurance threshold rise,2030,30000.0,48878.18,48899.312
mock2_employer_ni_threshold,Employer National Insurance threshold rise,2030,30750.0,49120.79,49141.92
mock2_employer_ni_threshold,Employer National Insurance threshold rise,2030,31500.0,49363.402,49384.53
mock2_employer_ni_threshold,Employer National Insurance threshold rise,2030,32250.0,49606.016,49627.15
mock2_employer_ni_threshold,Employer National Insurance threshold rise,2030,33000.0,49848.62,49869.754
mock2_employer_ni_threshold,Employer National Insurance threshold rise,2030,33750.0,50091.23,50112.367
mock2_employer_ni_threshold,Employer National Insurance threshold rise,2030,34500.0,50333.848,50354.977
mock2_employer_ni_threshold,Employer National Insurance threshold rise,2030,35250.0,50576.457,50597.594
mock2_employer_ni_threshold,Employer National Insurance threshold rise,2030,36000.0,50819.066,50840.195
mock2_employer_ni_threshold,Employer National Insurance threshold rise,2030,36750.0,51061.684,51082.812
mock2_employer_ni_threshold,Employer National Insurance threshold rise,2030,37500.0,51304.293,51325.42
mock2_employer_ni_threshold,Employer National Insurance threshold rise,2030,38250.0,51546.902,51568.03
mock2_employer_ni_threshold,Employer National Insurance threshold rise,2030,39000.0,51789.51,51810.65
mock2_employer_ni_threshold,Employer National Insurance threshold rise,2030,39750.0,52032.12,52053.25
mock2_employer_ni_threshold,Employer National Insurance threshold rise,2030,40500.0,52274.74,52295.867
mock2_employer_ni_threshold,Employer National Insurance threshold rise,2030,41250.0,52517.348,52538.477
mock2_employer_ni_threshold,Employer National Insurance threshold rise,2030,42000.0,52759.957,52781.086
mock2_employer_ni_threshold,Employer National Insurance threshold rise,2030,42750.0,53002.566,53023.703
mock2_employer_ni_threshold,Employer National Insurance threshold rise,2030,43500.0,53245.176,53266.312
mock2_employer_ni_threshold,Employer National Insurance threshold rise,2030,44250.0,53487.793,53508.92
mock2_employer_ni_threshold,Employer National Insurance threshold rise,2030,45000.0,53730.402,53751.53
mock2_employer_ni_threshold,Employer National Insurance threshold rise,2030,45750.0,53973.01,53994.14
mock2_employer_ni_threshold,Employer National Insurance threshold rise,2030,46500.0,54215.63,54236.758
mock2_employer_ni_threshold,Employer National Insurance threshold rise,2030,47250.0,54458.23,54479.367
mock2_employer_ni_threshold,Employer National Insurance threshold rise,2030,48000.0,54700.848,54721.977
mock2_employer_ni_threshold,Employer National Insurance threshold rise,2030,48750.0,54943.457,54964.586
mock2_employer_ni_threshold,Employer National Insurance threshold rise,2030,49500.0,55186.066,55207.203
mock2_employer_ni_threshold,Employer National Insurance threshold rise,2030,50250.0,55428.684,55449.812
mock2_employer_ni_threshold,Employer National Insurance threshold rise,2030,51000.0,55688.83,55711.72
mock2_employer_ni_threshold,Employer National Insurance threshold rise,2030,51750.0,55951.656,55974.547
mock2_employer_ni_threshold,Employer National Insurance threshold rise,2030,52500.0,56214.484,56237.383
mock2_employer_ni_threshold,Employer National Insurance threshold rise,2030,53250.0,56477.312,56500.203
mock2_employer_ni_threshold,Employer National Insurance threshold rise,2030,54000.0,56701.47,56720.445
mock2_employer_ni_threshold,Employer National Insurance threshold rise,2030,54750.0,56919.367,56938.344
mock2_employer_ni_threshold,Employer National Insurance threshold rise,2030,55500.0,57137.266,57156.25
mock2_employer_ni_threshold,Employer National Insurance threshold rise,2030,56250.0,57355.17,57374.15
mock2_employer_ni_threshold,Employer National Insurance threshold rise,2030,57000.0,57573.07,57592.04
mock2_employer_ni_threshold,Employer National Insurance threshold rise,2030,57750.0,57790.97,57809.945
mock2_employer_ni_threshold,Employer National Insurance threshold rise,2030,58500.0,58008.867,58027.844
mock2_employer_ni_threshold,Employer National Insurance threshold rise,2030,59250.0,58226.773,58245.75
mock2_employer_ni_threshold,Employer National Insurance threshold rise,2030,60000.0,58444.67,58463.65
mock2_employer_ni_threshold,Employer National Insurance threshold rise,2030,60750.0,58421.656,58427.117
mock2_employer_ni_threshold,Employer National Insurance threshold rise,2030,61500.0,58484.266,58489.72
mock2_employer_ni_threshold,Employer National Insurance threshold rise,2030,62250.0,58546.867,58552.32
mock2_employer_ni_threshold,Employer National Insurance threshold rise,2030,63000.0,58609.477,58614.92
mock2_employer_ni_threshold,Employer National Insurance threshold rise,2030,63750.0,58672.07,58677.523
mock2_employer_ni_threshold,Employer National Insurance threshold rise,2030,64500.0,58734.664,58740.11
mock2_employer_ni_threshold,Employer National Insurance threshold rise,2030,65250.0,58797.273,58802.72
mock2_employer_ni_threshold,Employer National Insurance threshold rise,2030,66000.0,58859.86,58865.32
mock2_employer_ni_threshold,Employer National Insurance threshold rise,2030,66750.0,58922.47,58927.92
mock2_employer_ni_threshold,Employer National Insurance threshold rise,2030,67500.0,58985.07,58990.516
mock2_employer_ni_threshold,Employer National Insurance threshold rise,2030,68250.0,59047.664,59053.125
mock2_employer_ni_threshold,Employer National Insurance threshold rise,2030,69000.0,59110.266,59115.727
mock2_employer_ni_threshold,Employer National Insurance threshold rise,2030,69750.0,59172.875,59178.312
mock2_employer_ni_threshold,Employer National Insurance threshold rise,2030,70500.0,59235.47,59240.92
mock2_employer_ni_threshold,Employer National Insurance threshold rise,2030,71250.0,59298.062,59303.516
mock2_employer_ni_threshold,Employer National Insurance threshold rise,2030,72000.0,59360.67,59366.117
mock2_employer_ni_threshold,Employer National Insurance threshold rise,2030,72750.0,59445.758,59472.016
mock2_employer_ni_threshold,Employer National Insurance threshold rise,2030,73500.0,59747.22,59773.484
mock2_employer_ni_threshold,Employer National Insurance threshold rise,2030,74250.0,60048.695,60074.953
mock2_employer_ni_threshold,Employer National Insurance threshold rise,2030,75000.0,60350.156,60376.42
mock2_employer_ni_threshold,Employer National Insurance threshold rise,2030,75750.0,60651.625,60677.883
mock2_employer_ni_threshold,Employer National Insurance threshold rise,2030,76500.0,60953.094,60979.35
mock2_employer_ni_threshold,Employer National Insurance threshold rise,2030,77250.0,61254.562,61280.82
mock2_employer_ni_threshold,Employer National Insurance threshold rise,2030,78000.0,61556.03,61582.29
mock2_employer_ni_threshold,Employer National Insurance threshold rise,2030,78750.0,61857.5,61883.75
mock2_employer_ni_threshold,Employer National Insurance threshold rise,2030,79500.0,62158.96,62185.22
mock2_employer_ni_threshold,Employer National Insurance threshold rise,2030,80250.0,62482.188,62520.016
mock2_employer_ni_threshold,Employer National Insurance threshold rise,2030,81000.0,62916.492,62954.32
mock2_employer_ni_threshold,Employer National Insurance threshold rise,2030,81750.0,63350.797,63388.625
mock2_employer_ni_threshold,Employer National Insurance threshold rise,2030,82500.0,63785.1,63822.93
mock2_employer_ni_threshold,Employer National Insurance threshold rise,2030,83250.0,64219.406,64257.234
mock2_employer_ni_threshold,Employer National Insurance threshold rise,2030,84000.0,64653.71,64691.54
mock2_employer_ni_threshold,Employer National Insurance threshold rise,2030,84750.0,65088.016,65125.844
mock2_employer_ni_threshold,Employer National Insurance threshold rise,2030,85500.0,65522.32,65560.14
mock2_employer_ni_threshold,Employer National Insurance threshold rise,2030,86250.0,65956.625,65994.445
mock2_employer_ni_threshold,Employer National Insurance threshold rise,2030,87000.0,66390.92,66428.75
mock2_employer_ni_threshold,Employer National Insurance threshold rise,2030,87750.0,66825.23,66863.055
mock2_employer_ni_threshold,Employer National Insurance threshold rise,2030,88500.0,67259.53,67297.36
mock2_employer_ni_threshold,Employer National Insurance threshold rise,2030,89250.0,67693.836,67731.67
mock2_employer_ni_threshold,Employer National Insurance threshold rise,2030,90000.0,68128.14,68165.97
mock2_employer_ni_threshold,Employer National Insurance threshold rise,2030,90750.0,68562.44,68600.27
mock2_employer_ni_threshold,Employer National Insurance threshold rise,2030,91500.0,68996.75,69034.58
mock2_employer_ni_threshold,Employer National Insurance threshold rise,2030,92250.0,69431.055,69468.88
mock2_employer_ni_threshold,Employer National Insurance threshold rise,2030,93000.0,69865.36,69903.19
mock2_employer_ni_threshold,Employer National Insurance threshold rise,2030,93750.0,70299.664,70337.484
mock2_employer_ni_threshold,Employer National Insurance threshold rise,2030,94500.0,70733.97,70771.79
mock2_employer_ni_threshold,Employer National Insurance threshold rise,2030,95250.0,71168.266,71206.09
mock2_employer_ni_threshold,Employer National Insurance threshold rise,2030,96000.0,71602.57,71640.4
mock2_employer_ni_threshold,Employer National Insurance threshold rise,2030,96750.0,72036.875,72074.7
mock2_employer_ni_threshold,Employer National Insurance threshold rise,2030,97500.0,72471.18,72509.01
mock2_employer_ni_threshold,Employer National Insurance threshold rise,2030,98250.0,72905.484,72943.31
mock2_employer_ni_threshold,Employer National Insurance threshold rise,2030,99000.0,73339.8,73377.62
mock2_employer_ni_threshold,Employer National Insurance threshold rise,2030,99750.0,73774.09,73811.92
mock2_employer_ni_threshold,Employer National Insurance threshold rise,2030,100500.0,74140.4,74165.42
mock2_employer_ni_threshold,Employer National Insurance threshold rise,2030,101250.0,74425.1,74449.73
mock2_employer_ni_threshold,Employer National Insurance threshold rise,2030,102000.0,74709.8,74734.44
mock2_employer_ni_threshold,Employer National Insurance threshold rise,2030,102750.0,74994.11,75019.14
mock2_employer_ni_threshold,Employer National Insurance threshold rise,2030,103500.0,75278.81,75303.44
mock2_employer_ni_threshold,Employer National Insurance threshold rise,2030,104250.0,75563.125,75588.15
mock2_employer_ni_threshold,Employer National Insurance threshold rise,2030,105000.0,75847.82,75872.45
mock2_employer_ni_threshold,Employer National Insurance threshold rise,2030,105750.0,76132.52,76157.15
mock2_employer_ni_threshold,Employer National Insurance threshold rise,2030,106500.0,76416.83,76441.86
mock2_employer_ni_threshold,Employer National Insurance threshold rise,2030,107250.0,76701.53,76726.16
mock2_employer_ni_threshold,Employer National Insurance threshold rise,2030,108000.0,76985.836,77010.87
mock2_employer_ni_threshold,Employer National Insurance threshold rise,2030,108750.0,77270.55,77295.17
mock2_employer_ni_threshold,Employer National Insurance threshold rise,2030,109500.0,77555.25,77579.875
mock2_employer_ni_threshold,Employer National Insurance threshold rise,2030,110250.0,77839.55,77864.58
mock2_employer_ni_threshold,Employer National Insurance threshold rise,2030,111000.0,78124.25,78148.875
mock2_employer_ni_threshold,Employer National Insurance threshold rise,2030,111750.0,78408.56,78433.586
mock2_employer_ni_threshold,Employer National Insurance threshold rise,2030,112500.0,78693.266,78717.89
mock2_employer_ni_threshold,Employer National Insurance threshold rise,2030,113250.0,78977.97,79002.59
mock2_employer_ni_threshold,Employer National Insurance threshold rise,2030,114000.0,79262.27,79287.3
mock2_employer_ni_threshold,Employer National Insurance threshold rise,2030,114750.0,79546.97,79571.6
mock2_employer_ni_threshold,Employer National Insurance threshold rise,2030,115500.0,79831.29,79856.31
mock2_employer_ni_threshold,Employer National Insurance threshold rise,2030,116250.0,80115.984,80140.62
mock2_employer_ni_threshold,Employer National Insurance threshold rise,2030,117000.0,80400.69,80425.32
mock2_employer_ni_threshold,Employer National Insurance threshold rise,2030,117750.0,80684.984,80710.016
mock2_employer_ni_threshold,Employer National Insurance threshold rise,2030,118500.0,80969.695,80994.32
mock2_employer_ni_threshold,Employer National Insurance threshold rise,2030,119250.0,81254.01,81279.03
mock2_employer_ni_threshold,Employer National Insurance threshold rise,2030,120000.0,81538.71,81563.336
mock2_employer_ni_threshold,Employer National Insurance threshold rise,2030,120750.0,81823.414,81848.04
mock2_employer_ni_threshold,Employer National Insurance threshold rise,2030,121500.0,82107.73,82132.75
mock2_employer_ni_threshold,Employer National Insurance threshold rise,2030,122250.0,82392.414,82417.04
mock2_employer_ni_threshold,Employer National Insurance threshold rise,2030,123000.0,82676.73,82701.76
mock2_employer_ni_threshold,Employer National Insurance threshold rise,2030,123750.0,82961.44,82986.06
mock2_employer_ni_threshold,Employer National Insurance threshold rise,2030,124500.0,83246.13,83270.766
mock2_employer_ni_threshold,Employer National Insurance threshold rise,2030,125250.0,83530.45,83555.47
mock2_employer_ni_threshold,Employer National Insurance threshold rise,2030,126000.0,83946.734,83984.56
mock2_employer_ni_threshold,Employer National Insurance threshold rise,2030,126750.0,84381.05,84418.875
mock2_employer_ni_threshold,Employer National Insurance threshold rise,2030,127500.0,84815.34,84853.17
mock2_employer_ni_threshold,Employer National Insurance threshold rise,2030,128250.0,85249.66,85287.484
mock2_employer_ni_threshold,Employer National Insurance threshold rise,2030,129000.0,85683.97,85721.8
mock2_employer_ni_threshold,Employer National Insurance threshold rise,2030,129750.0,86118.25,86156.08
mock2_employer_ni_threshold,Employer National Insurance threshold rise,2030,130500.0,86552.57,86590.39
mock2_employer_ni_threshold,Employer National Insurance threshold rise,2030,131250.0,86986.875,87024.695
mock2_employer_ni_threshold,Employer National Insurance threshold rise,2030,132000.0,87421.17,87459.0
mock2_employer_ni_threshold,Employer National Insurance threshold rise,2030,132750.0,87855.47,87893.305
mock2_employer_ni_threshold,Employer National Insurance threshold rise,2030,133500.0,88289.78,88327.61
mock2_employer_ni_threshold,Employer National Insurance threshold rise,2030,134250.0,88724.09,88761.92
mock2_employer_ni_threshold,Employer National Insurance threshold rise,2030,135000.0,89158.39,89196.22
mock2_employer_ni_threshold,Employer National Insurance threshold rise,2030,135750.0,89573.0,89607.56
mock2_employer_ni_threshold,Employer National Insurance threshold rise,2030,136500.0,89969.86,90004.43
mock2_employer_ni_threshold,Employer National Insurance threshold rise,2030,137250.0,90366.734,90401.3
mock2_employer_ni_threshold,Employer National Insurance threshold rise,2030,138000.0,90763.59,90798.16
mock2_employer_ni_threshold,Employer National Insurance threshold rise,2030,138750.0,91160.46,91195.03
mock2_employer_ni_threshold,Employer National Insurance threshold rise,2030,139500.0,91557.32,91591.89
mock2_employer_ni_threshold,Employer National Insurance threshold rise,2030,140250.0,91954.19,91988.75
mock2_employer_ni_threshold,Employer National Insurance threshold rise,2030,141000.0,92351.055,92385.625
mock2_employer_ni_threshold,Employer National Insurance threshold rise,2030,141750.0,92747.914,92782.484
mock2_employer_ni_threshold,Employer National Insurance threshold rise,2030,142500.0,93144.78,93179.34
mock2_employer_ni_threshold,Employer National Insurance threshold rise,2030,143250.0,93541.64,93576.2
mock2_employer_ni_threshold,Employer National Insurance threshold rise,2030,144000.0,93938.5,93973.07
mock2_employer_ni_threshold,Employer National Insurance threshold rise,2030,144750.0,94335.375,94369.94
mock2_employer_ni_threshold,Employer National Insurance threshold rise,2030,145500.0,94732.234,94766.8
mock2_employer_ni_threshold,Employer National Insurance threshold rise,2030,146250.0,95129.09,95163.664
mock2_employer_ni_threshold,Employer National Insurance threshold rise,2030,147000.0,95525.96,95560.53
mock2_employer_ni_threshold,Employer National Insurance threshold rise,2030,147750.0,95922.82,95957.39
mock2_employer_ni_threshold,Employer National Insurance threshold rise,2030,148500.0,96319.69,96354.26
mock2_employer_ni_threshold,Employer National Insurance threshold rise,2030,149250.0,96716.555,96751.125
mock2_employer_ni_threshold,Employer National Insurance threshold rise,2030,150000.0,97113.42,97147.984
mock2_cgt_rates,Capital Gains Tax rate rise,2026,0.0,23876.223,23876.223
mock2_cgt_rates,Capital Gains Tax rate rise,2026,750.0,24626.223,24626.223
mock2_cgt_rates,Capital Gains Tax rate rise,2026,1500.0,25376.223,25376.223
mock2_cgt_rates,Capital Gains Tax rate rise,2026,2250.0,26126.223,26126.223
mock2_cgt_rates,Capital Gains Tax rate rise,2026,3000.0,26876.223,26876.223
mock2_cgt_rates,Capital Gains Tax rate rise,2026,3750.0,27626.223,27626.223
mock2_cgt_rates,Capital Gains Tax rate rise,2026,4500.0,28376.223,28376.223
mock2_cgt_rates,Capital Gains Tax rate rise,2026,5250.0,29126.223,29126.223
mock2_cgt_rates,Capital Gains Tax rate rise,2026,6000.0,29876.223,29876.223
mock2_cgt_rates,Capital Gains Tax rate rise,2026,6750.0,30626.223,30626.223
mock2_cgt_rates,Capital Gains Tax rate rise,2026,7500.0,31376.223,31376.223
mock2_cgt_rates,Capital Gains Tax rate rise,2026,8250.0,32126.223,32126.223
mock2_cgt_rates,Capital Gains Tax rate rise,2026,9000.0,32876.223,32876.223
mock2_cgt_rates,Capital Gains Tax rate rise,2026,9750.0,33626.223,33626.223
mock2_cgt_rates,Capital Gains Tax rate rise,2026,10500.0,34376.223,34376.223
mock2_cgt_rates,Capital Gains Tax rate rise,2026,11250.0,35126.223,35126.223
mock2_cgt_rates,Capital Gains Tax rate rise,2026,12000.0,35876.223,35876.223
mock2_cgt_rates,Capital Gains Tax rate rise,2026,12750.0,36611.82,36611.82
mock2_cgt_rates,Capital Gains Tax rate rise,2026,13500.0,37301.82,37301.82
mock2_cgt_rates,Capital Gains Tax rate rise,2026,14250.0,37991.82,37991.82
mock2_cgt_rates,Capital Gains Tax rate rise,2026,15000.0,38681.82,38681.82
mock2_cgt_rates,Capital Gains Tax rate rise,2026,15750.0,39371.82,39371.82
mock2_cgt_rates,Capital Gains Tax rate rise,2026,16500.0,40061.82,40061.82
mock2_cgt_rates,Capital Gains Tax rate rise,2026,17250.0,40751.82,40751.82
mock2_cgt_rates,Capital Gains Tax rate rise,2026,18000.0,41441.82,41441.82
mock2_cgt_rates,Capital Gains Tax rate rise,2026,18750.0,42131.82,42131.82
mock2_cgt_rates,Capital Gains Tax rate rise,2026,19500.0,42587.742,42587.742
mock2_cgt_rates,Capital Gains Tax rate rise,2026,20250.0,42898.242,42898.242
mock2_cgt_rates,Capital Gains Tax rate rise,2026,21000.0,43208.742,43208.742
mock2_cgt_rates,Capital Gains Tax rate rise,2026,21750.0,43519.242,43519.242
mock2_cgt_rates,Capital Gains Tax rate rise,2026,22500.0,43829.742,43829.742
mock2_cgt_rates,Capital Gains Tax rate rise,2026,23250.0,44140.242,44140.242
mock2_cgt_rates,Capital Gains Tax rate rise,2026,24000.0,44435.438,44435.438
mock2_cgt_rates,Capital Gains Tax rate rise,2026,24750.0,44678.438,44678.438
mock2_cgt_rates,Capital Gains Tax rate rise,2026,25500.0,44921.438,44921.438
mock2_cgt_rates,Capital Gains Tax rate rise,2026,26250.0,45164.438,45164.438
mock2_cgt_rates,Capital Gains Tax rate rise,2026,27000.0,45407.438,45407.438
mock2_cgt_rates,Capital Gains Tax rate rise,2026,27750.0,45650.438,45650.438
mock2_cgt_rates,Capital Gains Tax rate rise,2026,28500.0,45893.438,45893.438
mock2_cgt_rates,Capital Gains Tax rate rise,2026,29250.0,46136.438,46136.438
mock2_cgt_rates,Capital Gains Tax rate rise,2026,30000.0,46379.438,46379.438
mock2_cgt_rates,Capital Gains Tax rate rise,2026,30750.0,46622.438,46622.438
mock2_cgt_rates,Capital Gains Tax rate rise,2026,31500.0,46865.438,46865.438
mock2_cgt_rates,Capital Gains Tax rate rise,2026,32250.0,47108.438,47108.438
mock2_cgt_rates,Capital Gains Tax rate rise,2026,33000.0,47351.438,47351.438
mock2_cgt_rates,Capital Gains Tax rate rise,2026,33750.0,47594.438,47594.438
mock2_cgt_rates,Capital Gains Tax rate rise,2026,34500.0,47837.438,47837.438
mock2_cgt_rates,Capital Gains Tax rate rise,2026,35250.0,48080.438,48080.438
mock2_cgt_rates,Capital Gains Tax rate rise,2026,36000.0,48323.438,48323.438
mock2_cgt_rates,Capital Gains Tax rate rise,2026,36750.0,48566.438,48566.438
mock2_cgt_rates,Capital Gains Tax rate rise,2026,37500.0,48809.438,48809.438
mock2_cgt_rates,Capital Gains Tax rate rise,2026,38250.0,49052.438,49052.438
mock2_cgt_rates,Capital Gains Tax rate rise,2026,39000.0,49295.438,49295.438
mock2_cgt_rates,Capital Gains Tax rate rise,2026,39750.0,49538.438,49538.438
mock2_cgt_rates,Capital Gains Tax rate rise,2026,40500.0,49781.438,49781.438
mock2_cgt_rates,Capital Gains Tax rate rise,2026,41250.0,50024.438,50024.438
mock2_cgt_rates,Capital Gains Tax rate rise,2026,42000.0,50267.438,50267.438
mock2_cgt_rates,Capital Gains Tax rate rise,2026,42750.0,50510.438,50510.438
mock2_cgt_rates,Capital Gains Tax rate rise,2026,43500.0,50753.438,50753.438
mock2_cgt_rates,Capital Gains Tax rate rise,2026,44250.0,50996.438,50996.438
mock2_cgt_rates,Capital Gains Tax rate rise,2026,45000.0,51239.438,51239.438
mock2_cgt_rates,Capital Gains Tax rate rise,2026,45750.0,51482.438,51482.438
mock2_cgt_rates,Capital Gains Tax rate rise,2026,46500.0,51725.438,51725.438
mock2_cgt_rates,Capital Gains Tax rate rise,2026,47250.0,51968.438,51968.438
mock2_cgt_rates,Capital Gains Tax rate rise,2026,48000.0,52211.438,52211.438
mock2_cgt_rates,Capital Gains Tax rate rise,2026,48750.0,52454.438,52454.438
mock2_cgt_rates,Capital Gains Tax rate rise,2026,49500.0,52697.438,52697.438
mock2_cgt_rates,Capital Gains Tax rate rise,2026,50250.0,52940.438,52940.438
mock2_cgt_rates,Capital Gains Tax rate rise,2026,51000.0,53203.156,53203.156
mock2_cgt_rates,Capital Gains Tax rate rise,2026,51750.0,53466.406,53466.406
mock2_cgt_rates,Capital Gains Tax rate rise,2026,52500.0,53729.656,53729.656
mock2_cgt_rates,Capital Gains Tax rate rise,2026,53250.0,53992.906,53992.906
mock2_cgt_rates,Capital Gains Tax rate rise,2026,54000.0,54212.355,54212.355
mock2_cgt_rates,Capital Gains Tax rate rise,2026,54750.0,54430.605,54430.605
mock2_cgt_rates,Capital Gains Tax rate rise,2026,55500.0,54648.855,54648.855
mock2_cgt_rates,Capital Gains Tax rate rise,2026,56250.0,54867.105,54867.105
mock2_cgt_rates,Capital Gains Tax rate rise,2026,57000.0,55085.355,55085.355
mock2_cgt_rates,Capital Gains Tax rate rise,2026,57750.0,55303.605,55303.605
mock2_cgt_rates,Capital Gains Tax rate rise,2026,58500.0,55521.855,55521.855
mock2_cgt_rates,Capital Gains Tax rate rise,2026,59250.0,55740.1,55740.1
mock2_cgt_rates,Capital Gains Tax rate rise,2026,60000.0,55958.35,55958.35
mock2_cgt_rates,Capital Gains Tax rate rise,2026,60750.0,55926.242,55926.242
mock2_cgt_rates,Capital Gains Tax rate rise,2026,61500.0,55999.438,55999.438
mock2_cgt_rates,Capital Gains Tax rate rise,2026,62250.0,56072.633,56072.633
mock2_cgt_rates,Capital Gains Tax rate rise,2026,63000.0,56145.82,56145.82
mock2_cgt_rates,Capital Gains Tax rate rise,2026,63750.0,56219.016,56219.016
mock2_cgt_rates,Capital Gains Tax rate rise,2026,64500.0,56292.21,56292.21
mock2_cgt_rates,Capital Gains Tax rate rise,2026,65250.0,56365.4,56365.4
mock2_cgt_rates,Capital Gains Tax rate rise,2026,66000.0,56438.594,56438.594
mock2_cgt_rates,Capital Gains Tax rate rise,2026,66750.0,56680.125,56680.125
mock2_cgt_rates,Capital Gains Tax rate rise,2026,67500.0,56992.562,56992.562
mock2_cgt_rates,Capital Gains Tax rate rise,2026,68250.0,57305.008,57305.008
mock2_cgt_rates,Capital Gains Tax rate rise,2026,69000.0,57617.453,57617.453
mock2_cgt_rates,Capital Gains Tax rate rise,2026,69750.0,57929.89,57929.89
mock2_cgt_rates,Capital Gains Tax rate rise,2026,70500.0,58242.336,58242.336
mock2_cgt_rates,Capital Gains Tax rate rise,2026,71250.0,58554.78,58554.78
mock2_cgt_rates,Capital Gains Tax rate rise,2026,72000.0,58867.22,58867.22
mock2_cgt_rates,Capital Gains Tax rate rise,2026,72750.0,59179.656,59179.656
mock2_cgt_rates,Capital Gains Tax rate rise,2026,73500.0,59492.1,59492.1
mock2_cgt_rates,Capital Gains Tax rate rise,2026,74250.0,59804.547,59804.547
mock2_cgt_rates,Capital Gains Tax rate rise,2026,75000.0,60116.984,60116.984
mock2_cgt_rates,Capital Gains Tax rate rise,2026,75750.0,60429.43,60429.43
mock2_cgt_rates,Capital Gains Tax rate rise,2026,76500.0,60741.875,60741.875
mock2_cgt_rates,Capital Gains Tax rate rise,2026,77250.0,61054.312,61054.312
mock2_cgt_rates,Capital Gains Tax rate rise,2026,78000.0,61366.758,61366.758
mock2_cgt_rates,Capital Gains Tax rate rise,2026,78750.0,61679.203,61679.203
mock2_cgt_rates,Capital Gains Tax rate rise,2026,79500.0,61991.64,61991.64
mock2_cgt_rates,Capital Gains Tax rate rise,2026,80250.0,62344.938,62344.938
mock2_cgt_rates,Capital Gains Tax rate rise,2026,81000.0,62779.938,62779.938
mock2_cgt_rates,Capital Gains Tax rate rise,2026,81750.0,63214.938,63214.938
mock2_cgt_rates,Capital Gains Tax rate rise,2026,82500.0,63649.938,63649.938
mock2_cgt_rates,Capital Gains Tax rate rise,2026,83250.0,64084.938,64084.938
mock2_cgt_rates,Capital Gains Tax rate rise,2026,84000.0,64519.938,64519.938
mock2_cgt_rates,Capital Gains Tax rate rise,2026,84750.0,64954.938,64954.938
mock2_cgt_rates,Capital Gains Tax rate rise,2026,85500.0,65389.938,65389.938
mock2_cgt_rates,Capital Gains Tax rate rise,2026,86250.0,65824.94,65824.94
mock2_cgt_rates,Capital Gains Tax rate rise,2026,87000.0,66259.94,66259.94
mock2_cgt_rates,Capital Gains Tax rate rise,2026,87750.0,66694.94,66694.94
mock2_cgt_rates,Capital Gains Tax rate rise,2026,88500.0,67129.94,67129.94
mock2_cgt_rates,Capital Gains Tax rate rise,2026,89250.0,67564.94,67564.94
mock2_cgt_rates,Capital Gains Tax rate rise,2026,90000.0,67999.94,67999.94
mock2_cgt_rates,Capital Gains Tax rate rise,2026,90750.0,68434.94,68434.94
mock2_cgt_rates,Capital Gains Tax rate rise,2026,91500.0,68869.94,68869.94
mock2_cgt_rates,Capital Gains Tax rate rise,2026,92250.0,69304.94,69304.94
mock2_cgt_rates,Capital Gains Tax rate rise,2026,93000.0,69739.94,69739.94
mock2_cgt_rates,Capital Gains Tax rate rise,2026,93750.0,70174.94,70174.94
mock2_cgt_rates,Capital Gains Tax rate rise,2026,94500.0,70609.94,70609.94
mock2_cgt_rates,Capital Gains Tax rate rise,2026,95250.0,71044.94,71044.94
mock2_cgt_rates,Capital Gains Tax rate rise,2026,96000.0,71479.94,71479.94
mock2_cgt_rates,Capital Gains Tax rate rise,2026,96750.0,71914.94,71914.94
mock2_cgt_rates,Capital Gains Tax rate rise,2026,97500.0,72349.94,72349.94
mock2_cgt_rates,Capital Gains Tax rate rise,2026,98250.0,72784.94,72784.94
mock2_cgt_rates,Capital Gains Tax rate rise,2026,99000.0,73219.94,73219.94
mock2_cgt_rates,Capital Gains Tax rate rise,2026,99750.0,73654.94,73654.94
mock2_cgt_rates,Capital Gains Tax rate rise,2026,100500.0,73989.94,73989.94
mock2_cgt_rates,Capital Gains Tax rate rise,2026,101250.0,74274.94,74274.94
mock2_cgt_rates,Capital Gains Tax rate rise,2026,102000.0,74559.94,74559.94
mock2_cgt_rates,Capital Gains Tax rate rise,2026,102750.0,74844.94,74844.94
mock2_cgt_rates,Capital Gains Tax rate rise,2026,103500.0,75129.94,75129.94
mock2_cgt_rates,Capital Gains Tax rate rise,2026,104250.0,75414.94,75414.94
mock2_cgt_rates,Capital Gains Tax rate rise,2026,105000.0,75699.94,75699.94
mock2_cgt_rates,Capital Gains Tax rate rise,2026,105750.0,75984.94,75984.94
mock2_cgt_rates,Capital Gains Tax rate rise,2026,106500.0,76269.94,76269.94
mock2_cgt_rates,Capital Gains Tax rate rise,2026,107250.0,76554.94,76554.94
mock2_cgt_rates,Capital Gains Tax rate rise,2026,108000.0,76839.94,76839.94
mock2_cgt_rates,Capital Gains Tax rate rise,2026,108750.0,77124.94,77124.94
mock2_cgt_rates,Capital Gains Tax rate rise,2026,109500.0,77409.94,77409.94
mock2_cgt_rates,Capital Gains Tax rate rise,2026,110250.0,77694.94,77694.94
mock2_cgt_rates,Capital Gains Tax rate rise,2026,111000.0,77979.94,77979.94
mock2_cgt_rates,Capital Gains Tax rate rise,2026,111750.0,78264.94,78264.94
mock2_cgt_rates,Capital Gains Tax rate rise,2026,112500.0,78549.94,78549.94
mock2_cgt_rates,Capital Gains Tax rate rise,2026,113250.0,78834.94,78834.94
mock2_cgt_rates,Capital Gains Tax rate rise,2026,114000.0,79119.94,79119.94
mock2_cgt_rates,Capital Gains Tax rate rise,2026,114750.0,79404.94,79404.94
mock2_cgt_rates,Capital Gains Tax rate rise,2026,115500.0,79689.94,79689.94
mock2_cgt_rates,Capital Gains Tax rate rise,2026,116250.0,79974.94,79974.94
mock2_cgt_rates,Capital Gains Tax rate rise,2026,117000.0,80259.94,80259.94
mock2_cgt_rates,Capital Gains Tax rate rise,2026,117750.0,80544.94,80544.94
mock2_cgt_rates,Capital Gains Tax rate rise,2026,118500.0,80829.94,80829.94
mock2_cgt_rates,Capital Gains Tax rate rise,2026,119250.0,81114.94,81114.94
mock2_cgt_rates,Capital Gains Tax rate rise,2026,120000.0,81399.94,81399.94
mock2_cgt_rates,Capital Gains Tax rate rise,2026,120750.0,81684.94,81684.94
mock2_cgt_rates,Capital Gains Tax rate rise,2026,121500.0,81969.94,81969.94
mock2_cgt_rates,Capital Gains Tax rate rise,2026,122250.0,82254.94,82254.94
mock2_cgt_rates,Capital Gains Tax rate rise,2026,123000.0,82539.94,82539.94
mock2_cgt_rates,Capital Gains Tax rate rise,2026,123750.0,82824.94,82824.94
mock2_cgt_rates,Capital Gains Tax rate rise,2026,124500.0,83109.94,83109.94
mock2_cgt_rates,Capital Gains Tax rate rise,2026,125250.0,83416.94,83416.94
mock2_cgt_rates,Capital Gains Tax rate rise,2026,126000.0,83851.94,83851.94
mock2_cgt_rates,Capital Gains Tax rate rise,2026,126750.0,84286.94,84286.94
mock2_cgt_rates,Capital Gains Tax rate rise,2026,127500.0,84721.94,84721.94
mock2_cgt_rates,Capital Gains Tax rate rise,2026,128250.0,85156.94,85156.94
mock2_cgt_rates,Capital Gains Tax rate rise,2026,129000.0,85591.94,85591.94
mock2_cgt_rates,Capital Gains Tax rate rise,2026,129750.0,86026.94,86026.94
mock2_cgt_rates,Capital Gains Tax rate rise,2026,130500.0,86461.94,86461.94
mock2_cgt_rates,Capital Gains Tax rate rise,2026,131250.0,86896.94,86896.94
mock2_cgt_rates,Capital Gains Tax rate rise,2026,132000.0,87331.94,87331.94
mock2_cgt_rates,Capital Gains Tax rate rise,2026,132750.0,87766.94,87766.94
mock2_cgt_rates,Capital Gains Tax rate rise,2026,133500.0,88201.94,88201.94
mock2_cgt_rates,Capital Gains Tax rate rise,2026,134250.0,88636.94,88636.94
mock2_cgt_rates,Capital Gains Tax rate rise,2026,135000.0,89071.94,89071.94
mock2_cgt_rates,Capital Gains Tax rate rise,2026,135750.0,89476.44,89476.44
mock2_cgt_rates,Capital Gains Tax rate rise,2026,136500.0,89873.94,89873.94
mock2_cgt_rates,Capital Gains Tax rate rise,2026,137250.0,90271.44,90271.44
mock2_cgt_rates,Capital Gains Tax rate rise,2026,138000.0,90668.94,90668.94
mock2_cgt_rates,Capital Gains Tax rate rise,2026,138750.0,91066.44,91066.44
mock2_cgt_rates,Capital Gains Tax rate rise,2026,139500.0,91463.94,91463.94
mock2_cgt_rates,Capital Gains Tax rate rise,2026,140250.0,91861.44,91861.44
mock2_cgt_rates,Capital Gains Tax rate rise,2026,141000.0,92258.94,92258.94
mock2_cgt_rates,Capital Gains Tax rate rise,2026,141750.0,92656.44,92656.44
mock2_cgt_rates,Capital Gains Tax rate rise,2026,142500.0,93053.94,93053.94
mock2_cgt_rates,Capital Gains Tax rate rise,2026,143250.0,93451.44,93451.44
mock2_cgt_rates,Capital Gains Tax rate rise,2026,144000.0,93848.94,93848.94
mock2_cgt_rates,Capital Gains Tax rate rise,2026,144750.0,94246.44,94246.44
mock2_cgt_rates,Capital Gains Tax rate rise,2026,145500.0,94643.94,94643.94
mock2_cgt_rates,Capital Gains Tax rate rise,2026,146250.0,95041.44,95041.44
mock2_cgt_rates,Capital Gains Tax rate rise,2026,147000.0,95438.94,95438.94
mock2_cgt_rates,Capital Gains Tax rate rise,2026,147750.0,95836.44,95836.44
mock2_cgt_rates,Capital Gains Tax rate rise,2026,148500.0,96233.94,96233.94
mock2_cgt_rates,Capital Gains Tax rate rise,2026,149250.0,96631.44,96631.44
mock2_cgt_rates,Capital Gains Tax rate rise,2026,150000.0,97028.94,97028.94
mock2_cgt_rates,Capital Gains Tax rate rise,2027,0.0,24420.266,24280.266
mock2_cgt_rates,Capital Gains Tax rate rise,2027,750.0,25170.266,25030.266
mock2_cgt_rates,Capital Gains Tax rate rise,2027,1500.0,25920.266,25780.266
mock2_cgt_rates,Capital Gains Tax rate rise,2027,2250.0,26670.266,26530.266
mock2_cgt_rates,Capital Gains Tax rate rise,2027,3000.0,27420.266,27280.266
mock2_cgt_rates,Capital Gains Tax rate rise,2027,3750.0,28170.266,28030.266
mock2_cgt_rates,Capital Gains Tax rate rise,2027,4500.0,28920.266,28780.266
mock2_cgt_rates,Capital Gains Tax rate rise,2027,5250.0,29670.266,29530.266
mock2_cgt_rates,Capital Gains Tax rate rise,2027,6000.0,30420.266,30280.266
mock2_cgt_rates,Capital Gains Tax rate rise,2027,6750.0,31170.266,31030.266
mock2_cgt_rates,Capital Gains Tax rate rise,2027,7500.0,31920.266,31780.266
mock2_cgt_rates,Capital Gains Tax rate rise,2027,8250.0,32670.266,32530.266
mock2_cgt_rates,Capital Gains Tax rate rise,2027,9000.0,33420.266,33280.266
mock2_cgt_rates,Capital Gains Tax rate rise,2027,9750.0,34170.266,34030.266
mock2_cgt_rates,Capital Gains Tax rate rise,2027,10500.0,34920.266,34780.266
mock2_cgt_rates,Capital Gains Tax rate rise,2027,11250.0,35670.266,35530.266
mock2_cgt_rates,Capital Gains Tax rate rise,2027,12000.0,36420.266,36280.266
mock2_cgt_rates,Capital Gains Tax rate rise,2027,12750.0,37155.86,37015.86
mock2_cgt_rates,Capital Gains Tax rate rise,2027,13500.0,37845.86,37705.86
mock2_cgt_rates,Capital Gains Tax rate rise,2027,14250.0,38535.86,38395.86
mock2_cgt_rates,Capital Gains Tax rate rise,2027,15000.0,39225.86,39085.86
mock2_cgt_rates,Capital Gains Tax rate rise,2027,15750.0,39915.86,39775.86
mock2_cgt_rates,Capital Gains Tax rate rise,2027,16500.0,40605.86,40465.86
mock2_cgt_rates,Capital Gains Tax rate rise,2027,17250.0,41295.86,41155.86
mock2_cgt_rates,Capital Gains Tax rate rise,2027,18000.0,41985.86,41845.86
mock2_cgt_rates,Capital Gains Tax rate rise,2027,18750.0,42675.86,42535.86
mock2_cgt_rates,Capital Gains Tax rate rise,2027,19500.0,43239.547,43099.547
mock2_cgt_rates,Capital Gains Tax rate rise,2027,20250.0,43550.047,43410.047
mock2_cgt_rates,Capital Gains Tax rate rise,2027,21000.0,43860.547,43720.547
mock2_cgt_rates,Capital Gains Tax rate rise,2027,21750.0,44171.047,44031.047
mock2_cgt_rates,Capital Gains Tax rate rise,2027,22500.0,44481.547,44341.547
mock2_cgt_rates,Capital Gains Tax rate rise,2027,23250.0,44792.047,44652.047
mock2_cgt_rates,Capital Gains Tax rate rise,2027,24000.0,45087.25,44947.25
mock2_cgt_rates,Capital Gains Tax rate rise,2027,24750.0,45330.25,45190.25
mock2_cgt_rates,Capital Gains Tax rate rise,2027,25500.0,45573.25,45433.25
mock2_cgt_rates,Capital Gains Tax rate rise,2027,26250.0,45816.25,45676.25
mock2_cgt_rates,Capital Gains Tax rate rise,2027,27000.0,46059.25,45919.25
mock2_cgt_rates,Capital Gains Tax rate rise,2027,27750.0,46302.25,46162.25
mock2_cgt_rates,Capital Gains Tax rate rise,2027,28500.0,46545.25,46405.25
mock2_cgt_rates,Capital Gains Tax rate rise,2027,29250.0,46788.25,46648.25
mock2_cgt_rates,Capital Gains Tax rate rise,2027,30000.0,47031.25,46891.25
mock2_cgt_rates,Capital Gains Tax rate rise,2027,30750.0,47274.25,47134.25
mock2_cgt_rates,Capital Gains Tax rate rise,2027,31500.0,47517.25,47377.25
mock2_cgt_rates,Capital Gains Tax rate rise,2027,32250.0,47760.25,47620.25
mock2_cgt_rates,Capital Gains Tax rate rise,2027,33000.0,48003.25,47863.25
mock2_cgt_rates,Capital Gains Tax rate rise,2027,33750.0,48246.25,48106.25
mock2_cgt_rates,Capital Gains Tax rate rise,2027,34500.0,48489.25,48349.25
mock2_cgt_rates,Capital Gains Tax rate rise,2027,35250.0,48732.25,48592.25
mock2_cgt_rates,Capital Gains Tax rate rise,2027,36000.0,48975.25,48835.25
mock2_cgt_rates,Capital Gains Tax rate rise,2027,36750.0,49218.25,49078.25
mock2_cgt_rates,Capital Gains Tax rate rise,2027,37500.0,49461.25,49321.25
mock2_cgt_rates,Capital Gains Tax rate rise,2027,38250.0,49704.25,49564.25
mock2_cgt_rates,Capital Gains Tax rate rise,2027,39000.0,49947.25,49807.25
mock2_cgt_rates,Capital Gains Tax rate rise,2027,39750.0,50190.25,50050.25
mock2_cgt_rates,Capital Gains Tax rate rise,2027,40500.0,50433.25,50293.25
mock2_cgt_rates,Capital Gains Tax rate rise,2027,41250.0,50676.25,50536.25
mock2_cgt_rates,Capital Gains Tax rate rise,2027,42000.0,50919.25,50779.25
mock2_cgt_rates,Capital Gains Tax rate rise,2027,42750.0,51162.25,51022.25
mock2_cgt_rates,Capital Gains Tax rate rise,2027,43500.0,51405.25,51265.25
mock2_cgt_rates,Capital Gains Tax rate rise,2027,44250.0,51648.25,51508.25
mock2_cgt_rates,Capital Gains Tax rate rise,2027,45000.0,51891.25,51751.25
mock2_cgt_rates,Capital Gains Tax rate rise,2027,45750.0,52134.25,51994.25
mock2_cgt_rates,Capital Gains Tax rate rise,2027,46500.0,52377.25,52237.25
mock2_cgt_rates,Capital Gains Tax rate rise,2027,47250.0,52620.25,52480.25
mock2_cgt_rates,Capital Gains Tax rate rise,2027,48000.0,52863.25,52723.25
mock2_cgt_rates,Capital Gains Tax rate rise,2027,48750.0,53106.25,52966.25
mock2_cgt_rates,Capital Gains Tax rate rise,2027,49500.0,53349.25,53209.25
mock2_cgt_rates,Capital Gains Tax rate rise,2027,50250.0,53592.25,53452.25
mock2_cgt_rates,Capital Gains Tax rate rise,2027,51000.0,53854.96,53714.96
mock2_cgt_rates,Capital Gains Tax rate rise,2027,51750.0,54118.21,53978.21
mock2_cgt_rates,Capital Gains Tax rate rise,2027,52500.0,54381.46,54241.46
mock2_cgt_rates,Capital Gains Tax rate rise,2027,53250.0,54644.71,54504.71
mock2_cgt_rates,Capital Gains Tax rate rise,2027,54000.0,54864.16,54709.562
mock2_cgt_rates,Capital Gains Tax rate rise,2027,54750.0,55082.41,54912.812
mock2_cgt_rates,Capital Gains Tax rate rise,2027,55500.0,55300.66,55116.062
mock2_cgt_rates,Capital Gains Tax rate rise,2027,56250.0,55518.91,55319.312
mock2_cgt_rates,Capital Gains Tax rate rise,2027,57000.0,55737.156,55522.562
mock2_cgt_rates,Capital Gains Tax rate rise,2027,57750.0,55955.406,55725.812
mock2_cgt_rates,Capital Gains Tax rate rise,2027,58500.0,56173.656,55929.062
mock2_cgt_rates,Capital Gains Tax rate rise,2027,59250.0,56391.906,56132.312
mock2_cgt_rates,Capital Gains Tax rate rise,2027,60000.0,56610.156,56335.562
mock2_cgt_rates,Capital Gains Tax rate rise,2027,60750.0,56575.234,56295.234
mock2_cgt_rates,Capital Gains Tax rate rise,2027,61500.0,56645.61,56365.61
mock2_cgt_rates,Capital Gains Tax rate rise,2027,62250.0,56715.984,56435.984
mock2_cgt_rates,Capital Gains Tax rate rise,2027,63000.0,56786.35,56506.35
mock2_cgt_rates,Capital Gains Tax rate rise,2027,63750.0,56856.727,56576.727
mock2_cgt_rates,Capital Gains Tax rate rise,2027,64500.0,56927.1,56647.1
mock2_cgt_rates,Capital Gains Tax rate rise,2027,65250.0,56997.477,56717.477
mock2_cgt_rates,Capital Gains Tax rate rise,2027,66000.0,57067.85,56787.85
mock2_cgt_rates,Capital Gains Tax rate rise,2027,66750.0,57138.227,56858.227
mock2_cgt_rates,Capital Gains Tax rate rise,2027,67500.0,57208.594,56928.594
mock2_cgt_rates,Capital Gains Tax rate rise,2027,68250.0,57382.344,57102.344
mock2_cgt_rates,Capital Gains Tax rate rise,2027,69000.0,57691.97,57411.97
mock2_cgt_rates,Capital Gains Tax rate rise,2027,69750.0,58001.594,57721.594
mock2_cgt_rates,Capital Gains Tax rate rise,2027,70500.0,58311.22,58031.22
mock2_cgt_rates,Capital Gains Tax rate rise,2027,71250.0,58620.844,58340.844
mock2_cgt_rates,Capital Gains Tax rate rise,2027,72000.0,58930.47,58650.47
mock2_cgt_rates,Capital Gains Tax rate rise,2027,72750.0,59240.094,58960.094
mock2_cgt_rates,Capital Gains Tax rate rise,2027,73500.0,59549.72,59269.72
mock2_cgt_rates,Capital Gains Tax rate rise,2027,74250.0,59859.344,59579.344
mock2_cgt_rates,Capital Gains Tax rate rise,2027,75000.0,60168.96,59888.96
mock2_cgt_rates,Capital Gains Tax rate rise,2027,75750.0,60478.586,60198.586
mock2_cgt_rates,Capital Gains Tax rate rise,2027,76500.0,60788.21,60508.21
mock2_cgt_rates,Capital Gains Tax rate rise,2027,77250.0,61097.836,60817.836
mock2_cgt_rates,Capital Gains Tax rate rise,2027,78000.0,61407.46,61127.46
mock2_cgt_rates,Capital Gains Tax rate rise,2027,78750.0,61717.08,61437.08
mock2_cgt_rates,Capital Gains Tax rate rise,2027,79500.0,62026.703,61746.703
mock2_cgt_rates,Capital Gains Tax rate rise,2027,80250.0,62378.125,62098.125
mock2_cgt_rates,Capital Gains Tax rate rise,2027,81000.0,62813.125,62533.125
mock2_cgt_rates,Capital Gains Tax rate rise,2027,81750.0,63248.125,62968.125
mock2_cgt_rates,Capital Gains Tax rate rise,2027,82500.0,63683.125,63403.125
mock2_cgt_rates,Capital Gains Tax rate rise,2027,83250.0,64118.125,63838.125
mock2_cgt_rates,Capital Gains Tax rate rise,2027,84000.0,64553.125,64273.125
mock2_cgt_rates,Capital Gains Tax rate rise,2027,84750.0,64988.125,64708.125
mock2_cgt_rates,Capital Gains Tax rate rise,2027,85500.0,65423.125,65143.125
mock2_cgt_rates,Capital Gains Tax rate rise,2027,86250.0,65858.125,65578.125
mock2_cgt_rates,Capital Gains Tax rate rise,2027,87000.0,66293.125,66013.125
mock2_cgt_rates,Capital Gains Tax rate rise,2027,87750.0,66728.125,66448.125
mock2_cgt_rates,Capital Gains Tax rate rise,2027,88500.0,67163.125,66883.125
mock2_cgt_rates,Capital Gains Tax rate rise,2027,89250.0,67598.125,67318.125
mock2_cgt_rates,Capital Gains Tax rate rise,2027,90000.0,68033.125,67753.125
mock2_cgt_rates,Capital Gains Tax rate rise,2027,90750.0,68468.125,68188.125
mock2_cgt_rates,Capital Gains Tax rate rise,2027,91500.0,68903.125,68623.125
mock2_cgt_rates,Capital Gains Tax rate rise,2027,92250.0,69338.125,69058.125
mock2_cgt_rates,Capital Gains Tax rate rise,2027,93000.0,69773.125,69493.125
mock2_cgt_rates,Capital Gains Tax rate rise,2027,93750.0,70208.125,69928.125
mock2_cgt_rates,Capital Gains Tax rate rise,2027,94500.0,70643.125,70363.125
mock2_cgt_rates,Capital Gains Tax rate rise,2027,95250.0,71078.125,70798.125
mock2_cgt_rates,Capital Gains Tax rate rise,2027,96000.0,71513.125,71233.125
mock2_cgt_rates,Capital Gains Tax rate rise,2027,96750.0,71948.125,71668.125
mock2_cgt_rates,Capital Gains Tax rate rise,2027,97500.0,72383.125,72103.125
mock2_cgt_rates,Capital Gains Tax rate rise,2027,98250.0,72818.125,72538.125
mock2_cgt_rates,Capital Gains Tax rate rise,2027,99000.0,73253.125,72973.125
mock2_cgt_rates,Capital Gains Tax rate rise,2027,99750.0,73688.125,73408.125
mock2_cgt_rates,Capital Gains Tax rate rise,2027,100500.0,74023.125,73743.125
mock2_cgt_rates,Capital Gains Tax rate rise,2027,101250.0,74308.125,74028.125
mock2_cgt_rates,Capital Gains Tax rate rise,2027,102000.0,74593.125,74313.125
mock2_cgt_rates,Capital Gains Tax rate rise,2027,102750.0,74878.125,74598.125
mock2_cgt_rates,Capital Gains Tax rate rise,2027,103500.0,75163.125,74883.125
mock2_cgt_rates,Capital Gains Tax rate rise,2027,104250.0,75448.125,75168.125
mock2_cgt_rates,Capital Gains Tax rate rise,2027,105000.0,75733.125,75453.125
mock2_cgt_rates,Capital Gains Tax rate rise,2027,105750.0,76018.125,75738.125
mock2_cgt_rates,Capital Gains Tax rate rise,2027,106500.0,76303.125,76023.125
mock2_cgt_rates,Capital Gains Tax rate rise,2027,107250.0,76588.125,76308.125
mock2_cgt_rates,Capital Gains Tax rate rise,2027,108000.0,76873.125,76593.125
mock2_cgt_rates,Capital Gains Tax rate rise,2027,108750.0,77158.125,76878.125
mock2_cgt_rates,Capital Gains Tax rate rise,2027,109500.0,77443.125,77163.125
mock2_cgt_rates,Capital Gains Tax rate rise,2027,110250.0,77728.125,77448.125
mock2_cgt_rates,Capital Gains Tax rate rise,2027,111000.0,78013.125,77733.125
mock2_cgt_rates,Capital Gains Tax rate rise,2027,111750.0,78298.125,78018.125
mock2_cgt_rates,Capital Gains Tax rate rise,2027,112500.0,78583.125,78303.125
mock2_cgt_rates,Capital Gains Tax rate rise,2027,113250.0,78868.125,78588.125
mock2_cgt_rates,Capital Gains Tax rate rise,2027,114000.0,79153.125,78873.125
mock2_cgt_rates,Capital Gains Tax rate rise,2027,114750.0,79438.125,79158.125
mock2_cgt_rates,Capital Gains Tax rate rise,2027,115500.0,79723.125,79443.125
mock2_cgt_rates,Capital Gains Tax rate rise,2027,116250.0,80008.125,79728.125
mock2_cgt_rates,Capital Gains Tax rate rise,2027,117000.0,80293.125,80013.125
mock2_cgt_rates,Capital Gains Tax rate rise,2027,117750.0,80578.125,80298.125
mock2_cgt_rates,Capital Gains Tax rate rise,2027,118500.0,80863.125,80583.125
mock2_cgt_rates,Capital Gains Tax rate rise,2027,119250.0,81148.125,80868.125
mock2_cgt_rates,Capital Gains Tax rate rise,2027,120000.0,81433.125,81153.125
mock2_cgt_rates,Capital Gains Tax rate rise,2027,120750.0,81718.125,81438.125
mock2_cgt_rates,Capital Gains Tax rate rise,2027,121500.0,82003.125,81723.125
mock2_cgt_rates,Capital Gains Tax rate rise,2027,122250.0,82288.125,82008.125
mock2_cgt_rates,Capital Gains Tax rate rise,2027,123000.0,82573.125,82293.125
mock2_cgt_rates,Capital Gains Tax rate rise,2027,123750.0,82858.125,82578.125
mock2_cgt_rates,Capital Gains Tax rate rise,2027,124500.0,83143.125,82863.125
mock2_cgt_rates,Capital Gains Tax rate rise,2027,125250.0,83450.125,83170.125
mock2_cgt_rates,Capital Gains Tax rate rise,2027,126000.0,83885.125,83605.125
mock2_cgt_rates,Capital Gains Tax rate rise,2027,126750.0,84320.125,84040.125
mock2_cgt_rates,Capital Gains Tax rate rise,2027,127500.0,84755.125,84475.125
mock2_cgt_rates,Capital Gains Tax rate rise,2027,128250.0,85190.125,84910.125
mock2_cgt_rates,Capital Gains Tax rate rise,2027,129000.0,85625.125,85345.125
mock2_cgt_rates,Capital Gains Tax rate rise,2027,129750.0,86060.125,85780.125
mock2_cgt_rates,Capital Gains Tax rate rise,2027,130500.0,86495.125,86215.125
mock2_cgt_rates,Capital Gains Tax rate rise,2027,131250.0,86930.125,86650.125
mock2_cgt_rates,Capital Gains Tax rate rise,2027,132000.0,87365.125,87085.125
mock2_cgt_rates,Capital Gains Tax rate rise,2027,132750.0,87800.125,87520.125
mock2_cgt_rates,Capital Gains Tax rate rise,2027,133500.0,88235.125,87955.125
mock2_cgt_rates,Capital Gains Tax rate rise,2027,134250.0,88670.125,88390.125
mock2_cgt_rates,Capital Gains Tax rate rise,2027,135000.0,89105.125,88825.125
mock2_cgt_rates,Capital Gains Tax rate rise,2027,135750.0,89509.625,89229.625
mock2_cgt_rates,Capital Gains Tax rate rise,2027,136500.0,89907.125,89627.125
mock2_cgt_rates,Capital Gains Tax rate rise,2027,137250.0,90304.625,90024.625
mock2_cgt_rates,Capital Gains Tax rate rise,2027,138000.0,90702.125,90422.125
mock2_cgt_rates,Capital Gains Tax rate rise,2027,138750.0,91099.625,90819.625
mock2_cgt_rates,Capital Gains Tax rate rise,2027,139500.0,91497.125,91217.125
mock2_cgt_rates,Capital Gains Tax rate rise,2027,140250.0,91894.625,91614.625
mock2_cgt_rates,Capital Gains Tax rate rise,2027,141000.0,92292.125,92012.125
mock2_cgt_rates,Capital Gains Tax rate rise,2027,141750.0,92689.625,92409.625
mock2_cgt_rates,Capital Gains Tax rate rise,2027,142500.0,93087.125,92807.125
mock2_cgt_rates,Capital Gains Tax rate rise,2027,143250.0,93484.625,93204.625
mock2_cgt_rates,Capital Gains Tax rate rise,2027,144000.0,93882.125,93602.125
mock2_cgt_rates,Capital Gains Tax rate rise,2027,144750.0,94279.625,93999.625
mock2_cgt_rates,Capital Gains Tax rate rise,2027,145500.0,94677.125,94397.125
mock2_cgt_rates,Capital Gains Tax rate rise,2027,146250.0,95074.625,94794.625
mock2_cgt_rates,Capital Gains Tax rate rise,2027,147000.0,95472.125,95192.125
mock2_cgt_rates,Capital Gains Tax rate rise,2027,147750.0,95869.625,95589.625
mock2_cgt_rates,Capital Gains Tax rate rise,2027,148500.0,96267.125,95987.125
mock2_cgt_rates,Capital Gains Tax rate rise,2027,149250.0,96664.625,96384.625
mock2_cgt_rates,Capital Gains Tax rate rise,2027,150000.0,97062.125,96782.125
mock2_cgt_rates,Capital Gains Tax rate rise,2028,0.0,24932.484,24792.484
mock2_cgt_rates,Capital Gains Tax rate rise,2028,750.0,25682.484,25542.484
mock2_cgt_rates,Capital Gains Tax rate rise,2028,1500.0,26432.484,26292.484
mock2_cgt_rates,Capital Gains Tax rate rise,2028,2250.0,27182.484,27042.484
mock2_cgt_rates,Capital Gains Tax rate rise,2028,3000.0,27932.484,27792.484
mock2_cgt_rates,Capital Gains Tax rate rise,2028,3750.0,28682.484,28542.484
mock2_cgt_rates,Capital Gains Tax rate rise,2028,4500.0,29432.484,29292.484
mock2_cgt_rates,Capital Gains Tax rate rise,2028,5250.0,30182.484,30042.484
mock2_cgt_rates,Capital Gains Tax rate rise,2028,6000.0,30932.484,30792.484
mock2_cgt_rates,Capital Gains Tax rate rise,2028,6750.0,31682.484,31542.484
mock2_cgt_rates,Capital Gains Tax rate rise,2028,7500.0,32432.484,32292.484
mock2_cgt_rates,Capital Gains Tax rate rise,2028,8250.0,33182.484,33042.484
mock2_cgt_rates,Capital Gains Tax rate rise,2028,9000.0,33932.484,33792.484
mock2_cgt_rates,Capital Gains Tax rate rise,2028,9750.0,34682.484,34542.484
mock2_cgt_rates,Capital Gains Tax rate rise,2028,10500.0,35432.484,35292.484
mock2_cgt_rates,Capital Gains Tax rate rise,2028,11250.0,36182.484,36042.484
mock2_cgt_rates,Capital Gains Tax rate rise,2028,12000.0,36932.484,36792.484
mock2_cgt_rates,Capital Gains Tax rate rise,2028,12750.0,37668.082,37528.082
mock2_cgt_rates,Capital Gains Tax rate rise,2028,13500.0,38358.082,38218.082
mock2_cgt_rates,Capital Gains Tax rate rise,2028,14250.0,39048.082,38908.082
mock2_cgt_rates,Capital Gains Tax rate rise,2028,15000.0,39738.082,39598.082
mock2_cgt_rates,Capital Gains Tax rate rise,2028,15750.0,40428.082,40288.082
mock2_cgt_rates,Capital Gains Tax rate rise,2028,16500.0,41118.082,40978.082
mock2_cgt_rates,Capital Gains Tax rate rise,2028,17250.0,41808.082,41668.082
mock2_cgt_rates,Capital Gains Tax rate rise,2028,18000.0,42498.082,42358.082
mock2_cgt_rates,Capital Gains Tax rate rise,2028,18750.0,43188.082,43048.082
mock2_cgt_rates,Capital Gains Tax rate rise,2028,19500.0,43847.637,43707.637
mock2_cgt_rates,Capital Gains Tax rate rise,2028,20250.0,44158.137,44018.137
mock2_cgt_rates,Capital Gains Tax rate rise,2028,21000.0,44468.637,44328.637
mock2_cgt_rates,Capital Gains Tax rate rise,2028,21750.0,44779.137,44639.137
mock2_cgt_rates,Capital Gains Tax rate rise,2028,22500.0,45089.637,44949.637
mock2_cgt_rates,Capital Gains Tax rate rise,2028,23250.0,45400.137,45260.137
mock2_cgt_rates,Capital Gains Tax rate rise,2028,24000.0,45695.34,45555.34
mock2_cgt_rates,Capital Gains Tax rate rise,2028,24750.0,45938.34,45798.34
mock2_cgt_rates,Capital Gains Tax rate rise,2028,25500.0,46181.34,46041.34
mock2_cgt_rates,Capital Gains Tax rate rise,2028,26250.0,46424.34,46284.34
mock2_cgt_rates,Capital Gains Tax rate rise,2028,27000.0,46667.336,46527.336
mock2_cgt_rates,Capital Gains Tax rate rise,2028,27750.0,46910.336,46770.336
mock2_cgt_rates,Capital Gains Tax rate rise,2028,28500.0,47153.336,47013.336
mock2_cgt_rates,Capital Gains Tax rate rise,2028,29250.0,47396.336,47256.336
mock2_cgt_rates,Capital Gains Tax rate rise,2028,30000.0,47639.336,47499.336
mock2_cgt_rates,Capital Gains Tax rate rise,2028,30750.0,47882.336,47742.336
mock2_cgt_rates,Capital Gains Tax rate rise,2028,31500.0,48125.336,47985.336
mock2_cgt_rates,Capital Gains Tax rate rise,2028,32250.0,48368.336,48228.336
mock2_cgt_rates,Capital Gains Tax rate rise,2028,33000.0,48611.336,48471.336
mock2_cgt_rates,Capital Gains Tax rate rise,2028,33750.0,48854.336,48714.336
mock2_cgt_rates,Capital Gains Tax rate rise,2028,34500.0,49097.336,48957.336
mock2_cgt_rates,Capital Gains Tax rate rise,2028,35250.0,49340.336,49200.336
mock2_cgt_rates,Capital Gains Tax rate rise,2028,36000.0,49583.336,49443.336
mock2_cgt_rates,Capital Gains Tax rate rise,2028,36750.0,49826.336,49686.336
mock2_cgt_rates,Capital Gains Tax rate rise,2028,37500.0,50069.336,49929.336
mock2_cgt_rates,Capital Gains Tax rate rise,2028,38250.0,50312.336,50172.336
mock2_cgt_rates,Capital Gains Tax rate rise,2028,39000.0,50555.336,50415.336
mock2_cgt_rates,Capital Gains Tax rate rise,2028,39750.0,50798.336,50658.336
mock2_cgt_rates,Capital Gains Tax rate rise,2028,40500.0,51041.336,50901.336
mock2_cgt_rates,Capital Gains Tax rate rise,2028,41250.0,51284.336,51144.336
mock2_cgt_rates,Capital Gains Tax rate rise,2028,42000.0,51527.336,51387.336
mock2_cgt_rates,Capital Gains Tax rate rise,2028,42750.0,51770.336,51630.336
mock2_cgt_rates,Capital Gains Tax rate rise,2028,43500.0,52013.336,51873.336
mock2_cgt_rates,Capital Gains Tax rate rise,2028,44250.0,52256.336,52116.336
mock2_cgt_rates,Capital Gains Tax rate rise,2028,45000.0,52499.336,52359.336
mock2_cgt_rates,Capital Gains Tax rate rise,2028,45750.0,52742.336,52602.336
mock2_cgt_rates,Capital Gains Tax rate rise,2028,46500.0,52985.336,52845.336
mock2_cgt_rates,Capital Gains Tax rate rise,2028,47250.0,53228.336,53088.336
mock2_cgt_rates,Capital Gains Tax rate rise,2028,48000.0,53471.336,53331.336
mock2_cgt_rates,Capital Gains Tax rate rise,2028,48750.0,53714.336,53574.336
mock2_cgt_rates,Capital Gains Tax rate rise,2028,49500.0,53957.336,53817.336
mock2_cgt_rates,Capital Gains Tax rate rise,2028,50250.0,54200.336,54060.336
mock2_cgt_rates,Capital Gains Tax rate rise,2028,51000.0,54463.05,54323.05
mock2_cgt_rates,Capital Gains Tax rate rise,2028,51750.0,54726.3,54586.3
mock2_cgt_rates,Capital Gains Tax rate rise,2028,52500.0,54989.55,54849.55
mock2_cgt_rates,Capital Gains Tax rate rise,2028,53250.0,55252.8,55112.8
mock2_cgt_rates,Capital Gains Tax rate rise,2028,54000.0,55472.25,55317.652
mock2_cgt_rates,Capital Gains Tax rate rise,2028,54750.0,55690.5,55520.902
mock2_cgt_rates,Capital Gains Tax rate rise,2028,55500.0,55908.75,55724.15
mock2_cgt_rates,Capital Gains Tax rate rise,2028,56250.0,56127.0,55927.4
mock2_cgt_rates,Capital Gains Tax rate rise,2028,57000.0,56345.25,56130.65
mock2_cgt_rates,Capital Gains Tax rate rise,2028,57750.0,56563.5,56333.9
mock2_cgt_rates,Capital Gains Tax rate rise,2028,58500.0,56781.75,56537.15
mock2_cgt_rates,Capital Gains Tax rate rise,2028,59250.0,57000.0,56740.4
mock2_cgt_rates,Capital Gains Tax rate rise,2028,60000.0,57218.25,56943.65
mock2_cgt_rates,Capital Gains Tax rate rise,2028,60750.0,57180.812,56900.812
mock2_cgt_rates,Capital Gains Tax rate rise,2028,61500.0,57248.68,56968.68
mock2_cgt_rates,Capital Gains Tax rate rise,2028,62250.0,57316.547,57036.547
mock2_cgt_rates,Capital Gains Tax rate rise,2028,63000.0,57384.414,57104.414
mock2_cgt_rates,Capital Gains Tax rate rise,2028,63750.0,57452.28,57172.28
mock2_cgt_rates,Capital Gains Tax rate rise,2028,64500.0,57520.15,57240.15
mock2_cgt_rates,Capital Gains Tax rate rise,2028,65250.0,57588.016,57308.016
mock2_cgt_rates,Capital Gains Tax rate rise,2028,66000.0,57655.883,57375.883
mock2_cgt_rates,Capital Gains Tax rate rise,2028,66750.0,57723.75,57443.75
mock2_cgt_rates,Capital Gains Tax rate rise,2028,67500.0,57791.617,57511.617
mock2_cgt_rates,Capital Gains Tax rate rise,2028,68250.0,57859.484,57579.484
mock2_cgt_rates,Capital Gains Tax rate rise,2028,69000.0,57927.35,57647.35
mock2_cgt_rates,Capital Gains Tax rate rise,2028,69750.0,58093.625,57813.625
mock2_cgt_rates,Capital Gains Tax rate rise,2028,70500.0,58400.734,58120.734
mock2_cgt_rates,Capital Gains Tax rate rise,2028,71250.0,58707.86,58427.86
mock2_cgt_rates,Capital Gains Tax rate rise,2028,72000.0,59014.97,58734.97
mock2_cgt_rates,Capital Gains Tax rate rise,2028,72750.0,59322.086,59042.086
mock2_cgt_rates,Capital Gains Tax rate rise,2028,73500.0,59629.203,59349.203
mock2_cgt_rates,Capital Gains Tax rate rise,2028,74250.0,59936.32,59656.32
mock2_cgt_rates,Capital Gains Tax rate rise,2028,75000.0,60243.438,59963.438
mock2_cgt_rates,Capital Gains Tax rate rise,2028,75750.0,60550.555,60270.555
mock2_cgt_rates,Capital Gains Tax rate rise,2028,76500.0,60857.67,60577.67
mock2_cgt_rates,Capital Gains Tax rate rise,2028,77250.0,61164.79,60884.79
mock2_cgt_rates,Capital Gains Tax rate rise,2028,78000.0,61471.906,61191.906
mock2_cgt_rates,Capital Gains Tax rate rise,2028,78750.0,61779.023,61499.023
mock2_cgt_rates,Capital Gains Tax rate rise,2028,79500.0,62086.14,61806.14
mock2_cgt_rates,Capital Gains Tax rate rise,2028,80250.0,62435.883,62155.883
mock2_cgt_rates,Capital Gains Tax rate rise,2028,81000.0,62870.883,62590.883
mock2_cgt_rates,Capital Gains Tax rate rise,2028,81750.0,63305.883,63025.883
mock2_cgt_rates,Capital Gains Tax rate rise,2028,82500.0,63740.883,63460.883
mock2_cgt_rates,Capital Gains Tax rate rise,2028,83250.0,64175.883,63895.883
mock2_cgt_rates,Capital Gains Tax rate rise,2028,84000.0,64610.883,64330.883
mock2_cgt_rates,Capital Gains Tax rate rise,2028,84750.0,65045.883,64765.883
mock2_cgt_rates,Capital Gains Tax rate rise,2028,85500.0,65480.883,65200.883
mock2_cgt_rates,Capital Gains Tax rate rise,2028,86250.0,65915.88,65635.88
mock2_cgt_rates,Capital Gains Tax rate rise,2028,87000.0,66350.88,66070.88
mock2_cgt_rates,Capital Gains Tax rate rise,2028,87750.0,66785.88,66505.88
mock2_cgt_rates,Capital Gains Tax rate rise,2028,88500.0,67220.88,66940.88
mock2_cgt_rates,Capital Gains Tax rate rise,2028,89250.0,67655.88,67375.88
mock2_cgt_rates,Capital Gains Tax rate rise,2028,90000.0,68090.88,67810.88
mock2_cgt_rates,Capital Gains Tax rate rise,2028,90750.0,68525.88,68245.88
mock2_cgt_rates,Capital Gains Tax rate rise,2028,91500.0,68960.88,68680.88
mock2_cgt_rates,Capital Gains Tax rate rise,2028,92250.0,69395.88,69115.88
mock2_cgt_rates,Capital Gains Tax rate rise,2028,93000.0,69830.88,69550.88
mock2_cgt_rates,Capital Gains Tax rate rise,2028,93750.0,70265.88,69985.88
mock2_cgt_rates,Capital Gains Tax rate rise,2028,94500.0,70700.88,70420.88
mock2_cgt_rates,Capital Gains Tax rate rise,2028,95250.0,71135.88,70855.88
mock2_cgt_rates,Capital Gains Tax rate rise,2028,96000.0,71570.88,71290.88
mock2_cgt_rates,Capital Gains Tax rate rise,2028,96750.0,72005.88,71725.88
mock2_cgt_rates,Capital Gains Tax rate rise,2028,97500.0,72440.88,72160.88
mock2_cgt_rates,Capital Gains Tax rate rise,2028,98250.0,72875.88,72595.88
mock2_cgt_rates,Capital Gains Tax rate rise,2028,99000.0,73310.88,73030.88
mock2_cgt_rates,Capital Gains Tax rate rise,2028,99750.0,73745.88,73465.88
mock2_cgt_rates,Capital Gains Tax rate rise,2028,100500.0,74080.88,73800.88
mock2_cgt_rates,Capital Gains Tax rate rise,2028,101250.0,74365.88,74085.88
mock2_cgt_rates,Capital Gains Tax rate rise,2028,102000.0,74650.88,74370.88
mock2_cgt_rates,Capital Gains Tax rate rise,2028,102750.0,74935.88,74655.88
mock2_cgt_rates,Capital Gains Tax rate rise,2028,103500.0,75220.88,74940.88
mock2_cgt_rates,Capital Gains Tax rate rise,2028,104250.0,75505.88,75225.88
mock2_cgt_rates,Capital Gains Tax rate rise,2028,105000.0,75790.88,75510.88
mock2_cgt_rates,Capital Gains Tax rate rise,2028,105750.0,76075.88,75795.88
mock2_cgt_rates,Capital Gains Tax rate rise,2028,106500.0,76360.88,76080.88
mock2_cgt_rates,Capital Gains Tax rate rise,2028,107250.0,76645.88,76365.88
mock2_cgt_rates,Capital Gains Tax rate rise,2028,108000.0,76930.88,76650.88
mock2_cgt_rates,Capital Gains Tax rate rise,2028,108750.0,77215.88,76935.88
mock2_cgt_rates,Capital Gains Tax rate rise,2028,109500.0,77500.88,77220.88
mock2_cgt_rates,Capital Gains Tax rate rise,2028,110250.0,77785.88,77505.88
mock2_cgt_rates,Capital Gains Tax rate rise,2028,111000.0,78070.88,77790.88
mock2_cgt_rates,Capital Gains Tax rate rise,2028,111750.0,78355.88,78075.88
mock2_cgt_rates,Capital Gains Tax rate rise,2028,112500.0,78640.88,78360.88
mock2_cgt_rates,Capital Gains Tax rate rise,2028,113250.0,78925.88,78645.88
mock2_cgt_rates,Capital Gains Tax rate rise,2028,114000.0,79210.88,78930.88
mock2_cgt_rates,Capital Gains Tax rate rise,2028,114750.0,79495.88,79215.88
mock2_cgt_rates,Capital Gains Tax rate rise,2028,115500.0,79780.88,79500.88
mock2_cgt_rates,Capital Gains Tax rate rise,2028,116250.0,80065.88,79785.88
mock2_cgt_rates,Capital Gains Tax rate rise,2028,117000.0,80350.88,80070.88
mock2_cgt_rates,Capital Gains Tax rate rise,2028,117750.0,80635.88,80355.88
mock2_cgt_rates,Capital Gains Tax rate rise,2028,118500.0,80920.88,80640.88
mock2_cgt_rates,Capital Gains Tax rate rise,2028,119250.0,81205.88,80925.88
mock2_cgt_rates,Capital Gains Tax rate rise,2028,120000.0,81490.88,81210.88
mock2_cgt_rates,Capital Gains Tax rate rise,2028,120750.0,81775.88,81495.88
mock2_cgt_rates,Capital Gains Tax rate rise,2028,121500.0,82060.88,81780.88
mock2_cgt_rates,Capital Gains Tax rate rise,2028,122250.0,82345.88,82065.88
mock2_cgt_rates,Capital Gains Tax rate rise,2028,123000.0,82630.88,82350.88
mock2_cgt_rates,Capital Gains Tax rate rise,2028,123750.0,82915.88,82635.88
mock2_cgt_rates,Capital Gains Tax rate rise,2028,124500.0,83200.88,82920.88
mock2_cgt_rates,Capital Gains Tax rate rise,2028,125250.0,83507.88,83227.88
mock2_cgt_rates,Capital Gains Tax rate rise,2028,126000.0,83942.88,83662.88
mock2_cgt_rates,Capital Gains Tax rate rise,2028,126750.0,84377.88,84097.88
mock2_cgt_rates,Capital Gains Tax rate rise,2028,127500.0,84812.88,84532.88
mock2_cgt_rates,Capital Gains Tax rate rise,2028,128250.0,85247.88,84967.88
mock2_cgt_rates,Capital Gains Tax rate rise,2028,129000.0,85682.88,85402.88
mock2_cgt_rates,Capital Gains Tax rate rise,2028,129750.0,86117.88,85837.88
mock2_cgt_rates,Capital Gains Tax rate rise,2028,130500.0,86552.88,86272.88
mock2_cgt_rates,Capital Gains Tax rate rise,2028,131250.0,86987.88,86707.88
mock2_cgt_rates,Capital Gains Tax rate rise,2028,132000.0,87422.88,87142.88
mock2_cgt_rates,Capital Gains Tax rate rise,2028,132750.0,87857.88,87577.88
mock2_cgt_rates,Capital Gains Tax rate rise,2028,133500.0,88292.88,88012.88
mock2_cgt_rates,Capital Gains Tax rate rise,2028,134250.0,88727.88,88447.88
mock2_cgt_rates,Capital Gains Tax rate rise,2028,135000.0,89162.88,88882.88
mock2_cgt_rates,Capital Gains Tax rate rise,2028,135750.0,89567.38,89287.38
mock2_cgt_rates,Capital Gains Tax rate rise,2028,136500.0,89964.88,89684.88
mock2_cgt_rates,Capital Gains Tax rate rise,2028,137250.0,90362.38,90082.38
mock2_cgt_rates,Capital Gains Tax rate rise,2028,138000.0,90759.88,90479.88
mock2_cgt_rates,Capital Gains Tax rate rise,2028,138750.0,91157.38,90877.38
mock2_cgt_rates,Capital Gains Tax rate rise,2028,139500.0,91554.88,91274.88
mock2_cgt_rates,Capital Gains Tax rate rise,2028,140250.0,91952.38,91672.38
mock2_cgt_rates,Capital Gains Tax rate rise,2028,141000.0,92349.88,92069.88
mock2_cgt_rates,Capital Gains Tax rate rise,2028,141750.0,92747.38,92467.38
mock2_cgt_rates,Capital Gains Tax rate rise,2028,142500.0,93144.88,92864.88
mock2_cgt_rates,Capital Gains Tax rate rise,2028,143250.0,93542.38,93262.38
mock2_cgt_rates,Capital Gains Tax rate rise,2028,144000.0,93939.88,93659.88
mock2_cgt_rates,Capital Gains Tax rate rise,2028,144750.0,94337.38,94057.38
mock2_cgt_rates,Capital Gains Tax rate rise,2028,145500.0,94734.88,94454.88
mock2_cgt_rates,Capital Gains Tax rate rise,2028,146250.0,95132.38,94852.38
mock2_cgt_rates,Capital Gains Tax rate rise,2028,147000.0,95529.88,95249.88
mock2_cgt_rates,Capital Gains Tax rate rise,2028,147750.0,95927.38,95647.38
mock2_cgt_rates,Capital Gains Tax rate rise,2028,148500.0,96324.88,96044.88
mock2_cgt_rates,Capital Gains Tax rate rise,2028,149250.0,96722.38,96442.38
mock2_cgt_rates,Capital Gains Tax rate rise,2028,150000.0,97119.88,96839.88
mock2_cgt_rates,Capital Gains Tax rate rise,2029,0.0,25455.82,25315.82
mock2_cgt_rates,Capital Gains Tax rate rise,2029,750.0,26204.621,26064.621
mock2_cgt_rates,Capital Gains Tax rate rise,2029,1500.0,26953.422,26813.422
mock2_cgt_rates,Capital Gains Tax rate rise,2029,2250.0,27702.219,27562.219
mock2_cgt_rates,Capital Gains Tax rate rise,2029,3000.0,28451.02,28311.02
mock2_cgt_rates,Capital Gains Tax rate rise,2029,3750.0,29199.82,29059.82
mock2_cgt_rates,Capital Gains Tax rate rise,2029,4500.0,29948.621,29808.621
mock2_cgt_rates,Capital Gains Tax rate rise,2029,5250.0,30697.422,30557.422
mock2_cgt_rates,Capital Gains Tax rate rise,2029,6000.0,31446.219,31306.219
mock2_cgt_rates,Capital Gains Tax rate rise,2029,6750.0,32195.02,32055.02
mock2_cgt_rates,Capital Gains Tax rate rise,2029,7500.0,32943.82,32803.82
mock2_cgt_rates,Capital Gains Tax rate rise,2029,8250.0,33692.62,33552.62
mock2_cgt_rates,Capital Gains Tax rate rise,2029,9000.0,34441.42,34301.42
mock2_cgt_rates,Capital Gains Tax rate rise,2029,9750.0,35190.22,35050.22
mock2_cgt_rates,Capital Gains Tax rate rise,2029,10500.0,35939.02,35799.02
mock2_cgt_rates,Capital Gains Tax rate rise,2029,11250.0,36687.82,36547.82
mock2_cgt_rates,Capital Gains Tax rate rise,2029,12000.0,37436.62,37296.62
mock2_cgt_rates,Capital Gains Tax rate rise,2029,12750.0,38172.652,38032.652
mock2_cgt_rates,Capital Gains Tax rate rise,2029,13500.0,38861.547,38721.547
mock2_cgt_rates,Capital Gains Tax rate rise,2029,14250.0,39550.44,39410.44
mock2_cgt_rates,Capital Gains Tax rate rise,2029,15000.0,40239.34,40099.34
mock2_cgt_rates,Capital Gains Tax rate rise,2029,15750.0,40928.234,40788.234
mock2_cgt_rates,Capital Gains Tax rate rise,2029,16500.0,41617.133,41477.133
mock2_cgt_rates,Capital Gains Tax rate rise,2029,17250.0,42306.023,42166.023
mock2_cgt_rates,Capital Gains Tax rate rise,2029,18000.0,42994.92,42854.92
mock2_cgt_rates,Capital Gains Tax rate rise,2029,18750.0,43683.82,43543.82
mock2_cgt_rates,Capital Gains Tax rate rise,2029,19500.0,44372.715,44232.715
mock2_cgt_rates,Capital Gains Tax rate rise,2029,20250.0,44765.85,44625.85
mock2_cgt_rates,Capital Gains Tax rate rise,2029,21000.0,45075.85,44935.85
mock2_cgt_rates,Capital Gains Tax rate rise,2029,21750.0,45385.86,45245.86
mock2_cgt_rates,Capital Gains Tax rate rise,2029,22500.0,45695.86,45555.86
mock2_cgt_rates,Capital Gains Tax rate rise,2029,23250.0,46005.863,45865.863
mock2_cgt_rates,Capital Gains Tax rate rise,2029,24000.0,46304.023,46164.023
mock2_cgt_rates,Capital Gains Tax rate rise,2029,24750.0,46546.633,46406.633
mock2_cgt_rates,Capital Gains Tax rate rise,2029,25500.0,46789.246,46649.246
mock2_cgt_rates,Capital Gains Tax rate rise,2029,26250.0,47031.86,46891.86
mock2_cgt_rates,Capital Gains Tax rate rise,2029,27000.0,47274.47,47134.47
mock2_cgt_rates,Capital Gains Tax rate rise,2029,27750.0,47517.08,47377.08
mock2_cgt_rates,Capital Gains Tax rate rise,2029,28500.0,47759.688,47619.688
mock2_cgt_rates,Capital Gains Tax rate rise,2029,29250.0,48002.3,47862.3
mock2_cgt_rates,Capital Gains Tax rate rise,2029,30000.0,48244.914,48104.914
mock2_cgt_rates,Capital Gains Tax rate rise,2029,30750.0,48487.523,48347.523
mock2_cgt_rates,Capital Gains Tax rate rise,2029,31500.0,48730.137,48590.137
mock2_cgt_rates,Capital Gains Tax rate rise,2029,32250.0,48972.742,48832.742
mock2_cgt_rates,Capital Gains Tax rate rise,2029,33000.0,49215.36,49075.36
mock2_cgt_rates,Capital Gains Tax rate rise,2029,33750.0,49457.97,49317.97
mock2_cgt_rates,Capital Gains Tax rate rise,2029,34500.0,49700.58,49560.58
mock2_cgt_rates,Capital Gains Tax rate rise,2029,35250.0,49943.188,49803.188
mock2_cgt_rates,Capital Gains Tax rate rise,2029,36000.0,50185.805,50045.805
mock2_cgt_rates,Capital Gains Tax rate rise,2029,36750.0,50428.414,50288.414
mock2_cgt_rates,Capital Gains Tax rate rise,2029,37500.0,50671.023,50531.023
mock2_cgt_rates,Capital Gains Tax rate rise,2029,38250.0,50913.633,50773.633
mock2_cgt_rates,Capital Gains Tax rate rise,2029,39000.0,51156.242,51016.242
mock2_cgt_rates,Capital Gains Tax rate rise,2029,39750.0,51398.86,51258.86
mock2_cgt_rates,Capital Gains Tax rate rise,2029,40500.0,51641.47,51501.47
mock2_cgt_rates,Capital Gains Tax rate rise,2029,41250.0,51884.08,51744.08
mock2_cgt_rates,Capital Gains Tax rate rise,2029,42000.0,52126.688,51986.688
mock2_cgt_rates,Capital Gains Tax rate rise,2029,42750.0,52369.297,52229.297
mock2_cgt_rates,Capital Gains Tax rate rise,2029,43500.0,52611.914,52471.914
mock2_cgt_rates,Capital Gains Tax rate rise,2029,44250.0,52854.523,52714.523
mock2_cgt_rates,Capital Gains Tax rate rise,2029,45000.0,53097.133,52957.133
mock2_cgt_rates,Capital Gains Tax rate rise,2029,45750.0,53339.75,53199.75
mock2_cgt_rates,Capital Gains Tax rate rise,2029,46500.0,53582.36,53442.36
mock2_cgt_rates,Capital Gains Tax rate rise,2029,47250.0,53824.97,53684.97
mock2_cgt_rates,Capital Gains Tax rate rise,2029,48000.0,54067.58,53927.58
mock2_cgt_rates,Capital Gains Tax rate rise,2029,48750.0,54310.188,54170.188
mock2_cgt_rates,Capital Gains Tax rate rise,2029,49500.0,54552.805,54412.805
mock2_cgt_rates,Capital Gains Tax rate rise,2029,50250.0,54795.414,54655.414
mock2_cgt_rates,Capital Gains Tax rate rise,2029,51000.0,55055.53,54915.53
mock2_cgt_rates,Capital Gains Tax rate rise,2029,51750.0,55318.367,55178.367
mock2_cgt_rates,Capital Gains Tax rate rise,2029,52500.0,55581.195,55441.19
mock2_cgt_rates,Capital Gains Tax rate rise,2029,53250.0,55844.016,55704.016
mock2_cgt_rates,Capital Gains Tax rate rise,2029,54000.0,56068.227,55915.36
mock2_cgt_rates,Capital Gains Tax rate rise,2029,54750.0,56286.125,56118.28
mock2_cgt_rates,Capital Gains Tax rate rise,2029,55500.0,56504.03,56321.21
mock2_cgt_rates,Capital Gains Tax rate rise,2029,56250.0,56721.93,56524.133
mock2_cgt_rates,Capital Gains Tax rate rise,2029,57000.0,56939.83,56727.055
mock2_cgt_rates,Capital Gains Tax rate rise,2029,57750.0,57157.734,56929.984
mock2_cgt_rates,Capital Gains Tax rate rise,2029,58500.0,57375.64,57132.906
mock2_cgt_rates,Capital Gains Tax rate rise,2029,59250.0,57593.547,57335.836
mock2_cgt_rates,Capital Gains Tax rate rise,2029,60000.0,57811.438,57538.75
mock2_cgt_rates,Capital Gains Tax rate rise,2029,60750.0,57790.914,57510.914
mock2_cgt_rates,Capital Gains Tax rate rise,2029,61500.0,57856.125,57576.125
mock2_cgt_rates,Capital Gains Tax rate rise,2029,62250.0,57921.33,57641.33
mock2_cgt_rates,Capital Gains Tax rate rise,2029,63000.0,57986.53,57706.53
mock2_cgt_rates,Capital Gains Tax rate rise,2029,63750.0,58051.734,57771.734
mock2_cgt_rates,Capital Gains Tax rate rise,2029,64500.0,58116.938,57836.938
mock2_cgt_rates,Capital Gains Tax rate rise,2029,65250.0,58182.15,57902.15
mock2_cgt_rates,Capital Gains Tax rate rise,2029,66000.0,58247.35,57967.35
mock2_cgt_rates,Capital Gains Tax rate rise,2029,66750.0,58312.555,58032.555
mock2_cgt_rates,Capital Gains Tax rate rise,2029,67500.0,58377.758,58097.758
mock2_cgt_rates,Capital Gains Tax rate rise,2029,68250.0,58442.96,58162.96
mock2_cgt_rates,Capital Gains Tax rate rise,2029,69000.0,58508.17,58228.17
mock2_cgt_rates,Capital Gains Tax rate rise,2029,69750.0,58573.375,58293.375
mock2_cgt_rates,Capital Gains Tax rate rise,2029,70500.0,58638.58,58358.58
mock2_cgt_rates,Capital Gains Tax rate rise,2029,71250.0,58751.18,58471.18
mock2_cgt_rates,Capital Gains Tax rate rise,2029,72000.0,59055.25,58775.25
mock2_cgt_rates,Capital Gains Tax rate rise,2029,72750.0,59359.33,59079.33
mock2_cgt_rates,Capital Gains Tax rate rise,2029,73500.0,59663.4,59383.4
mock2_cgt_rates,Capital Gains Tax rate rise,2029,74250.0,59967.47,59687.47
mock2_cgt_rates,Capital Gains Tax rate rise,2029,75000.0,60271.54,59991.54
mock2_cgt_rates,Capital Gains Tax rate rise,2029,75750.0,60575.61,60295.61
mock2_cgt_rates,Capital Gains Tax rate rise,2029,76500.0,60879.688,60599.688
mock2_cgt_rates,Capital Gains Tax rate rise,2029,77250.0,61183.758,60903.758
mock2_cgt_rates,Capital Gains Tax rate rise,2029,78000.0,61487.83,61207.83
mock2_cgt_rates,Capital Gains Tax rate rise,2029,78750.0,61791.9,61511.9
mock2_cgt_rates,Capital Gains Tax rate rise,2029,79500.0,62095.97,61815.97
mock2_cgt_rates,Capital Gains Tax rate rise,2029,80250.0,62421.188,62141.188
mock2_cgt_rates,Capital Gains Tax rate rise,2029,81000.0,62855.492,62575.492
mock2_cgt_rates,Capital Gains Tax rate rise,2029,81750.0,63289.805,63009.805
mock2_cgt_rates,Capital Gains Tax rate rise,2029,82500.0,63724.1,63444.1
mock2_cgt_rates,Capital Gains Tax rate rise,2029,83250.0,64158.406,63878.406
mock2_cgt_rates,Capital Gains Tax rate rise,2029,84000.0,64592.71,64312.71
mock2_cgt_rates,Capital Gains Tax rate rise,2029,84750.0,65027.016,64747.016
mock2_cgt_rates,Capital Gains Tax rate rise,2029,85500.0,65461.32,65181.32
mock2_cgt_rates,Capital Gains Tax rate rise,2029,86250.0,65895.625,65615.625
mock2_cgt_rates,Capital Gains Tax rate rise,2029,87000.0,66329.92,66049.92
mock2_cgt_rates,Capital Gains Tax rate rise,2029,87750.0,66764.234,66484.234
mock2_cgt_rates,Capital Gains Tax rate rise,2029,88500.0,67198.53,66918.53
mock2_cgt_rates,Capital Gains Tax rate rise,2029,89250.0,67632.84,67352.84
mock2_cgt_rates,Capital Gains Tax rate rise,2029,90000.0,68067.14,67787.14
mock2_cgt_rates,Capital Gains Tax rate rise,2029,90750.0,68501.445,68221.445
mock2_cgt_rates,Capital Gains Tax rate rise,2029,91500.0,68935.75,68655.75
mock2_cgt_rates,Capital Gains Tax rate rise,2029,92250.0,69370.055,69090.055
mock2_cgt_rates,Capital Gains Tax rate rise,2029,93000.0,69804.36,69524.36
mock2_cgt_rates,Capital Gains Tax rate rise,2029,93750.0,70238.664,69958.664
mock2_cgt_rates,Capital Gains Tax rate rise,2029,94500.0,70672.96,70392.96
mock2_cgt_rates,Capital Gains Tax rate rise,2029,95250.0,71107.27,70827.27
mock2_cgt_rates,Capital Gains Tax rate rise,2029,96000.0,71541.58,71261.58
mock2_cgt_rates,Capital Gains Tax rate rise,2029,96750.0,71975.875,71695.875
mock2_cgt_rates,Capital Gains Tax rate rise,2029,97500.0,72410.19,72130.19
mock2_cgt_rates,Capital Gains Tax rate rise,2029,98250.0,72844.484,72564.484
mock2_cgt_rates,Capital Gains Tax rate rise,2029,99000.0,73278.79,72998.79
mock2_cgt_rates,Capital Gains Tax rate rise,2029,99750.0,73713.09,73433.09
mock2_cgt_rates,Capital Gains Tax rate rise,2029,100500.0,74079.8,73799.8
mock2_cgt_rates,Capital Gains Tax rate rise,2029,101250.0,74364.1,74084.1
mock2_cgt_rates,Capital Gains Tax rate rise,2029,102000.0,74648.805,74368.805
mock2_cgt_rates,Capital Gains Tax rate rise,2029,102750.0,74933.516,74653.516
mock2_cgt_rates,Capital Gains Tax rate rise,2029,103500.0,75217.81,74937.81
mock2_cgt_rates,Capital Gains Tax rate rise,2029,104250.0,75502.52,75222.52
mock2_cgt_rates,Capital Gains Tax rate rise,2029,105000.0,75786.83,75506.83
mock2_cgt_rates,Capital Gains Tax rate rise,2029,105750.0,76071.53,75791.53
mock2_cgt_rates,Capital Gains Tax rate rise,2029,106500.0,76356.234,76076.234
mock2_cgt_rates,Capital Gains Tax rate rise,2029,107250.0,76640.53,76360.53
mock2_cgt_rates,Capital Gains Tax rate rise,2029,108000.0,76925.234,76645.234
mock2_cgt_rates,Capital Gains Tax rate rise,2029,108750.0,77209.55,76929.55
mock2_cgt_rates,Capital Gains Tax rate rise,2029,109500.0,77494.25,77214.25
mock2_cgt_rates,Capital Gains Tax rate rise,2029,110250.0,77778.95,77498.95
mock2_cgt_rates,Capital Gains Tax rate rise,2029,111000.0,78063.25,77783.25
mock2_cgt_rates,Capital Gains Tax rate rise,2029,111750.0,78347.96,78067.96
mock2_cgt_rates,Capital Gains Tax rate rise,2029,112500.0,78632.266,78352.266
mock2_cgt_rates,Capital Gains Tax rate rise,2029,113250.0,78916.97,78636.97
mock2_cgt_rates,Capital Gains Tax rate rise,2029,114000.0,79201.68,78921.68
mock2_cgt_rates,Capital Gains Tax rate rise,2029,114750.0,79485.97,79205.97
mock2_cgt_rates,Capital Gains Tax rate rise,2029,115500.0,79770.69,79490.69
mock2_cgt_rates,Capital Gains Tax rate rise,2029,116250.0,80054.984,79774.984
mock2_cgt_rates,Capital Gains Tax rate rise,2029,117000.0,80339.69,80059.69
mock2_cgt_rates,Capital Gains Tax rate rise,2029,117750.0,80624.4,80344.4
mock2_cgt_rates,Capital Gains Tax rate rise,2029,118500.0,80908.69,80628.69
mock2_cgt_rates,Capital Gains Tax rate rise,2029,119250.0,81193.41,80913.41
mock2_cgt_rates,Capital Gains Tax rate rise,2029,120000.0,81477.7,81197.7
mock2_cgt_rates,Capital Gains Tax rate rise,2029,120750.0,81762.41,81482.41
mock2_cgt_rates,Capital Gains Tax rate rise,2029,121500.0,82047.11,81767.11
mock2_cgt_rates,Capital Gains Tax rate rise,2029,122250.0,82331.42,82051.42
mock2_cgt_rates,Capital Gains Tax rate rise,2029,123000.0,82616.125,82336.125
mock2_cgt_rates,Capital Gains Tax rate rise,2029,123750.0,82900.42,82620.42
mock2_cgt_rates,Capital Gains Tax rate rise,2029,124500.0,83185.125,82905.125
mock2_cgt_rates,Capital Gains Tax rate rise,2029,125250.0,83469.83,83189.83
mock2_cgt_rates,Capital Gains Tax rate rise,2029,126000.0,83885.74,83605.74
mock2_cgt_rates,Capital Gains Tax rate rise,2029,126750.0,84320.04,84040.04
mock2_cgt_rates,Capital Gains Tax rate rise,2029,127500.0,84754.34,84474.34
mock2_cgt_rates,Capital Gains Tax rate rise,2029,128250.0,85188.64,84908.64
mock2_cgt_rates,Capital Gains Tax rate rise,2029,129000.0,85622.94,85342.94
mock2_cgt_rates,Capital Gains Tax rate rise,2029,129750.0,86057.26,85777.26
mock2_cgt_rates,Capital Gains Tax rate rise,2029,130500.0,86491.56,86211.56
mock2_cgt_rates,Capital Gains Tax rate rise,2029,131250.0,86925.86,86645.86
mock2_cgt_rates,Capital Gains Tax rate rise,2029,132000.0,87360.164,87080.164
mock2_cgt_rates,Capital Gains Tax rate rise,2029,132750.0,87794.47,87514.47
mock2_cgt_rates,Capital Gains Tax rate rise,2029,133500.0,88228.78,87948.78
mock2_cgt_rates,Capital Gains Tax rate rise,2029,134250.0,88663.08,88383.08
mock2_cgt_rates,Capital Gains Tax rate rise,2029,135000.0,89097.38,88817.38
mock2_cgt_rates,Capital Gains Tax rate rise,2029,135750.0,89512.05,89232.05
mock2_cgt_rates,Capital Gains Tax rate rise,2029,136500.0,89908.91,89628.91
mock2_cgt_rates,Capital Gains Tax rate rise,2029,137250.0,90305.78,90025.78
mock2_cgt_rates,Capital Gains Tax rate rise,2029,138000.0,90702.64,90422.64
mock2_cgt_rates,Capital Gains Tax rate rise,2029,138750.0,91099.5,90819.5
mock2_cgt_rates,Capital Gains Tax rate rise,2029,139500.0,91496.36,91216.36
mock2_cgt_rates,Capital Gains Tax rate rise,2029,140250.0,91893.234,91613.234
mock2_cgt_rates,Capital Gains Tax rate rise,2029,141000.0,92290.09,92010.09
mock2_cgt_rates,Capital Gains Tax rate rise,2029,141750.0,92686.96,92406.96
mock2_cgt_rates,Capital Gains Tax rate rise,2029,142500.0,93083.83,92803.83
mock2_cgt_rates,Capital Gains Tax rate rise,2029,143250.0,93480.69,93200.69
mock2_cgt_rates,Capital Gains Tax rate rise,2029,144000.0,93877.55,93597.55
mock2_cgt_rates,Capital Gains Tax rate rise,2029,144750.0,94274.42,93994.42
mock2_cgt_rates,Capital Gains Tax rate rise,2029,145500.0,94671.28,94391.28
mock2_cgt_rates,Capital Gains Tax rate rise,2029,146250.0,95068.14,94788.14
mock2_cgt_rates,Capital Gains Tax rate rise,2029,147000.0,95465.0,95185.0
mock2_cgt_rates,Capital Gains Tax rate rise,2029,147750.0,95861.87,95581.87
mock2_cgt_rates,Capital Gains Tax rate rise,2029,148500.0,96258.734,95978.734
mock2_cgt_rates,Capital Gains Tax rate rise,2029,149250.0,96655.59,96375.59
mock2_cgt_rates,Capital Gains Tax rate rise,2029,150000.0,97052.46,96772.46
mock2_cgt_rates,Capital Gains Tax rate rise,2030,0.0,25989.016,25849.016
mock2_cgt_rates,Capital Gains Tax rate rise,2030,750.0,26737.812,26597.812
mock2_cgt_rates,Capital Gains Tax rate rise,2030,1500.0,27486.613,27346.613
mock2_cgt_rates,Capital Gains Tax rate rise,2030,2250.0,28235.414,28095.414
mock2_cgt_rates,Capital Gains Tax rate rise,2030,3000.0,28984.215,28844.215
mock2_cgt_rates,Capital Gains Tax rate rise,2030,3750.0,29733.016,29593.016
mock2_cgt_rates,Capital Gains Tax rate rise,2030,4500.0,30481.812,30341.812
mock2_cgt_rates,Capital Gains Tax rate rise,2030,5250.0,31230.613,31090.613
mock2_cgt_rates,Capital Gains Tax rate rise,2030,6000.0,31979.414,31839.414
mock2_cgt_rates,Capital Gains Tax rate rise,2030,6750.0,32728.21,32588.21
mock2_cgt_rates,Capital Gains Tax rate rise,2030,7500.0,33477.016,33337.016
mock2_cgt_rates,Capital Gains Tax rate rise,2030,8250.0,34225.812,34085.812
mock2_cgt_rates,Capital Gains Tax rate rise,2030,9000.0,34974.613,34834.613
mock2_cgt_rates,Capital Gains Tax rate rise,2030,9750.0,35723.414,35583.414
mock2_cgt_rates,Capital Gains Tax rate rise,2030,10500.0,36472.21,36332.21
mock2_cgt_rates,Capital Gains Tax rate rise,2030,11250.0,37221.016,37081.016
mock2_cgt_rates,Capital Gains Tax rate rise,2030,12000.0,37969.812,37829.812
mock2_cgt_rates,Capital Gains Tax rate rise,2030,12750.0,38705.844,38565.844
mock2_cgt_rates,Capital Gains Tax rate rise,2030,13500.0,39394.74,39254.74
mock2_cgt_rates,Capital Gains Tax rate rise,2030,14250.0,40083.633,39943.633
mock2_cgt_rates,Capital Gains Tax rate rise,2030,15000.0,40772.53,40632.53
mock2_cgt_rates,Capital Gains Tax rate rise,2030,15750.0,41461.426,41321.426
mock2_cgt_rates,Capital Gains Tax rate rise,2030,16500.0,42150.32,42010.32
mock2_cgt_rates,Capital Gains Tax rate rise,2030,17250.0,42839.22,42699.22
mock2_cgt_rates,Capital Gains Tax rate rise,2030,18000.0,43528.113,43388.113
mock2_cgt_rates,Capital Gains Tax rate rise,2030,18750.0,44217.01,44077.01
mock2_cgt_rates,Capital Gains Tax rate rise,2030,19500.0,44905.906,44765.906
mock2_cgt_rates,Capital Gains Tax rate rise,2030,20250.0,45398.78,45258.78
mock2_cgt_rates,Capital Gains Tax rate rise,2030,21000.0,45708.785,45568.785
mock2_cgt_rates,Capital Gains Tax rate rise,2030,21750.0,46018.79,45878.79
mock2_cgt_rates,Capital Gains Tax rate rise,2030,22500.0,46328.79,46188.79
mock2_cgt_rates,Capital Gains Tax rate rise,2030,23250.0,46638.793,46498.793
mock2_cgt_rates,Capital Gains Tax rate rise,2030,24000.0,46936.953,46796.953
mock2_cgt_rates,Capital Gains Tax rate rise,2030,24750.0,47179.56,47039.56
mock2_cgt_rates,Capital Gains Tax rate rise,2030,25500.0,47422.17,47282.17
mock2_cgt_rates,Capital Gains Tax rate rise,2030,26250.0,47664.785,47524.785
mock2_cgt_rates,Capital Gains Tax rate rise,2030,27000.0,47907.395,47767.395
mock2_cgt_rates,Capital Gains Tax rate rise,2030,27750.0,48150.008,48010.008
mock2_cgt_rates,Capital Gains Tax rate rise,2030,28500.0,48392.613,48252.613
mock2_cgt_rates,Capital Gains Tax rate rise,2030,29250.0,48635.23,48495.23
mock2_cgt_rates,Capital Gains Tax rate rise,2030,30000.0,48877.84,48737.84
mock2_cgt_rates,Capital Gains Tax rate rise,2030,30750.0,49120.45,48980.45
mock2_cgt_rates,Capital Gains Tax rate rise,2030,31500.0,49363.062,49223.062
mock2_cgt_rates,Capital Gains Tax rate rise,2030,32250.0,49605.67,49465.67
mock2_cgt_rates,Capital Gains Tax rate rise,2030,33000.0,49848.29,49708.29
mock2_cgt_rates,Capital Gains Tax rate rise,2030,33750.0,50090.9,49950.9
mock2_cgt_rates,Capital Gains Tax rate rise,2030,34500.0,50333.504,50193.504
mock2_cgt_rates,Capital Gains Tax rate rise,2030,35250.0,50576.117,50436.117
mock2_cgt_rates,Capital Gains Tax rate rise,2030,36000.0,50818.734,50678.734
mock2_cgt_rates,Capital Gains Tax rate rise,2030,36750.0,51061.344,50921.344
mock2_cgt_rates,Capital Gains Tax rate rise,2030,37500.0,51303.953,51163.953
mock2_cgt_rates,Capital Gains Tax rate rise,2030,38250.0,51546.57,51406.57
mock2_cgt_rates,Capital Gains Tax rate rise,2030,39000.0,51789.18,51649.18
mock2_cgt_rates,Capital Gains Tax rate rise,2030,39750.0,52031.79,51891.79
mock2_cgt_rates,Capital Gains Tax rate rise,2030,40500.0,52274.4,52134.4
mock2_cgt_rates,Capital Gains Tax rate rise,2030,41250.0,52517.008,52377.008
mock2_cgt_rates,Capital Gains Tax rate rise,2030,42000.0,52759.625,52619.625
mock2_cgt_rates,Capital Gains Tax rate rise,2030,42750.0,53002.234,52862.234
mock2_cgt_rates,Capital Gains Tax rate rise,2030,43500.0,53244.844,53104.844
mock2_cgt_rates,Capital Gains Tax rate rise,2030,44250.0,53487.453,53347.453
mock2_cgt_rates,Capital Gains Tax rate rise,2030,45000.0,53730.062,53590.062
mock2_cgt_rates,Capital Gains Tax rate rise,2030,45750.0,53972.68,53832.68
mock2_cgt_rates,Capital Gains Tax rate rise,2030,46500.0,54215.29,54075.29
mock2_cgt_rates,Capital Gains Tax rate rise,2030,47250.0,54457.9,54317.9
mock2_cgt_rates,Capital Gains Tax rate rise,2030,48000.0,54700.508,54560.508
mock2_cgt_rates,Capital Gains Tax rate rise,2030,48750.0,54943.117,54803.117
mock2_cgt_rates,Capital Gains Tax rate rise,2030,49500.0,55185.734,55045.734
mock2_cgt_rates,Capital Gains Tax rate rise,2030,50250.0,55428.344,55288.344
mock2_cgt_rates,Capital Gains Tax rate rise,2030,51000.0,55688.46,55548.46
mock2_cgt_rates,Capital Gains Tax rate rise,2030,51750.0,55951.297,55811.297
mock2_cgt_rates,Capital Gains Tax rate rise,2030,52500.0,56214.125,56074.125
mock2_cgt_rates,Capital Gains Tax rate rise,2030,53250.0,56476.945,56336.945
mock2_cgt_rates,Capital Gains Tax rate rise,2030,54000.0,56701.156,56548.29
mock2_cgt_rates,Capital Gains Tax rate rise,2030,54750.0,56919.055,56751.21
mock2_cgt_rates,Capital Gains Tax rate rise,2030,55500.0,57136.96,56954.14
mock2_cgt_rates,Capital Gains Tax rate rise,2030,56250.0,57354.86,57157.062
mock2_cgt_rates,Capital Gains Tax rate rise,2030,57000.0,57572.758,57359.984
mock2_cgt_rates,Capital Gains Tax rate rise,2030,57750.0,57790.664,57562.914
mock2_cgt_rates,Capital Gains Tax rate rise,2030,58500.0,58008.562,57765.836
mock2_cgt_rates,Capital Gains Tax rate rise,2030,59250.0,58226.47,57968.766
mock2_cgt_rates,Capital Gains Tax rate rise,2030,60000.0,58444.367,58171.688
mock2_cgt_rates,Capital Gains Tax rate rise,2030,60750.0,58421.57,58141.57
mock2_cgt_rates,Capital Gains Tax rate rise,2030,61500.0,58484.17,58204.17
mock2_cgt_rates,Capital Gains Tax rate rise,2030,62250.0,58546.773,58266.773
mock2_cgt_rates,Capital Gains Tax rate rise,2030,63000.0,58609.383,58329.383
mock2_cgt_rates,Capital Gains Tax rate rise,2030,63750.0,58671.977,58391.977
mock2_cgt_rates,Capital Gains Tax rate rise,2030,64500.0,58734.57,58454.57
mock2_cgt_rates,Capital Gains Tax rate rise,2030,65250.0,58797.18,58517.18
mock2_cgt_rates,Capital Gains Tax rate rise,2030,66000.0,58859.78,58579.78
mock2_cgt_rates,Capital Gains Tax rate rise,2030,66750.0,58922.375,58642.375
mock2_cgt_rates,Capital Gains Tax rate rise,2030,67500.0,58984.977,58704.977
mock2_cgt_rates,Capital Gains Tax rate rise,2030,68250.0,59047.58,58767.58
mock2_cgt_rates,Capital Gains Tax rate rise,2030,69000.0,59110.18,58830.18
mock2_cgt_rates,Capital Gains Tax rate rise,2030,69750.0,59172.78,58892.78
mock2_cgt_rates,Capital Gains Tax rate rise,2030,70500.0,59235.383,58955.383
mock2_cgt_rates,Capital Gains Tax rate rise,2030,71250.0,59297.977,59017.977
mock2_cgt_rates,Capital Gains Tax rate rise,2030,72000.0,59360.58,59080.58
mock2_cgt_rates,Capital Gains Tax rate rise,2030,72750.0,59445.336,59165.336
mock2_cgt_rates,Capital Gains Tax rate rise,2030,73500.0,59746.805,59466.805
mock2_cgt_rates,Capital Gains Tax rate rise,2030,74250.0,60048.273,59768.273
mock2_cgt_rates,Capital Gains Tax rate rise,2030,75000.0,60349.734,60069.734
mock2_cgt_rates,Capital Gains Tax rate rise,2030,75750.0,60651.203,60371.203
mock2_cgt_rates,Capital Gains Tax rate rise,2030,76500.0,60952.67,60672.67
mock2_cgt_rates,Capital Gains Tax rate rise,2030,77250.0,61254.14,60974.14
mock2_cgt_rates,Capital Gains Tax rate rise,2030,78000.0,61555.61,61275.61
mock2_cgt_rates,Capital Gains Tax rate rise,2030,78750.0,61857.08,61577.08
mock2_cgt_rates,Capital Gains Tax rate rise,2030,79500.0,62158.54,61878.54
mock2_cgt_rates,Capital Gains Tax rate rise,2030,80250.0,62481.586,62201.586
mock2_cgt_rates,Capital Gains Tax rate rise,2030,81000.0,62915.89,62635.89
mock2_cgt_rates,Capital Gains Tax rate rise,2030,81750.0,63350.188,63070.188
mock2_cgt_rates,Capital Gains Tax rate rise,2030,82500.0,63784.492,63504.492
mock2_cgt_rates,Capital Gains Tax rate rise,2030,83250.0,64218.797,63938.797
mock2_cgt_rates,Capital Gains Tax rate rise,2030,84000.0,64653.1,64373.1
mock2_cgt_rates,Capital Gains Tax rate rise,2030,84750.0,65087.406,64807.406
mock2_cgt_rates,Capital Gains Tax rate rise,2030,85500.0,65521.71,65241.71
mock2_cgt_rates,Capital Gains Tax rate rise,2030,86250.0,65956.016,65676.016
mock2_cgt_rates,Capital Gains Tax rate rise,2030,87000.0,66390.31,66110.31
mock2_cgt_rates,Capital Gains Tax rate rise,2030,87750.0,66824.625,66544.625
mock2_cgt_rates,Capital Gains Tax rate rise,2030,88500.0,67258.92,66978.92
mock2_cgt_rates,Capital Gains Tax rate rise,2030,89250.0,67693.234,67413.234
mock2_cgt_rates,Capital Gains Tax rate rise,2030,90000.0,68127.53,67847.53
mock2_cgt_rates,Capital Gains Tax rate rise,2030,90750.0,68561.836,68281.836
mock2_cgt_rates,Capital Gains Tax rate rise,2030,91500.0,68996.14,68716.14
mock2_cgt_rates,Capital Gains Tax rate rise,2030,92250.0,69430.445,69150.445
mock2_cgt_rates,Capital Gains Tax rate rise,2030,93000.0,69864.75,69584.75
mock2_cgt_rates,Capital Gains Tax rate rise,2030,93750.0,70299.055,70019.055
mock2_cgt_rates,Capital Gains Tax rate rise,2030,94500.0,70733.36,70453.36
mock2_cgt_rates,Capital Gains Tax rate rise,2030,95250.0,71167.664,70887.664
mock2_cgt_rates,Capital Gains Tax rate rise,2030,96000.0,71601.97,71321.97
mock2_cgt_rates,Capital Gains Tax rate rise,2030,96750.0,72036.27,71756.27
mock2_cgt_rates,Capital Gains Tax rate rise,2030,97500.0,72470.58,72190.58
mock2_cgt_rates,Capital Gains Tax rate rise,2030,98250.0,72904.875,72624.875
mock2_cgt_rates,Capital Gains Tax rate rise,2030,99000.0,73339.19,73059.19
mock2_cgt_rates,Capital Gains Tax rate rise,2030,99750.0,73773.484,73493.484
mock2_cgt_rates,Capital Gains Tax rate rise,2030,100500.0,74140.19,73860.19
mock2_cgt_rates,Capital Gains Tax rate rise,2030,101250.0,74424.5,74144.5
mock2_cgt_rates,Capital Gains Tax rate rise,2030,102000.0,74709.2,74429.2
mock2_cgt_rates,Capital Gains Tax rate rise,2030,102750.0,74993.91,74713.91
mock2_cgt_rates,Capital Gains Tax rate rise,2030,103500.0,75278.2,74998.2
mock2_cgt_rates,Capital Gains Tax rate rise,2030,104250.0,75562.91,75282.91
mock2_cgt_rates,Capital Gains Tax rate rise,2030,105000.0,75847.22,75567.22
mock2_cgt_rates,Capital Gains Tax rate rise,2030,105750.0,76131.914,75851.914
mock2_cgt_rates,Capital Gains Tax rate rise,2030,106500.0,76416.625,76136.625
mock2_cgt_rates,Capital Gains Tax rate rise,2030,107250.0,76700.92,76420.92
mock2_cgt_rates,Capital Gains Tax rate rise,2030,108000.0,76985.63,76705.63
mock2_cgt_rates,Capital Gains Tax rate rise,2030,108750.0,77269.94,76989.94
mock2_cgt_rates,Capital Gains Tax rate rise,2030,109500.0,77554.64,77274.64
mock2_cgt_rates,Capital Gains Tax rate rise,2030,110250.0,77839.34,77559.34
mock2_cgt_rates,Capital Gains Tax rate rise,2030,111000.0,78123.64,77843.64
mock2_cgt_rates,Capital Gains Tax rate rise,2030,111750.0,78408.36,78128.36
mock2_cgt_rates,Capital Gains Tax rate rise,2030,112500.0,78692.66,78412.66
mock2_cgt_rates,Capital Gains Tax rate rise,2030,113250.0,78977.36,78697.36
mock2_cgt_rates,Capital Gains Tax rate rise,2030,114000.0,79262.06,78982.06
mock2_cgt_rates,Capital Gains Tax rate rise,2030,114750.0,79546.36,79266.36
mock2_cgt_rates,Capital Gains Tax rate rise,2030,115500.0,79831.08,79551.08
mock2_cgt_rates,Capital Gains Tax rate rise,2030,116250.0,80115.39,79835.39
mock2_cgt_rates,Capital Gains Tax rate rise,2030,117000.0,80400.086,80120.086
mock2_cgt_rates,Capital Gains Tax rate rise,2030,117750.0,80684.78,80404.78
mock2_cgt_rates,Capital Gains Tax rate rise,2030,118500.0,80969.086,80689.086
mock2_cgt_rates,Capital Gains Tax rate rise,2030,119250.0,81253.8,80973.8
mock2_cgt_rates,Capital Gains Tax rate rise,2030,120000.0,81538.1,81258.1
mock2_cgt_rates,Capital Gains Tax rate rise,2030,120750.0,81822.805,81542.805
mock2_cgt_rates,Capital Gains Tax rate rise,2030,121500.0,82107.51,81827.51
mock2_cgt_rates,Capital Gains Tax rate rise,2030,122250.0,82391.83,82111.83
mock2_cgt_rates,Capital Gains Tax rate rise,2030,123000.0,82676.52,82396.52
mock2_cgt_rates,Capital Gains Tax rate rise,2030,123750.0,82960.83,82680.83
mock2_cgt_rates,Capital Gains Tax rate rise,2030,124500.0,83245.52,82965.52
mock2_cgt_rates,Capital Gains Tax rate rise,2030,125250.0,83530.22,83250.22
mock2_cgt_rates,Capital Gains Tax rate rise,2030,126000.0,83946.14,83666.14
mock2_cgt_rates,Capital Gains Tax rate rise,2030,126750.0,84380.44,84100.44
mock2_cgt_rates,Capital Gains Tax rate rise,2030,127500.0,84814.75,84534.75
mock2_cgt_rates,Capital Gains Tax rate rise,2030,128250.0,85249.05,84969.05
mock2_cgt_rates,Capital Gains Tax rate rise,2030,129000.0,85683.34,85403.34
mock2_cgt_rates,Capital Gains Tax rate rise,2030,129750.0,86117.66,85837.66
mock2_cgt_rates,Capital Gains Tax rate rise,2030,130500.0,86551.96,86271.96
mock2_cgt_rates,Capital Gains Tax rate rise,2030,131250.0,86986.266,86706.266
mock2_cgt_rates,Capital Gains Tax rate rise,2030,132000.0,87420.56,87140.56
mock2_cgt_rates,Capital Gains Tax rate rise,2030,132750.0,87854.87,87574.87
mock2_cgt_rates,Capital Gains Tax rate rise,2030,133500.0,88289.18,88009.18
mock2_cgt_rates,Capital Gains Tax rate rise,2030,134250.0,88723.484,88443.484
mock2_cgt_rates,Capital Gains Tax rate rise,2030,135000.0,89157.78,88877.78
mock2_cgt_rates,Capital Gains Tax rate rise,2030,135750.0,89572.445,89292.445
mock2_cgt_rates,Capital Gains Tax rate rise,2030,136500.0,89969.305,89689.305
mock2_cgt_rates,Capital Gains Tax rate rise,2030,137250.0,90366.18,90086.18
mock2_cgt_rates,Capital Gains Tax rate rise,2030,138000.0,90763.05,90483.05
mock2_cgt_rates,Capital Gains Tax rate rise,2030,138750.0,91159.91,90879.91
mock2_cgt_rates,Capital Gains Tax rate rise,2030,139500.0,91556.766,91276.766
mock2_cgt_rates,Capital Gains Tax rate rise,2030,140250.0,91953.625,91673.625
mock2_cgt_rates,Capital Gains Tax rate rise,2030,141000.0,92350.5,92070.5
mock2_cgt_rates,Capital Gains Tax rate rise,2030,141750.0,92747.36,92467.36
mock2_cgt_rates,Capital Gains Tax rate rise,2030,142500.0,93144.23,92864.23
mock2_cgt_rates,Capital Gains Tax rate rise,2030,143250.0,93541.086,93261.086
mock2_cgt_rates,Capital Gains Tax rate rise,2030,144000.0,93937.95,93657.95
mock2_cgt_rates,Capital Gains Tax rate rise,2030,144750.0,94334.82,94054.82
mock2_cgt_rates,Capital Gains Tax rate rise,2030,145500.0,94731.68,94451.68
mock2_cgt_rates,Capital Gains Tax rate rise,2030,146250.0,95128.55,94848.55
mock2_cgt_rates,Capital Gains Tax rate rise,2030,147000.0,95525.41,95245.41
mock2_cgt_rates,Capital Gains Tax rate rise,2030,147750.0,95922.266,95642.266
mock2_cgt_rates,Capital Gains Tax rate rise,2030,148500.0,96319.14,96039.14
mock2_cgt_rates,Capital Gains Tax rate rise,2030,149250.0,96716.0,96436.0
mock2_cgt_rates,Capital Gains Tax rate rise,2030,150000.0,97112.86,96832.86
mock2_hvcts_band,Council tax surcharge band from £1.5m,2026,0.0,23876.223,23876.223
mock2_hvcts_band,Council tax surcharge band from £1.5m,2026,750.0,24626.223,24626.223
mock2_hvcts_band,Council tax surcharge band from £1.5m,2026,1500.0,25376.223,25376.223
mock2_hvcts_band,Council tax surcharge band from £1.5m,2026,2250.0,26126.223,26126.223
mock2_hvcts_band,Council tax surcharge band from £1.5m,2026,3000.0,26876.223,26876.223
mock2_hvcts_band,Council tax surcharge band from £1.5m,2026,3750.0,27626.223,27626.223
mock2_hvcts_band,Council tax surcharge band from £1.5m,2026,4500.0,28376.223,28376.223
mock2_hvcts_band,Council tax surcharge band from £1.5m,2026,5250.0,29126.223,29126.223
mock2_hvcts_band,Council tax surcharge band from £1.5m,2026,6000.0,29876.223,29876.223
mock2_hvcts_band,Council tax surcharge band from £1.5m,2026,6750.0,30626.223,30626.223
mock2_hvcts_band,Council tax surcharge band from £1.5m,2026,7500.0,31376.223,31376.223
mock2_hvcts_band,Council tax surcharge band from £1.5m,2026,8250.0,32126.223,32126.223
mock2_hvcts_band,Council tax surcharge band from £1.5m,2026,9000.0,32876.223,32876.223
mock2_hvcts_band,Council tax surcharge band from £1.5m,2026,9750.0,33626.223,33626.223
mock2_hvcts_band,Council tax surcharge band from £1.5m,2026,10500.0,34376.223,34376.223
mock2_hvcts_band,Council tax surcharge band from £1.5m,2026,11250.0,35126.223,35126.223
mock2_hvcts_band,Council tax surcharge band from £1.5m,2026,12000.0,35876.223,35876.223
mock2_hvcts_band,Council tax surcharge band from £1.5m,2026,12750.0,36611.82,36611.82
mock2_hvcts_band,Council tax surcharge band from £1.5m,2026,13500.0,37301.82,37301.82
mock2_hvcts_band,Council tax surcharge band from £1.5m,2026,14250.0,37991.82,37991.82
mock2_hvcts_band,Council tax surcharge band from £1.5m,2026,15000.0,38681.82,38681.82
mock2_hvcts_band,Council tax surcharge band from £1.5m,2026,15750.0,39371.82,39371.82
mock2_hvcts_band,Council tax surcharge band from £1.5m,2026,16500.0,40061.82,40061.82
mock2_hvcts_band,Council tax surcharge band from £1.5m,2026,17250.0,40751.82,40751.82
mock2_hvcts_band,Council tax surcharge band from £1.5m,2026,18000.0,41441.82,41441.82
mock2_hvcts_band,Council tax surcharge band from £1.5m,2026,18750.0,42131.82,42131.82
mock2_hvcts_band,Council tax surcharge band from £1.5m,2026,19500.0,42587.742,42587.742
mock2_hvcts_band,Council tax surcharge band from £1.5m,2026,20250.0,42898.242,42898.242
mock2_hvcts_band,Council tax surcharge band from £1.5m,2026,21000.0,43208.742,43208.742
mock2_hvcts_band,Council tax surcharge band from £1.5m,2026,21750.0,43519.242,43519.242
mock2_hvcts_band,Council tax surcharge band from £1.5m,2026,22500.0,43829.742,43829.742
mock2_hvcts_band,Council tax surcharge band from £1.5m,2026,23250.0,44140.242,44140.242
mock2_hvcts_band,Council tax surcharge band from £1.5m,2026,24000.0,44435.438,44435.438
mock2_hvcts_band,Council tax surcharge band from £1.5m,2026,24750.0,44678.438,44678.438
mock2_hvcts_band,Council tax surcharge band from £1.5m,2026,25500.0,44921.438,44921.438
mock2_hvcts_band,Council tax surcharge band from £1.5m,2026,26250.0,45164.438,45164.438
mock2_hvcts_band,Council tax surcharge band from £1.5m,2026,27000.0,45407.438,45407.438
mock2_hvcts_band,Council tax surcharge band from £1.5m,2026,27750.0,45650.438,45650.438
mock2_hvcts_band,Council tax surcharge band from £1.5m,2026,28500.0,45893.438,45893.438
mock2_hvcts_band,Council tax surcharge band from £1.5m,2026,29250.0,46136.438,46136.438
mock2_hvcts_band,Council tax surcharge band from £1.5m,2026,30000.0,46379.438,46379.438
mock2_hvcts_band,Council tax surcharge band from £1.5m,2026,30750.0,46622.438,46622.438
mock2_hvcts_band,Council tax surcharge band from £1.5m,2026,31500.0,46865.438,46865.438
mock2_hvcts_band,Council tax surcharge band from £1.5m,2026,32250.0,47108.438,47108.438
mock2_hvcts_band,Council tax surcharge band from £1.5m,2026,33000.0,47351.438,47351.438
mock2_hvcts_band,Council tax surcharge band from £1.5m,2026,33750.0,47594.438,47594.438
mock2_hvcts_band,Council tax surcharge band from £1.5m,2026,34500.0,47837.438,47837.438
mock2_hvcts_band,Council tax surcharge band from £1.5m,2026,35250.0,48080.438,48080.438
mock2_hvcts_band,Council tax surcharge band from £1.5m,2026,36000.0,48323.438,48323.438
mock2_hvcts_band,Council tax surcharge band from £1.5m,2026,36750.0,48566.438,48566.438
mock2_hvcts_band,Council tax surcharge band from £1.5m,2026,37500.0,48809.438,48809.438
mock2_hvcts_band,Council tax surcharge band from £1.5m,2026,38250.0,49052.438,49052.438
mock2_hvcts_band,Council tax surcharge band from £1.5m,2026,39000.0,49295.438,49295.438
mock2_hvcts_band,Council tax surcharge band from £1.5m,2026,39750.0,49538.438,49538.438
mock2_hvcts_band,Council tax surcharge band from £1.5m,2026,40500.0,49781.438,49781.438
mock2_hvcts_band,Council tax surcharge band from £1.5m,2026,41250.0,50024.438,50024.438
mock2_hvcts_band,Council tax surcharge band from £1.5m,2026,42000.0,50267.438,50267.438
mock2_hvcts_band,Council tax surcharge band from £1.5m,2026,42750.0,50510.438,50510.438
mock2_hvcts_band,Council tax surcharge band from £1.5m,2026,43500.0,50753.438,50753.438
mock2_hvcts_band,Council tax surcharge band from £1.5m,2026,44250.0,50996.438,50996.438
mock2_hvcts_band,Council tax surcharge band from £1.5m,2026,45000.0,51239.438,51239.438
mock2_hvcts_band,Council tax surcharge band from £1.5m,2026,45750.0,51482.438,51482.438
mock2_hvcts_band,Council tax surcharge band from £1.5m,2026,46500.0,51725.438,51725.438
mock2_hvcts_band,Council tax surcharge band from £1.5m,2026,47250.0,51968.438,51968.438
mock2_hvcts_band,Council tax surcharge band from £1.5m,2026,48000.0,52211.438,52211.438
mock2_hvcts_band,Council tax surcharge band from £1.5m,2026,48750.0,52454.438,52454.438
mock2_hvcts_band,Council tax surcharge band from £1.5m,2026,49500.0,52697.438,52697.438
mock2_hvcts_band,Council tax surcharge band from £1.5m,2026,50250.0,52940.438,52940.438
mock2_hvcts_band,Council tax surcharge band from £1.5m,2026,51000.0,53203.156,53203.156
mock2_hvcts_band,Council tax surcharge band from £1.5m,2026,51750.0,53466.406,53466.406
mock2_hvcts_band,Council tax surcharge band from £1.5m,2026,52500.0,53729.656,53729.656
mock2_hvcts_band,Council tax surcharge band from £1.5m,2026,53250.0,53992.906,53992.906
mock2_hvcts_band,Council tax surcharge band from £1.5m,2026,54000.0,54212.355,54212.355
mock2_hvcts_band,Council tax surcharge band from £1.5m,2026,54750.0,54430.605,54430.605
mock2_hvcts_band,Council tax surcharge band from £1.5m,2026,55500.0,54648.855,54648.855
mock2_hvcts_band,Council tax surcharge band from £1.5m,2026,56250.0,54867.105,54867.105
mock2_hvcts_band,Council tax surcharge band from £1.5m,2026,57000.0,55085.355,55085.355
mock2_hvcts_band,Council tax surcharge band from £1.5m,2026,57750.0,55303.605,55303.605
mock2_hvcts_band,Council tax surcharge band from £1.5m,2026,58500.0,55521.855,55521.855
mock2_hvcts_band,Council tax surcharge band from £1.5m,2026,59250.0,55740.1,55740.1
mock2_hvcts_band,Council tax surcharge band from £1.5m,2026,60000.0,55958.35,55958.35
mock2_hvcts_band,Council tax surcharge band from £1.5m,2026,60750.0,55926.242,55926.242
mock2_hvcts_band,Council tax surcharge band from £1.5m,2026,61500.0,55999.438,55999.438
mock2_hvcts_band,Council tax surcharge band from £1.5m,2026,62250.0,56072.633,56072.633
mock2_hvcts_band,Council tax surcharge band from £1.5m,2026,63000.0,56145.82,56145.82
mock2_hvcts_band,Council tax surcharge band from £1.5m,2026,63750.0,56219.016,56219.016
mock2_hvcts_band,Council tax surcharge band from £1.5m,2026,64500.0,56292.21,56292.21
mock2_hvcts_band,Council tax surcharge band from £1.5m,2026,65250.0,56365.4,56365.4
mock2_hvcts_band,Council tax surcharge band from £1.5m,2026,66000.0,56438.594,56438.594
mock2_hvcts_band,Council tax surcharge band from £1.5m,2026,66750.0,56680.125,56680.125
mock2_hvcts_band,Council tax surcharge band from £1.5m,2026,67500.0,56992.562,56992.562
mock2_hvcts_band,Council tax surcharge band from £1.5m,2026,68250.0,57305.008,57305.008
mock2_hvcts_band,Council tax surcharge band from £1.5m,2026,69000.0,57617.453,57617.453
mock2_hvcts_band,Council tax surcharge band from £1.5m,2026,69750.0,57929.89,57929.89
mock2_hvcts_band,Council tax surcharge band from £1.5m,2026,70500.0,58242.336,58242.336
mock2_hvcts_band,Council tax surcharge band from £1.5m,2026,71250.0,58554.78,58554.78
mock2_hvcts_band,Council tax surcharge band from £1.5m,2026,72000.0,58867.22,58867.22
mock2_hvcts_band,Council tax surcharge band from £1.5m,2026,72750.0,59179.656,59179.656
mock2_hvcts_band,Council tax surcharge band from £1.5m,2026,73500.0,59492.1,59492.1
mock2_hvcts_band,Council tax surcharge band from £1.5m,2026,74250.0,59804.547,59804.547
mock2_hvcts_band,Council tax surcharge band from £1.5m,2026,75000.0,60116.984,60116.984
mock2_hvcts_band,Council tax surcharge band from £1.5m,2026,75750.0,60429.43,60429.43
mock2_hvcts_band,Council tax surcharge band from £1.5m,2026,76500.0,60741.875,60741.875
mock2_hvcts_band,Council tax surcharge band from £1.5m,2026,77250.0,61054.312,61054.312
mock2_hvcts_band,Council tax surcharge band from £1.5m,2026,78000.0,61366.758,61366.758
mock2_hvcts_band,Council tax surcharge band from £1.5m,2026,78750.0,61679.203,61679.203
mock2_hvcts_band,Council tax surcharge band from £1.5m,2026,79500.0,61991.64,61991.64
mock2_hvcts_band,Council tax surcharge band from £1.5m,2026,80250.0,62344.938,62344.938
mock2_hvcts_band,Council tax surcharge band from £1.5m,2026,81000.0,62779.938,62779.938
mock2_hvcts_band,Council tax surcharge band from £1.5m,2026,81750.0,63214.938,63214.938
mock2_hvcts_band,Council tax surcharge band from £1.5m,2026,82500.0,63649.938,63649.938
mock2_hvcts_band,Council tax surcharge band from £1.5m,2026,83250.0,64084.938,64084.938
mock2_hvcts_band,Council tax surcharge band from £1.5m,2026,84000.0,64519.938,64519.938
mock2_hvcts_band,Council tax surcharge band from £1.5m,2026,84750.0,64954.938,64954.938
mock2_hvcts_band,Council tax surcharge band from £1.5m,2026,85500.0,65389.938,65389.938
mock2_hvcts_band,Council tax surcharge band from £1.5m,2026,86250.0,65824.94,65824.94
mock2_hvcts_band,Council tax surcharge band from £1.5m,2026,87000.0,66259.94,66259.94
mock2_hvcts_band,Council tax surcharge band from £1.5m,2026,87750.0,66694.94,66694.94
mock2_hvcts_band,Council tax surcharge band from £1.5m,2026,88500.0,67129.94,67129.94
mock2_hvcts_band,Council tax surcharge band from £1.5m,2026,89250.0,67564.94,67564.94
mock2_hvcts_band,Council tax surcharge band from £1.5m,2026,90000.0,67999.94,67999.94
mock2_hvcts_band,Council tax surcharge band from £1.5m,2026,90750.0,68434.94,68434.94
mock2_hvcts_band,Council tax surcharge band from £1.5m,2026,91500.0,68869.94,68869.94
mock2_hvcts_band,Council tax surcharge band from £1.5m,2026,92250.0,69304.94,69304.94
mock2_hvcts_band,Council tax surcharge band from £1.5m,2026,93000.0,69739.94,69739.94
mock2_hvcts_band,Council tax surcharge band from £1.5m,2026,93750.0,70174.94,70174.94
mock2_hvcts_band,Council tax surcharge band from £1.5m,2026,94500.0,70609.94,70609.94
mock2_hvcts_band,Council tax surcharge band from £1.5m,2026,95250.0,71044.94,71044.94
mock2_hvcts_band,Council tax surcharge band from £1.5m,2026,96000.0,71479.94,71479.94
mock2_hvcts_band,Council tax surcharge band from £1.5m,2026,96750.0,71914.94,71914.94
mock2_hvcts_band,Council tax surcharge band from £1.5m,2026,97500.0,72349.94,72349.94
mock2_hvcts_band,Council tax surcharge band from £1.5m,2026,98250.0,72784.94,72784.94
mock2_hvcts_band,Council tax surcharge band from £1.5m,2026,99000.0,73219.94,73219.94
mock2_hvcts_band,Council tax surcharge band from £1.5m,2026,99750.0,73654.94,73654.94
mock2_hvcts_band,Council tax surcharge band from £1.5m,2026,100500.0,73989.94,73989.94
mock2_hvcts_band,Council tax surcharge band from £1.5m,2026,101250.0,74274.94,74274.94
mock2_hvcts_band,Council tax surcharge band from £1.5m,2026,102000.0,74559.94,74559.94
mock2_hvcts_band,Council tax surcharge band from £1.5m,2026,102750.0,74844.94,74844.94
mock2_hvcts_band,Council tax surcharge band from £1.5m,2026,103500.0,75129.94,75129.94
mock2_hvcts_band,Council tax surcharge band from £1.5m,2026,104250.0,75414.94,75414.94
mock2_hvcts_band,Council tax surcharge band from £1.5m,2026,105000.0,75699.94,75699.94
mock2_hvcts_band,Council tax surcharge band from £1.5m,2026,105750.0,75984.94,75984.94
mock2_hvcts_band,Council tax surcharge band from £1.5m,2026,106500.0,76269.94,76269.94
mock2_hvcts_band,Council tax surcharge band from £1.5m,2026,107250.0,76554.94,76554.94
mock2_hvcts_band,Council tax surcharge band from £1.5m,2026,108000.0,76839.94,76839.94
mock2_hvcts_band,Council tax surcharge band from £1.5m,2026,108750.0,77124.94,77124.94
mock2_hvcts_band,Council tax surcharge band from £1.5m,2026,109500.0,77409.94,77409.94
mock2_hvcts_band,Council tax surcharge band from £1.5m,2026,110250.0,77694.94,77694.94
mock2_hvcts_band,Council tax surcharge band from £1.5m,2026,111000.0,77979.94,77979.94
mock2_hvcts_band,Council tax surcharge band from £1.5m,2026,111750.0,78264.94,78264.94
mock2_hvcts_band,Council tax surcharge band from £1.5m,2026,112500.0,78549.94,78549.94
mock2_hvcts_band,Council tax surcharge band from £1.5m,2026,113250.0,78834.94,78834.94
mock2_hvcts_band,Council tax surcharge band from £1.5m,2026,114000.0,79119.94,79119.94
mock2_hvcts_band,Council tax surcharge band from £1.5m,2026,114750.0,79404.94,79404.94
mock2_hvcts_band,Council tax surcharge band from £1.5m,2026,115500.0,79689.94,79689.94
mock2_hvcts_band,Council tax surcharge band from £1.5m,2026,116250.0,79974.94,79974.94
mock2_hvcts_band,Council tax surcharge band from £1.5m,2026,117000.0,80259.94,80259.94
mock2_hvcts_band,Council tax surcharge band from £1.5m,2026,117750.0,80544.94,80544.94
mock2_hvcts_band,Council tax surcharge band from £1.5m,2026,118500.0,80829.94,80829.94
mock2_hvcts_band,Council tax surcharge band from £1.5m,2026,119250.0,81114.94,81114.94
mock2_hvcts_band,Council tax surcharge band from £1.5m,2026,120000.0,81399.94,81399.94
mock2_hvcts_band,Council tax surcharge band from £1.5m,2026,120750.0,81684.94,81684.94
mock2_hvcts_band,Council tax surcharge band from £1.5m,2026,121500.0,81969.94,81969.94
mock2_hvcts_band,Council tax surcharge band from £1.5m,2026,122250.0,82254.94,82254.94
mock2_hvcts_band,Council tax surcharge band from £1.5m,2026,123000.0,82539.94,82539.94
mock2_hvcts_band,Council tax surcharge band from £1.5m,2026,123750.0,82824.94,82824.94
mock2_hvcts_band,Council tax surcharge band from £1.5m,2026,124500.0,83109.94,83109.94
mock2_hvcts_band,Council tax surcharge band from £1.5m,2026,125250.0,83416.94,83416.94
mock2_hvcts_band,Council tax surcharge band from £1.5m,2026,126000.0,83851.94,83851.94
mock2_hvcts_band,Council tax surcharge band from £1.5m,2026,126750.0,84286.94,84286.94
mock2_hvcts_band,Council tax surcharge band from £1.5m,2026,127500.0,84721.94,84721.94
mock2_hvcts_band,Council tax surcharge band from £1.5m,2026,128250.0,85156.94,85156.94
mock2_hvcts_band,Council tax surcharge band from £1.5m,2026,129000.0,85591.94,85591.94
mock2_hvcts_band,Council tax surcharge band from £1.5m,2026,129750.0,86026.94,86026.94
mock2_hvcts_band,Council tax surcharge band from £1.5m,2026,130500.0,86461.94,86461.94
mock2_hvcts_band,Council tax surcharge band from £1.5m,2026,131250.0,86896.94,86896.94
mock2_hvcts_band,Council tax surcharge band from £1.5m,2026,132000.0,87331.94,87331.94
mock2_hvcts_band,Council tax surcharge band from £1.5m,2026,132750.0,87766.94,87766.94
mock2_hvcts_band,Council tax surcharge band from £1.5m,2026,133500.0,88201.94,88201.94
mock2_hvcts_band,Council tax surcharge band from £1.5m,2026,134250.0,88636.94,88636.94
mock2_hvcts_band,Council tax surcharge band from £1.5m,2026,135000.0,89071.94,89071.94
mock2_hvcts_band,Council tax surcharge band from £1.5m,2026,135750.0,89476.44,89476.44
mock2_hvcts_band,Council tax surcharge band from £1.5m,2026,136500.0,89873.94,89873.94
mock2_hvcts_band,Council tax surcharge band from £1.5m,2026,137250.0,90271.44,90271.44
mock2_hvcts_band,Council tax surcharge band from £1.5m,2026,138000.0,90668.94,90668.94
mock2_hvcts_band,Council tax surcharge band from £1.5m,2026,138750.0,91066.44,91066.44
mock2_hvcts_band,Council tax surcharge band from £1.5m,2026,139500.0,91463.94,91463.94
mock2_hvcts_band,Council tax surcharge band from £1.5m,2026,140250.0,91861.44,91861.44
mock2_hvcts_band,Council tax surcharge band from £1.5m,2026,141000.0,92258.94,92258.94
mock2_hvcts_band,Council tax surcharge band from £1.5m,2026,141750.0,92656.44,92656.44
mock2_hvcts_band,Council tax surcharge band from £1.5m,2026,142500.0,93053.94,93053.94
mock2_hvcts_band,Council tax surcharge band from £1.5m,2026,143250.0,93451.44,93451.44
mock2_hvcts_band,Council tax surcharge band from £1.5m,2026,144000.0,93848.94,93848.94
mock2_hvcts_band,Council tax surcharge band from £1.5m,2026,144750.0,94246.44,94246.44
mock2_hvcts_band,Council tax surcharge band from £1.5m,2026,145500.0,94643.94,94643.94
mock2_hvcts_band,Council tax surcharge band from £1.5m,2026,146250.0,95041.44,95041.44
mock2_hvcts_band,Council tax surcharge band from £1.5m,2026,147000.0,95438.94,95438.94
mock2_hvcts_band,Council tax surcharge band from £1.5m,2026,147750.0,95836.44,95836.44
mock2_hvcts_band,Council tax surcharge band from £1.5m,2026,148500.0,96233.94,96233.94
mock2_hvcts_band,Council tax surcharge band from £1.5m,2026,149250.0,96631.44,96631.44
mock2_hvcts_band,Council tax surcharge band from £1.5m,2026,150000.0,97028.94,97028.94
mock2_hvcts_band,Council tax surcharge band from £1.5m,2027,0.0,24420.266,24420.266
mock2_hvcts_band,Council tax surcharge band from £1.5m,2027,750.0,25170.266,25170.266
mock2_hvcts_band,Council tax surcharge band from £1.5m,2027,1500.0,25920.266,25920.266
mock2_hvcts_band,Council tax surcharge band from £1.5m,2027,2250.0,26670.266,26670.266
mock2_hvcts_band,Council tax surcharge band from £1.5m,2027,3000.0,27420.266,27420.266
mock2_hvcts_band,Council tax surcharge band from £1.5m,2027,3750.0,28170.266,28170.266
mock2_hvcts_band,Council tax surcharge band from £1.5m,2027,4500.0,28920.266,28920.266
mock2_hvcts_band,Council tax surcharge band from £1.5m,2027,5250.0,29670.266,29670.266
mock2_hvcts_band,Council tax surcharge band from £1.5m,2027,6000.0,30420.266,30420.266
mock2_hvcts_band,Council tax surcharge band from £1.5m,2027,6750.0,31170.266,31170.266
mock2_hvcts_band,Council tax surcharge band from £1.5m,2027,7500.0,31920.266,31920.266
mock2_hvcts_band,Council tax surcharge band from £1.5m,2027,8250.0,32670.266,32670.266
mock2_hvcts_band,Council tax surcharge band from £1.5m,2027,9000.0,33420.266,33420.266
mock2_hvcts_band,Council tax surcharge band from £1.5m,2027,9750.0,34170.266,34170.266
mock2_hvcts_band,Council tax surcharge band from £1.5m,2027,10500.0,34920.266,34920.266
mock2_hvcts_band,Council tax surcharge band from £1.5m,2027,11250.0,35670.266,35670.266
mock2_hvcts_band,Council tax surcharge band from £1.5m,2027,12000.0,36420.266,36420.266
mock2_hvcts_band,Council tax surcharge band from £1.5m,2027,12750.0,37155.86,37155.86
mock2_hvcts_band,Council tax surcharge band from £1.5m,2027,13500.0,37845.86,37845.86
mock2_hvcts_band,Council tax surcharge band from £1.5m,2027,14250.0,38535.86,38535.86
mock2_hvcts_band,Council tax surcharge band from £1.5m,2027,15000.0,39225.86,39225.86
mock2_hvcts_band,Council tax surcharge band from £1.5m,2027,15750.0,39915.86,39915.86
mock2_hvcts_band,Council tax surcharge band from £1.5m,2027,16500.0,40605.86,40605.86
mock2_hvcts_band,Council tax surcharge band from £1.5m,2027,17250.0,41295.86,41295.86
mock2_hvcts_band,Council tax surcharge band from £1.5m,2027,18000.0,41985.86,41985.86
mock2_hvcts_band,Council tax surcharge band from £1.5m,2027,18750.0,42675.86,42675.86
mock2_hvcts_band,Council tax surcharge band from £1.5m,2027,19500.0,43239.547,43239.547
mock2_hvcts_band,Council tax surcharge band from £1.5m,2027,20250.0,43550.047,43550.047
mock2_hvcts_band,Council tax surcharge band from £1.5m,2027,21000.0,43860.547,43860.547
mock2_hvcts_band,Council tax surcharge band from £1.5m,2027,21750.0,44171.047,44171.047
mock2_hvcts_band,Council tax surcharge band from £1.5m,2027,22500.0,44481.547,44481.547
mock2_hvcts_band,Council tax surcharge band from £1.5m,2027,23250.0,44792.047,44792.047
mock2_hvcts_band,Council tax surcharge band from £1.5m,2027,24000.0,45087.25,45087.25
mock2_hvcts_band,Council tax surcharge band from £1.5m,2027,24750.0,45330.25,45330.25
mock2_hvcts_band,Council tax surcharge band from £1.5m,2027,25500.0,45573.25,45573.25
mock2_hvcts_band,Council tax surcharge band from £1.5m,2027,26250.0,45816.25,45816.25
mock2_hvcts_band,Council tax surcharge band from £1.5m,2027,27000.0,46059.25,46059.25
mock2_hvcts_band,Council tax surcharge band from £1.5m,2027,27750.0,46302.25,46302.25
mock2_hvcts_band,Council tax surcharge band from £1.5m,2027,28500.0,46545.25,46545.25
mock2_hvcts_band,Council tax surcharge band from £1.5m,2027,29250.0,46788.25,46788.25
mock2_hvcts_band,Council tax surcharge band from £1.5m,2027,30000.0,47031.25,47031.25
mock2_hvcts_band,Council tax surcharge band from £1.5m,2027,30750.0,47274.25,47274.25
mock2_hvcts_band,Council tax surcharge band from £1.5m,2027,31500.0,47517.25,47517.25
mock2_hvcts_band,Council tax surcharge band from £1.5m,2027,32250.0,47760.25,47760.25
mock2_hvcts_band,Council tax surcharge band from £1.5m,2027,33000.0,48003.25,48003.25
mock2_hvcts_band,Council tax surcharge band from £1.5m,2027,33750.0,48246.25,48246.25
mock2_hvcts_band,Council tax surcharge band from £1.5m,2027,34500.0,48489.25,48489.25
mock2_hvcts_band,Council tax surcharge band from £1.5m,2027,35250.0,48732.25,48732.25
mock2_hvcts_band,Council tax surcharge band from £1.5m,2027,36000.0,48975.25,48975.25
mock2_hvcts_band,Council tax surcharge band from £1.5m,2027,36750.0,49218.25,49218.25
mock2_hvcts_band,Council tax surcharge band from £1.5m,2027,37500.0,49461.25,49461.25
mock2_hvcts_band,Council tax surcharge band from £1.5m,2027,38250.0,49704.25,49704.25
mock2_hvcts_band,Council tax surcharge band from £1.5m,2027,39000.0,49947.25,49947.25
mock2_hvcts_band,Council tax surcharge band from £1.5m,2027,39750.0,50190.25,50190.25
mock2_hvcts_band,Council tax surcharge band from £1.5m,2027,40500.0,50433.25,50433.25
mock2_hvcts_band,Council tax surcharge band from £1.5m,2027,41250.0,50676.25,50676.25
mock2_hvcts_band,Council tax surcharge band from £1.5m,2027,42000.0,50919.25,50919.25
mock2_hvcts_band,Council tax surcharge band from £1.5m,2027,42750.0,51162.25,51162.25
mock2_hvcts_band,Council tax surcharge band from £1.5m,2027,43500.0,51405.25,51405.25
mock2_hvcts_band,Council tax surcharge band from £1.5m,2027,44250.0,51648.25,51648.25
mock2_hvcts_band,Council tax surcharge band from £1.5m,2027,45000.0,51891.25,51891.25
mock2_hvcts_band,Council tax surcharge band from £1.5m,2027,45750.0,52134.25,52134.25
mock2_hvcts_band,Council tax surcharge band from £1.5m,2027,46500.0,52377.25,52377.25
mock2_hvcts_band,Council tax surcharge band from £1.5m,2027,47250.0,52620.25,52620.25
mock2_hvcts_band,Council tax surcharge band from £1.5m,2027,48000.0,52863.25,52863.25
mock2_hvcts_band,Council tax surcharge band from £1.5m,2027,48750.0,53106.25,53106.25
mock2_hvcts_band,Council tax surcharge band from £1.5m,2027,49500.0,53349.25,53349.25
mock2_hvcts_band,Council tax surcharge band from £1.5m,2027,50250.0,53592.25,53592.25
mock2_hvcts_band,Council tax surcharge band from £1.5m,2027,51000.0,53854.96,53854.96
mock2_hvcts_band,Council tax surcharge band from £1.5m,2027,51750.0,54118.21,54118.21
mock2_hvcts_band,Council tax surcharge band from £1.5m,2027,52500.0,54381.46,54381.46
mock2_hvcts_band,Council tax surcharge band from £1.5m,2027,53250.0,54644.71,54644.71
mock2_hvcts_band,Council tax surcharge band from £1.5m,2027,54000.0,54864.16,54864.16
mock2_hvcts_band,Council tax surcharge band from £1.5m,2027,54750.0,55082.41,55082.41
mock2_hvcts_band,Council tax surcharge band from £1.5m,2027,55500.0,55300.66,55300.66
mock2_hvcts_band,Council tax surcharge band from £1.5m,2027,56250.0,55518.91,55518.91
mock2_hvcts_band,Council tax surcharge band from £1.5m,2027,57000.0,55737.156,55737.156
mock2_hvcts_band,Council tax surcharge band from £1.5m,2027,57750.0,55955.406,55955.406
mock2_hvcts_band,Council tax surcharge band from £1.5m,2027,58500.0,56173.656,56173.656
mock2_hvcts_band,Council tax surcharge band from £1.5m,2027,59250.0,56391.906,56391.906
mock2_hvcts_band,Council tax surcharge band from £1.5m,2027,60000.0,56610.156,56610.156
mock2_hvcts_band,Council tax surcharge band from £1.5m,2027,60750.0,56575.234,56575.234
mock2_hvcts_band,Council tax surcharge band from £1.5m,2027,61500.0,56645.61,56645.61
mock2_hvcts_band,Council tax surcharge band from £1.5m,2027,62250.0,56715.984,56715.984
mock2_hvcts_band,Council tax surcharge band from £1.5m,2027,63000.0,56786.35,56786.35
mock2_hvcts_band,Council tax surcharge band from £1.5m,2027,63750.0,56856.727,56856.727
mock2_hvcts_band,Council tax surcharge band from £1.5m,2027,64500.0,56927.1,56927.1
mock2_hvcts_band,Council tax surcharge band from £1.5m,2027,65250.0,56997.477,56997.477
mock2_hvcts_band,Council tax surcharge band from £1.5m,2027,66000.0,57067.85,57067.85
mock2_hvcts_band,Council tax surcharge band from £1.5m,2027,66750.0,57138.227,57138.227
mock2_hvcts_band,Council tax surcharge band from £1.5m,2027,67500.0,57208.594,57208.594
mock2_hvcts_band,Council tax surcharge band from £1.5m,2027,68250.0,57382.344,57382.344
mock2_hvcts_band,Council tax surcharge band from £1.5m,2027,69000.0,57691.97,57691.97
mock2_hvcts_band,Council tax surcharge band from £1.5m,2027,69750.0,58001.594,58001.594
mock2_hvcts_band,Council tax surcharge band from £1.5m,2027,70500.0,58311.22,58311.22
mock2_hvcts_band,Council tax surcharge band from £1.5m,2027,71250.0,58620.844,58620.844
mock2_hvcts_band,Council tax surcharge band from £1.5m,2027,72000.0,58930.47,58930.47
mock2_hvcts_band,Council tax surcharge band from £1.5m,2027,72750.0,59240.094,59240.094
mock2_hvcts_band,Council tax surcharge band from £1.5m,2027,73500.0,59549.72,59549.72
mock2_hvcts_band,Council tax surcharge band from £1.5m,2027,74250.0,59859.344,59859.344
mock2_hvcts_band,Council tax surcharge band from £1.5m,2027,75000.0,60168.96,60168.96
mock2_hvcts_band,Council tax surcharge band from £1.5m,2027,75750.0,60478.586,60478.586
mock2_hvcts_band,Council tax surcharge band from £1.5m,2027,76500.0,60788.21,60788.21
mock2_hvcts_band,Council tax surcharge band from £1.5m,2027,77250.0,61097.836,61097.836
mock2_hvcts_band,Council tax surcharge band from £1.5m,2027,78000.0,61407.46,61407.46
mock2_hvcts_band,Council tax surcharge band from £1.5m,2027,78750.0,61717.08,61717.08
mock2_hvcts_band,Council tax surcharge band from £1.5m,2027,79500.0,62026.703,62026.703
mock2_hvcts_band,Council tax surcharge band from £1.5m,2027,80250.0,62378.125,62378.125
mock2_hvcts_band,Council tax surcharge band from £1.5m,2027,81000.0,62813.125,62813.125
mock2_hvcts_band,Council tax surcharge band from £1.5m,2027,81750.0,63248.125,63248.125
mock2_hvcts_band,Council tax surcharge band from £1.5m,2027,82500.0,63683.125,63683.125
mock2_hvcts_band,Council tax surcharge band from £1.5m,2027,83250.0,64118.125,64118.125
mock2_hvcts_band,Council tax surcharge band from £1.5m,2027,84000.0,64553.125,64553.125
mock2_hvcts_band,Council tax surcharge band from £1.5m,2027,84750.0,64988.125,64988.125
mock2_hvcts_band,Council tax surcharge band from £1.5m,2027,85500.0,65423.125,65423.125
mock2_hvcts_band,Council tax surcharge band from £1.5m,2027,86250.0,65858.125,65858.125
mock2_hvcts_band,Council tax surcharge band from £1.5m,2027,87000.0,66293.125,66293.125
mock2_hvcts_band,Council tax surcharge band from £1.5m,2027,87750.0,66728.125,66728.125
mock2_hvcts_band,Council tax surcharge band from £1.5m,2027,88500.0,67163.125,67163.125
mock2_hvcts_band,Council tax surcharge band from £1.5m,2027,89250.0,67598.125,67598.125
mock2_hvcts_band,Council tax surcharge band from £1.5m,2027,90000.0,68033.125,68033.125
mock2_hvcts_band,Council tax surcharge band from £1.5m,2027,90750.0,68468.125,68468.125
mock2_hvcts_band,Council tax surcharge band from £1.5m,2027,91500.0,68903.125,68903.125
mock2_hvcts_band,Council tax surcharge band from £1.5m,2027,92250.0,69338.125,69338.125
mock2_hvcts_band,Council tax surcharge band from £1.5m,2027,93000.0,69773.125,69773.125
mock2_hvcts_band,Council tax surcharge band from £1.5m,2027,93750.0,70208.125,70208.125
mock2_hvcts_band,Council tax surcharge band from £1.5m,2027,94500.0,70643.125,70643.125
mock2_hvcts_band,Council tax surcharge band from £1.5m,2027,95250.0,71078.125,71078.125
mock2_hvcts_band,Council tax surcharge band from £1.5m,2027,96000.0,71513.125,71513.125
mock2_hvcts_band,Council tax surcharge band from £1.5m,2027,96750.0,71948.125,71948.125
mock2_hvcts_band,Council tax surcharge band from £1.5m,2027,97500.0,72383.125,72383.125
mock2_hvcts_band,Council tax surcharge band from £1.5m,2027,98250.0,72818.125,72818.125
mock2_hvcts_band,Council tax surcharge band from £1.5m,2027,99000.0,73253.125,73253.125
mock2_hvcts_band,Council tax surcharge band from £1.5m,2027,99750.0,73688.125,73688.125
mock2_hvcts_band,Council tax surcharge band from £1.5m,2027,100500.0,74023.125,74023.125
mock2_hvcts_band,Council tax surcharge band from £1.5m,2027,101250.0,74308.125,74308.125
mock2_hvcts_band,Council tax surcharge band from £1.5m,2027,102000.0,74593.125,74593.125
mock2_hvcts_band,Council tax surcharge band from £1.5m,2027,102750.0,74878.125,74878.125
mock2_hvcts_band,Council tax surcharge band from £1.5m,2027,103500.0,75163.125,75163.125
mock2_hvcts_band,Council tax surcharge band from £1.5m,2027,104250.0,75448.125,75448.125
mock2_hvcts_band,Council tax surcharge band from £1.5m,2027,105000.0,75733.125,75733.125
mock2_hvcts_band,Council tax surcharge band from £1.5m,2027,105750.0,76018.125,76018.125
mock2_hvcts_band,Council tax surcharge band from £1.5m,2027,106500.0,76303.125,76303.125
mock2_hvcts_band,Council tax surcharge band from £1.5m,2027,107250.0,76588.125,76588.125
mock2_hvcts_band,Council tax surcharge band from £1.5m,2027,108000.0,76873.125,76873.125
mock2_hvcts_band,Council tax surcharge band from £1.5m,2027,108750.0,77158.125,77158.125
mock2_hvcts_band,Council tax surcharge band from £1.5m,2027,109500.0,77443.125,77443.125
mock2_hvcts_band,Council tax surcharge band from £1.5m,2027,110250.0,77728.125,77728.125
mock2_hvcts_band,Council tax surcharge band from £1.5m,2027,111000.0,78013.125,78013.125
mock2_hvcts_band,Council tax surcharge band from £1.5m,2027,111750.0,78298.125,78298.125
mock2_hvcts_band,Council tax surcharge band from £1.5m,2027,112500.0,78583.125,78583.125
mock2_hvcts_band,Council tax surcharge band from £1.5m,2027,113250.0,78868.125,78868.125
mock2_hvcts_band,Council tax surcharge band from £1.5m,2027,114000.0,79153.125,79153.125
mock2_hvcts_band,Council tax surcharge band from £1.5m,2027,114750.0,79438.125,79438.125
mock2_hvcts_band,Council tax surcharge band from £1.5m,2027,115500.0,79723.125,79723.125
mock2_hvcts_band,Council tax surcharge band from £1.5m,2027,116250.0,80008.125,80008.125
mock2_hvcts_band,Council tax surcharge band from £1.5m,2027,117000.0,80293.125,80293.125
mock2_hvcts_band,Council tax surcharge band from £1.5m,2027,117750.0,80578.125,80578.125
mock2_hvcts_band,Council tax surcharge band from £1.5m,2027,118500.0,80863.125,80863.125
mock2_hvcts_band,Council tax surcharge band from £1.5m,2027,119250.0,81148.125,81148.125
mock2_hvcts_band,Council tax surcharge band from £1.5m,2027,120000.0,81433.125,81433.125
mock2_hvcts_band,Council tax surcharge band from £1.5m,2027,120750.0,81718.125,81718.125
mock2_hvcts_band,Council tax surcharge band from £1.5m,2027,121500.0,82003.125,82003.125
mock2_hvcts_band,Council tax surcharge band from £1.5m,2027,122250.0,82288.125,82288.125
mock2_hvcts_band,Council tax surcharge band from £1.5m,2027,123000.0,82573.125,82573.125
mock2_hvcts_band,Council tax surcharge band from £1.5m,2027,123750.0,82858.125,82858.125
mock2_hvcts_band,Council tax surcharge band from £1.5m,2027,124500.0,83143.125,83143.125
mock2_hvcts_band,Council tax surcharge band from £1.5m,2027,125250.0,83450.125,83450.125
mock2_hvcts_band,Council tax surcharge band from £1.5m,2027,126000.0,83885.125,83885.125
mock2_hvcts_band,Council tax surcharge band from £1.5m,2027,126750.0,84320.125,84320.125
mock2_hvcts_band,Council tax surcharge band from £1.5m,2027,127500.0,84755.125,84755.125
mock2_hvcts_band,Council tax surcharge band from £1.5m,2027,128250.0,85190.125,85190.125
mock2_hvcts_band,Council tax surcharge band from £1.5m,2027,129000.0,85625.125,85625.125
mock2_hvcts_band,Council tax surcharge band from £1.5m,2027,129750.0,86060.125,86060.125
mock2_hvcts_band,Council tax surcharge band from £1.5m,2027,130500.0,86495.125,86495.125
mock2_hvcts_band,Council tax surcharge band from £1.5m,2027,131250.0,86930.125,86930.125
mock2_hvcts_band,Council tax surcharge band from £1.5m,2027,132000.0,87365.125,87365.125
mock2_hvcts_band,Council tax surcharge band from £1.5m,2027,132750.0,87800.125,87800.125
mock2_hvcts_band,Council tax surcharge band from £1.5m,2027,133500.0,88235.125,88235.125
mock2_hvcts_band,Council tax surcharge band from £1.5m,2027,134250.0,88670.125,88670.125
mock2_hvcts_band,Council tax surcharge band from £1.5m,2027,135000.0,89105.125,89105.125
mock2_hvcts_band,Council tax surcharge band from £1.5m,2027,135750.0,89509.625,89509.625
mock2_hvcts_band,Council tax surcharge band from £1.5m,2027,136500.0,89907.125,89907.125
mock2_hvcts_band,Council tax surcharge band from £1.5m,2027,137250.0,90304.625,90304.625
mock2_hvcts_band,Council tax surcharge band from £1.5m,2027,138000.0,90702.125,90702.125
mock2_hvcts_band,Council tax surcharge band from £1.5m,2027,138750.0,91099.625,91099.625
mock2_hvcts_band,Council tax surcharge band from £1.5m,2027,139500.0,91497.125,91497.125
mock2_hvcts_band,Council tax surcharge band from £1.5m,2027,140250.0,91894.625,91894.625
mock2_hvcts_band,Council tax surcharge band from £1.5m,2027,141000.0,92292.125,92292.125
mock2_hvcts_band,Council tax surcharge band from £1.5m,2027,141750.0,92689.625,92689.625
mock2_hvcts_band,Council tax surcharge band from £1.5m,2027,142500.0,93087.125,93087.125
mock2_hvcts_band,Council tax surcharge band from £1.5m,2027,143250.0,93484.625,93484.625
mock2_hvcts_band,Council tax surcharge band from £1.5m,2027,144000.0,93882.125,93882.125
mock2_hvcts_band,Council tax surcharge band from £1.5m,2027,144750.0,94279.625,94279.625
mock2_hvcts_band,Council tax surcharge band from £1.5m,2027,145500.0,94677.125,94677.125
mock2_hvcts_band,Council tax surcharge band from £1.5m,2027,146250.0,95074.625,95074.625
mock2_hvcts_band,Council tax surcharge band from £1.5m,2027,147000.0,95472.125,95472.125
mock2_hvcts_band,Council tax surcharge band from £1.5m,2027,147750.0,95869.625,95869.625
mock2_hvcts_band,Council tax surcharge band from £1.5m,2027,148500.0,96267.125,96267.125
mock2_hvcts_band,Council tax surcharge band from £1.5m,2027,149250.0,96664.625,96664.625
mock2_hvcts_band,Council tax surcharge band from £1.5m,2027,150000.0,97062.125,97062.125
mock2_hvcts_band,Council tax surcharge band from £1.5m,2028,0.0,24932.484,24932.484
mock2_hvcts_band,Council tax surcharge band from £1.5m,2028,750.0,25682.484,25682.484
mock2_hvcts_band,Council tax surcharge band from £1.5m,2028,1500.0,26432.484,26432.484
mock2_hvcts_band,Council tax surcharge band from £1.5m,2028,2250.0,27182.484,27182.484
mock2_hvcts_band,Council tax surcharge band from £1.5m,2028,3000.0,27932.484,27932.484
mock2_hvcts_band,Council tax surcharge band from £1.5m,2028,3750.0,28682.484,28682.484
mock2_hvcts_band,Council tax surcharge band from £1.5m,2028,4500.0,29432.484,29432.484
mock2_hvcts_band,Council tax surcharge band from £1.5m,2028,5250.0,30182.484,30182.484
mock2_hvcts_band,Council tax surcharge band from £1.5m,2028,6000.0,30932.484,30932.484
mock2_hvcts_band,Council tax surcharge band from £1.5m,2028,6750.0,31682.484,31682.484
mock2_hvcts_band,Council tax surcharge band from £1.5m,2028,7500.0,32432.484,32432.484
mock2_hvcts_band,Council tax surcharge band from £1.5m,2028,8250.0,33182.484,33182.484
mock2_hvcts_band,Council tax surcharge band from £1.5m,2028,9000.0,33932.484,33932.484
mock2_hvcts_band,Council tax surcharge band from £1.5m,2028,9750.0,34682.484,34682.484
mock2_hvcts_band,Council tax surcharge band from £1.5m,2028,10500.0,35432.484,35432.484
mock2_hvcts_band,Council tax surcharge band from £1.5m,2028,11250.0,36182.484,36182.484
mock2_hvcts_band,Council tax surcharge band from £1.5m,2028,12000.0,36932.484,36932.484
mock2_hvcts_band,Council tax surcharge band from £1.5m,2028,12750.0,37668.082,37668.082
mock2_hvcts_band,Council tax surcharge band from £1.5m,2028,13500.0,38358.082,38358.082
mock2_hvcts_band,Council tax surcharge band from £1.5m,2028,14250.0,39048.082,39048.082
mock2_hvcts_band,Council tax surcharge band from £1.5m,2028,15000.0,39738.082,39738.082
mock2_hvcts_band,Council tax surcharge band from £1.5m,2028,15750.0,40428.082,40428.082
mock2_hvcts_band,Council tax surcharge band from £1.5m,2028,16500.0,41118.082,41118.082
mock2_hvcts_band,Council tax surcharge band from £1.5m,2028,17250.0,41808.082,41808.082
mock2_hvcts_band,Council tax surcharge band from £1.5m,2028,18000.0,42498.082,42498.082
mock2_hvcts_band,Council tax surcharge band from £1.5m,2028,18750.0,43188.082,43188.082
mock2_hvcts_band,Council tax surcharge band from £1.5m,2028,19500.0,43847.637,43847.637
mock2_hvcts_band,Council tax surcharge band from £1.5m,2028,20250.0,44158.137,44158.137
mock2_hvcts_band,Council tax surcharge band from £1.5m,2028,21000.0,44468.637,44468.637
mock2_hvcts_band,Council tax surcharge band from £1.5m,2028,21750.0,44779.137,44779.137
mock2_hvcts_band,Council tax surcharge band from £1.5m,2028,22500.0,45089.637,45089.637
mock2_hvcts_band,Council tax surcharge band from £1.5m,2028,23250.0,45400.137,45400.137
mock2_hvcts_band,Council tax surcharge band from £1.5m,2028,24000.0,45695.34,45695.34
mock2_hvcts_band,Council tax surcharge band from £1.5m,2028,24750.0,45938.34,45938.34
mock2_hvcts_band,Council tax surcharge band from £1.5m,2028,25500.0,46181.34,46181.34
mock2_hvcts_band,Council tax surcharge band from £1.5m,2028,26250.0,46424.34,46424.34
mock2_hvcts_band,Council tax surcharge band from £1.5m,2028,27000.0,46667.336,46667.336
mock2_hvcts_band,Council tax surcharge band from £1.5m,2028,27750.0,46910.336,46910.336
mock2_hvcts_band,Council tax surcharge band from £1.5m,2028,28500.0,47153.336,47153.336
mock2_hvcts_band,Council tax surcharge band from £1.5m,2028,29250.0,47396.336,47396.336
mock2_hvcts_band,Council tax surcharge band from £1.5m,2028,30000.0,47639.336,47639.336
mock2_hvcts_band,Council tax surcharge band from £1.5m,2028,30750.0,47882.336,47882.336
mock2_hvcts_band,Council tax surcharge band from £1.5m,2028,31500.0,48125.336,48125.336
mock2_hvcts_band,Council tax surcharge band from £1.5m,2028,32250.0,48368.336,48368.336
mock2_hvcts_band,Council tax surcharge band from £1.5m,2028,33000.0,48611.336,48611.336
mock2_hvcts_band,Council tax surcharge band from £1.5m,2028,33750.0,48854.336,48854.336
mock2_hvcts_band,Council tax surcharge band from £1.5m,2028,34500.0,49097.336,49097.336
mock2_hvcts_band,Council tax surcharge band from £1.5m,2028,35250.0,49340.336,49340.336
mock2_hvcts_band,Council tax surcharge band from £1.5m,2028,36000.0,49583.336,49583.336
mock2_hvcts_band,Council tax surcharge band from £1.5m,2028,36750.0,49826.336,49826.336
mock2_hvcts_band,Council tax surcharge band from £1.5m,2028,37500.0,50069.336,50069.336
mock2_hvcts_band,Council tax surcharge band from £1.5m,2028,38250.0,50312.336,50312.336
mock2_hvcts_band,Council tax surcharge band from £1.5m,2028,39000.0,50555.336,50555.336
mock2_hvcts_band,Council tax surcharge band from £1.5m,2028,39750.0,50798.336,50798.336
mock2_hvcts_band,Council tax surcharge band from £1.5m,2028,40500.0,51041.336,51041.336
mock2_hvcts_band,Council tax surcharge band from £1.5m,2028,41250.0,51284.336,51284.336
mock2_hvcts_band,Council tax surcharge band from £1.5m,2028,42000.0,51527.336,51527.336
mock2_hvcts_band,Council tax surcharge band from £1.5m,2028,42750.0,51770.336,51770.336
mock2_hvcts_band,Council tax surcharge band from £1.5m,2028,43500.0,52013.336,52013.336
mock2_hvcts_band,Council tax surcharge band from £1.5m,2028,44250.0,52256.336,52256.336
mock2_hvcts_band,Council tax surcharge band from £1.5m,2028,45000.0,52499.336,52499.336
mock2_hvcts_band,Council tax surcharge band from £1.5m,2028,45750.0,52742.336,52742.336
mock2_hvcts_band,Council tax surcharge band from £1.5m,2028,46500.0,52985.336,52985.336
mock2_hvcts_band,Council tax surcharge band from £1.5m,2028,47250.0,53228.336,53228.336
mock2_hvcts_band,Council tax surcharge band from £1.5m,2028,48000.0,53471.336,53471.336
mock2_hvcts_band,Council tax surcharge band from £1.5m,2028,48750.0,53714.336,53714.336
mock2_hvcts_band,Council tax surcharge band from £1.5m,2028,49500.0,53957.336,53957.336
mock2_hvcts_band,Council tax surcharge band from £1.5m,2028,50250.0,54200.336,54200.336
mock2_hvcts_band,Council tax surcharge band from £1.5m,2028,51000.0,54463.05,54463.05
mock2_hvcts_band,Council tax surcharge band from £1.5m,2028,51750.0,54726.3,54726.3
mock2_hvcts_band,Council tax surcharge band from £1.5m,2028,52500.0,54989.55,54989.55
mock2_hvcts_band,Council tax surcharge band from £1.5m,2028,53250.0,55252.8,55252.8
mock2_hvcts_band,Council tax surcharge band from £1.5m,2028,54000.0,55472.25,55472.25
mock2_hvcts_band,Council tax surcharge band from £1.5m,2028,54750.0,55690.5,55690.5
mock2_hvcts_band,Council tax surcharge band from £1.5m,2028,55500.0,55908.75,55908.75
mock2_hvcts_band,Council tax surcharge band from £1.5m,2028,56250.0,56127.0,56127.0
mock2_hvcts_band,Council tax surcharge band from £1.5m,2028,57000.0,56345.25,56345.25
mock2_hvcts_band,Council tax surcharge band from £1.5m,2028,57750.0,56563.5,56563.5
mock2_hvcts_band,Council tax surcharge band from £1.5m,2028,58500.0,56781.75,56781.75
mock2_hvcts_band,Council tax surcharge band from £1.5m,2028,59250.0,57000.0,57000.0
mock2_hvcts_band,Council tax surcharge band from £1.5m,2028,60000.0,57218.25,57218.25
mock2_hvcts_band,Council tax surcharge band from £1.5m,2028,60750.0,57180.812,57180.812
mock2_hvcts_band,Council tax surcharge band from £1.5m,2028,61500.0,57248.68,57248.68
mock2_hvcts_band,Council tax surcharge band from £1.5m,2028,62250.0,57316.547,57316.547
mock2_hvcts_band,Council tax surcharge band from £1.5m,2028,63000.0,57384.414,57384.414
mock2_hvcts_band,Council tax surcharge band from £1.5m,2028,63750.0,57452.28,57452.28
mock2_hvcts_band,Council tax surcharge band from £1.5m,2028,64500.0,57520.15,57520.15
mock2_hvcts_band,Council tax surcharge band from £1.5m,2028,65250.0,57588.016,57588.016
mock2_hvcts_band,Council tax surcharge band from £1.5m,2028,66000.0,57655.883,57655.883
mock2_hvcts_band,Council tax surcharge band from £1.5m,2028,66750.0,57723.75,57723.75
mock2_hvcts_band,Council tax surcharge band from £1.5m,2028,67500.0,57791.617,57791.617
mock2_hvcts_band,Council tax surcharge band from £1.5m,2028,68250.0,57859.484,57859.484
mock2_hvcts_band,Council tax surcharge band from £1.5m,2028,69000.0,57927.35,57927.35
mock2_hvcts_band,Council tax surcharge band from £1.5m,2028,69750.0,58093.625,58093.625
mock2_hvcts_band,Council tax surcharge band from £1.5m,2028,70500.0,58400.734,58400.734
mock2_hvcts_band,Council tax surcharge band from £1.5m,2028,71250.0,58707.86,58707.86
mock2_hvcts_band,Council tax surcharge band from £1.5m,2028,72000.0,59014.97,59014.97
mock2_hvcts_band,Council tax surcharge band from £1.5m,2028,72750.0,59322.086,59322.086
mock2_hvcts_band,Council tax surcharge band from £1.5m,2028,73500.0,59629.203,59629.203
mock2_hvcts_band,Council tax surcharge band from £1.5m,2028,74250.0,59936.32,59936.32
mock2_hvcts_band,Council tax surcharge band from £1.5m,2028,75000.0,60243.438,60243.438
mock2_hvcts_band,Council tax surcharge band from £1.5m,2028,75750.0,60550.555,60550.555
mock2_hvcts_band,Council tax surcharge band from £1.5m,2028,76500.0,60857.67,60857.67
mock2_hvcts_band,Council tax surcharge band from £1.5m,2028,77250.0,61164.79,61164.79
mock2_hvcts_band,Council tax surcharge band from £1.5m,2028,78000.0,61471.906,61471.906
mock2_hvcts_band,Council tax surcharge band from £1.5m,2028,78750.0,61779.023,61779.023
mock2_hvcts_band,Council tax surcharge band from £1.5m,2028,79500.0,62086.14,62086.14
mock2_hvcts_band,Council tax surcharge band from £1.5m,2028,80250.0,62435.883,62435.883
mock2_hvcts_band,Council tax surcharge band from £1.5m,2028,81000.0,62870.883,62870.883
mock2_hvcts_band,Council tax surcharge band from £1.5m,2028,81750.0,63305.883,63305.883
mock2_hvcts_band,Council tax surcharge band from £1.5m,2028,82500.0,63740.883,63740.883
mock2_hvcts_band,Council tax surcharge band from £1.5m,2028,83250.0,64175.883,64175.883
mock2_hvcts_band,Council tax surcharge band from £1.5m,2028,84000.0,64610.883,64610.883
mock2_hvcts_band,Council tax surcharge band from £1.5m,2028,84750.0,65045.883,65045.883
mock2_hvcts_band,Council tax surcharge band from £1.5m,2028,85500.0,65480.883,65480.883
mock2_hvcts_band,Council tax surcharge band from £1.5m,2028,86250.0,65915.88,65915.88
mock2_hvcts_band,Council tax surcharge band from £1.5m,2028,87000.0,66350.88,66350.88
mock2_hvcts_band,Council tax surcharge band from £1.5m,2028,87750.0,66785.88,66785.88
mock2_hvcts_band,Council tax surcharge band from £1.5m,2028,88500.0,67220.88,67220.88
mock2_hvcts_band,Council tax surcharge band from £1.5m,2028,89250.0,67655.88,67655.88
mock2_hvcts_band,Council tax surcharge band from £1.5m,2028,90000.0,68090.88,68090.88
mock2_hvcts_band,Council tax surcharge band from £1.5m,2028,90750.0,68525.88,68525.88
mock2_hvcts_band,Council tax surcharge band from £1.5m,2028,91500.0,68960.88,68960.88
mock2_hvcts_band,Council tax surcharge band from £1.5m,2028,92250.0,69395.88,69395.88
mock2_hvcts_band,Council tax surcharge band from £1.5m,2028,93000.0,69830.88,69830.88
mock2_hvcts_band,Council tax surcharge band from £1.5m,2028,93750.0,70265.88,70265.88
mock2_hvcts_band,Council tax surcharge band from £1.5m,2028,94500.0,70700.88,70700.88
mock2_hvcts_band,Council tax surcharge band from £1.5m,2028,95250.0,71135.88,71135.88
mock2_hvcts_band,Council tax surcharge band from £1.5m,2028,96000.0,71570.88,71570.88
mock2_hvcts_band,Council tax surcharge band from £1.5m,2028,96750.0,72005.88,72005.88
mock2_hvcts_band,Council tax surcharge band from £1.5m,2028,97500.0,72440.88,72440.88
mock2_hvcts_band,Council tax surcharge band from £1.5m,2028,98250.0,72875.88,72875.88
mock2_hvcts_band,Council tax surcharge band from £1.5m,2028,99000.0,73310.88,73310.88
mock2_hvcts_band,Council tax surcharge band from £1.5m,2028,99750.0,73745.88,73745.88
mock2_hvcts_band,Council tax surcharge band from £1.5m,2028,100500.0,74080.88,74080.88
mock2_hvcts_band,Council tax surcharge band from £1.5m,2028,101250.0,74365.88,74365.88
mock2_hvcts_band,Council tax surcharge band from £1.5m,2028,102000.0,74650.88,74650.88
mock2_hvcts_band,Council tax surcharge band from £1.5m,2028,102750.0,74935.88,74935.88
mock2_hvcts_band,Council tax surcharge band from £1.5m,2028,103500.0,75220.88,75220.88
mock2_hvcts_band,Council tax surcharge band from £1.5m,2028,104250.0,75505.88,75505.88
mock2_hvcts_band,Council tax surcharge band from £1.5m,2028,105000.0,75790.88,75790.88
mock2_hvcts_band,Council tax surcharge band from £1.5m,2028,105750.0,76075.88,76075.88
mock2_hvcts_band,Council tax surcharge band from £1.5m,2028,106500.0,76360.88,76360.88
mock2_hvcts_band,Council tax surcharge band from £1.5m,2028,107250.0,76645.88,76645.88
mock2_hvcts_band,Council tax surcharge band from £1.5m,2028,108000.0,76930.88,76930.88
mock2_hvcts_band,Council tax surcharge band from £1.5m,2028,108750.0,77215.88,77215.88
mock2_hvcts_band,Council tax surcharge band from £1.5m,2028,109500.0,77500.88,77500.88
mock2_hvcts_band,Council tax surcharge band from £1.5m,2028,110250.0,77785.88,77785.88
mock2_hvcts_band,Council tax surcharge band from £1.5m,2028,111000.0,78070.88,78070.88
mock2_hvcts_band,Council tax surcharge band from £1.5m,2028,111750.0,78355.88,78355.88
mock2_hvcts_band,Council tax surcharge band from £1.5m,2028,112500.0,78640.88,78640.88
mock2_hvcts_band,Council tax surcharge band from £1.5m,2028,113250.0,78925.88,78925.88
mock2_hvcts_band,Council tax surcharge band from £1.5m,2028,114000.0,79210.88,79210.88
mock2_hvcts_band,Council tax surcharge band from £1.5m,2028,114750.0,79495.88,79495.88
mock2_hvcts_band,Council tax surcharge band from £1.5m,2028,115500.0,79780.88,79780.88
mock2_hvcts_band,Council tax surcharge band from £1.5m,2028,116250.0,80065.88,80065.88
mock2_hvcts_band,Council tax surcharge band from £1.5m,2028,117000.0,80350.88,80350.88
mock2_hvcts_band,Council tax surcharge band from £1.5m,2028,117750.0,80635.88,80635.88
mock2_hvcts_band,Council tax surcharge band from £1.5m,2028,118500.0,80920.88,80920.88
mock2_hvcts_band,Council tax surcharge band from £1.5m,2028,119250.0,81205.88,81205.88
mock2_hvcts_band,Council tax surcharge band from £1.5m,2028,120000.0,81490.88,81490.88
mock2_hvcts_band,Council tax surcharge band from £1.5m,2028,120750.0,81775.88,81775.88
mock2_hvcts_band,Council tax surcharge band from £1.5m,2028,121500.0,82060.88,82060.88
mock2_hvcts_band,Council tax surcharge band from £1.5m,2028,122250.0,82345.88,82345.88
mock2_hvcts_band,Council tax surcharge band from £1.5m,2028,123000.0,82630.88,82630.88
mock2_hvcts_band,Council tax surcharge band from £1.5m,2028,123750.0,82915.88,82915.88
mock2_hvcts_band,Council tax surcharge band from £1.5m,2028,124500.0,83200.88,83200.88
mock2_hvcts_band,Council tax surcharge band from £1.5m,2028,125250.0,83507.88,83507.88
mock2_hvcts_band,Council tax surcharge band from £1.5m,2028,126000.0,83942.88,83942.88
mock2_hvcts_band,Council tax surcharge band from £1.5m,2028,126750.0,84377.88,84377.88
mock2_hvcts_band,Council tax surcharge band from £1.5m,2028,127500.0,84812.88,84812.88
mock2_hvcts_band,Council tax surcharge band from £1.5m,2028,128250.0,85247.88,85247.88
mock2_hvcts_band,Council tax surcharge band from £1.5m,2028,129000.0,85682.88,85682.88
mock2_hvcts_band,Council tax surcharge band from £1.5m,2028,129750.0,86117.88,86117.88
mock2_hvcts_band,Council tax surcharge band from £1.5m,2028,130500.0,86552.88,86552.88
mock2_hvcts_band,Council tax surcharge band from £1.5m,2028,131250.0,86987.88,86987.88
mock2_hvcts_band,Council tax surcharge band from £1.5m,2028,132000.0,87422.88,87422.88
mock2_hvcts_band,Council tax surcharge band from £1.5m,2028,132750.0,87857.88,87857.88
mock2_hvcts_band,Council tax surcharge band from £1.5m,2028,133500.0,88292.88,88292.88
mock2_hvcts_band,Council tax surcharge band from £1.5m,2028,134250.0,88727.88,88727.88
mock2_hvcts_band,Council tax surcharge band from £1.5m,2028,135000.0,89162.88,89162.88
mock2_hvcts_band,Council tax surcharge band from £1.5m,2028,135750.0,89567.38,89567.38
mock2_hvcts_band,Council tax surcharge band from £1.5m,2028,136500.0,89964.88,89964.88
mock2_hvcts_band,Council tax surcharge band from £1.5m,2028,137250.0,90362.38,90362.38
mock2_hvcts_band,Council tax surcharge band from £1.5m,2028,138000.0,90759.88,90759.88
mock2_hvcts_band,Council tax surcharge band from £1.5m,2028,138750.0,91157.38,91157.38
mock2_hvcts_band,Council tax surcharge band from £1.5m,2028,139500.0,91554.88,91554.88
mock2_hvcts_band,Council tax surcharge band from £1.5m,2028,140250.0,91952.38,91952.38
mock2_hvcts_band,Council tax surcharge band from £1.5m,2028,141000.0,92349.88,92349.88
mock2_hvcts_band,Council tax surcharge band from £1.5m,2028,141750.0,92747.38,92747.38
mock2_hvcts_band,Council tax surcharge band from £1.5m,2028,142500.0,93144.88,93144.88
mock2_hvcts_band,Council tax surcharge band from £1.5m,2028,143250.0,93542.38,93542.38
mock2_hvcts_band,Council tax surcharge band from £1.5m,2028,144000.0,93939.88,93939.88
mock2_hvcts_band,Council tax surcharge band from £1.5m,2028,144750.0,94337.38,94337.38
mock2_hvcts_band,Council tax surcharge band from £1.5m,2028,145500.0,94734.88,94734.88
mock2_hvcts_band,Council tax surcharge band from £1.5m,2028,146250.0,95132.38,95132.38
mock2_hvcts_band,Council tax surcharge band from £1.5m,2028,147000.0,95529.88,95529.88
mock2_hvcts_band,Council tax surcharge band from £1.5m,2028,147750.0,95927.38,95927.38
mock2_hvcts_band,Council tax surcharge band from £1.5m,2028,148500.0,96324.88,96324.88
mock2_hvcts_band,Council tax surcharge band from £1.5m,2028,149250.0,96722.38,96722.38
mock2_hvcts_band,Council tax surcharge band from £1.5m,2028,150000.0,97119.88,97119.88
mock2_hvcts_band,Council tax surcharge band from £1.5m,2029,0.0,25455.82,25455.82
mock2_hvcts_band,Council tax surcharge band from £1.5m,2029,750.0,26204.621,26204.621
mock2_hvcts_band,Council tax surcharge band from £1.5m,2029,1500.0,26953.422,26953.422
mock2_hvcts_band,Council tax surcharge band from £1.5m,2029,2250.0,27702.219,27702.219
mock2_hvcts_band,Council tax surcharge band from £1.5m,2029,3000.0,28451.02,28451.02
mock2_hvcts_band,Council tax surcharge band from £1.5m,2029,3750.0,29199.82,29199.82
mock2_hvcts_band,Council tax surcharge band from £1.5m,2029,4500.0,29948.621,29948.621
mock2_hvcts_band,Council tax surcharge band from £1.5m,2029,5250.0,30697.422,30697.422
mock2_hvcts_band,Council tax surcharge band from £1.5m,2029,6000.0,31446.219,31446.219
mock2_hvcts_band,Council tax surcharge band from £1.5m,2029,6750.0,32195.02,32195.02
mock2_hvcts_band,Council tax surcharge band from £1.5m,2029,7500.0,32943.82,32943.82
mock2_hvcts_band,Council tax surcharge band from £1.5m,2029,8250.0,33692.62,33692.62
mock2_hvcts_band,Council tax surcharge band from £1.5m,2029,9000.0,34441.42,34441.42
mock2_hvcts_band,Council tax surcharge band from £1.5m,2029,9750.0,35190.22,35190.22
mock2_hvcts_band,Council tax surcharge band from £1.5m,2029,10500.0,35939.02,35939.02
mock2_hvcts_band,Council tax surcharge band from £1.5m,2029,11250.0,36687.82,36687.82
mock2_hvcts_band,Council tax surcharge band from £1.5m,2029,12000.0,37436.62,37436.62
mock2_hvcts_band,Council tax surcharge band from £1.5m,2029,12750.0,38172.652,38172.652
mock2_hvcts_band,Council tax surcharge band from £1.5m,2029,13500.0,38861.547,38861.547
mock2_hvcts_band,Council tax surcharge band from £1.5m,2029,14250.0,39550.44,39550.44
mock2_hvcts_band,Council tax surcharge band from £1.5m,2029,15000.0,40239.34,40239.34
mock2_hvcts_band,Council tax surcharge band from £1.5m,2029,15750.0,40928.234,40928.234
mock2_hvcts_band,Council tax surcharge band from £1.5m,2029,16500.0,41617.133,41617.133
mock2_hvcts_band,Council tax surcharge band from £1.5m,2029,17250.0,42306.023,42306.023
mock2_hvcts_band,Council tax surcharge band from £1.5m,2029,18000.0,42994.92,42994.92
mock2_hvcts_band,Council tax surcharge band from £1.5m,2029,18750.0,43683.82,43683.82
mock2_hvcts_band,Council tax surcharge band from £1.5m,2029,19500.0,44372.715,44372.715
mock2_hvcts_band,Council tax surcharge band from £1.5m,2029,20250.0,44765.85,44765.85
mock2_hvcts_band,Council tax surcharge band from £1.5m,2029,21000.0,45075.85,45075.85
mock2_hvcts_band,Council tax surcharge band from £1.5m,2029,21750.0,45385.86,45385.86
mock2_hvcts_band,Council tax surcharge band from £1.5m,2029,22500.0,45695.86,45695.86
mock2_hvcts_band,Council tax surcharge band from £1.5m,2029,23250.0,46005.863,46005.863
mock2_hvcts_band,Council tax surcharge band from £1.5m,2029,24000.0,46304.023,46304.023
mock2_hvcts_band,Council tax surcharge band from £1.5m,2029,24750.0,46546.633,46546.633
mock2_hvcts_band,Council tax surcharge band from £1.5m,2029,25500.0,46789.246,46789.246
mock2_hvcts_band,Council tax surcharge band from £1.5m,2029,26250.0,47031.86,47031.86
mock2_hvcts_band,Council tax surcharge band from £1.5m,2029,27000.0,47274.47,47274.47
mock2_hvcts_band,Council tax surcharge band from £1.5m,2029,27750.0,47517.08,47517.08
mock2_hvcts_band,Council tax surcharge band from £1.5m,2029,28500.0,47759.688,47759.688
mock2_hvcts_band,Council tax surcharge band from £1.5m,2029,29250.0,48002.3,48002.3
mock2_hvcts_band,Council tax surcharge band from £1.5m,2029,30000.0,48244.914,48244.914
mock2_hvcts_band,Council tax surcharge band from £1.5m,2029,30750.0,48487.523,48487.523
mock2_hvcts_band,Council tax surcharge band from £1.5m,2029,31500.0,48730.137,48730.137
mock2_hvcts_band,Council tax surcharge band from £1.5m,2029,32250.0,48972.742,48972.742
mock2_hvcts_band,Council tax surcharge band from £1.5m,2029,33000.0,49215.36,49215.36
mock2_hvcts_band,Council tax surcharge band from £1.5m,2029,33750.0,49457.97,49457.97
mock2_hvcts_band,Council tax surcharge band from £1.5m,2029,34500.0,49700.58,49700.58
mock2_hvcts_band,Council tax surcharge band from £1.5m,2029,35250.0,49943.188,49943.188
mock2_hvcts_band,Council tax surcharge band from £1.5m,2029,36000.0,50185.805,50185.805
mock2_hvcts_band,Council tax surcharge band from £1.5m,2029,36750.0,50428.414,50428.414
mock2_hvcts_band,Council tax surcharge band from £1.5m,2029,37500.0,50671.023,50671.023
mock2_hvcts_band,Council tax surcharge band from £1.5m,2029,38250.0,50913.633,50913.633
mock2_hvcts_band,Council tax surcharge band from £1.5m,2029,39000.0,51156.242,51156.242
mock2_hvcts_band,Council tax surcharge band from £1.5m,2029,39750.0,51398.86,51398.86
mock2_hvcts_band,Council tax surcharge band from £1.5m,2029,40500.0,51641.47,51641.47
mock2_hvcts_band,Council tax surcharge band from £1.5m,2029,41250.0,51884.08,51884.08
mock2_hvcts_band,Council tax surcharge band from £1.5m,2029,42000.0,52126.688,52126.688
mock2_hvcts_band,Council tax surcharge band from £1.5m,2029,42750.0,52369.297,52369.297
mock2_hvcts_band,Council tax surcharge band from £1.5m,2029,43500.0,52611.914,52611.914
mock2_hvcts_band,Council tax surcharge band from £1.5m,2029,44250.0,52854.523,52854.523
mock2_hvcts_band,Council tax surcharge band from £1.5m,2029,45000.0,53097.133,53097.133
mock2_hvcts_band,Council tax surcharge band from £1.5m,2029,45750.0,53339.75,53339.75
mock2_hvcts_band,Council tax surcharge band from £1.5m,2029,46500.0,53582.36,53582.36
mock2_hvcts_band,Council tax surcharge band from £1.5m,2029,47250.0,53824.97,53824.97
mock2_hvcts_band,Council tax surcharge band from £1.5m,2029,48000.0,54067.58,54067.58
mock2_hvcts_band,Council tax surcharge band from £1.5m,2029,48750.0,54310.188,54310.188
mock2_hvcts_band,Council tax surcharge band from £1.5m,2029,49500.0,54552.805,54552.805
mock2_hvcts_band,Council tax surcharge band from £1.5m,2029,50250.0,54795.414,54795.414
mock2_hvcts_band,Council tax surcharge band from £1.5m,2029,51000.0,55055.53,55055.53
mock2_hvcts_band,Council tax surcharge band from £1.5m,2029,51750.0,55318.367,55318.367
mock2_hvcts_band,Council tax surcharge band from £1.5m,2029,52500.0,55581.195,55581.195
mock2_hvcts_band,Council tax surcharge band from £1.5m,2029,53250.0,55844.016,55844.016
mock2_hvcts_band,Council tax surcharge band from £1.5m,2029,54000.0,56068.227,56068.227
mock2_hvcts_band,Council tax surcharge band from £1.5m,2029,54750.0,56286.125,56286.125
mock2_hvcts_band,Council tax surcharge band from £1.5m,2029,55500.0,56504.03,56504.03
mock2_hvcts_band,Council tax surcharge band from £1.5m,2029,56250.0,56721.93,56721.93
mock2_hvcts_band,Council tax surcharge band from £1.5m,2029,57000.0,56939.83,56939.83
mock2_hvcts_band,Council tax surcharge band from £1.5m,2029,57750.0,57157.734,57157.734
mock2_hvcts_band,Council tax surcharge band from £1.5m,2029,58500.0,57375.64,57375.64
mock2_hvcts_band,Council tax surcharge band from £1.5m,2029,59250.0,57593.547,57593.547
mock2_hvcts_band,Council tax surcharge band from £1.5m,2029,60000.0,57811.438,57811.438
mock2_hvcts_band,Council tax surcharge band from £1.5m,2029,60750.0,57790.914,57790.914
mock2_hvcts_band,Council tax surcharge band from £1.5m,2029,61500.0,57856.125,57856.125
mock2_hvcts_band,Council tax surcharge band from £1.5m,2029,62250.0,57921.33,57921.33
mock2_hvcts_band,Council tax surcharge band from £1.5m,2029,63000.0,57986.53,57986.53
mock2_hvcts_band,Council tax surcharge band from £1.5m,2029,63750.0,58051.734,58051.734
mock2_hvcts_band,Council tax surcharge band from £1.5m,2029,64500.0,58116.938,58116.938
mock2_hvcts_band,Council tax surcharge band from £1.5m,2029,65250.0,58182.15,58182.15
mock2_hvcts_band,Council tax surcharge band from £1.5m,2029,66000.0,58247.35,58247.35
mock2_hvcts_band,Council tax surcharge band from £1.5m,2029,66750.0,58312.555,58312.555
mock2_hvcts_band,Council tax surcharge band from £1.5m,2029,67500.0,58377.758,58377.758
mock2_hvcts_band,Council tax surcharge band from £1.5m,2029,68250.0,58442.96,58442.96
mock2_hvcts_band,Council tax surcharge band from £1.5m,2029,69000.0,58508.17,58508.17
mock2_hvcts_band,Council tax surcharge band from £1.5m,2029,69750.0,58573.375,58573.375
mock2_hvcts_band,Council tax surcharge band from £1.5m,2029,70500.0,58638.58,58638.58
mock2_hvcts_band,Council tax surcharge band from £1.5m,2029,71250.0,58751.18,58751.18
mock2_hvcts_band,Council tax surcharge band from £1.5m,2029,72000.0,59055.25,59055.25
mock2_hvcts_band,Council tax surcharge band from £1.5m,2029,72750.0,59359.33,59359.33
mock2_hvcts_band,Council tax surcharge band from £1.5m,2029,73500.0,59663.4,59663.4
mock2_hvcts_band,Council tax surcharge band from £1.5m,2029,74250.0,59967.47,59967.47
mock2_hvcts_band,Council tax surcharge band from £1.5m,2029,75000.0,60271.54,60271.54
mock2_hvcts_band,Council tax surcharge band from £1.5m,2029,75750.0,60575.61,60575.61
mock2_hvcts_band,Council tax surcharge band from £1.5m,2029,76500.0,60879.688,60879.688
mock2_hvcts_band,Council tax surcharge band from £1.5m,2029,77250.0,61183.758,61183.758
mock2_hvcts_band,Council tax surcharge band from £1.5m,2029,78000.0,61487.83,61487.83
mock2_hvcts_band,Council tax surcharge band from £1.5m,2029,78750.0,61791.9,61791.9
mock2_hvcts_band,Council tax surcharge band from £1.5m,2029,79500.0,62095.97,62095.97
mock2_hvcts_band,Council tax surcharge band from £1.5m,2029,80250.0,62421.188,62421.188
mock2_hvcts_band,Council tax surcharge band from £1.5m,2029,81000.0,62855.492,62855.492
mock2_hvcts_band,Council tax surcharge band from £1.5m,2029,81750.0,63289.805,63289.805
mock2_hvcts_band,Council tax surcharge band from £1.5m,2029,82500.0,63724.1,63724.1
mock2_hvcts_band,Council tax surcharge band from £1.5m,2029,83250.0,64158.406,64158.406
mock2_hvcts_band,Council tax surcharge band from £1.5m,2029,84000.0,64592.71,64592.71
mock2_hvcts_band,Council tax surcharge band from £1.5m,2029,84750.0,65027.016,65027.016
mock2_hvcts_band,Council tax surcharge band from £1.5m,2029,85500.0,65461.32,65461.32
mock2_hvcts_band,Council tax surcharge band from £1.5m,2029,86250.0,65895.625,65895.625
mock2_hvcts_band,Council tax surcharge band from £1.5m,2029,87000.0,66329.92,66329.92
mock2_hvcts_band,Council tax surcharge band from £1.5m,2029,87750.0,66764.234,66764.234
mock2_hvcts_band,Council tax surcharge band from £1.5m,2029,88500.0,67198.53,67198.53
mock2_hvcts_band,Council tax surcharge band from £1.5m,2029,89250.0,67632.84,67632.84
mock2_hvcts_band,Council tax surcharge band from £1.5m,2029,90000.0,68067.14,68067.14
mock2_hvcts_band,Council tax surcharge band from £1.5m,2029,90750.0,68501.445,68501.445
mock2_hvcts_band,Council tax surcharge band from £1.5m,2029,91500.0,68935.75,68935.75
mock2_hvcts_band,Council tax surcharge band from £1.5m,2029,92250.0,69370.055,69370.055
mock2_hvcts_band,Council tax surcharge band from £1.5m,2029,93000.0,69804.36,69804.36
mock2_hvcts_band,Council tax surcharge band from £1.5m,2029,93750.0,70238.664,70238.664
mock2_hvcts_band,Council tax surcharge band from £1.5m,2029,94500.0,70672.96,70672.96
mock2_hvcts_band,Council tax surcharge band from £1.5m,2029,95250.0,71107.27,71107.27
mock2_hvcts_band,Council tax surcharge band from £1.5m,2029,96000.0,71541.58,71541.58
mock2_hvcts_band,Council tax surcharge band from £1.5m,2029,96750.0,71975.875,71975.875
mock2_hvcts_band,Council tax surcharge band from £1.5m,2029,97500.0,72410.19,72410.19
mock2_hvcts_band,Council tax surcharge band from £1.5m,2029,98250.0,72844.484,72844.484
mock2_hvcts_band,Council tax surcharge band from £1.5m,2029,99000.0,73278.79,73278.79
mock2_hvcts_band,Council tax surcharge band from £1.5m,2029,99750.0,73713.09,73713.09
mock2_hvcts_band,Council tax surcharge band from £1.5m,2029,100500.0,74079.8,74079.8
mock2_hvcts_band,Council tax surcharge band from £1.5m,2029,101250.0,74364.1,74364.1
mock2_hvcts_band,Council tax surcharge band from £1.5m,2029,102000.0,74648.805,74648.805
mock2_hvcts_band,Council tax surcharge band from £1.5m,2029,102750.0,74933.516,74933.516
mock2_hvcts_band,Council tax surcharge band from £1.5m,2029,103500.0,75217.81,75217.81
mock2_hvcts_band,Council tax surcharge band from £1.5m,2029,104250.0,75502.52,75502.52
mock2_hvcts_band,Council tax surcharge band from £1.5m,2029,105000.0,75786.83,75786.83
mock2_hvcts_band,Council tax surcharge band from £1.5m,2029,105750.0,76071.53,76071.53
mock2_hvcts_band,Council tax surcharge band from £1.5m,2029,106500.0,76356.234,76356.234
mock2_hvcts_band,Council tax surcharge band from £1.5m,2029,107250.0,76640.53,76640.53
mock2_hvcts_band,Council tax surcharge band from £1.5m,2029,108000.0,76925.234,76925.234
mock2_hvcts_band,Council tax surcharge band from £1.5m,2029,108750.0,77209.55,77209.55
mock2_hvcts_band,Council tax surcharge band from £1.5m,2029,109500.0,77494.25,77494.25
mock2_hvcts_band,Council tax surcharge band from £1.5m,2029,110250.0,77778.95,77778.95
mock2_hvcts_band,Council tax surcharge band from £1.5m,2029,111000.0,78063.25,78063.25
mock2_hvcts_band,Council tax surcharge band from £1.5m,2029,111750.0,78347.96,78347.96
mock2_hvcts_band,Council tax surcharge band from £1.5m,2029,112500.0,78632.266,78632.266
mock2_hvcts_band,Council tax surcharge band from £1.5m,2029,113250.0,78916.97,78916.97
mock2_hvcts_band,Council tax surcharge band from £1.5m,2029,114000.0,79201.68,79201.68
mock2_hvcts_band,Council tax surcharge band from £1.5m,2029,114750.0,79485.97,79485.97
mock2_hvcts_band,Council tax surcharge band from £1.5m,2029,115500.0,79770.69,79770.69
mock2_hvcts_band,Council tax surcharge band from £1.5m,2029,116250.0,80054.984,80054.984
mock2_hvcts_band,Council tax surcharge band from £1.5m,2029,117000.0,80339.69,80339.69
mock2_hvcts_band,Council tax surcharge band from £1.5m,2029,117750.0,80624.4,80624.4
mock2_hvcts_band,Council tax surcharge band from £1.5m,2029,118500.0,80908.69,80908.69
mock2_hvcts_band,Council tax surcharge band from £1.5m,2029,119250.0,81193.41,81193.41
mock2_hvcts_band,Council tax surcharge band from £1.5m,2029,120000.0,81477.7,81477.7
mock2_hvcts_band,Council tax surcharge band from £1.5m,2029,120750.0,81762.41,81762.41
mock2_hvcts_band,Council tax surcharge band from £1.5m,2029,121500.0,82047.11,82047.11
mock2_hvcts_band,Council tax surcharge band from £1.5m,2029,122250.0,82331.42,82331.42
mock2_hvcts_band,Council tax surcharge band from £1.5m,2029,123000.0,82616.125,82616.125
mock2_hvcts_band,Council tax surcharge band from £1.5m,2029,123750.0,82900.42,82900.42
mock2_hvcts_band,Council tax surcharge band from £1.5m,2029,124500.0,83185.125,83185.125
mock2_hvcts_band,Council tax surcharge band from £1.5m,2029,125250.0,83469.83,83469.83
mock2_hvcts_band,Council tax surcharge band from £1.5m,2029,126000.0,83885.74,83885.74
mock2_hvcts_band,Council tax surcharge band from £1.5m,2029,126750.0,84320.04,84320.04
mock2_hvcts_band,Council tax surcharge band from £1.5m,2029,127500.0,84754.34,84754.34
mock2_hvcts_band,Council tax surcharge band from £1.5m,2029,128250.0,85188.64,85188.64
mock2_hvcts_band,Council tax surcharge band from £1.5m,2029,129000.0,85622.94,85622.94
mock2_hvcts_band,Council tax surcharge band from £1.5m,2029,129750.0,86057.26,86057.26
mock2_hvcts_band,Council tax surcharge band from £1.5m,2029,130500.0,86491.56,86491.56
mock2_hvcts_band,Council tax surcharge band from £1.5m,2029,131250.0,86925.86,86925.86
mock2_hvcts_band,Council tax surcharge band from £1.5m,2029,132000.0,87360.164,87360.164
mock2_hvcts_band,Council tax surcharge band from £1.5m,2029,132750.0,87794.47,87794.47
mock2_hvcts_band,Council tax surcharge band from £1.5m,2029,133500.0,88228.78,88228.78
mock2_hvcts_band,Council tax surcharge band from £1.5m,2029,134250.0,88663.08,88663.08
mock2_hvcts_band,Council tax surcharge band from £1.5m,2029,135000.0,89097.38,89097.38
mock2_hvcts_band,Council tax surcharge band from £1.5m,2029,135750.0,89512.05,89512.05
mock2_hvcts_band,Council tax surcharge band from £1.5m,2029,136500.0,89908.91,89908.91
mock2_hvcts_band,Council tax surcharge band from £1.5m,2029,137250.0,90305.78,90305.78
mock2_hvcts_band,Council tax surcharge band from £1.5m,2029,138000.0,90702.64,90702.64
mock2_hvcts_band,Council tax surcharge band from £1.5m,2029,138750.0,91099.5,91099.5
mock2_hvcts_band,Council tax surcharge band from £1.5m,2029,139500.0,91496.36,91496.36
mock2_hvcts_band,Council tax surcharge band from £1.5m,2029,140250.0,91893.234,91893.234
mock2_hvcts_band,Council tax surcharge band from £1.5m,2029,141000.0,92290.09,92290.09
mock2_hvcts_band,Council tax surcharge band from £1.5m,2029,141750.0,92686.96,92686.96
mock2_hvcts_band,Council tax surcharge band from £1.5m,2029,142500.0,93083.83,93083.83
mock2_hvcts_band,Council tax surcharge band from £1.5m,2029,143250.0,93480.69,93480.69
mock2_hvcts_band,Council tax surcharge band from £1.5m,2029,144000.0,93877.55,93877.55
mock2_hvcts_band,Council tax surcharge band from £1.5m,2029,144750.0,94274.42,94274.42
mock2_hvcts_band,Council tax surcharge band from £1.5m,2029,145500.0,94671.28,94671.28
mock2_hvcts_band,Council tax surcharge band from £1.5m,2029,146250.0,95068.14,95068.14
mock2_hvcts_band,Council tax surcharge band from £1.5m,2029,147000.0,95465.0,95465.0
mock2_hvcts_band,Council tax surcharge band from £1.5m,2029,147750.0,95861.87,95861.87
mock2_hvcts_band,Council tax surcharge band from £1.5m,2029,148500.0,96258.734,96258.734
mock2_hvcts_band,Council tax surcharge band from £1.5m,2029,149250.0,96655.59,96655.59
mock2_hvcts_band,Council tax surcharge band from £1.5m,2029,150000.0,97052.46,97052.46
mock2_hvcts_band,Council tax surcharge band from £1.5m,2030,0.0,25989.016,25989.016
mock2_hvcts_band,Council tax surcharge band from £1.5m,2030,750.0,26737.812,26737.812
mock2_hvcts_band,Council tax surcharge band from £1.5m,2030,1500.0,27486.613,27486.613
mock2_hvcts_band,Council tax surcharge band from £1.5m,2030,2250.0,28235.414,28235.414
mock2_hvcts_band,Council tax surcharge band from £1.5m,2030,3000.0,28984.215,28984.215
mock2_hvcts_band,Council tax surcharge band from £1.5m,2030,3750.0,29733.016,29733.016
mock2_hvcts_band,Council tax surcharge band from £1.5m,2030,4500.0,30481.812,30481.812
mock2_hvcts_band,Council tax surcharge band from £1.5m,2030,5250.0,31230.613,31230.613
mock2_hvcts_band,Council tax surcharge band from £1.5m,2030,6000.0,31979.414,31979.414
mock2_hvcts_band,Council tax surcharge band from £1.5m,2030,6750.0,32728.21,32728.21
mock2_hvcts_band,Council tax surcharge band from £1.5m,2030,7500.0,33477.016,33477.016
mock2_hvcts_band,Council tax surcharge band from £1.5m,2030,8250.0,34225.812,34225.812
mock2_hvcts_band,Council tax surcharge band from £1.5m,2030,9000.0,34974.613,34974.613
mock2_hvcts_band,Council tax surcharge band from £1.5m,2030,9750.0,35723.414,35723.414
mock2_hvcts_band,Council tax surcharge band from £1.5m,2030,10500.0,36472.21,36472.21
mock2_hvcts_band,Council tax surcharge band from £1.5m,2030,11250.0,37221.016,37221.016
mock2_hvcts_band,Council tax surcharge band from £1.5m,2030,12000.0,37969.812,37969.812
mock2_hvcts_band,Council tax surcharge band from £1.5m,2030,12750.0,38705.844,38705.844
mock2_hvcts_band,Council tax surcharge band from £1.5m,2030,13500.0,39394.74,39394.74
mock2_hvcts_band,Council tax surcharge band from £1.5m,2030,14250.0,40083.633,40083.633
mock2_hvcts_band,Council tax surcharge band from £1.5m,2030,15000.0,40772.53,40772.53
mock2_hvcts_band,Council tax surcharge band from £1.5m,2030,15750.0,41461.426,41461.426
mock2_hvcts_band,Council tax surcharge band from £1.5m,2030,16500.0,42150.32,42150.32
mock2_hvcts_band,Council tax surcharge band from £1.5m,2030,17250.0,42839.22,42839.22
mock2_hvcts_band,Council tax surcharge band from £1.5m,2030,18000.0,43528.113,43528.113
mock2_hvcts_band,Council tax surcharge band from £1.5m,2030,18750.0,44217.01,44217.01
mock2_hvcts_band,Council tax surcharge band from £1.5m,2030,19500.0,44905.906,44905.906
mock2_hvcts_band,Council tax surcharge band from £1.5m,2030,20250.0,45398.78,45398.78
mock2_hvcts_band,Council tax surcharge band from £1.5m,2030,21000.0,45708.785,45708.785
mock2_hvcts_band,Council tax surcharge band from £1.5m,2030,21750.0,46018.79,46018.79
mock2_hvcts_band,Council tax surcharge band from £1.5m,2030,22500.0,46328.79,46328.79
mock2_hvcts_band,Council tax surcharge band from £1.5m,2030,23250.0,46638.793,46638.793
mock2_hvcts_band,Council tax surcharge band from £1.5m,2030,24000.0,46936.953,46936.953
mock2_hvcts_band,Council tax surcharge band from £1.5m,2030,24750.0,47179.56,47179.56
mock2_hvcts_band,Council tax surcharge band from £1.5m,2030,25500.0,47422.17,47422.17
mock2_hvcts_band,Council tax surcharge band from £1.5m,2030,26250.0,47664.785,47664.785
mock2_hvcts_band,Council tax surcharge band from £1.5m,2030,27000.0,47907.395,47907.395
mock2_hvcts_band,Council tax surcharge band from £1.5m,2030,27750.0,48150.008,48150.008
mock2_hvcts_band,Council tax surcharge band from £1.5m,2030,28500.0,48392.613,48392.613
mock2_hvcts_band,Council tax surcharge band from £1.5m,2030,29250.0,48635.23,48635.23
mock2_hvcts_band,Council tax surcharge band from £1.5m,2030,30000.0,48877.84,48877.84
mock2_hvcts_band,Council tax surcharge band from £1.5m,2030,30750.0,49120.45,49120.45
mock2_hvcts_band,Council tax surcharge band from £1.5m,2030,31500.0,49363.062,49363.062
mock2_hvcts_band,Council tax surcharge band from £1.5m,2030,32250.0,49605.67,49605.67
mock2_hvcts_band,Council tax surcharge band from £1.5m,2030,33000.0,49848.29,49848.29
mock2_hvcts_band,Council tax surcharge band from £1.5m,2030,33750.0,50090.9,50090.9
mock2_hvcts_band,Council tax surcharge band from £1.5m,2030,34500.0,50333.504,50333.504
mock2_hvcts_band,Council tax surcharge band from £1.5m,2030,35250.0,50576.117,50576.117
mock2_hvcts_band,Council tax surcharge band from £1.5m,2030,36000.0,50818.734,50818.734
mock2_hvcts_band,Council tax surcharge band from £1.5m,2030,36750.0,51061.344,51061.344
mock2_hvcts_band,Council tax surcharge band from £1.5m,2030,37500.0,51303.953,51303.953
mock2_hvcts_band,Council tax surcharge band from £1.5m,2030,38250.0,51546.57,51546.57
mock2_hvcts_band,Council tax surcharge band from £1.5m,2030,39000.0,51789.18,51789.18
mock2_hvcts_band,Council tax surcharge band from £1.5m,2030,39750.0,52031.79,52031.79
mock2_hvcts_band,Council tax surcharge band from £1.5m,2030,40500.0,52274.4,52274.4
mock2_hvcts_band,Council tax surcharge band from £1.5m,2030,41250.0,52517.008,52517.008
mock2_hvcts_band,Council tax surcharge band from £1.5m,2030,42000.0,52759.625,52759.625
mock2_hvcts_band,Council tax surcharge band from £1.5m,2030,42750.0,53002.234,53002.234
mock2_hvcts_band,Council tax surcharge band from £1.5m,2030,43500.0,53244.844,53244.844
mock2_hvcts_band,Council tax surcharge band from £1.5m,2030,44250.0,53487.453,53487.453
mock2_hvcts_band,Council tax surcharge band from £1.5m,2030,45000.0,53730.062,53730.062
mock2_hvcts_band,Council tax surcharge band from £1.5m,2030,45750.0,53972.68,53972.68
mock2_hvcts_band,Council tax surcharge band from £1.5m,2030,46500.0,54215.29,54215.29
mock2_hvcts_band,Council tax surcharge band from £1.5m,2030,47250.0,54457.9,54457.9
mock2_hvcts_band,Council tax surcharge band from £1.5m,2030,48000.0,54700.508,54700.508
mock2_hvcts_band,Council tax surcharge band from £1.5m,2030,48750.0,54943.117,54943.117
mock2_hvcts_band,Council tax surcharge band from £1.5m,2030,49500.0,55185.734,55185.734
mock2_hvcts_band,Council tax surcharge band from £1.5m,2030,50250.0,55428.344,55428.344
mock2_hvcts_band,Council tax surcharge band from £1.5m,2030,51000.0,55688.46,55688.46
mock2_hvcts_band,Council tax surcharge band from £1.5m,2030,51750.0,55951.297,55951.297
mock2_hvcts_band,Council tax surcharge band from £1.5m,2030,52500.0,56214.125,56214.125
mock2_hvcts_band,Council tax surcharge band from £1.5m,2030,53250.0,56476.945,56476.945
mock2_hvcts_band,Council tax surcharge band from £1.5m,2030,54000.0,56701.156,56701.156
mock2_hvcts_band,Council tax surcharge band from £1.5m,2030,54750.0,56919.055,56919.055
mock2_hvcts_band,Council tax surcharge band from £1.5m,2030,55500.0,57136.96,57136.96
mock2_hvcts_band,Council tax surcharge band from £1.5m,2030,56250.0,57354.86,57354.86
mock2_hvcts_band,Council tax surcharge band from £1.5m,2030,57000.0,57572.758,57572.758
mock2_hvcts_band,Council tax surcharge band from £1.5m,2030,57750.0,57790.664,57790.664
mock2_hvcts_band,Council tax surcharge band from £1.5m,2030,58500.0,58008.562,58008.562
mock2_hvcts_band,Council tax surcharge band from £1.5m,2030,59250.0,58226.47,58226.47
mock2_hvcts_band,Council tax surcharge band from £1.5m,2030,60000.0,58444.367,58444.367
mock2_hvcts_band,Council tax surcharge band from £1.5m,2030,60750.0,58421.57,58421.57
mock2_hvcts_band,Council tax surcharge band from £1.5m,2030,61500.0,58484.17,58484.17
mock2_hvcts_band,Council tax surcharge band from £1.5m,2030,62250.0,58546.773,58546.773
mock2_hvcts_band,Council tax surcharge band from £1.5m,2030,63000.0,58609.383,58609.383
mock2_hvcts_band,Council tax surcharge band from £1.5m,2030,63750.0,58671.977,58671.977
mock2_hvcts_band,Council tax surcharge band from £1.5m,2030,64500.0,58734.57,58734.57
mock2_hvcts_band,Council tax surcharge band from £1.5m,2030,65250.0,58797.18,58797.18
mock2_hvcts_band,Council tax surcharge band from £1.5m,2030,66000.0,58859.78,58859.78
mock2_hvcts_band,Council tax surcharge band from £1.5m,2030,66750.0,58922.375,58922.375
mock2_hvcts_band,Council tax surcharge band from £1.5m,2030,67500.0,58984.977,58984.977
mock2_hvcts_band,Council tax surcharge band from £1.5m,2030,68250.0,59047.58,59047.58
mock2_hvcts_band,Council tax surcharge band from £1.5m,2030,69000.0,59110.18,59110.18
mock2_hvcts_band,Council tax surcharge band from £1.5m,2030,69750.0,59172.78,59172.78
mock2_hvcts_band,Council tax surcharge band from £1.5m,2030,70500.0,59235.383,59235.383
mock2_hvcts_band,Council tax surcharge band from £1.5m,2030,71250.0,59297.977,59297.977
mock2_hvcts_band,Council tax surcharge band from £1.5m,2030,72000.0,59360.58,59360.58
mock2_hvcts_band,Council tax surcharge band from £1.5m,2030,72750.0,59445.336,59445.336
mock2_hvcts_band,Council tax surcharge band from £1.5m,2030,73500.0,59746.805,59746.805
mock2_hvcts_band,Council tax surcharge band from £1.5m,2030,74250.0,60048.273,60048.273
mock2_hvcts_band,Council tax surcharge band from £1.5m,2030,75000.0,60349.734,60349.734
mock2_hvcts_band,Council tax surcharge band from £1.5m,2030,75750.0,60651.203,60651.203
mock2_hvcts_band,Council tax surcharge band from £1.5m,2030,76500.0,60952.67,60952.67
mock2_hvcts_band,Council tax surcharge band from £1.5m,2030,77250.0,61254.14,61254.14
mock2_hvcts_band,Council tax surcharge band from £1.5m,2030,78000.0,61555.61,61555.61
mock2_hvcts_band,Council tax surcharge band from £1.5m,2030,78750.0,61857.08,61857.08
mock2_hvcts_band,Council tax surcharge band from £1.5m,2030,79500.0,62158.54,62158.54
mock2_hvcts_band,Council tax surcharge band from £1.5m,2030,80250.0,62481.586,62481.586
mock2_hvcts_band,Council tax surcharge band from £1.5m,2030,81000.0,62915.89,62915.89
mock2_hvcts_band,Council tax surcharge band from £1.5m,2030,81750.0,63350.188,63350.188
mock2_hvcts_band,Council tax surcharge band from £1.5m,2030,82500.0,63784.492,63784.492
mock2_hvcts_band,Council tax surcharge band from £1.5m,2030,83250.0,64218.797,64218.797
mock2_hvcts_band,Council tax surcharge band from £1.5m,2030,84000.0,64653.1,64653.1
mock2_hvcts_band,Council tax surcharge band from £1.5m,2030,84750.0,65087.406,65087.406
mock2_hvcts_band,Council tax surcharge band from £1.5m,2030,85500.0,65521.71,65521.71
mock2_hvcts_band,Council tax surcharge band from £1.5m,2030,86250.0,65956.016,65956.016
mock2_hvcts_band,Council tax surcharge band from £1.5m,2030,87000.0,66390.31,66390.31
mock2_hvcts_band,Council tax surcharge band from £1.5m,2030,87750.0,66824.625,66824.625
mock2_hvcts_band,Council tax surcharge band from £1.5m,2030,88500.0,67258.92,67258.92
mock2_hvcts_band,Council tax surcharge band from £1.5m,2030,89250.0,67693.234,67693.234
mock2_hvcts_band,Council tax surcharge band from £1.5m,2030,90000.0,68127.53,68127.53
mock2_hvcts_band,Council tax surcharge band from £1.5m,2030,90750.0,68561.836,68561.836
mock2_hvcts_band,Council tax surcharge band from £1.5m,2030,91500.0,68996.14,68996.14
mock2_hvcts_band,Council tax surcharge band from £1.5m,2030,92250.0,69430.445,69430.445
mock2_hvcts_band,Council tax surcharge band from £1.5m,2030,93000.0,69864.75,69864.75
mock2_hvcts_band,Council tax surcharge band from £1.5m,2030,93750.0,70299.055,70299.055
mock2_hvcts_band,Council tax surcharge band from £1.5m,2030,94500.0,70733.36,70733.36
mock2_hvcts_band,Council tax surcharge band from £1.5m,2030,95250.0,71167.664,71167.664
mock2_hvcts_band,Council tax surcharge band from £1.5m,2030,96000.0,71601.97,71601.97
mock2_hvcts_band,Council tax surcharge band from £1.5m,2030,96750.0,72036.27,72036.27
mock2_hvcts_band,Council tax surcharge band from £1.5m,2030,97500.0,72470.58,72470.58
mock2_hvcts_band,Council tax surcharge band from £1.5m,2030,98250.0,72904.875,72904.875
mock2_hvcts_band,Council tax surcharge band from £1.5m,2030,99000.0,73339.19,73339.19
mock2_hvcts_band,Council tax surcharge band from £1.5m,2030,99750.0,73773.484,73773.484
mock2_hvcts_band,Council tax surcharge band from £1.5m,2030,100500.0,74140.19,74140.19
mock2_hvcts_band,Council tax surcharge band from £1.5m,2030,101250.0,74424.5,74424.5
mock2_hvcts_band,Council tax surcharge band from £1.5m,2030,102000.0,74709.2,74709.2
mock2_hvcts_band,Council tax surcharge band from £1.5m,2030,102750.0,74993.91,74993.91
mock2_hvcts_band,Council tax surcharge band from £1.5m,2030,103500.0,75278.2,75278.2
mock2_hvcts_band,Council tax surcharge band from £1.5m,2030,104250.0,75562.91,75562.91
mock2_hvcts_band,Council tax surcharge band from £1.5m,2030,105000.0,75847.22,75847.22
mock2_hvcts_band,Council tax surcharge band from £1.5m,2030,105750.0,76131.914,76131.914
mock2_hvcts_band,Council tax surcharge band from £1.5m,2030,106500.0,76416.625,76416.625
mock2_hvcts_band,Council tax surcharge band from £1.5m,2030,107250.0,76700.92,76700.92
mock2_hvcts_band,Council tax surcharge band from £1.5m,2030,108000.0,76985.63,76985.63
mock2_hvcts_band,Council tax surcharge band from £1.5m,2030,108750.0,77269.94,77269.94
mock2_hvcts_band,Council tax surcharge band from £1.5m,2030,109500.0,77554.64,77554.64
mock2_hvcts_band,Council tax surcharge band from £1.5m,2030,110250.0,77839.34,77839.34
mock2_hvcts_band,Council tax surcharge band from £1.5m,2030,111000.0,78123.64,78123.64
mock2_hvcts_band,Council tax surcharge band from £1.5m,2030,111750.0,78408.36,78408.36
mock2_hvcts_band,Council tax surcharge band from £1.5m,2030,112500.0,78692.66,78692.66
mock2_hvcts_band,Council tax surcharge band from £1.5m,2030,113250.0,78977.36,78977.36
mock2_hvcts_band,Council tax surcharge band from £1.5m,2030,114000.0,79262.06,79262.06
mock2_hvcts_band,Council tax surcharge band from £1.5m,2030,114750.0,79546.36,79546.36
mock2_hvcts_band,Council tax surcharge band from £1.5m,2030,115500.0,79831.08,79831.08
mock2_hvcts_band,Council tax surcharge band from £1.5m,2030,116250.0,80115.39,80115.39
mock2_hvcts_band,Council tax surcharge band from £1.5m,2030,117000.0,80400.086,80400.086
mock2_hvcts_band,Council tax surcharge band from £1.5m,2030,117750.0,80684.78,80684.78
mock2_hvcts_band,Council tax surcharge band from £1.5m,2030,118500.0,80969.086,80969.086
mock2_hvcts_band,Council tax surcharge band from £1.5m,2030,119250.0,81253.8,81253.8
mock2_hvcts_band,Council tax surcharge band from £1.5m,2030,120000.0,81538.1,81538.1
mock2_hvcts_band,Council tax surcharge band from £1.5m,2030,120750.0,81822.805,81822.805
mock2_hvcts_band,Council tax surcharge band from £1.5m,2030,121500.0,82107.51,82107.51
mock2_hvcts_band,Council tax surcharge band from £1.5m,2030,122250.0,82391.83,82391.83
mock2_hvcts_band,Council tax surcharge band from £1.5m,2030,123000.0,82676.52,82676.52
mock2_hvcts_band,Council tax surcharge band from £1.5m,2030,123750.0,82960.83,82960.83
mock2_hvcts_band,Council tax surcharge band from £1.5m,2030,124500.0,83245.52,83245.52
mock2_hvcts_band,Council tax surcharge band from £1.5m,2030,125250.0,83530.22,83530.22
mock2_hvcts_band,Council tax surcharge band from £1.5m,2030,126000.0,83946.14,83946.14
mock2_hvcts_band,Council tax surcharge band from £1.5m,2030,126750.0,84380.44,84380.44
mock2_hvcts_band,Council tax surcharge band from £1.5m,2030,127500.0,84814.75,84814.75
mock2_hvcts_band,Council tax surcharge band from £1.5m,2030,128250.0,85249.05,85249.05
mock2_hvcts_band,Council tax surcharge band from £1.5m,2030,129000.0,85683.34,85683.34
mock2_hvcts_band,Council tax surcharge band from £1.5m,2030,129750.0,86117.66,86117.66
mock2_hvcts_band,Council tax surcharge band from £1.5m,2030,130500.0,86551.96,86551.96
mock2_hvcts_band,Council tax surcharge band from £1.5m,2030,131250.0,86986.266,86986.266
mock2_hvcts_band,Council tax surcharge band from £1.5m,2030,132000.0,87420.56,87420.56
mock2_hvcts_band,Council tax surcharge band from £1.5m,2030,132750.0,87854.87,87854.87
mock2_hvcts_band,Council tax surcharge band from £1.5m,2030,133500.0,88289.18,88289.18
mock2_hvcts_band,Council tax surcharge band from £1.5m,2030,134250.0,88723.484,88723.484
mock2_hvcts_band,Council tax surcharge band from £1.5m,2030,135000.0,89157.78,89157.78
mock2_hvcts_band,Council tax surcharge band from £1.5m,2030,135750.0,89572.445,89572.445
mock2_hvcts_band,Council tax surcharge band from £1.5m,2030,136500.0,89969.305,89969.305
mock2_hvcts_band,Council tax surcharge band from £1.5m,2030,137250.0,90366.18,90366.18
mock2_hvcts_band,Council tax surcharge band from £1.5m,2030,138000.0,90763.05,90763.05
mock2_hvcts_band,Council tax surcharge band from £1.5m,2030,138750.0,91159.91,91159.91
mock2_hvcts_band,Council tax surcharge band from £1.5m,2030,139500.0,91556.766,91556.766
mock2_hvcts_band,Council tax surcharge band from £1.5m,2030,140250.0,91953.625,91953.625
mock2_hvcts_band,Council tax surcharge band from £1.5m,2030,141000.0,92350.5,92350.5
mock2_hvcts_band,Council tax surcharge band from £1.5m,2030,141750.0,92747.36,92747.36
mock2_hvcts_band,Council tax surcharge band from £1.5m,2030,142500.0,93144.23,93144.23
mock2_hvcts_band,Council tax surcharge band from £1.5m,2030,143250.0,93541.086,93541.086
mock2_hvcts_band,Council tax surcharge band from £1.5m,2030,144000.0,93937.95,93937.95
mock2_hvcts_band,Council tax surcharge band from £1.5m,2030,144750.0,94334.82,94334.82
mock2_hvcts_band,Council tax surcharge band from £1.5m,2030,145500.0,94731.68,94731.68
mock2_hvcts_band,Council tax surcharge band from £1.5m,2030,146250.0,95128.55,95128.55
mock2_hvcts_band,Council tax surcharge band from £1.5m,2030,147000.0,95525.41,95525.41
mock2_hvcts_band,Council tax surcharge band from £1.5m,2030,147750.0,95922.266,95922.266
mock2_hvcts_band,Council tax surcharge band from £1.5m,2030,148500.0,96319.14,96319.14
mock2_hvcts_band,Council tax surcharge band from £1.5m,2030,149250.0,96716.0,96716.0
mock2_hvcts_band,Council tax surcharge band from £1.5m,2030,150000.0,97112.86,97112.86
mock2_state_pension_uprating,State Pension uprating: higher of CPI and 2.5%,2026,0.0,23876.223,23876.223
mock2_state_pension_uprating,State Pension uprating: higher of CPI and 2.5%,2026,750.0,24626.223,24626.223
mock2_state_pension_uprating,State Pension uprating: higher of CPI and 2.5%,2026,1500.0,25376.223,25376.223
mock2_state_pension_uprating,State Pension uprating: higher of CPI and 2.5%,2026,2250.0,26126.223,26126.223
mock2_state_pension_uprating,State Pension uprating: higher of CPI and 2.5%,2026,3000.0,26876.223,26876.223
mock2_state_pension_uprating,State Pension uprating: higher of CPI and 2.5%,2026,3750.0,27626.223,27626.223
mock2_state_pension_uprating,State Pension uprating: higher of CPI and 2.5%,2026,4500.0,28376.223,28376.223
mock2_state_pension_uprating,State Pension uprating: higher of CPI and 2.5%,2026,5250.0,29126.223,29126.223
mock2_state_pension_uprating,State Pension uprating: higher of CPI and 2.5%,2026,6000.0,29876.223,29876.223
mock2_state_pension_uprating,State Pension uprating: higher of CPI and 2.5%,2026,6750.0,30626.223,30626.223
mock2_state_pension_uprating,State Pension uprating: higher of CPI and 2.5%,2026,7500.0,31376.223,31376.223
mock2_state_pension_uprating,State Pension uprating: higher of CPI and 2.5%,2026,8250.0,32126.223,32126.223
mock2_state_pension_uprating,State Pension uprating: higher of CPI and 2.5%,2026,9000.0,32876.223,32876.223
mock2_state_pension_uprating,State Pension uprating: higher of CPI and 2.5%,2026,9750.0,33626.223,33626.223
mock2_state_pension_uprating,State Pension uprating: higher of CPI and 2.5%,2026,10500.0,34376.223,34376.223
mock2_state_pension_uprating,State Pension uprating: higher of CPI and 2.5%,2026,11250.0,35126.223,35126.223
mock2_state_pension_uprating,State Pension uprating: higher of CPI and 2.5%,2026,12000.0,35876.223,35876.223
mock2_state_pension_uprating,State Pension uprating: higher of CPI and 2.5%,2026,12750.0,36611.82,36611.82
mock2_state_pension_uprating,State Pension uprating: higher of CPI and 2.5%,2026,13500.0,37301.82,37301.82
mock2_state_pension_uprating,State Pension uprating: higher of CPI and 2.5%,2026,14250.0,37991.82,37991.82
mock2_state_pension_uprating,State Pension uprating: higher of CPI and 2.5%,2026,15000.0,38681.82,38681.82
mock2_state_pension_uprating,State Pension uprating: higher of CPI and 2.5%,2026,15750.0,39371.82,39371.82
mock2_state_pension_uprating,State Pension uprating: higher of CPI and 2.5%,2026,16500.0,40061.82,40061.82
mock2_state_pension_uprating,State Pension uprating: higher of CPI and 2.5%,2026,17250.0,40751.82,40751.82
mock2_state_pension_uprating,State Pension uprating: higher of CPI and 2.5%,2026,18000.0,41441.82,41441.82
mock2_state_pension_uprating,State Pension uprating: higher of CPI and 2.5%,2026,18750.0,42131.82,42131.82
mock2_state_pension_uprating,State Pension uprating: higher of CPI and 2.5%,2026,19500.0,42587.742,42587.742
mock2_state_pension_uprating,State Pension uprating: higher of CPI and 2.5%,2026,20250.0,42898.242,42898.242
mock2_state_pension_uprating,State Pension uprating: higher of CPI and 2.5%,2026,21000.0,43208.742,43208.742
mock2_state_pension_uprating,State Pension uprating: higher of CPI and 2.5%,2026,21750.0,43519.242,43519.242
mock2_state_pension_uprating,State Pension uprating: higher of CPI and 2.5%,2026,22500.0,43829.742,43829.742
mock2_state_pension_uprating,State Pension uprating: higher of CPI and 2.5%,2026,23250.0,44140.242,44140.242
mock2_state_pension_uprating,State Pension uprating: higher of CPI and 2.5%,2026,24000.0,44435.438,44435.438
mock2_state_pension_uprating,State Pension uprating: higher of CPI and 2.5%,2026,24750.0,44678.438,44678.438
mock2_state_pension_uprating,State Pension uprating: higher of CPI and 2.5%,2026,25500.0,44921.438,44921.438
mock2_state_pension_uprating,State Pension uprating: higher of CPI and 2.5%,2026,26250.0,45164.438,45164.438
mock2_state_pension_uprating,State Pension uprating: higher of CPI and 2.5%,2026,27000.0,45407.438,45407.438
mock2_state_pension_uprating,State Pension uprating: higher of CPI and 2.5%,2026,27750.0,45650.438,45650.438
mock2_state_pension_uprating,State Pension uprating: higher of CPI and 2.5%,2026,28500.0,45893.438,45893.438
mock2_state_pension_uprating,State Pension uprating: higher of CPI and 2.5%,2026,29250.0,46136.438,46136.438
mock2_state_pension_uprating,State Pension uprating: higher of CPI and 2.5%,2026,30000.0,46379.438,46379.438
mock2_state_pension_uprating,State Pension uprating: higher of CPI and 2.5%,2026,30750.0,46622.438,46622.438
mock2_state_pension_uprating,State Pension uprating: higher of CPI and 2.5%,2026,31500.0,46865.438,46865.438
mock2_state_pension_uprating,State Pension uprating: higher of CPI and 2.5%,2026,32250.0,47108.438,47108.438
mock2_state_pension_uprating,State Pension uprating: higher of CPI and 2.5%,2026,33000.0,47351.438,47351.438
mock2_state_pension_uprating,State Pension uprating: higher of CPI and 2.5%,2026,33750.0,47594.438,47594.438
mock2_state_pension_uprating,State Pension uprating: higher of CPI and 2.5%,2026,34500.0,47837.438,47837.438
mock2_state_pension_uprating,State Pension uprating: higher of CPI and 2.5%,2026,35250.0,48080.438,48080.438
mock2_state_pension_uprating,State Pension uprating: higher of CPI and 2.5%,2026,36000.0,48323.438,48323.438
mock2_state_pension_uprating,State Pension uprating: higher of CPI and 2.5%,2026,36750.0,48566.438,48566.438
mock2_state_pension_uprating,State Pension uprating: higher of CPI and 2.5%,2026,37500.0,48809.438,48809.438
mock2_state_pension_uprating,State Pension uprating: higher of CPI and 2.5%,2026,38250.0,49052.438,49052.438
mock2_state_pension_uprating,State Pension uprating: higher of CPI and 2.5%,2026,39000.0,49295.438,49295.438
mock2_state_pension_uprating,State Pension uprating: higher of CPI and 2.5%,2026,39750.0,49538.438,49538.438
mock2_state_pension_uprating,State Pension uprating: higher of CPI and 2.5%,2026,40500.0,49781.438,49781.438
mock2_state_pension_uprating,State Pension uprating: higher of CPI and 2.5%,2026,41250.0,50024.438,50024.438
mock2_state_pension_uprating,State Pension uprating: higher of CPI and 2.5%,2026,42000.0,50267.438,50267.438
mock2_state_pension_uprating,State Pension uprating: higher of CPI and 2.5%,2026,42750.0,50510.438,50510.438
mock2_state_pension_uprating,State Pension uprating: higher of CPI and 2.5%,2026,43500.0,50753.438,50753.438
mock2_state_pension_uprating,State Pension uprating: higher of CPI and 2.5%,2026,44250.0,50996.438,50996.438
mock2_state_pension_uprating,State Pension uprating: higher of CPI and 2.5%,2026,45000.0,51239.438,51239.438
mock2_state_pension_uprating,State Pension uprating: higher of CPI and 2.5%,2026,45750.0,51482.438,51482.438
mock2_state_pension_uprating,State Pension uprating: higher of CPI and 2.5%,2026,46500.0,51725.438,51725.438
mock2_state_pension_uprating,State Pension uprating: higher of CPI and 2.5%,2026,47250.0,51968.438,51968.438
mock2_state_pension_uprating,State Pension uprating: higher of CPI and 2.5%,2026,48000.0,52211.438,52211.438
mock2_state_pension_uprating,State Pension uprating: higher of CPI and 2.5%,2026,48750.0,52454.438,52454.438
mock2_state_pension_uprating,State Pension uprating: higher of CPI and 2.5%,2026,49500.0,52697.438,52697.438
mock2_state_pension_uprating,State Pension uprating: higher of CPI and 2.5%,2026,50250.0,52940.438,52940.438
mock2_state_pension_uprating,State Pension uprating: higher of CPI and 2.5%,2026,51000.0,53203.156,53203.156
mock2_state_pension_uprating,State Pension uprating: higher of CPI and 2.5%,2026,51750.0,53466.406,53466.406
mock2_state_pension_uprating,State Pension uprating: higher of CPI and 2.5%,2026,52500.0,53729.656,53729.656
mock2_state_pension_uprating,State Pension uprating: higher of CPI and 2.5%,2026,53250.0,53992.906,53992.906
mock2_state_pension_uprating,State Pension uprating: higher of CPI and 2.5%,2026,54000.0,54212.355,54212.355
mock2_state_pension_uprating,State Pension uprating: higher of CPI and 2.5%,2026,54750.0,54430.605,54430.605
mock2_state_pension_uprating,State Pension uprating: higher of CPI and 2.5%,2026,55500.0,54648.855,54648.855
mock2_state_pension_uprating,State Pension uprating: higher of CPI and 2.5%,2026,56250.0,54867.105,54867.105
mock2_state_pension_uprating,State Pension uprating: higher of CPI and 2.5%,2026,57000.0,55085.355,55085.355
mock2_state_pension_uprating,State Pension uprating: higher of CPI and 2.5%,2026,57750.0,55303.605,55303.605
mock2_state_pension_uprating,State Pension uprating: higher of CPI and 2.5%,2026,58500.0,55521.855,55521.855
mock2_state_pension_uprating,State Pension uprating: higher of CPI and 2.5%,2026,59250.0,55740.1,55740.1
mock2_state_pension_uprating,State Pension uprating: higher of CPI and 2.5%,2026,60000.0,55958.35,55958.35
mock2_state_pension_uprating,State Pension uprating: higher of CPI and 2.5%,2026,60750.0,55926.242,55926.242
mock2_state_pension_uprating,State Pension uprating: higher of CPI and 2.5%,2026,61500.0,55999.438,55999.438
mock2_state_pension_uprating,State Pension uprating: higher of CPI and 2.5%,2026,62250.0,56072.633,56072.633
mock2_state_pension_uprating,State Pension uprating: higher of CPI and 2.5%,2026,63000.0,56145.82,56145.82
mock2_state_pension_uprating,State Pension uprating: higher of CPI and 2.5%,2026,63750.0,56219.016,56219.016
mock2_state_pension_uprating,State Pension uprating: higher of CPI and 2.5%,2026,64500.0,56292.21,56292.21
mock2_state_pension_uprating,State Pension uprating: higher of CPI and 2.5%,2026,65250.0,56365.4,56365.4
mock2_state_pension_uprating,State Pension uprating: higher of CPI and 2.5%,2026,66000.0,56438.594,56438.594
mock2_state_pension_uprating,State Pension uprating: higher of CPI and 2.5%,2026,66750.0,56680.125,56680.125
mock2_state_pension_uprating,State Pension uprating: higher of CPI and 2.5%,2026,67500.0,56992.562,56992.562
mock2_state_pension_uprating,State Pension uprating: higher of CPI and 2.5%,2026,68250.0,57305.008,57305.008
mock2_state_pension_uprating,State Pension uprating: higher of CPI and 2.5%,2026,69000.0,57617.453,57617.453
mock2_state_pension_uprating,State Pension uprating: higher of CPI and 2.5%,2026,69750.0,57929.89,57929.89
mock2_state_pension_uprating,State Pension uprating: higher of CPI and 2.5%,2026,70500.0,58242.336,58242.336
mock2_state_pension_uprating,State Pension uprating: higher of CPI and 2.5%,2026,71250.0,58554.78,58554.78
mock2_state_pension_uprating,State Pension uprating: higher of CPI and 2.5%,2026,72000.0,58867.22,58867.22
mock2_state_pension_uprating,State Pension uprating: higher of CPI and 2.5%,2026,72750.0,59179.656,59179.656
mock2_state_pension_uprating,State Pension uprating: higher of CPI and 2.5%,2026,73500.0,59492.1,59492.1
mock2_state_pension_uprating,State Pension uprating: higher of CPI and 2.5%,2026,74250.0,59804.547,59804.547
mock2_state_pension_uprating,State Pension uprating: higher of CPI and 2.5%,2026,75000.0,60116.984,60116.984
mock2_state_pension_uprating,State Pension uprating: higher of CPI and 2.5%,2026,75750.0,60429.43,60429.43
mock2_state_pension_uprating,State Pension uprating: higher of CPI and 2.5%,2026,76500.0,60741.875,60741.875
mock2_state_pension_uprating,State Pension uprating: higher of CPI and 2.5%,2026,77250.0,61054.312,61054.312
mock2_state_pension_uprating,State Pension uprating: higher of CPI and 2.5%,2026,78000.0,61366.758,61366.758
mock2_state_pension_uprating,State Pension uprating: higher of CPI and 2.5%,2026,78750.0,61679.203,61679.203
mock2_state_pension_uprating,State Pension uprating: higher of CPI and 2.5%,2026,79500.0,61991.64,61991.64
mock2_state_pension_uprating,State Pension uprating: higher of CPI and 2.5%,2026,80250.0,62344.938,62344.938
mock2_state_pension_uprating,State Pension uprating: higher of CPI and 2.5%,2026,81000.0,62779.938,62779.938
mock2_state_pension_uprating,State Pension uprating: higher of CPI and 2.5%,2026,81750.0,63214.938,63214.938
mock2_state_pension_uprating,State Pension uprating: higher of CPI and 2.5%,2026,82500.0,63649.938,63649.938
mock2_state_pension_uprating,State Pension uprating: higher of CPI and 2.5%,2026,83250.0,64084.938,64084.938
mock2_state_pension_uprating,State Pension uprating: higher of CPI and 2.5%,2026,84000.0,64519.938,64519.938
mock2_state_pension_uprating,State Pension uprating: higher of CPI and 2.5%,2026,84750.0,64954.938,64954.938
mock2_state_pension_uprating,State Pension uprating: higher of CPI and 2.5%,2026,85500.0,65389.938,65389.938
mock2_state_pension_uprating,State Pension uprating: higher of CPI and 2.5%,2026,86250.0,65824.94,65824.94
mock2_state_pension_uprating,State Pension uprating: higher of CPI and 2.5%,2026,87000.0,66259.94,66259.94
mock2_state_pension_uprating,State Pension uprating: higher of CPI and 2.5%,2026,87750.0,66694.94,66694.94
mock2_state_pension_uprating,State Pension uprating: higher of CPI and 2.5%,2026,88500.0,67129.94,67129.94
mock2_state_pension_uprating,State Pension uprating: higher of CPI and 2.5%,2026,89250.0,67564.94,67564.94
mock2_state_pension_uprating,State Pension uprating: higher of CPI and 2.5%,2026,90000.0,67999.94,67999.94
mock2_state_pension_uprating,State Pension uprating: higher of CPI and 2.5%,2026,90750.0,68434.94,68434.94
mock2_state_pension_uprating,State Pension uprating: higher of CPI and 2.5%,2026,91500.0,68869.94,68869.94
mock2_state_pension_uprating,State Pension uprating: higher of CPI and 2.5%,2026,92250.0,69304.94,69304.94
mock2_state_pension_uprating,State Pension uprating: higher of CPI and 2.5%,2026,93000.0,69739.94,69739.94
mock2_state_pension_uprating,State Pension uprating: higher of CPI and 2.5%,2026,93750.0,70174.94,70174.94
mock2_state_pension_uprating,State Pension uprating: higher of CPI and 2.5%,2026,94500.0,70609.94,70609.94
mock2_state_pension_uprating,State Pension uprating: higher of CPI and 2.5%,2026,95250.0,71044.94,71044.94
mock2_state_pension_uprating,State Pension uprating: higher of CPI and 2.5%,2026,96000.0,71479.94,71479.94
mock2_state_pension_uprating,State Pension uprating: higher of CPI and 2.5%,2026,96750.0,71914.94,71914.94
mock2_state_pension_uprating,State Pension uprating: higher of CPI and 2.5%,2026,97500.0,72349.94,72349.94
mock2_state_pension_uprating,State Pension uprating: higher of CPI and 2.5%,2026,98250.0,72784.94,72784.94
mock2_state_pension_uprating,State Pension uprating: higher of CPI and 2.5%,2026,99000.0,73219.94,73219.94
mock2_state_pension_uprating,State Pension uprating: higher of CPI and 2.5%,2026,99750.0,73654.94,73654.94
mock2_state_pension_uprating,State Pension uprating: higher of CPI and 2.5%,2026,100500.0,73989.94,73989.94
mock2_state_pension_uprating,State Pension uprating: higher of CPI and 2.5%,2026,101250.0,74274.94,74274.94
mock2_state_pension_uprating,State Pension uprating: higher of CPI and 2.5%,2026,102000.0,74559.94,74559.94
mock2_state_pension_uprating,State Pension uprating: higher of CPI and 2.5%,2026,102750.0,74844.94,74844.94
mock2_state_pension_uprating,State Pension uprating: higher of CPI and 2.5%,2026,103500.0,75129.94,75129.94
mock2_state_pension_uprating,State Pension uprating: higher of CPI and 2.5%,2026,104250.0,75414.94,75414.94
mock2_state_pension_uprating,State Pension uprating: higher of CPI and 2.5%,2026,105000.0,75699.94,75699.94
mock2_state_pension_uprating,State Pension uprating: higher of CPI and 2.5%,2026,105750.0,75984.94,75984.94
mock2_state_pension_uprating,State Pension uprating: higher of CPI and 2.5%,2026,106500.0,76269.94,76269.94
mock2_state_pension_uprating,State Pension uprating: higher of CPI and 2.5%,2026,107250.0,76554.94,76554.94
mock2_state_pension_uprating,State Pension uprating: higher of CPI and 2.5%,2026,108000.0,76839.94,76839.94
mock2_state_pension_uprating,State Pension uprating: higher of CPI and 2.5%,2026,108750.0,77124.94,77124.94
mock2_state_pension_uprating,State Pension uprating: higher of CPI and 2.5%,2026,109500.0,77409.94,77409.94
mock2_state_pension_uprating,State Pension uprating: higher of CPI and 2.5%,2026,110250.0,77694.94,77694.94
mock2_state_pension_uprating,State Pension uprating: higher of CPI and 2.5%,2026,111000.0,77979.94,77979.94
mock2_state_pension_uprating,State Pension uprating: higher of CPI and 2.5%,2026,111750.0,78264.94,78264.94
mock2_state_pension_uprating,State Pension uprating: higher of CPI and 2.5%,2026,112500.0,78549.94,78549.94
mock2_state_pension_uprating,State Pension uprating: higher of CPI and 2.5%,2026,113250.0,78834.94,78834.94
mock2_state_pension_uprating,State Pension uprating: higher of CPI and 2.5%,2026,114000.0,79119.94,79119.94
mock2_state_pension_uprating,State Pension uprating: higher of CPI and 2.5%,2026,114750.0,79404.94,79404.94
mock2_state_pension_uprating,State Pension uprating: higher of CPI and 2.5%,2026,115500.0,79689.94,79689.94
mock2_state_pension_uprating,State Pension uprating: higher of CPI and 2.5%,2026,116250.0,79974.94,79974.94
mock2_state_pension_uprating,State Pension uprating: higher of CPI and 2.5%,2026,117000.0,80259.94,80259.94
mock2_state_pension_uprating,State Pension uprating: higher of CPI and 2.5%,2026,117750.0,80544.94,80544.94
mock2_state_pension_uprating,State Pension uprating: higher of CPI and 2.5%,2026,118500.0,80829.94,80829.94
mock2_state_pension_uprating,State Pension uprating: higher of CPI and 2.5%,2026,119250.0,81114.94,81114.94
mock2_state_pension_uprating,State Pension uprating: higher of CPI and 2.5%,2026,120000.0,81399.94,81399.94
mock2_state_pension_uprating,State Pension uprating: higher of CPI and 2.5%,2026,120750.0,81684.94,81684.94
mock2_state_pension_uprating,State Pension uprating: higher of CPI and 2.5%,2026,121500.0,81969.94,81969.94
mock2_state_pension_uprating,State Pension uprating: higher of CPI and 2.5%,2026,122250.0,82254.94,82254.94
mock2_state_pension_uprating,State Pension uprating: higher of CPI and 2.5%,2026,123000.0,82539.94,82539.94
mock2_state_pension_uprating,State Pension uprating: higher of CPI and 2.5%,2026,123750.0,82824.94,82824.94
mock2_state_pension_uprating,State Pension uprating: higher of CPI and 2.5%,2026,124500.0,83109.94,83109.94
mock2_state_pension_uprating,State Pension uprating: higher of CPI and 2.5%,2026,125250.0,83416.94,83416.94
mock2_state_pension_uprating,State Pension uprating: higher of CPI and 2.5%,2026,126000.0,83851.94,83851.94
mock2_state_pension_uprating,State Pension uprating: higher of CPI and 2.5%,2026,126750.0,84286.94,84286.94
mock2_state_pension_uprating,State Pension uprating: higher of CPI and 2.5%,2026,127500.0,84721.94,84721.94
mock2_state_pension_uprating,State Pension uprating: higher of CPI and 2.5%,2026,128250.0,85156.94,85156.94
mock2_state_pension_uprating,State Pension uprating: higher of CPI and 2.5%,2026,129000.0,85591.94,85591.94
mock2_state_pension_uprating,State Pension uprating: higher of CPI and 2.5%,2026,129750.0,86026.94,86026.94
mock2_state_pension_uprating,State Pension uprating: higher of CPI and 2.5%,2026,130500.0,86461.94,86461.94
mock2_state_pension_uprating,State Pension uprating: higher of CPI and 2.5%,2026,131250.0,86896.94,86896.94
mock2_state_pension_uprating,State Pension uprating: higher of CPI and 2.5%,2026,132000.0,87331.94,87331.94
mock2_state_pension_uprating,State Pension uprating: higher of CPI and 2.5%,2026,132750.0,87766.94,87766.94
mock2_state_pension_uprating,State Pension uprating: higher of CPI and 2.5%,2026,133500.0,88201.94,88201.94
mock2_state_pension_uprating,State Pension uprating: higher of CPI and 2.5%,2026,134250.0,88636.94,88636.94
mock2_state_pension_uprating,State Pension uprating: higher of CPI and 2.5%,2026,135000.0,89071.94,89071.94
mock2_state_pension_uprating,State Pension uprating: higher of CPI and 2.5%,2026,135750.0,89476.44,89476.44
mock2_state_pension_uprating,State Pension uprating: higher of CPI and 2.5%,2026,136500.0,89873.94,89873.94
mock2_state_pension_uprating,State Pension uprating: higher of CPI and 2.5%,2026,137250.0,90271.44,90271.44
mock2_state_pension_uprating,State Pension uprating: higher of CPI and 2.5%,2026,138000.0,90668.94,90668.94
mock2_state_pension_uprating,State Pension uprating: higher of CPI and 2.5%,2026,138750.0,91066.44,91066.44
mock2_state_pension_uprating,State Pension uprating: higher of CPI and 2.5%,2026,139500.0,91463.94,91463.94
mock2_state_pension_uprating,State Pension uprating: higher of CPI and 2.5%,2026,140250.0,91861.44,91861.44
mock2_state_pension_uprating,State Pension uprating: higher of CPI and 2.5%,2026,141000.0,92258.94,92258.94
mock2_state_pension_uprating,State Pension uprating: higher of CPI and 2.5%,2026,141750.0,92656.44,92656.44
mock2_state_pension_uprating,State Pension uprating: higher of CPI and 2.5%,2026,142500.0,93053.94,93053.94
mock2_state_pension_uprating,State Pension uprating: higher of CPI and 2.5%,2026,143250.0,93451.44,93451.44
mock2_state_pension_uprating,State Pension uprating: higher of CPI and 2.5%,2026,144000.0,93848.94,93848.94
mock2_state_pension_uprating,State Pension uprating: higher of CPI and 2.5%,2026,144750.0,94246.44,94246.44
mock2_state_pension_uprating,State Pension uprating: higher of CPI and 2.5%,2026,145500.0,94643.94,94643.94
mock2_state_pension_uprating,State Pension uprating: higher of CPI and 2.5%,2026,146250.0,95041.44,95041.44
mock2_state_pension_uprating,State Pension uprating: higher of CPI and 2.5%,2026,147000.0,95438.94,95438.94
mock2_state_pension_uprating,State Pension uprating: higher of CPI and 2.5%,2026,147750.0,95836.44,95836.44
mock2_state_pension_uprating,State Pension uprating: higher of CPI and 2.5%,2026,148500.0,96233.94,96233.94
mock2_state_pension_uprating,State Pension uprating: higher of CPI and 2.5%,2026,149250.0,96631.44,96631.44
mock2_state_pension_uprating,State Pension uprating: higher of CPI and 2.5%,2026,150000.0,97028.94,97028.94
mock2_state_pension_uprating,State Pension uprating: higher of CPI and 2.5%,2027,0.0,24420.266,24420.266
mock2_state_pension_uprating,State Pension uprating: higher of CPI and 2.5%,2027,750.0,25170.266,25170.266
mock2_state_pension_uprating,State Pension uprating: higher of CPI and 2.5%,2027,1500.0,25920.266,25920.266
mock2_state_pension_uprating,State Pension uprating: higher of CPI and 2.5%,2027,2250.0,26670.266,26670.266
mock2_state_pension_uprating,State Pension uprating: higher of CPI and 2.5%,2027,3000.0,27420.266,27420.266
mock2_state_pension_uprating,State Pension uprating: higher of CPI and 2.5%,2027,3750.0,28170.266,28170.266
mock2_state_pension_uprating,State Pension uprating: higher of CPI and 2.5%,2027,4500.0,28920.266,28920.266
mock2_state_pension_uprating,State Pension uprating: higher of CPI and 2.5%,2027,5250.0,29670.266,29670.266
mock2_state_pension_uprating,State Pension uprating: higher of CPI and 2.5%,2027,6000.0,30420.266,30420.266
mock2_state_pension_uprating,State Pension uprating: higher of CPI and 2.5%,2027,6750.0,31170.266,31170.266
mock2_state_pension_uprating,State Pension uprating: higher of CPI and 2.5%,2027,7500.0,31920.266,31920.266
mock2_state_pension_uprating,State Pension uprating: higher of CPI and 2.5%,2027,8250.0,32670.266,32670.266
mock2_state_pension_uprating,State Pension uprating: higher of CPI and 2.5%,2027,9000.0,33420.266,33420.266
mock2_state_pension_uprating,State Pension uprating: higher of CPI and 2.5%,2027,9750.0,34170.266,34170.266
mock2_state_pension_uprating,State Pension uprating: higher of CPI and 2.5%,2027,10500.0,34920.266,34920.266
mock2_state_pension_uprating,State Pension uprating: higher of CPI and 2.5%,2027,11250.0,35670.266,35670.266
mock2_state_pension_uprating,State Pension uprating: higher of CPI and 2.5%,2027,12000.0,36420.266,36420.266
mock2_state_pension_uprating,State Pension uprating: higher of CPI and 2.5%,2027,12750.0,37155.86,37155.86
mock2_state_pension_uprating,State Pension uprating: higher of CPI and 2.5%,2027,13500.0,37845.86,37845.86
mock2_state_pension_uprating,State Pension uprating: higher of CPI and 2.5%,2027,14250.0,38535.86,38535.86
mock2_state_pension_uprating,State Pension uprating: higher of CPI and 2.5%,2027,15000.0,39225.86,39225.86
mock2_state_pension_uprating,State Pension uprating: higher of CPI and 2.5%,2027,15750.0,39915.86,39915.86
mock2_state_pension_uprating,State Pension uprating: higher of CPI and 2.5%,2027,16500.0,40605.86,40605.86
mock2_state_pension_uprating,State Pension uprating: higher of CPI and 2.5%,2027,17250.0,41295.86,41295.86
mock2_state_pension_uprating,State Pension uprating: higher of CPI and 2.5%,2027,18000.0,41985.86,41985.86
mock2_state_pension_uprating,State Pension uprating: higher of CPI and 2.5%,2027,18750.0,42675.86,42675.86
mock2_state_pension_uprating,State Pension uprating: higher of CPI and 2.5%,2027,19500.0,43239.547,43239.547
mock2_state_pension_uprating,State Pension uprating: higher of CPI and 2.5%,2027,20250.0,43550.047,43550.047
mock2_state_pension_uprating,State Pension uprating: higher of CPI and 2.5%,2027,21000.0,43860.547,43860.547
mock2_state_pension_uprating,State Pension uprating: higher of CPI and 2.5%,2027,21750.0,44171.047,44171.047
mock2_state_pension_uprating,State Pension uprating: higher of CPI and 2.5%,2027,22500.0,44481.547,44481.547
mock2_state_pension_uprating,State Pension uprating: higher of CPI and 2.5%,2027,23250.0,44792.047,44792.047
mock2_state_pension_uprating,State Pension uprating: higher of CPI and 2.5%,2027,24000.0,45087.25,45087.25
mock2_state_pension_uprating,State Pension uprating: higher of CPI and 2.5%,2027,24750.0,45330.25,45330.25
mock2_state_pension_uprating,State Pension uprating: higher of CPI and 2.5%,2027,25500.0,45573.25,45573.25
mock2_state_pension_uprating,State Pension uprating: higher of CPI and 2.5%,2027,26250.0,45816.25,45816.25
mock2_state_pension_uprating,State Pension uprating: higher of CPI and 2.5%,2027,27000.0,46059.25,46059.25
mock2_state_pension_uprating,State Pension uprating: higher of CPI and 2.5%,2027,27750.0,46302.25,46302.25
mock2_state_pension_uprating,State Pension uprating: higher of CPI and 2.5%,2027,28500.0,46545.25,46545.25
mock2_state_pension_uprating,State Pension uprating: higher of CPI and 2.5%,2027,29250.0,46788.25,46788.25
mock2_state_pension_uprating,State Pension uprating: higher of CPI and 2.5%,2027,30000.0,47031.25,47031.25
mock2_state_pension_uprating,State Pension uprating: higher of CPI and 2.5%,2027,30750.0,47274.25,47274.25
mock2_state_pension_uprating,State Pension uprating: higher of CPI and 2.5%,2027,31500.0,47517.25,47517.25
mock2_state_pension_uprating,State Pension uprating: higher of CPI and 2.5%,2027,32250.0,47760.25,47760.25
mock2_state_pension_uprating,State Pension uprating: higher of CPI and 2.5%,2027,33000.0,48003.25,48003.25
mock2_state_pension_uprating,State Pension uprating: higher of CPI and 2.5%,2027,33750.0,48246.25,48246.25
mock2_state_pension_uprating,State Pension uprating: higher of CPI and 2.5%,2027,34500.0,48489.25,48489.25
mock2_state_pension_uprating,State Pension uprating: higher of CPI and 2.5%,2027,35250.0,48732.25,48732.25
mock2_state_pension_uprating,State Pension uprating: higher of CPI and 2.5%,2027,36000.0,48975.25,48975.25
mock2_state_pension_uprating,State Pension uprating: higher of CPI and 2.5%,2027,36750.0,49218.25,49218.25
mock2_state_pension_uprating,State Pension uprating: higher of CPI and 2.5%,2027,37500.0,49461.25,49461.25
mock2_state_pension_uprating,State Pension uprating: higher of CPI and 2.5%,2027,38250.0,49704.25,49704.25
mock2_state_pension_uprating,State Pension uprating: higher of CPI and 2.5%,2027,39000.0,49947.25,49947.25
mock2_state_pension_uprating,State Pension uprating: higher of CPI and 2.5%,2027,39750.0,50190.25,50190.25
mock2_state_pension_uprating,State Pension uprating: higher of CPI and 2.5%,2027,40500.0,50433.25,50433.25
mock2_state_pension_uprating,State Pension uprating: higher of CPI and 2.5%,2027,41250.0,50676.25,50676.25
mock2_state_pension_uprating,State Pension uprating: higher of CPI and 2.5%,2027,42000.0,50919.25,50919.25
mock2_state_pension_uprating,State Pension uprating: higher of CPI and 2.5%,2027,42750.0,51162.25,51162.25
mock2_state_pension_uprating,State Pension uprating: higher of CPI and 2.5%,2027,43500.0,51405.25,51405.25
mock2_state_pension_uprating,State Pension uprating: higher of CPI and 2.5%,2027,44250.0,51648.25,51648.25
mock2_state_pension_uprating,State Pension uprating: higher of CPI and 2.5%,2027,45000.0,51891.25,51891.25
mock2_state_pension_uprating,State Pension uprating: higher of CPI and 2.5%,2027,45750.0,52134.25,52134.25
mock2_state_pension_uprating,State Pension uprating: higher of CPI and 2.5%,2027,46500.0,52377.25,52377.25
mock2_state_pension_uprating,State Pension uprating: higher of CPI and 2.5%,2027,47250.0,52620.25,52620.25
mock2_state_pension_uprating,State Pension uprating: higher of CPI and 2.5%,2027,48000.0,52863.25,52863.25
mock2_state_pension_uprating,State Pension uprating: higher of CPI and 2.5%,2027,48750.0,53106.25,53106.25
mock2_state_pension_uprating,State Pension uprating: higher of CPI and 2.5%,2027,49500.0,53349.25,53349.25
mock2_state_pension_uprating,State Pension uprating: higher of CPI and 2.5%,2027,50250.0,53592.25,53592.25
mock2_state_pension_uprating,State Pension uprating: higher of CPI and 2.5%,2027,51000.0,53854.96,53854.96
mock2_state_pension_uprating,State Pension uprating: higher of CPI and 2.5%,2027,51750.0,54118.21,54118.21
mock2_state_pension_uprating,State Pension uprating: higher of CPI and 2.5%,2027,52500.0,54381.46,54381.46
mock2_state_pension_uprating,State Pension uprating: higher of CPI and 2.5%,2027,53250.0,54644.71,54644.71
mock2_state_pension_uprating,State Pension uprating: higher of CPI and 2.5%,2027,54000.0,54864.16,54864.16
mock2_state_pension_uprating,State Pension uprating: higher of CPI and 2.5%,2027,54750.0,55082.41,55082.41
mock2_state_pension_uprating,State Pension uprating: higher of CPI and 2.5%,2027,55500.0,55300.66,55300.66
mock2_state_pension_uprating,State Pension uprating: higher of CPI and 2.5%,2027,56250.0,55518.91,55518.91
mock2_state_pension_uprating,State Pension uprating: higher of CPI and 2.5%,2027,57000.0,55737.156,55737.156
mock2_state_pension_uprating,State Pension uprating: higher of CPI and 2.5%,2027,57750.0,55955.406,55955.406
mock2_state_pension_uprating,State Pension uprating: higher of CPI and 2.5%,2027,58500.0,56173.656,56173.656
mock2_state_pension_uprating,State Pension uprating: higher of CPI and 2.5%,2027,59250.0,56391.906,56391.906
mock2_state_pension_uprating,State Pension uprating: higher of CPI and 2.5%,2027,60000.0,56610.156,56610.156
mock2_state_pension_uprating,State Pension uprating: higher of CPI and 2.5%,2027,60750.0,56575.234,56575.234
mock2_state_pension_uprating,State Pension uprating: higher of CPI and 2.5%,2027,61500.0,56645.61,56645.61
mock2_state_pension_uprating,State Pension uprating: higher of CPI and 2.5%,2027,62250.0,56715.984,56715.984
mock2_state_pension_uprating,State Pension uprating: higher of CPI and 2.5%,2027,63000.0,56786.35,56786.35
mock2_state_pension_uprating,State Pension uprating: higher of CPI and 2.5%,2027,63750.0,56856.727,56856.727
mock2_state_pension_uprating,State Pension uprating: higher of CPI and 2.5%,2027,64500.0,56927.1,56927.1
mock2_state_pension_uprating,State Pension uprating: higher of CPI and 2.5%,2027,65250.0,56997.477,56997.477
mock2_state_pension_uprating,State Pension uprating: higher of CPI and 2.5%,2027,66000.0,57067.85,57067.85
mock2_state_pension_uprating,State Pension uprating: higher of CPI and 2.5%,2027,66750.0,57138.227,57138.227
mock2_state_pension_uprating,State Pension uprating: higher of CPI and 2.5%,2027,67500.0,57208.594,57208.594
mock2_state_pension_uprating,State Pension uprating: higher of CPI and 2.5%,2027,68250.0,57382.344,57382.344
mock2_state_pension_uprating,State Pension uprating: higher of CPI and 2.5%,2027,69000.0,57691.97,57691.97
mock2_state_pension_uprating,State Pension uprating: higher of CPI and 2.5%,2027,69750.0,58001.594,58001.594
mock2_state_pension_uprating,State Pension uprating: higher of CPI and 2.5%,2027,70500.0,58311.22,58311.22
mock2_state_pension_uprating,State Pension uprating: higher of CPI and 2.5%,2027,71250.0,58620.844,58620.844
mock2_state_pension_uprating,State Pension uprating: higher of CPI and 2.5%,2027,72000.0,58930.47,58930.47
mock2_state_pension_uprating,State Pension uprating: higher of CPI and 2.5%,2027,72750.0,59240.094,59240.094
mock2_state_pension_uprating,State Pension uprating: higher of CPI and 2.5%,2027,73500.0,59549.72,59549.72
mock2_state_pension_uprating,State Pension uprating: higher of CPI and 2.5%,2027,74250.0,59859.344,59859.344
mock2_state_pension_uprating,State Pension uprating: higher of CPI and 2.5%,2027,75000.0,60168.96,60168.96
mock2_state_pension_uprating,State Pension uprating: higher of CPI and 2.5%,2027,75750.0,60478.586,60478.586
mock2_state_pension_uprating,State Pension uprating: higher of CPI and 2.5%,2027,76500.0,60788.21,60788.21
mock2_state_pension_uprating,State Pension uprating: higher of CPI and 2.5%,2027,77250.0,61097.836,61097.836
mock2_state_pension_uprating,State Pension uprating: higher of CPI and 2.5%,2027,78000.0,61407.46,61407.46
mock2_state_pension_uprating,State Pension uprating: higher of CPI and 2.5%,2027,78750.0,61717.08,61717.08
mock2_state_pension_uprating,State Pension uprating: higher of CPI and 2.5%,2027,79500.0,62026.703,62026.703
mock2_state_pension_uprating,State Pension uprating: higher of CPI and 2.5%,2027,80250.0,62378.125,62378.125
mock2_state_pension_uprating,State Pension uprating: higher of CPI and 2.5%,2027,81000.0,62813.125,62813.125
mock2_state_pension_uprating,State Pension uprating: higher of CPI and 2.5%,2027,81750.0,63248.125,63248.125
mock2_state_pension_uprating,State Pension uprating: higher of CPI and 2.5%,2027,82500.0,63683.125,63683.125
mock2_state_pension_uprating,State Pension uprating: higher of CPI and 2.5%,2027,83250.0,64118.125,64118.125
mock2_state_pension_uprating,State Pension uprating: higher of CPI and 2.5%,2027,84000.0,64553.125,64553.125
mock2_state_pension_uprating,State Pension uprating: higher of CPI and 2.5%,2027,84750.0,64988.125,64988.125
mock2_state_pension_uprating,State Pension uprating: higher of CPI and 2.5%,2027,85500.0,65423.125,65423.125
mock2_state_pension_uprating,State Pension uprating: higher of CPI and 2.5%,2027,86250.0,65858.125,65858.125
mock2_state_pension_uprating,State Pension uprating: higher of CPI and 2.5%,2027,87000.0,66293.125,66293.125
mock2_state_pension_uprating,State Pension uprating: higher of CPI and 2.5%,2027,87750.0,66728.125,66728.125
mock2_state_pension_uprating,State Pension uprating: higher of CPI and 2.5%,2027,88500.0,67163.125,67163.125
mock2_state_pension_uprating,State Pension uprating: higher of CPI and 2.5%,2027,89250.0,67598.125,67598.125
mock2_state_pension_uprating,State Pension uprating: higher of CPI and 2.5%,2027,90000.0,68033.125,68033.125
mock2_state_pension_uprating,State Pension uprating: higher of CPI and 2.5%,2027,90750.0,68468.125,68468.125
mock2_state_pension_uprating,State Pension uprating: higher of CPI and 2.5%,2027,91500.0,68903.125,68903.125
mock2_state_pension_uprating,State Pension uprating: higher of CPI and 2.5%,2027,92250.0,69338.125,69338.125
mock2_state_pension_uprating,State Pension uprating: higher of CPI and 2.5%,2027,93000.0,69773.125,69773.125
mock2_state_pension_uprating,State Pension uprating: higher of CPI and 2.5%,2027,93750.0,70208.125,70208.125
mock2_state_pension_uprating,State Pension uprating: higher of CPI and 2.5%,2027,94500.0,70643.125,70643.125
mock2_state_pension_uprating,State Pension uprating: higher of CPI and 2.5%,2027,95250.0,71078.125,71078.125
mock2_state_pension_uprating,State Pension uprating: higher of CPI and 2.5%,2027,96000.0,71513.125,71513.125
mock2_state_pension_uprating,State Pension uprating: higher of CPI and 2.5%,2027,96750.0,71948.125,71948.125
mock2_state_pension_uprating,State Pension uprating: higher of CPI and 2.5%,2027,97500.0,72383.125,72383.125
mock2_state_pension_uprating,State Pension uprating: higher of CPI and 2.5%,2027,98250.0,72818.125,72818.125
mock2_state_pension_uprating,State Pension uprating: higher of CPI and 2.5%,2027,99000.0,73253.125,73253.125
mock2_state_pension_uprating,State Pension uprating: higher of CPI and 2.5%,2027,99750.0,73688.125,73688.125
mock2_state_pension_uprating,State Pension uprating: higher of CPI and 2.5%,2027,100500.0,74023.125,74023.125
mock2_state_pension_uprating,State Pension uprating: higher of CPI and 2.5%,2027,101250.0,74308.125,74308.125
mock2_state_pension_uprating,State Pension uprating: higher of CPI and 2.5%,2027,102000.0,74593.125,74593.125
mock2_state_pension_uprating,State Pension uprating: higher of CPI and 2.5%,2027,102750.0,74878.125,74878.125
mock2_state_pension_uprating,State Pension uprating: higher of CPI and 2.5%,2027,103500.0,75163.125,75163.125
mock2_state_pension_uprating,State Pension uprating: higher of CPI and 2.5%,2027,104250.0,75448.125,75448.125
mock2_state_pension_uprating,State Pension uprating: higher of CPI and 2.5%,2027,105000.0,75733.125,75733.125
mock2_state_pension_uprating,State Pension uprating: higher of CPI and 2.5%,2027,105750.0,76018.125,76018.125
mock2_state_pension_uprating,State Pension uprating: higher of CPI and 2.5%,2027,106500.0,76303.125,76303.125
mock2_state_pension_uprating,State Pension uprating: higher of CPI and 2.5%,2027,107250.0,76588.125,76588.125
mock2_state_pension_uprating,State Pension uprating: higher of CPI and 2.5%,2027,108000.0,76873.125,76873.125
mock2_state_pension_uprating,State Pension uprating: higher of CPI and 2.5%,2027,108750.0,77158.125,77158.125
mock2_state_pension_uprating,State Pension uprating: higher of CPI and 2.5%,2027,109500.0,77443.125,77443.125
mock2_state_pension_uprating,State Pension uprating: higher of CPI and 2.5%,2027,110250.0,77728.125,77728.125
mock2_state_pension_uprating,State Pension uprating: higher of CPI and 2.5%,2027,111000.0,78013.125,78013.125
mock2_state_pension_uprating,State Pension uprating: higher of CPI and 2.5%,2027,111750.0,78298.125,78298.125
mock2_state_pension_uprating,State Pension uprating: higher of CPI and 2.5%,2027,112500.0,78583.125,78583.125
mock2_state_pension_uprating,State Pension uprating: higher of CPI and 2.5%,2027,113250.0,78868.125,78868.125
mock2_state_pension_uprating,State Pension uprating: higher of CPI and 2.5%,2027,114000.0,79153.125,79153.125
mock2_state_pension_uprating,State Pension uprating: higher of CPI and 2.5%,2027,114750.0,79438.125,79438.125
mock2_state_pension_uprating,State Pension uprating: higher of CPI and 2.5%,2027,115500.0,79723.125,79723.125
mock2_state_pension_uprating,State Pension uprating: higher of CPI and 2.5%,2027,116250.0,80008.125,80008.125
mock2_state_pension_uprating,State Pension uprating: higher of CPI and 2.5%,2027,117000.0,80293.125,80293.125
mock2_state_pension_uprating,State Pension uprating: higher of CPI and 2.5%,2027,117750.0,80578.125,80578.125
mock2_state_pension_uprating,State Pension uprating: higher of CPI and 2.5%,2027,118500.0,80863.125,80863.125
mock2_state_pension_uprating,State Pension uprating: higher of CPI and 2.5%,2027,119250.0,81148.125,81148.125
mock2_state_pension_uprating,State Pension uprating: higher of CPI and 2.5%,2027,120000.0,81433.125,81433.125
mock2_state_pension_uprating,State Pension uprating: higher of CPI and 2.5%,2027,120750.0,81718.125,81718.125
mock2_state_pension_uprating,State Pension uprating: higher of CPI and 2.5%,2027,121500.0,82003.125,82003.125
mock2_state_pension_uprating,State Pension uprating: higher of CPI and 2.5%,2027,122250.0,82288.125,82288.125
mock2_state_pension_uprating,State Pension uprating: higher of CPI and 2.5%,2027,123000.0,82573.125,82573.125
mock2_state_pension_uprating,State Pension uprating: higher of CPI and 2.5%,2027,123750.0,82858.125,82858.125
mock2_state_pension_uprating,State Pension uprating: higher of CPI and 2.5%,2027,124500.0,83143.125,83143.125
mock2_state_pension_uprating,State Pension uprating: higher of CPI and 2.5%,2027,125250.0,83450.125,83450.125
mock2_state_pension_uprating,State Pension uprating: higher of CPI and 2.5%,2027,126000.0,83885.125,83885.125
mock2_state_pension_uprating,State Pension uprating: higher of CPI and 2.5%,2027,126750.0,84320.125,84320.125
mock2_state_pension_uprating,State Pension uprating: higher of CPI and 2.5%,2027,127500.0,84755.125,84755.125
mock2_state_pension_uprating,State Pension uprating: higher of CPI and 2.5%,2027,128250.0,85190.125,85190.125
mock2_state_pension_uprating,State Pension uprating: higher of CPI and 2.5%,2027,129000.0,85625.125,85625.125
mock2_state_pension_uprating,State Pension uprating: higher of CPI and 2.5%,2027,129750.0,86060.125,86060.125
mock2_state_pension_uprating,State Pension uprating: higher of CPI and 2.5%,2027,130500.0,86495.125,86495.125
mock2_state_pension_uprating,State Pension uprating: higher of CPI and 2.5%,2027,131250.0,86930.125,86930.125
mock2_state_pension_uprating,State Pension uprating: higher of CPI and 2.5%,2027,132000.0,87365.125,87365.125
mock2_state_pension_uprating,State Pension uprating: higher of CPI and 2.5%,2027,132750.0,87800.125,87800.125
mock2_state_pension_uprating,State Pension uprating: higher of CPI and 2.5%,2027,133500.0,88235.125,88235.125
mock2_state_pension_uprating,State Pension uprating: higher of CPI and 2.5%,2027,134250.0,88670.125,88670.125
mock2_state_pension_uprating,State Pension uprating: higher of CPI and 2.5%,2027,135000.0,89105.125,89105.125
mock2_state_pension_uprating,State Pension uprating: higher of CPI and 2.5%,2027,135750.0,89509.625,89509.625
mock2_state_pension_uprating,State Pension uprating: higher of CPI and 2.5%,2027,136500.0,89907.125,89907.125
mock2_state_pension_uprating,State Pension uprating: higher of CPI and 2.5%,2027,137250.0,90304.625,90304.625
mock2_state_pension_uprating,State Pension uprating: higher of CPI and 2.5%,2027,138000.0,90702.125,90702.125
mock2_state_pension_uprating,State Pension uprating: higher of CPI and 2.5%,2027,138750.0,91099.625,91099.625
mock2_state_pension_uprating,State Pension uprating: higher of CPI and 2.5%,2027,139500.0,91497.125,91497.125
mock2_state_pension_uprating,State Pension uprating: higher of CPI and 2.5%,2027,140250.0,91894.625,91894.625
mock2_state_pension_uprating,State Pension uprating: higher of CPI and 2.5%,2027,141000.0,92292.125,92292.125
mock2_state_pension_uprating,State Pension uprating: higher of CPI and 2.5%,2027,141750.0,92689.625,92689.625
mock2_state_pension_uprating,State Pension uprating: higher of CPI and 2.5%,2027,142500.0,93087.125,93087.125
mock2_state_pension_uprating,State Pension uprating: higher of CPI and 2.5%,2027,143250.0,93484.625,93484.625
mock2_state_pension_uprating,State Pension uprating: higher of CPI and 2.5%,2027,144000.0,93882.125,93882.125
mock2_state_pension_uprating,State Pension uprating: higher of CPI and 2.5%,2027,144750.0,94279.625,94279.625
mock2_state_pension_uprating,State Pension uprating: higher of CPI and 2.5%,2027,145500.0,94677.125,94677.125
mock2_state_pension_uprating,State Pension uprating: higher of CPI and 2.5%,2027,146250.0,95074.625,95074.625
mock2_state_pension_uprating,State Pension uprating: higher of CPI and 2.5%,2027,147000.0,95472.125,95472.125
mock2_state_pension_uprating,State Pension uprating: higher of CPI and 2.5%,2027,147750.0,95869.625,95869.625
mock2_state_pension_uprating,State Pension uprating: higher of CPI and 2.5%,2027,148500.0,96267.125,96267.125
mock2_state_pension_uprating,State Pension uprating: higher of CPI and 2.5%,2027,149250.0,96664.625,96664.625
mock2_state_pension_uprating,State Pension uprating: higher of CPI and 2.5%,2027,150000.0,97062.125,97062.125
mock2_state_pension_uprating,State Pension uprating: higher of CPI and 2.5%,2028,0.0,24932.484,24932.484
mock2_state_pension_uprating,State Pension uprating: higher of CPI and 2.5%,2028,750.0,25682.484,25682.484
mock2_state_pension_uprating,State Pension uprating: higher of CPI and 2.5%,2028,1500.0,26432.484,26432.484
mock2_state_pension_uprating,State Pension uprating: higher of CPI and 2.5%,2028,2250.0,27182.484,27182.484
mock2_state_pension_uprating,State Pension uprating: higher of CPI and 2.5%,2028,3000.0,27932.484,27932.484
mock2_state_pension_uprating,State Pension uprating: higher of CPI and 2.5%,2028,3750.0,28682.484,28682.484
mock2_state_pension_uprating,State Pension uprating: higher of CPI and 2.5%,2028,4500.0,29432.484,29432.484
mock2_state_pension_uprating,State Pension uprating: higher of CPI and 2.5%,2028,5250.0,30182.484,30182.484
mock2_state_pension_uprating,State Pension uprating: higher of CPI and 2.5%,2028,6000.0,30932.484,30932.484
mock2_state_pension_uprating,State Pension uprating: higher of CPI and 2.5%,2028,6750.0,31682.484,31682.484
mock2_state_pension_uprating,State Pension uprating: higher of CPI and 2.5%,2028,7500.0,32432.484,32432.484
mock2_state_pension_uprating,State Pension uprating: higher of CPI and 2.5%,2028,8250.0,33182.484,33182.484
mock2_state_pension_uprating,State Pension uprating: higher of CPI and 2.5%,2028,9000.0,33932.484,33932.484
mock2_state_pension_uprating,State Pension uprating: higher of CPI and 2.5%,2028,9750.0,34682.484,34682.484
mock2_state_pension_uprating,State Pension uprating: higher of CPI and 2.5%,2028,10500.0,35432.484,35432.484
mock2_state_pension_uprating,State Pension uprating: higher of CPI and 2.5%,2028,11250.0,36182.484,36182.484
mock2_state_pension_uprating,State Pension uprating: higher of CPI and 2.5%,2028,12000.0,36932.484,36932.484
mock2_state_pension_uprating,State Pension uprating: higher of CPI and 2.5%,2028,12750.0,37668.082,37668.082
mock2_state_pension_uprating,State Pension uprating: higher of CPI and 2.5%,2028,13500.0,38358.082,38358.082
mock2_state_pension_uprating,State Pension uprating: higher of CPI and 2.5%,2028,14250.0,39048.082,39048.082
mock2_state_pension_uprating,State Pension uprating: higher of CPI and 2.5%,2028,15000.0,39738.082,39738.082
mock2_state_pension_uprating,State Pension uprating: higher of CPI and 2.5%,2028,15750.0,40428.082,40428.082
mock2_state_pension_uprating,State Pension uprating: higher of CPI and 2.5%,2028,16500.0,41118.082,41118.082
mock2_state_pension_uprating,State Pension uprating: higher of CPI and 2.5%,2028,17250.0,41808.082,41808.082
mock2_state_pension_uprating,State Pension uprating: higher of CPI and 2.5%,2028,18000.0,42498.082,42498.082
mock2_state_pension_uprating,State Pension uprating: higher of CPI and 2.5%,2028,18750.0,43188.082,43188.082
mock2_state_pension_uprating,State Pension uprating: higher of CPI and 2.5%,2028,19500.0,43847.637,43847.637
mock2_state_pension_uprating,State Pension uprating: higher of CPI and 2.5%,2028,20250.0,44158.137,44158.137
mock2_state_pension_uprating,State Pension uprating: higher of CPI and 2.5%,2028,21000.0,44468.637,44468.637
mock2_state_pension_uprating,State Pension uprating: higher of CPI and 2.5%,2028,21750.0,44779.137,44779.137
mock2_state_pension_uprating,State Pension uprating: higher of CPI and 2.5%,2028,22500.0,45089.637,45089.637
mock2_state_pension_uprating,State Pension uprating: higher of CPI and 2.5%,2028,23250.0,45400.137,45400.137
mock2_state_pension_uprating,State Pension uprating: higher of CPI and 2.5%,2028,24000.0,45695.34,45695.34
mock2_state_pension_uprating,State Pension uprating: higher of CPI and 2.5%,2028,24750.0,45938.34,45938.34
mock2_state_pension_uprating,State Pension uprating: higher of CPI and 2.5%,2028,25500.0,46181.34,46181.34
mock2_state_pension_uprating,State Pension uprating: higher of CPI and 2.5%,2028,26250.0,46424.34,46424.34
mock2_state_pension_uprating,State Pension uprating: higher of CPI and 2.5%,2028,27000.0,46667.336,46667.336
mock2_state_pension_uprating,State Pension uprating: higher of CPI and 2.5%,2028,27750.0,46910.336,46910.336
mock2_state_pension_uprating,State Pension uprating: higher of CPI and 2.5%,2028,28500.0,47153.336,47153.336
mock2_state_pension_uprating,State Pension uprating: higher of CPI and 2.5%,2028,29250.0,47396.336,47396.336
mock2_state_pension_uprating,State Pension uprating: higher of CPI and 2.5%,2028,30000.0,47639.336,47639.336
mock2_state_pension_uprating,State Pension uprating: higher of CPI and 2.5%,2028,30750.0,47882.336,47882.336
mock2_state_pension_uprating,State Pension uprating: higher of CPI and 2.5%,2028,31500.0,48125.336,48125.336
mock2_state_pension_uprating,State Pension uprating: higher of CPI and 2.5%,2028,32250.0,48368.336,48368.336
mock2_state_pension_uprating,State Pension uprating: higher of CPI and 2.5%,2028,33000.0,48611.336,48611.336
mock2_state_pension_uprating,State Pension uprating: higher of CPI and 2.5%,2028,33750.0,48854.336,48854.336
mock2_state_pension_uprating,State Pension uprating: higher of CPI and 2.5%,2028,34500.0,49097.336,49097.336
mock2_state_pension_uprating,State Pension uprating: higher of CPI and 2.5%,2028,35250.0,49340.336,49340.336
mock2_state_pension_uprating,State Pension uprating: higher of CPI and 2.5%,2028,36000.0,49583.336,49583.336
mock2_state_pension_uprating,State Pension uprating: higher of CPI and 2.5%,2028,36750.0,49826.336,49826.336
mock2_state_pension_uprating,State Pension uprating: higher of CPI and 2.5%,2028,37500.0,50069.336,50069.336
mock2_state_pension_uprating,State Pension uprating: higher of CPI and 2.5%,2028,38250.0,50312.336,50312.336
mock2_state_pension_uprating,State Pension uprating: higher of CPI and 2.5%,2028,39000.0,50555.336,50555.336
mock2_state_pension_uprating,State Pension uprating: higher of CPI and 2.5%,2028,39750.0,50798.336,50798.336
mock2_state_pension_uprating,State Pension uprating: higher of CPI and 2.5%,2028,40500.0,51041.336,51041.336
mock2_state_pension_uprating,State Pension uprating: higher of CPI and 2.5%,2028,41250.0,51284.336,51284.336
mock2_state_pension_uprating,State Pension uprating: higher of CPI and 2.5%,2028,42000.0,51527.336,51527.336
mock2_state_pension_uprating,State Pension uprating: higher of CPI and 2.5%,2028,42750.0,51770.336,51770.336
mock2_state_pension_uprating,State Pension uprating: higher of CPI and 2.5%,2028,43500.0,52013.336,52013.336
mock2_state_pension_uprating,State Pension uprating: higher of CPI and 2.5%,2028,44250.0,52256.336,52256.336
mock2_state_pension_uprating,State Pension uprating: higher of CPI and 2.5%,2028,45000.0,52499.336,52499.336
mock2_state_pension_uprating,State Pension uprating: higher of CPI and 2.5%,2028,45750.0,52742.336,52742.336
mock2_state_pension_uprating,State Pension uprating: higher of CPI and 2.5%,2028,46500.0,52985.336,52985.336
mock2_state_pension_uprating,State Pension uprating: higher of CPI and 2.5%,2028,47250.0,53228.336,53228.336
mock2_state_pension_uprating,State Pension uprating: higher of CPI and 2.5%,2028,48000.0,53471.336,53471.336
mock2_state_pension_uprating,State Pension uprating: higher of CPI and 2.5%,2028,48750.0,53714.336,53714.336
mock2_state_pension_uprating,State Pension uprating: higher of CPI and 2.5%,2028,49500.0,53957.336,53957.336
mock2_state_pension_uprating,State Pension uprating: higher of CPI and 2.5%,2028,50250.0,54200.336,54200.336
mock2_state_pension_uprating,State Pension uprating: higher of CPI and 2.5%,2028,51000.0,54463.05,54463.05
mock2_state_pension_uprating,State Pension uprating: higher of CPI and 2.5%,2028,51750.0,54726.3,54726.3
mock2_state_pension_uprating,State Pension uprating: higher of CPI and 2.5%,2028,52500.0,54989.55,54989.55
mock2_state_pension_uprating,State Pension uprating: higher of CPI and 2.5%,2028,53250.0,55252.8,55252.8
mock2_state_pension_uprating,State Pension uprating: higher of CPI and 2.5%,2028,54000.0,55472.25,55472.25
mock2_state_pension_uprating,State Pension uprating: higher of CPI and 2.5%,2028,54750.0,55690.5,55690.5
mock2_state_pension_uprating,State Pension uprating: higher of CPI and 2.5%,2028,55500.0,55908.75,55908.75
mock2_state_pension_uprating,State Pension uprating: higher of CPI and 2.5%,2028,56250.0,56127.0,56127.0
mock2_state_pension_uprating,State Pension uprating: higher of CPI and 2.5%,2028,57000.0,56345.25,56345.25
mock2_state_pension_uprating,State Pension uprating: higher of CPI and 2.5%,2028,57750.0,56563.5,56563.5
mock2_state_pension_uprating,State Pension uprating: higher of CPI and 2.5%,2028,58500.0,56781.75,56781.75
mock2_state_pension_uprating,State Pension uprating: higher of CPI and 2.5%,2028,59250.0,57000.0,57000.0
mock2_state_pension_uprating,State Pension uprating: higher of CPI and 2.5%,2028,60000.0,57218.25,57218.25
mock2_state_pension_uprating,State Pension uprating: higher of CPI and 2.5%,2028,60750.0,57180.812,57180.812
mock2_state_pension_uprating,State Pension uprating: higher of CPI and 2.5%,2028,61500.0,57248.68,57248.68
mock2_state_pension_uprating,State Pension uprating: higher of CPI and 2.5%,2028,62250.0,57316.547,57316.547
mock2_state_pension_uprating,State Pension uprating: higher of CPI and 2.5%,2028,63000.0,57384.414,57384.414
mock2_state_pension_uprating,State Pension uprating: higher of CPI and 2.5%,2028,63750.0,57452.28,57452.28
mock2_state_pension_uprating,State Pension uprating: higher of CPI and 2.5%,2028,64500.0,57520.15,57520.15
mock2_state_pension_uprating,State Pension uprating: higher of CPI and 2.5%,2028,65250.0,57588.016,57588.016
mock2_state_pension_uprating,State Pension uprating: higher of CPI and 2.5%,2028,66000.0,57655.883,57655.883
mock2_state_pension_uprating,State Pension uprating: higher of CPI and 2.5%,2028,66750.0,57723.75,57723.75
mock2_state_pension_uprating,State Pension uprating: higher of CPI and 2.5%,2028,67500.0,57791.617,57791.617
mock2_state_pension_uprating,State Pension uprating: higher of CPI and 2.5%,2028,68250.0,57859.484,57859.484
mock2_state_pension_uprating,State Pension uprating: higher of CPI and 2.5%,2028,69000.0,57927.35,57927.35
mock2_state_pension_uprating,State Pension uprating: higher of CPI and 2.5%,2028,69750.0,58093.625,58093.625
mock2_state_pension_uprating,State Pension uprating: higher of CPI and 2.5%,2028,70500.0,58400.734,58400.734
mock2_state_pension_uprating,State Pension uprating: higher of CPI and 2.5%,2028,71250.0,58707.86,58707.86
mock2_state_pension_uprating,State Pension uprating: higher of CPI and 2.5%,2028,72000.0,59014.97,59014.97
mock2_state_pension_uprating,State Pension uprating: higher of CPI and 2.5%,2028,72750.0,59322.086,59322.086
mock2_state_pension_uprating,State Pension uprating: higher of CPI and 2.5%,2028,73500.0,59629.203,59629.203
mock2_state_pension_uprating,State Pension uprating: higher of CPI and 2.5%,2028,74250.0,59936.32,59936.32
mock2_state_pension_uprating,State Pension uprating: higher of CPI and 2.5%,2028,75000.0,60243.438,60243.438
mock2_state_pension_uprating,State Pension uprating: higher of CPI and 2.5%,2028,75750.0,60550.555,60550.555
mock2_state_pension_uprating,State Pension uprating: higher of CPI and 2.5%,2028,76500.0,60857.67,60857.67
mock2_state_pension_uprating,State Pension uprating: higher of CPI and 2.5%,2028,77250.0,61164.79,61164.79
mock2_state_pension_uprating,State Pension uprating: higher of CPI and 2.5%,2028,78000.0,61471.906,61471.906
mock2_state_pension_uprating,State Pension uprating: higher of CPI and 2.5%,2028,78750.0,61779.023,61779.023
mock2_state_pension_uprating,State Pension uprating: higher of CPI and 2.5%,2028,79500.0,62086.14,62086.14
mock2_state_pension_uprating,State Pension uprating: higher of CPI and 2.5%,2028,80250.0,62435.883,62435.883
mock2_state_pension_uprating,State Pension uprating: higher of CPI and 2.5%,2028,81000.0,62870.883,62870.883
mock2_state_pension_uprating,State Pension uprating: higher of CPI and 2.5%,2028,81750.0,63305.883,63305.883
mock2_state_pension_uprating,State Pension uprating: higher of CPI and 2.5%,2028,82500.0,63740.883,63740.883
mock2_state_pension_uprating,State Pension uprating: higher of CPI and 2.5%,2028,83250.0,64175.883,64175.883
mock2_state_pension_uprating,State Pension uprating: higher of CPI and 2.5%,2028,84000.0,64610.883,64610.883
mock2_state_pension_uprating,State Pension uprating: higher of CPI and 2.5%,2028,84750.0,65045.883,65045.883
mock2_state_pension_uprating,State Pension uprating: higher of CPI and 2.5%,2028,85500.0,65480.883,65480.883
mock2_state_pension_uprating,State Pension uprating: higher of CPI and 2.5%,2028,86250.0,65915.88,65915.88
mock2_state_pension_uprating,State Pension uprating: higher of CPI and 2.5%,2028,87000.0,66350.88,66350.88
mock2_state_pension_uprating,State Pension uprating: higher of CPI and 2.5%,2028,87750.0,66785.88,66785.88
mock2_state_pension_uprating,State Pension uprating: higher of CPI and 2.5%,2028,88500.0,67220.88,67220.88
mock2_state_pension_uprating,State Pension uprating: higher of CPI and 2.5%,2028,89250.0,67655.88,67655.88
mock2_state_pension_uprating,State Pension uprating: higher of CPI and 2.5%,2028,90000.0,68090.88,68090.88
mock2_state_pension_uprating,State Pension uprating: higher of CPI and 2.5%,2028,90750.0,68525.88,68525.88
mock2_state_pension_uprating,State Pension uprating: higher of CPI and 2.5%,2028,91500.0,68960.88,68960.88
mock2_state_pension_uprating,State Pension uprating: higher of CPI and 2.5%,2028,92250.0,69395.88,69395.88
mock2_state_pension_uprating,State Pension uprating: higher of CPI and 2.5%,2028,93000.0,69830.88,69830.88
mock2_state_pension_uprating,State Pension uprating: higher of CPI and 2.5%,2028,93750.0,70265.88,70265.88
mock2_state_pension_uprating,State Pension uprating: higher of CPI and 2.5%,2028,94500.0,70700.88,70700.88
mock2_state_pension_uprating,State Pension uprating: higher of CPI and 2.5%,2028,95250.0,71135.88,71135.88
mock2_state_pension_uprating,State Pension uprating: higher of CPI and 2.5%,2028,96000.0,71570.88,71570.88
mock2_state_pension_uprating,State Pension uprating: higher of CPI and 2.5%,2028,96750.0,72005.88,72005.88
mock2_state_pension_uprating,State Pension uprating: higher of CPI and 2.5%,2028,97500.0,72440.88,72440.88
mock2_state_pension_uprating,State Pension uprating: higher of CPI and 2.5%,2028,98250.0,72875.88,72875.88
mock2_state_pension_uprating,State Pension uprating: higher of CPI and 2.5%,2028,99000.0,73310.88,73310.88
mock2_state_pension_uprating,State Pension uprating: higher of CPI and 2.5%,2028,99750.0,73745.88,73745.88
mock2_state_pension_uprating,State Pension uprating: higher of CPI and 2.5%,2028,100500.0,74080.88,74080.88
mock2_state_pension_uprating,State Pension uprating: higher of CPI and 2.5%,2028,101250.0,74365.88,74365.88
mock2_state_pension_uprating,State Pension uprating: higher of CPI and 2.5%,2028,102000.0,74650.88,74650.88
mock2_state_pension_uprating,State Pension uprating: higher of CPI and 2.5%,2028,102750.0,74935.88,74935.88
mock2_state_pension_uprating,State Pension uprating: higher of CPI and 2.5%,2028,103500.0,75220.88,75220.88
mock2_state_pension_uprating,State Pension uprating: higher of CPI and 2.5%,2028,104250.0,75505.88,75505.88
mock2_state_pension_uprating,State Pension uprating: higher of CPI and 2.5%,2028,105000.0,75790.88,75790.88
mock2_state_pension_uprating,State Pension uprating: higher of CPI and 2.5%,2028,105750.0,76075.88,76075.88
mock2_state_pension_uprating,State Pension uprating: higher of CPI and 2.5%,2028,106500.0,76360.88,76360.88
mock2_state_pension_uprating,State Pension uprating: higher of CPI and 2.5%,2028,107250.0,76645.88,76645.88
mock2_state_pension_uprating,State Pension uprating: higher of CPI and 2.5%,2028,108000.0,76930.88,76930.88
mock2_state_pension_uprating,State Pension uprating: higher of CPI and 2.5%,2028,108750.0,77215.88,77215.88
mock2_state_pension_uprating,State Pension uprating: higher of CPI and 2.5%,2028,109500.0,77500.88,77500.88
mock2_state_pension_uprating,State Pension uprating: higher of CPI and 2.5%,2028,110250.0,77785.88,77785.88
mock2_state_pension_uprating,State Pension uprating: higher of CPI and 2.5%,2028,111000.0,78070.88,78070.88
mock2_state_pension_uprating,State Pension uprating: higher of CPI and 2.5%,2028,111750.0,78355.88,78355.88
mock2_state_pension_uprating,State Pension uprating: higher of CPI and 2.5%,2028,112500.0,78640.88,78640.88
mock2_state_pension_uprating,State Pension uprating: higher of CPI and 2.5%,2028,113250.0,78925.88,78925.88
mock2_state_pension_uprating,State Pension uprating: higher of CPI and 2.5%,2028,114000.0,79210.88,79210.88
mock2_state_pension_uprating,State Pension uprating: higher of CPI and 2.5%,2028,114750.0,79495.88,79495.88
mock2_state_pension_uprating,State Pension uprating: higher of CPI and 2.5%,2028,115500.0,79780.88,79780.88
mock2_state_pension_uprating,State Pension uprating: higher of CPI and 2.5%,2028,116250.0,80065.88,80065.88
mock2_state_pension_uprating,State Pension uprating: higher of CPI and 2.5%,2028,117000.0,80350.88,80350.88
mock2_state_pension_uprating,State Pension uprating: higher of CPI and 2.5%,2028,117750.0,80635.88,80635.88
mock2_state_pension_uprating,State Pension uprating: higher of CPI and 2.5%,2028,118500.0,80920.88,80920.88
mock2_state_pension_uprating,State Pension uprating: higher of CPI and 2.5%,2028,119250.0,81205.88,81205.88
mock2_state_pension_uprating,State Pension uprating: higher of CPI and 2.5%,2028,120000.0,81490.88,81490.88
mock2_state_pension_uprating,State Pension uprating: higher of CPI and 2.5%,2028,120750.0,81775.88,81775.88
mock2_state_pension_uprating,State Pension uprating: higher of CPI and 2.5%,2028,121500.0,82060.88,82060.88
mock2_state_pension_uprating,State Pension uprating: higher of CPI and 2.5%,2028,122250.0,82345.88,82345.88
mock2_state_pension_uprating,State Pension uprating: higher of CPI and 2.5%,2028,123000.0,82630.88,82630.88
mock2_state_pension_uprating,State Pension uprating: higher of CPI and 2.5%,2028,123750.0,82915.88,82915.88
mock2_state_pension_uprating,State Pension uprating: higher of CPI and 2.5%,2028,124500.0,83200.88,83200.88
mock2_state_pension_uprating,State Pension uprating: higher of CPI and 2.5%,2028,125250.0,83507.88,83507.88
mock2_state_pension_uprating,State Pension uprating: higher of CPI and 2.5%,2028,126000.0,83942.88,83942.88
mock2_state_pension_uprating,State Pension uprating: higher of CPI and 2.5%,2028,126750.0,84377.88,84377.88
mock2_state_pension_uprating,State Pension uprating: higher of CPI and 2.5%,2028,127500.0,84812.88,84812.88
mock2_state_pension_uprating,State Pension uprating: higher of CPI and 2.5%,2028,128250.0,85247.88,85247.88
mock2_state_pension_uprating,State Pension uprating: higher of CPI and 2.5%,2028,129000.0,85682.88,85682.88
mock2_state_pension_uprating,State Pension uprating: higher of CPI and 2.5%,2028,129750.0,86117.88,86117.88
mock2_state_pension_uprating,State Pension uprating: higher of CPI and 2.5%,2028,130500.0,86552.88,86552.88
mock2_state_pension_uprating,State Pension uprating: higher of CPI and 2.5%,2028,131250.0,86987.88,86987.88
mock2_state_pension_uprating,State Pension uprating: higher of CPI and 2.5%,2028,132000.0,87422.88,87422.88
mock2_state_pension_uprating,State Pension uprating: higher of CPI and 2.5%,2028,132750.0,87857.88,87857.88
mock2_state_pension_uprating,State Pension uprating: higher of CPI and 2.5%,2028,133500.0,88292.88,88292.88
mock2_state_pension_uprating,State Pension uprating: higher of CPI and 2.5%,2028,134250.0,88727.88,88727.88
mock2_state_pension_uprating,State Pension uprating: higher of CPI and 2.5%,2028,135000.0,89162.88,89162.88
mock2_state_pension_uprating,State Pension uprating: higher of CPI and 2.5%,2028,135750.0,89567.38,89567.38
mock2_state_pension_uprating,State Pension uprating: higher of CPI and 2.5%,2028,136500.0,89964.88,89964.88
mock2_state_pension_uprating,State Pension uprating: higher of CPI and 2.5%,2028,137250.0,90362.38,90362.38
mock2_state_pension_uprating,State Pension uprating: higher of CPI and 2.5%,2028,138000.0,90759.88,90759.88
mock2_state_pension_uprating,State Pension uprating: higher of CPI and 2.5%,2028,138750.0,91157.38,91157.38
mock2_state_pension_uprating,State Pension uprating: higher of CPI and 2.5%,2028,139500.0,91554.88,91554.88
mock2_state_pension_uprating,State Pension uprating: higher of CPI and 2.5%,2028,140250.0,91952.38,91952.38
mock2_state_pension_uprating,State Pension uprating: higher of CPI and 2.5%,2028,141000.0,92349.88,92349.88
mock2_state_pension_uprating,State Pension uprating: higher of CPI and 2.5%,2028,141750.0,92747.38,92747.38
mock2_state_pension_uprating,State Pension uprating: higher of CPI and 2.5%,2028,142500.0,93144.88,93144.88
mock2_state_pension_uprating,State Pension uprating: higher of CPI and 2.5%,2028,143250.0,93542.38,93542.38
mock2_state_pension_uprating,State Pension uprating: higher of CPI and 2.5%,2028,144000.0,93939.88,93939.88
mock2_state_pension_uprating,State Pension uprating: higher of CPI and 2.5%,2028,144750.0,94337.38,94337.38
mock2_state_pension_uprating,State Pension uprating: higher of CPI and 2.5%,2028,145500.0,94734.88,94734.88
mock2_state_pension_uprating,State Pension uprating: higher of CPI and 2.5%,2028,146250.0,95132.38,95132.38
mock2_state_pension_uprating,State Pension uprating: higher of CPI and 2.5%,2028,147000.0,95529.88,95529.88
mock2_state_pension_uprating,State Pension uprating: higher of CPI and 2.5%,2028,147750.0,95927.38,95927.38
mock2_state_pension_uprating,State Pension uprating: higher of CPI and 2.5%,2028,148500.0,96324.88,96324.88
mock2_state_pension_uprating,State Pension uprating: higher of CPI and 2.5%,2028,149250.0,96722.38,96722.38
mock2_state_pension_uprating,State Pension uprating: higher of CPI and 2.5%,2028,150000.0,97119.88,97119.88
mock2_state_pension_uprating,State Pension uprating: higher of CPI and 2.5%,2029,0.0,25455.82,25455.82
mock2_state_pension_uprating,State Pension uprating: higher of CPI and 2.5%,2029,750.0,26204.621,26204.621
mock2_state_pension_uprating,State Pension uprating: higher of CPI and 2.5%,2029,1500.0,26953.422,26953.422
mock2_state_pension_uprating,State Pension uprating: higher of CPI and 2.5%,2029,2250.0,27702.219,27702.219
mock2_state_pension_uprating,State Pension uprating: higher of CPI and 2.5%,2029,3000.0,28451.02,28451.02
mock2_state_pension_uprating,State Pension uprating: higher of CPI and 2.5%,2029,3750.0,29199.82,29199.82
mock2_state_pension_uprating,State Pension uprating: higher of CPI and 2.5%,2029,4500.0,29948.621,29948.621
mock2_state_pension_uprating,State Pension uprating: higher of CPI and 2.5%,2029,5250.0,30697.422,30697.422
mock2_state_pension_uprating,State Pension uprating: higher of CPI and 2.5%,2029,6000.0,31446.219,31446.219
mock2_state_pension_uprating,State Pension uprating: higher of CPI and 2.5%,2029,6750.0,32195.02,32195.02
mock2_state_pension_uprating,State Pension uprating: higher of CPI and 2.5%,2029,7500.0,32943.82,32943.82
mock2_state_pension_uprating,State Pension uprating: higher of CPI and 2.5%,2029,8250.0,33692.62,33692.62
mock2_state_pension_uprating,State Pension uprating: higher of CPI and 2.5%,2029,9000.0,34441.42,34441.42
mock2_state_pension_uprating,State Pension uprating: higher of CPI and 2.5%,2029,9750.0,35190.22,35190.22
mock2_state_pension_uprating,State Pension uprating: higher of CPI and 2.5%,2029,10500.0,35939.02,35939.02
mock2_state_pension_uprating,State Pension uprating: higher of CPI and 2.5%,2029,11250.0,36687.82,36687.82
mock2_state_pension_uprating,State Pension uprating: higher of CPI and 2.5%,2029,12000.0,37436.62,37436.62
mock2_state_pension_uprating,State Pension uprating: higher of CPI and 2.5%,2029,12750.0,38172.652,38172.652
mock2_state_pension_uprating,State Pension uprating: higher of CPI and 2.5%,2029,13500.0,38861.547,38861.547
mock2_state_pension_uprating,State Pension uprating: higher of CPI and 2.5%,2029,14250.0,39550.44,39550.44
mock2_state_pension_uprating,State Pension uprating: higher of CPI and 2.5%,2029,15000.0,40239.34,40239.34
mock2_state_pension_uprating,State Pension uprating: higher of CPI and 2.5%,2029,15750.0,40928.234,40928.234
mock2_state_pension_uprating,State Pension uprating: higher of CPI and 2.5%,2029,16500.0,41617.133,41617.133
mock2_state_pension_uprating,State Pension uprating: higher of CPI and 2.5%,2029,17250.0,42306.023,42306.023
mock2_state_pension_uprating,State Pension uprating: higher of CPI and 2.5%,2029,18000.0,42994.92,42994.92
mock2_state_pension_uprating,State Pension uprating: higher of CPI and 2.5%,2029,18750.0,43683.82,43683.82
mock2_state_pension_uprating,State Pension uprating: higher of CPI and 2.5%,2029,19500.0,44372.715,44372.715
mock2_state_pension_uprating,State Pension uprating: higher of CPI and 2.5%,2029,20250.0,44765.85,44765.85
mock2_state_pension_uprating,State Pension uprating: higher of CPI and 2.5%,2029,21000.0,45075.85,45075.85
mock2_state_pension_uprating,State Pension uprating: higher of CPI and 2.5%,2029,21750.0,45385.86,45385.86
mock2_state_pension_uprating,State Pension uprating: higher of CPI and 2.5%,2029,22500.0,45695.86,45695.86
mock2_state_pension_uprating,State Pension uprating: higher of CPI and 2.5%,2029,23250.0,46005.863,46005.863
mock2_state_pension_uprating,State Pension uprating: higher of CPI and 2.5%,2029,24000.0,46304.023,46304.023
mock2_state_pension_uprating,State Pension uprating: higher of CPI and 2.5%,2029,24750.0,46546.633,46546.633
mock2_state_pension_uprating,State Pension uprating: higher of CPI and 2.5%,2029,25500.0,46789.246,46789.246
mock2_state_pension_uprating,State Pension uprating: higher of CPI and 2.5%,2029,26250.0,47031.86,47031.86
mock2_state_pension_uprating,State Pension uprating: higher of CPI and 2.5%,2029,27000.0,47274.47,47274.47
mock2_state_pension_uprating,State Pension uprating: higher of CPI and 2.5%,2029,27750.0,47517.08,47517.08
mock2_state_pension_uprating,State Pension uprating: higher of CPI and 2.5%,2029,28500.0,47759.688,47759.688
mock2_state_pension_uprating,State Pension uprating: higher of CPI and 2.5%,2029,29250.0,48002.3,48002.3
mock2_state_pension_uprating,State Pension uprating: higher of CPI and 2.5%,2029,30000.0,48244.914,48244.914
mock2_state_pension_uprating,State Pension uprating: higher of CPI and 2.5%,2029,30750.0,48487.523,48487.523
mock2_state_pension_uprating,State Pension uprating: higher of CPI and 2.5%,2029,31500.0,48730.137,48730.137
mock2_state_pension_uprating,State Pension uprating: higher of CPI and 2.5%,2029,32250.0,48972.742,48972.742
mock2_state_pension_uprating,State Pension uprating: higher of CPI and 2.5%,2029,33000.0,49215.36,49215.36
mock2_state_pension_uprating,State Pension uprating: higher of CPI and 2.5%,2029,33750.0,49457.97,49457.97
mock2_state_pension_uprating,State Pension uprating: higher of CPI and 2.5%,2029,34500.0,49700.58,49700.58
mock2_state_pension_uprating,State Pension uprating: higher of CPI and 2.5%,2029,35250.0,49943.188,49943.188
mock2_state_pension_uprating,State Pension uprating: higher of CPI and 2.5%,2029,36000.0,50185.805,50185.805
mock2_state_pension_uprating,State Pension uprating: higher of CPI and 2.5%,2029,36750.0,50428.414,50428.414
mock2_state_pension_uprating,State Pension uprating: higher of CPI and 2.5%,2029,37500.0,50671.023,50671.023
mock2_state_pension_uprating,State Pension uprating: higher of CPI and 2.5%,2029,38250.0,50913.633,50913.633
mock2_state_pension_uprating,State Pension uprating: higher of CPI and 2.5%,2029,39000.0,51156.242,51156.242
mock2_state_pension_uprating,State Pension uprating: higher of CPI and 2.5%,2029,39750.0,51398.86,51398.86
mock2_state_pension_uprating,State Pension uprating: higher of CPI and 2.5%,2029,40500.0,51641.47,51641.47
mock2_state_pension_uprating,State Pension uprating: higher of CPI and 2.5%,2029,41250.0,51884.08,51884.08
mock2_state_pension_uprating,State Pension uprating: higher of CPI and 2.5%,2029,42000.0,52126.688,52126.688
mock2_state_pension_uprating,State Pension uprating: higher of CPI and 2.5%,2029,42750.0,52369.297,52369.297
mock2_state_pension_uprating,State Pension uprating: higher of CPI and 2.5%,2029,43500.0,52611.914,52611.914
mock2_state_pension_uprating,State Pension uprating: higher of CPI and 2.5%,2029,44250.0,52854.523,52854.523
mock2_state_pension_uprating,State Pension uprating: higher of CPI and 2.5%,2029,45000.0,53097.133,53097.133
mock2_state_pension_uprating,State Pension uprating: higher of CPI and 2.5%,2029,45750.0,53339.75,53339.75
mock2_state_pension_uprating,State Pension uprating: higher of CPI and 2.5%,2029,46500.0,53582.36,53582.36
mock2_state_pension_uprating,State Pension uprating: higher of CPI and 2.5%,2029,47250.0,53824.97,53824.97
mock2_state_pension_uprating,State Pension uprating: higher of CPI and 2.5%,2029,48000.0,54067.58,54067.58
mock2_state_pension_uprating,State Pension uprating: higher of CPI and 2.5%,2029,48750.0,54310.188,54310.188
mock2_state_pension_uprating,State Pension uprating: higher of CPI and 2.5%,2029,49500.0,54552.805,54552.805
mock2_state_pension_uprating,State Pension uprating: higher of CPI and 2.5%,2029,50250.0,54795.414,54795.414
mock2_state_pension_uprating,State Pension uprating: higher of CPI and 2.5%,2029,51000.0,55055.53,55055.53
mock2_state_pension_uprating,State Pension uprating: higher of CPI and 2.5%,2029,51750.0,55318.367,55318.367
mock2_state_pension_uprating,State Pension uprating: higher of CPI and 2.5%,2029,52500.0,55581.195,55581.195
mock2_state_pension_uprating,State Pension uprating: higher of CPI and 2.5%,2029,53250.0,55844.016,55844.016
mock2_state_pension_uprating,State Pension uprating: higher of CPI and 2.5%,2029,54000.0,56068.227,56068.227
mock2_state_pension_uprating,State Pension uprating: higher of CPI and 2.5%,2029,54750.0,56286.125,56286.125
mock2_state_pension_uprating,State Pension uprating: higher of CPI and 2.5%,2029,55500.0,56504.03,56504.03
mock2_state_pension_uprating,State Pension uprating: higher of CPI and 2.5%,2029,56250.0,56721.93,56721.93
mock2_state_pension_uprating,State Pension uprating: higher of CPI and 2.5%,2029,57000.0,56939.83,56939.83
mock2_state_pension_uprating,State Pension uprating: higher of CPI and 2.5%,2029,57750.0,57157.734,57157.734
mock2_state_pension_uprating,State Pension uprating: higher of CPI and 2.5%,2029,58500.0,57375.64,57375.64
mock2_state_pension_uprating,State Pension uprating: higher of CPI and 2.5%,2029,59250.0,57593.547,57593.547
mock2_state_pension_uprating,State Pension uprating: higher of CPI and 2.5%,2029,60000.0,57811.438,57811.438
mock2_state_pension_uprating,State Pension uprating: higher of CPI and 2.5%,2029,60750.0,57790.914,57790.914
mock2_state_pension_uprating,State Pension uprating: higher of CPI and 2.5%,2029,61500.0,57856.125,57856.125
mock2_state_pension_uprating,State Pension uprating: higher of CPI and 2.5%,2029,62250.0,57921.33,57921.33
mock2_state_pension_uprating,State Pension uprating: higher of CPI and 2.5%,2029,63000.0,57986.53,57986.53
mock2_state_pension_uprating,State Pension uprating: higher of CPI and 2.5%,2029,63750.0,58051.734,58051.734
mock2_state_pension_uprating,State Pension uprating: higher of CPI and 2.5%,2029,64500.0,58116.938,58116.938
mock2_state_pension_uprating,State Pension uprating: higher of CPI and 2.5%,2029,65250.0,58182.15,58182.15
mock2_state_pension_uprating,State Pension uprating: higher of CPI and 2.5%,2029,66000.0,58247.35,58247.35
mock2_state_pension_uprating,State Pension uprating: higher of CPI and 2.5%,2029,66750.0,58312.555,58312.555
mock2_state_pension_uprating,State Pension uprating: higher of CPI and 2.5%,2029,67500.0,58377.758,58377.758
mock2_state_pension_uprating,State Pension uprating: higher of CPI and 2.5%,2029,68250.0,58442.96,58442.96
mock2_state_pension_uprating,State Pension uprating: higher of CPI and 2.5%,2029,69000.0,58508.17,58508.17
mock2_state_pension_uprating,State Pension uprating: higher of CPI and 2.5%,2029,69750.0,58573.375,58573.375
mock2_state_pension_uprating,State Pension uprating: higher of CPI and 2.5%,2029,70500.0,58638.58,58638.58
mock2_state_pension_uprating,State Pension uprating: higher of CPI and 2.5%,2029,71250.0,58751.18,58751.18
mock2_state_pension_uprating,State Pension uprating: higher of CPI and 2.5%,2029,72000.0,59055.25,59055.25
mock2_state_pension_uprating,State Pension uprating: higher of CPI and 2.5%,2029,72750.0,59359.33,59359.33
mock2_state_pension_uprating,State Pension uprating: higher of CPI and 2.5%,2029,73500.0,59663.4,59663.4
mock2_state_pension_uprating,State Pension uprating: higher of CPI and 2.5%,2029,74250.0,59967.47,59967.47
mock2_state_pension_uprating,State Pension uprating: higher of CPI and 2.5%,2029,75000.0,60271.54,60271.54
mock2_state_pension_uprating,State Pension uprating: higher of CPI and 2.5%,2029,75750.0,60575.61,60575.61
mock2_state_pension_uprating,State Pension uprating: higher of CPI and 2.5%,2029,76500.0,60879.688,60879.688
mock2_state_pension_uprating,State Pension uprating: higher of CPI and 2.5%,2029,77250.0,61183.758,61183.758
mock2_state_pension_uprating,State Pension uprating: higher of CPI and 2.5%,2029,78000.0,61487.83,61487.83
mock2_state_pension_uprating,State Pension uprating: higher of CPI and 2.5%,2029,78750.0,61791.9,61791.9
mock2_state_pension_uprating,State Pension uprating: higher of CPI and 2.5%,2029,79500.0,62095.97,62095.97
mock2_state_pension_uprating,State Pension uprating: higher of CPI and 2.5%,2029,80250.0,62421.188,62421.188
mock2_state_pension_uprating,State Pension uprating: higher of CPI and 2.5%,2029,81000.0,62855.492,62855.492
mock2_state_pension_uprating,State Pension uprating: higher of CPI and 2.5%,2029,81750.0,63289.805,63289.805
mock2_state_pension_uprating,State Pension uprating: higher of CPI and 2.5%,2029,82500.0,63724.1,63724.1
mock2_state_pension_uprating,State Pension uprating: higher of CPI and 2.5%,2029,83250.0,64158.406,64158.406
mock2_state_pension_uprating,State Pension uprating: higher of CPI and 2.5%,2029,84000.0,64592.71,64592.71
mock2_state_pension_uprating,State Pension uprating: higher of CPI and 2.5%,2029,84750.0,65027.016,65027.016
mock2_state_pension_uprating,State Pension uprating: higher of CPI and 2.5%,2029,85500.0,65461.32,65461.32
mock2_state_pension_uprating,State Pension uprating: higher of CPI and 2.5%,2029,86250.0,65895.625,65895.625
mock2_state_pension_uprating,State Pension uprating: higher of CPI and 2.5%,2029,87000.0,66329.92,66329.92
mock2_state_pension_uprating,State Pension uprating: higher of CPI and 2.5%,2029,87750.0,66764.234,66764.234
mock2_state_pension_uprating,State Pension uprating: higher of CPI and 2.5%,2029,88500.0,67198.53,67198.53
mock2_state_pension_uprating,State Pension uprating: higher of CPI and 2.5%,2029,89250.0,67632.84,67632.84
mock2_state_pension_uprating,State Pension uprating: higher of CPI and 2.5%,2029,90000.0,68067.14,68067.14
mock2_state_pension_uprating,State Pension uprating: higher of CPI and 2.5%,2029,90750.0,68501.445,68501.445
mock2_state_pension_uprating,State Pension uprating: higher of CPI and 2.5%,2029,91500.0,68935.75,68935.75
mock2_state_pension_uprating,State Pension uprating: higher of CPI and 2.5%,2029,92250.0,69370.055,69370.055
mock2_state_pension_uprating,State Pension uprating: higher of CPI and 2.5%,2029,93000.0,69804.36,69804.36
mock2_state_pension_uprating,State Pension uprating: higher of CPI and 2.5%,2029,93750.0,70238.664,70238.664
mock2_state_pension_uprating,State Pension uprating: higher of CPI and 2.5%,2029,94500.0,70672.96,70672.96
mock2_state_pension_uprating,State Pension uprating: higher of CPI and 2.5%,2029,95250.0,71107.27,71107.27
mock2_state_pension_uprating,State Pension uprating: higher of CPI and 2.5%,2029,96000.0,71541.58,71541.58
mock2_state_pension_uprating,State Pension uprating: higher of CPI and 2.5%,2029,96750.0,71975.875,71975.875
mock2_state_pension_uprating,State Pension uprating: higher of CPI and 2.5%,2029,97500.0,72410.19,72410.19
mock2_state_pension_uprating,State Pension uprating: higher of CPI and 2.5%,2029,98250.0,72844.484,72844.484
mock2_state_pension_uprating,State Pension uprating: higher of CPI and 2.5%,2029,99000.0,73278.79,73278.79
mock2_state_pension_uprating,State Pension uprating: higher of CPI and 2.5%,2029,99750.0,73713.09,73713.09
mock2_state_pension_uprating,State Pension uprating: higher of CPI and 2.5%,2029,100500.0,74079.8,74079.8
mock2_state_pension_uprating,State Pension uprating: higher of CPI and 2.5%,2029,101250.0,74364.1,74364.1
mock2_state_pension_uprating,State Pension uprating: higher of CPI and 2.5%,2029,102000.0,74648.805,74648.805
mock2_state_pension_uprating,State Pension uprating: higher of CPI and 2.5%,2029,102750.0,74933.516,74933.516
mock2_state_pension_uprating,State Pension uprating: higher of CPI and 2.5%,2029,103500.0,75217.81,75217.81
mock2_state_pension_uprating,State Pension uprating: higher of CPI and 2.5%,2029,104250.0,75502.52,75502.52
mock2_state_pension_uprating,State Pension uprating: higher of CPI and 2.5%,2029,105000.0,75786.83,75786.83
mock2_state_pension_uprating,State Pension uprating: higher of CPI and 2.5%,2029,105750.0,76071.53,76071.53
mock2_state_pension_uprating,State Pension uprating: higher of CPI and 2.5%,2029,106500.0,76356.234,76356.234
mock2_state_pension_uprating,State Pension uprating: higher of CPI and 2.5%,2029,107250.0,76640.53,76640.53
mock2_state_pension_uprating,State Pension uprating: higher of CPI and 2.5%,2029,108000.0,76925.234,76925.234
mock2_state_pension_uprating,State Pension uprating: higher of CPI and 2.5%,2029,108750.0,77209.55,77209.55
mock2_state_pension_uprating,State Pension uprating: higher of CPI and 2.5%,2029,109500.0,77494.25,77494.25
mock2_state_pension_uprating,State Pension uprating: higher of CPI and 2.5%,2029,110250.0,77778.95,77778.95
mock2_state_pension_uprating,State Pension uprating: higher of CPI and 2.5%,2029,111000.0,78063.25,78063.25
mock2_state_pension_uprating,State Pension uprating: higher of CPI and 2.5%,2029,111750.0,78347.96,78347.96
mock2_state_pension_uprating,State Pension uprating: higher of CPI and 2.5%,2029,112500.0,78632.266,78632.266
mock2_state_pension_uprating,State Pension uprating: higher of CPI and 2.5%,2029,113250.0,78916.97,78916.97
mock2_state_pension_uprating,State Pension uprating: higher of CPI and 2.5%,2029,114000.0,79201.68,79201.68
mock2_state_pension_uprating,State Pension uprating: higher of CPI and 2.5%,2029,114750.0,79485.97,79485.97
mock2_state_pension_uprating,State Pension uprating: higher of CPI and 2.5%,2029,115500.0,79770.69,79770.69
mock2_state_pension_uprating,State Pension uprating: higher of CPI and 2.5%,2029,116250.0,80054.984,80054.984
mock2_state_pension_uprating,State Pension uprating: higher of CPI and 2.5%,2029,117000.0,80339.69,80339.69
mock2_state_pension_uprating,State Pension uprating: higher of CPI and 2.5%,2029,117750.0,80624.4,80624.4
mock2_state_pension_uprating,State Pension uprating: higher of CPI and 2.5%,2029,118500.0,80908.69,80908.69
mock2_state_pension_uprating,State Pension uprating: higher of CPI and 2.5%,2029,119250.0,81193.41,81193.41
mock2_state_pension_uprating,State Pension uprating: higher of CPI and 2.5%,2029,120000.0,81477.7,81477.7
mock2_state_pension_uprating,State Pension uprating: higher of CPI and 2.5%,2029,120750.0,81762.41,81762.41
mock2_state_pension_uprating,State Pension uprating: higher of CPI and 2.5%,2029,121500.0,82047.11,82047.11
mock2_state_pension_uprating,State Pension uprating: higher of CPI and 2.5%,2029,122250.0,82331.42,82331.42
mock2_state_pension_uprating,State Pension uprating: higher of CPI and 2.5%,2029,123000.0,82616.125,82616.125
mock2_state_pension_uprating,State Pension uprating: higher of CPI and 2.5%,2029,123750.0,82900.42,82900.42
mock2_state_pension_uprating,State Pension uprating: higher of CPI and 2.5%,2029,124500.0,83185.125,83185.125
mock2_state_pension_uprating,State Pension uprating: higher of CPI and 2.5%,2029,125250.0,83469.83,83469.83
mock2_state_pension_uprating,State Pension uprating: higher of CPI and 2.5%,2029,126000.0,83885.74,83885.74
mock2_state_pension_uprating,State Pension uprating: higher of CPI and 2.5%,2029,126750.0,84320.04,84320.04
mock2_state_pension_uprating,State Pension uprating: higher of CPI and 2.5%,2029,127500.0,84754.34,84754.34
mock2_state_pension_uprating,State Pension uprating: higher of CPI and 2.5%,2029,128250.0,85188.64,85188.64
mock2_state_pension_uprating,State Pension uprating: higher of CPI and 2.5%,2029,129000.0,85622.94,85622.94
mock2_state_pension_uprating,State Pension uprating: higher of CPI and 2.5%,2029,129750.0,86057.26,86057.26
mock2_state_pension_uprating,State Pension uprating: higher of CPI and 2.5%,2029,130500.0,86491.56,86491.56
mock2_state_pension_uprating,State Pension uprating: higher of CPI and 2.5%,2029,131250.0,86925.86,86925.86
mock2_state_pension_uprating,State Pension uprating: higher of CPI and 2.5%,2029,132000.0,87360.164,87360.164
mock2_state_pension_uprating,State Pension uprating: higher of CPI and 2.5%,2029,132750.0,87794.47,87794.47
mock2_state_pension_uprating,State Pension uprating: higher of CPI and 2.5%,2029,133500.0,88228.78,88228.78
mock2_state_pension_uprating,State Pension uprating: higher of CPI and 2.5%,2029,134250.0,88663.08,88663.08
mock2_state_pension_uprating,State Pension uprating: higher of CPI and 2.5%,2029,135000.0,89097.38,89097.38
mock2_state_pension_uprating,State Pension uprating: higher of CPI and 2.5%,2029,135750.0,89512.05,89512.05
mock2_state_pension_uprating,State Pension uprating: higher of CPI and 2.5%,2029,136500.0,89908.91,89908.91
mock2_state_pension_uprating,State Pension uprating: higher of CPI and 2.5%,2029,137250.0,90305.78,90305.78
mock2_state_pension_uprating,State Pension uprating: higher of CPI and 2.5%,2029,138000.0,90702.64,90702.64
mock2_state_pension_uprating,State Pension uprating: higher of CPI and 2.5%,2029,138750.0,91099.5,91099.5
mock2_state_pension_uprating,State Pension uprating: higher of CPI and 2.5%,2029,139500.0,91496.36,91496.36
mock2_state_pension_uprating,State Pension uprating: higher of CPI and 2.5%,2029,140250.0,91893.234,91893.234
mock2_state_pension_uprating,State Pension uprating: higher of CPI and 2.5%,2029,141000.0,92290.09,92290.09
mock2_state_pension_uprating,State Pension uprating: higher of CPI and 2.5%,2029,141750.0,92686.96,92686.96
mock2_state_pension_uprating,State Pension uprating: higher of CPI and 2.5%,2029,142500.0,93083.83,93083.83
mock2_state_pension_uprating,State Pension uprating: higher of CPI and 2.5%,2029,143250.0,93480.69,93480.69
mock2_state_pension_uprating,State Pension uprating: higher of CPI and 2.5%,2029,144000.0,93877.55,93877.55
mock2_state_pension_uprating,State Pension uprating: higher of CPI and 2.5%,2029,144750.0,94274.42,94274.42
mock2_state_pension_uprating,State Pension uprating: higher of CPI and 2.5%,2029,145500.0,94671.28,94671.28
mock2_state_pension_uprating,State Pension uprating: higher of CPI and 2.5%,2029,146250.0,95068.14,95068.14
mock2_state_pension_uprating,State Pension uprating: higher of CPI and 2.5%,2029,147000.0,95465.0,95465.0
mock2_state_pension_uprating,State Pension uprating: higher of CPI and 2.5%,2029,147750.0,95861.87,95861.87
mock2_state_pension_uprating,State Pension uprating: higher of CPI and 2.5%,2029,148500.0,96258.734,96258.734
mock2_state_pension_uprating,State Pension uprating: higher of CPI and 2.5%,2029,149250.0,96655.59,96655.59
mock2_state_pension_uprating,State Pension uprating: higher of CPI and 2.5%,2029,150000.0,97052.46,97052.46
mock2_state_pension_uprating,State Pension uprating: higher of CPI and 2.5%,2030,0.0,25989.016,25989.016
mock2_state_pension_uprating,State Pension uprating: higher of CPI and 2.5%,2030,750.0,26737.812,26737.812
mock2_state_pension_uprating,State Pension uprating: higher of CPI and 2.5%,2030,1500.0,27486.613,27486.613
mock2_state_pension_uprating,State Pension uprating: higher of CPI and 2.5%,2030,2250.0,28235.414,28235.414
mock2_state_pension_uprating,State Pension uprating: higher of CPI and 2.5%,2030,3000.0,28984.215,28984.215
mock2_state_pension_uprating,State Pension uprating: higher of CPI and 2.5%,2030,3750.0,29733.016,29733.016
mock2_state_pension_uprating,State Pension uprating: higher of CPI and 2.5%,2030,4500.0,30481.812,30481.812
mock2_state_pension_uprating,State Pension uprating: higher of CPI and 2.5%,2030,5250.0,31230.613,31230.613
mock2_state_pension_uprating,State Pension uprating: higher of CPI and 2.5%,2030,6000.0,31979.414,31979.414
mock2_state_pension_uprating,State Pension uprating: higher of CPI and 2.5%,2030,6750.0,32728.21,32728.21
mock2_state_pension_uprating,State Pension uprating: higher of CPI and 2.5%,2030,7500.0,33477.016,33477.016
mock2_state_pension_uprating,State Pension uprating: higher of CPI and 2.5%,2030,8250.0,34225.812,34225.812
mock2_state_pension_uprating,State Pension uprating: higher of CPI and 2.5%,2030,9000.0,34974.613,34974.613
mock2_state_pension_uprating,State Pension uprating: higher of CPI and 2.5%,2030,9750.0,35723.414,35723.414
mock2_state_pension_uprating,State Pension uprating: higher of CPI and 2.5%,2030,10500.0,36472.21,36472.21
mock2_state_pension_uprating,State Pension uprating: higher of CPI and 2.5%,2030,11250.0,37221.016,37221.016
mock2_state_pension_uprating,State Pension uprating: higher of CPI and 2.5%,2030,12000.0,37969.812,37969.812
mock2_state_pension_uprating,State Pension uprating: higher of CPI and 2.5%,2030,12750.0,38705.844,38705.844
mock2_state_pension_uprating,State Pension uprating: higher of CPI and 2.5%,2030,13500.0,39394.74,39394.74
mock2_state_pension_uprating,State Pension uprating: higher of CPI and 2.5%,2030,14250.0,40083.633,40083.633
mock2_state_pension_uprating,State Pension uprating: higher of CPI and 2.5%,2030,15000.0,40772.53,40772.53
mock2_state_pension_uprating,State Pension uprating: higher of CPI and 2.5%,2030,15750.0,41461.426,41461.426
mock2_state_pension_uprating,State Pension uprating: higher of CPI and 2.5%,2030,16500.0,42150.32,42150.32
mock2_state_pension_uprating,State Pension uprating: higher of CPI and 2.5%,2030,17250.0,42839.22,42839.22
mock2_state_pension_uprating,State Pension uprating: higher of CPI and 2.5%,2030,18000.0,43528.113,43528.113
mock2_state_pension_uprating,State Pension uprating: higher of CPI and 2.5%,2030,18750.0,44217.01,44217.01
mock2_state_pension_uprating,State Pension uprating: higher of CPI and 2.5%,2030,19500.0,44905.906,44905.906
mock2_state_pension_uprating,State Pension uprating: higher of CPI and 2.5%,2030,20250.0,45398.78,45398.78
mock2_state_pension_uprating,State Pension uprating: higher of CPI and 2.5%,2030,21000.0,45708.785,45708.785
mock2_state_pension_uprating,State Pension uprating: higher of CPI and 2.5%,2030,21750.0,46018.79,46018.79
mock2_state_pension_uprating,State Pension uprating: higher of CPI and 2.5%,2030,22500.0,46328.79,46328.79
mock2_state_pension_uprating,State Pension uprating: higher of CPI and 2.5%,2030,23250.0,46638.793,46638.793
mock2_state_pension_uprating,State Pension uprating: higher of CPI and 2.5%,2030,24000.0,46936.953,46936.953
mock2_state_pension_uprating,State Pension uprating: higher of CPI and 2.5%,2030,24750.0,47179.56,47179.56
mock2_state_pension_uprating,State Pension uprating: higher of CPI and 2.5%,2030,25500.0,47422.17,47422.17
mock2_state_pension_uprating,State Pension uprating: higher of CPI and 2.5%,2030,26250.0,47664.785,47664.785
mock2_state_pension_uprating,State Pension uprating: higher of CPI and 2.5%,2030,27000.0,47907.395,47907.395
mock2_state_pension_uprating,State Pension uprating: higher of CPI and 2.5%,2030,27750.0,48150.008,48150.008
mock2_state_pension_uprating,State Pension uprating: higher of CPI and 2.5%,2030,28500.0,48392.613,48392.613
mock2_state_pension_uprating,State Pension uprating: higher of CPI and 2.5%,2030,29250.0,48635.23,48635.23
mock2_state_pension_uprating,State Pension uprating: higher of CPI and 2.5%,2030,30000.0,48877.84,48877.84
mock2_state_pension_uprating,State Pension uprating: higher of CPI and 2.5%,2030,30750.0,49120.45,49120.45
mock2_state_pension_uprating,State Pension uprating: higher of CPI and 2.5%,2030,31500.0,49363.062,49363.062
mock2_state_pension_uprating,State Pension uprating: higher of CPI and 2.5%,2030,32250.0,49605.67,49605.67
mock2_state_pension_uprating,State Pension uprating: higher of CPI and 2.5%,2030,33000.0,49848.29,49848.29
mock2_state_pension_uprating,State Pension uprating: higher of CPI and 2.5%,2030,33750.0,50090.9,50090.9
mock2_state_pension_uprating,State Pension uprating: higher of CPI and 2.5%,2030,34500.0,50333.504,50333.504
mock2_state_pension_uprating,State Pension uprating: higher of CPI and 2.5%,2030,35250.0,50576.117,50576.117
mock2_state_pension_uprating,State Pension uprating: higher of CPI and 2.5%,2030,36000.0,50818.734,50818.734
mock2_state_pension_uprating,State Pension uprating: higher of CPI and 2.5%,2030,36750.0,51061.344,51061.344
mock2_state_pension_uprating,State Pension uprating: higher of CPI and 2.5%,2030,37500.0,51303.953,51303.953
mock2_state_pension_uprating,State Pension uprating: higher of CPI and 2.5%,2030,38250.0,51546.57,51546.57
mock2_state_pension_uprating,State Pension uprating: higher of CPI and 2.5%,2030,39000.0,51789.18,51789.18
mock2_state_pension_uprating,State Pension uprating: higher of CPI and 2.5%,2030,39750.0,52031.79,52031.79
mock2_state_pension_uprating,State Pension uprating: higher of CPI and 2.5%,2030,40500.0,52274.4,52274.4
mock2_state_pension_uprating,State Pension uprating: higher of CPI and 2.5%,2030,41250.0,52517.008,52517.008
mock2_state_pension_uprating,State Pension uprating: higher of CPI and 2.5%,2030,42000.0,52759.625,52759.625
mock2_state_pension_uprating,State Pension uprating: higher of CPI and 2.5%,2030,42750.0,53002.234,53002.234
mock2_state_pension_uprating,State Pension uprating: higher of CPI and 2.5%,2030,43500.0,53244.844,53244.844
mock2_state_pension_uprating,State Pension uprating: higher of CPI and 2.5%,2030,44250.0,53487.453,53487.453
mock2_state_pension_uprating,State Pension uprating: higher of CPI and 2.5%,2030,45000.0,53730.062,53730.062
mock2_state_pension_uprating,State Pension uprating: higher of CPI and 2.5%,2030,45750.0,53972.68,53972.68
mock2_state_pension_uprating,State Pension uprating: higher of CPI and 2.5%,2030,46500.0,54215.29,54215.29
mock2_state_pension_uprating,State Pension uprating: higher of CPI and 2.5%,2030,47250.0,54457.9,54457.9
mock2_state_pension_uprating,State Pension uprating: higher of CPI and 2.5%,2030,48000.0,54700.508,54700.508
mock2_state_pension_uprating,State Pension uprating: higher of CPI and 2.5%,2030,48750.0,54943.117,54943.117
mock2_state_pension_uprating,State Pension uprating: higher of CPI and 2.5%,2030,49500.0,55185.734,55185.734
mock2_state_pension_uprating,State Pension uprating: higher of CPI and 2.5%,2030,50250.0,55428.344,55428.344
mock2_state_pension_uprating,State Pension uprating: higher of CPI and 2.5%,2030,51000.0,55688.46,55688.46
mock2_state_pension_uprating,State Pension uprating: higher of CPI and 2.5%,2030,51750.0,55951.297,55951.297
mock2_state_pension_uprating,State Pension uprating: higher of CPI and 2.5%,2030,52500.0,56214.125,56214.125
mock2_state_pension_uprating,State Pension uprating: higher of CPI and 2.5%,2030,53250.0,56476.945,56476.945
mock2_state_pension_uprating,State Pension uprating: higher of CPI and 2.5%,2030,54000.0,56701.156,56701.156
mock2_state_pension_uprating,State Pension uprating: higher of CPI and 2.5%,2030,54750.0,56919.055,56919.055
mock2_state_pension_uprating,State Pension uprating: higher of CPI and 2.5%,2030,55500.0,57136.96,57136.96
mock2_state_pension_uprating,State Pension uprating: higher of CPI and 2.5%,2030,56250.0,57354.86,57354.86
mock2_state_pension_uprating,State Pension uprating: higher of CPI and 2.5%,2030,57000.0,57572.758,57572.758
mock2_state_pension_uprating,State Pension uprating: higher of CPI and 2.5%,2030,57750.0,57790.664,57790.664
mock2_state_pension_uprating,State Pension uprating: higher of CPI and 2.5%,2030,58500.0,58008.562,58008.562
mock2_state_pension_uprating,State Pension uprating: higher of CPI and 2.5%,2030,59250.0,58226.47,58226.47
mock2_state_pension_uprating,State Pension uprating: higher of CPI and 2.5%,2030,60000.0,58444.367,58444.367
mock2_state_pension_uprating,State Pension uprating: higher of CPI and 2.5%,2030,60750.0,58421.57,58421.57
mock2_state_pension_uprating,State Pension uprating: higher of CPI and 2.5%,2030,61500.0,58484.17,58484.17
mock2_state_pension_uprating,State Pension uprating: higher of CPI and 2.5%,2030,62250.0,58546.773,58546.773
mock2_state_pension_uprating,State Pension uprating: higher of CPI and 2.5%,2030,63000.0,58609.383,58609.383
mock2_state_pension_uprating,State Pension uprating: higher of CPI and 2.5%,2030,63750.0,58671.977,58671.977
mock2_state_pension_uprating,State Pension uprating: higher of CPI and 2.5%,2030,64500.0,58734.57,58734.57
mock2_state_pension_uprating,State Pension uprating: higher of CPI and 2.5%,2030,65250.0,58797.18,58797.18
mock2_state_pension_uprating,State Pension uprating: higher of CPI and 2.5%,2030,66000.0,58859.78,58859.78
mock2_state_pension_uprating,State Pension uprating: higher of CPI and 2.5%,2030,66750.0,58922.375,58922.375
mock2_state_pension_uprating,State Pension uprating: higher of CPI and 2.5%,2030,67500.0,58984.977,58984.977
mock2_state_pension_uprating,State Pension uprating: higher of CPI and 2.5%,2030,68250.0,59047.58,59047.58
mock2_state_pension_uprating,State Pension uprating: higher of CPI and 2.5%,2030,69000.0,59110.18,59110.18
mock2_state_pension_uprating,State Pension uprating: higher of CPI and 2.5%,2030,69750.0,59172.78,59172.78
mock2_state_pension_uprating,State Pension uprating: higher of CPI and 2.5%,2030,70500.0,59235.383,59235.383
mock2_state_pension_uprating,State Pension uprating: higher of CPI and 2.5%,2030,71250.0,59297.977,59297.977
mock2_state_pension_uprating,State Pension uprating: higher of CPI and 2.5%,2030,72000.0,59360.58,59360.58
mock2_state_pension_uprating,State Pension uprating: higher of CPI and 2.5%,2030,72750.0,59445.336,59445.336
mock2_state_pension_uprating,State Pension uprating: higher of CPI and 2.5%,2030,73500.0,59746.805,59746.805
mock2_state_pension_uprating,State Pension uprating: higher of CPI and 2.5%,2030,74250.0,60048.273,60048.273
mock2_state_pension_uprating,State Pension uprating: higher of CPI and 2.5%,2030,75000.0,60349.734,60349.734
mock2_state_pension_uprating,State Pension uprating: higher of CPI and 2.5%,2030,75750.0,60651.203,60651.203
mock2_state_pension_uprating,State Pension uprating: higher of CPI and 2.5%,2030,76500.0,60952.67,60952.67
mock2_state_pension_uprating,State Pension uprating: higher of CPI and 2.5%,2030,77250.0,61254.14,61254.14
mock2_state_pension_uprating,State Pension uprating: higher of CPI and 2.5%,2030,78000.0,61555.61,61555.61
mock2_state_pension_uprating,State Pension uprating: higher of CPI and 2.5%,2030,78750.0,61857.08,61857.08
mock2_state_pension_uprating,State Pension uprating: higher of CPI and 2.5%,2030,79500.0,62158.54,62158.54
mock2_state_pension_uprating,State Pension uprating: higher of CPI and 2.5%,2030,80250.0,62481.586,62481.586
mock2_state_pension_uprating,State Pension uprating: higher of CPI and 2.5%,2030,81000.0,62915.89,62915.89
mock2_state_pension_uprating,State Pension uprating: higher of CPI and 2.5%,2030,81750.0,63350.188,63350.188
mock2_state_pension_uprating,State Pension uprating: higher of CPI and 2.5%,2030,82500.0,63784.492,63784.492
mock2_state_pension_uprating,State Pension uprating: higher of CPI and 2.5%,2030,83250.0,64218.797,64218.797
mock2_state_pension_uprating,State Pension uprating: higher of CPI and 2.5%,2030,84000.0,64653.1,64653.1
mock2_state_pension_uprating,State Pension uprating: higher of CPI and 2.5%,2030,84750.0,65087.406,65087.406
mock2_state_pension_uprating,State Pension uprating: higher of CPI and 2.5%,2030,85500.0,65521.71,65521.71
mock2_state_pension_uprating,State Pension uprating: higher of CPI and 2.5%,2030,86250.0,65956.016,65956.016
mock2_state_pension_uprating,State Pension uprating: higher of CPI and 2.5%,2030,87000.0,66390.31,66390.31
mock2_state_pension_uprating,State Pension uprating: higher of CPI and 2.5%,2030,87750.0,66824.625,66824.625
mock2_state_pension_uprating,State Pension uprating: higher of CPI and 2.5%,2030,88500.0,67258.92,67258.92
mock2_state_pension_uprating,State Pension uprating: higher of CPI and 2.5%,2030,89250.0,67693.234,67693.234
mock2_state_pension_uprating,State Pension uprating: higher of CPI and 2.5%,2030,90000.0,68127.53,68127.53
mock2_state_pension_uprating,State Pension uprating: higher of CPI and 2.5%,2030,90750.0,68561.836,68561.836
mock2_state_pension_uprating,State Pension uprating: higher of CPI and 2.5%,2030,91500.0,68996.14,68996.14
mock2_state_pension_uprating,State Pension uprating: higher of CPI and 2.5%,2030,92250.0,69430.445,69430.445
mock2_state_pension_uprating,State Pension uprating: higher of CPI and 2.5%,2030,93000.0,69864.75,69864.75
mock2_state_pension_uprating,State Pension uprating: higher of CPI and 2.5%,2030,93750.0,70299.055,70299.055
mock2_state_pension_uprating,State Pension uprating: higher of CPI and 2.5%,2030,94500.0,70733.36,70733.36
mock2_state_pension_uprating,State Pension uprating: higher of CPI and 2.5%,2030,95250.0,71167.664,71167.664
mock2_state_pension_uprating,State Pension uprating: higher of CPI and 2.5%,2030,96000.0,71601.97,71601.97
mock2_state_pension_uprating,State Pension uprating: higher of CPI and 2.5%,2030,96750.0,72036.27,72036.27
mock2_state_pension_uprating,State Pension uprating: higher of CPI and 2.5%,2030,97500.0,72470.58,72470.58
mock2_state_pension_uprating,State Pension uprating: higher of CPI and 2.5%,2030,98250.0,72904.875,72904.875
mock2_state_pension_uprating,State Pension uprating: higher of CPI and 2.5%,2030,99000.0,73339.19,73339.19
mock2_state_pension_uprating,State Pension uprating: higher of CPI and 2.5%,2030,99750.0,73773.484,73773.484
mock2_state_pension_uprating,State Pension uprating: higher of CPI and 2.5%,2030,100500.0,74140.19,74140.19
mock2_state_pension_uprating,State Pension uprating: higher of CPI and 2.5%,2030,101250.0,74424.5,74424.5
mock2_state_pension_uprating,State Pension uprating: higher of CPI and 2.5%,2030,102000.0,74709.2,74709.2
mock2_state_pension_uprating,State Pension uprating: higher of CPI and 2.5%,2030,102750.0,74993.91,74993.91
mock2_state_pension_uprating,State Pension uprating: higher of CPI and 2.5%,2030,103500.0,75278.2,75278.2
mock2_state_pension_uprating,State Pension uprating: higher of CPI and 2.5%,2030,104250.0,75562.91,75562.91
mock2_state_pension_uprating,State Pension uprating: higher of CPI and 2.5%,2030,105000.0,75847.22,75847.22
mock2_state_pension_uprating,State Pension uprating: higher of CPI and 2.5%,2030,105750.0,76131.914,76131.914
mock2_state_pension_uprating,State Pension uprating: higher of CPI and 2.5%,2030,106500.0,76416.625,76416.625
mock2_state_pension_uprating,State Pension uprating: higher of CPI and 2.5%,2030,107250.0,76700.92,76700.92
mock2_state_pension_uprating,State Pension uprating: higher of CPI and 2.5%,2030,108000.0,76985.63,76985.63
mock2_state_pension_uprating,State Pension uprating: higher of CPI and 2.5%,2030,108750.0,77269.94,77269.94
mock2_state_pension_uprating,State Pension uprating: higher of CPI and 2.5%,2030,109500.0,77554.64,77554.64
mock2_state_pension_uprating,State Pension uprating: higher of CPI and 2.5%,2030,110250.0,77839.34,77839.34
mock2_state_pension_uprating,State Pension uprating: higher of CPI and 2.5%,2030,111000.0,78123.64,78123.64
mock2_state_pension_uprating,State Pension uprating: higher of CPI and 2.5%,2030,111750.0,78408.36,78408.36
mock2_state_pension_uprating,State Pension uprating: higher of CPI and 2.5%,2030,112500.0,78692.66,78692.66
mock2_state_pension_uprating,State Pension uprating: higher of CPI and 2.5%,2030,113250.0,78977.36,78977.36
mock2_state_pension_uprating,State Pension uprating: higher of CPI and 2.5%,2030,114000.0,79262.06,79262.06
mock2_state_pension_uprating,State Pension uprating: higher of CPI and 2.5%,2030,114750.0,79546.36,79546.36
mock2_state_pension_uprating,State Pension uprating: higher of CPI and 2.5%,2030,115500.0,79831.08,79831.08
mock2_state_pension_uprating,State Pension uprating: higher of CPI and 2.5%,2030,116250.0,80115.39,80115.39
mock2_state_pension_uprating,State Pension uprating: higher of CPI and 2.5%,2030,117000.0,80400.086,80400.086
mock2_state_pension_uprating,State Pension uprating: higher of CPI and 2.5%,2030,117750.0,80684.78,80684.78
mock2_state_pension_uprating,State Pension uprating: higher of CPI and 2.5%,2030,118500.0,80969.086,80969.086
mock2_state_pension_uprating,State Pension uprating: higher of CPI and 2.5%,2030,119250.0,81253.8,81253.8
mock2_state_pension_uprating,State Pension uprating: higher of CPI and 2.5%,2030,120000.0,81538.1,81538.1
mock2_state_pension_uprating,State Pension uprating: higher of CPI and 2.5%,2030,120750.0,81822.805,81822.805
mock2_state_pension_uprating,State Pension uprating: higher of CPI and 2.5%,2030,121500.0,82107.51,82107.51
mock2_state_pension_uprating,State Pension uprating: higher of CPI and 2.5%,2030,122250.0,82391.83,82391.83
mock2_state_pension_uprating,State Pension uprating: higher of CPI and 2.5%,2030,123000.0,82676.52,82676.52
mock2_state_pension_uprating,State Pension uprating: higher of CPI and 2.5%,2030,123750.0,82960.83,82960.83
mock2_state_pension_uprating,State Pension uprating: higher of CPI and 2.5%,2030,124500.0,83245.52,83245.52
mock2_state_pension_uprating,State Pension uprating: higher of CPI and 2.5%,2030,125250.0,83530.22,83530.22
mock2_state_pension_uprating,State Pension uprating: higher of CPI and 2.5%,2030,126000.0,83946.14,83946.14
mock2_state_pension_uprating,State Pension uprating: higher of CPI and 2.5%,2030,126750.0,84380.44,84380.44
mock2_state_pension_uprating,State Pension uprating: higher of CPI and 2.5%,2030,127500.0,84814.75,84814.75
mock2_state_pension_uprating,State Pension uprating: higher of CPI and 2.5%,2030,128250.0,85249.05,85249.05
mock2_state_pension_uprating,State Pension uprating: higher of CPI and 2.5%,2030,129000.0,85683.34,85683.34
mock2_state_pension_uprating,State Pension uprating: higher of CPI and 2.5%,2030,129750.0,86117.66,86117.66
mock2_state_pension_uprating,State Pension uprating: higher of CPI and 2.5%,2030,130500.0,86551.96,86551.96
mock2_state_pension_uprating,State Pension uprating: higher of CPI and 2.5%,2030,131250.0,86986.266,86986.266
mock2_state_pension_uprating,State Pension uprating: higher of CPI and 2.5%,2030,132000.0,87420.56,87420.56
mock2_state_pension_uprating,State Pension uprating: higher of CPI and 2.5%,2030,132750.0,87854.87,87854.87
mock2_state_pension_uprating,State Pension uprating: higher of CPI and 2.5%,2030,133500.0,88289.18,88289.18
mock2_state_pension_uprating,State Pension uprating: higher of CPI and 2.5%,2030,134250.0,88723.484,88723.484
mock2_state_pension_uprating,State Pension uprating: higher of CPI and 2.5%,2030,135000.0,89157.78,89157.78
mock2_state_pension_uprating,State Pension uprating: higher of CPI and 2.5%,2030,135750.0,89572.445,89572.445
mock2_state_pension_uprating,State Pension uprating: higher of CPI and 2.5%,2030,136500.0,89969.305,89969.305
mock2_state_pension_uprating,State Pension uprating: higher of CPI and 2.5%,2030,137250.0,90366.18,90366.18
mock2_state_pension_uprating,State Pension uprating: higher of CPI and 2.5%,2030,138000.0,90763.05,90763.05
mock2_state_pension_uprating,State Pension uprating: higher of CPI and 2.5%,2030,138750.0,91159.91,91159.91
mock2_state_pension_uprating,State Pension uprating: higher of CPI and 2.5%,2030,139500.0,91556.766,91556.766
mock2_state_pension_uprating,State Pension uprating: higher of CPI and 2.5%,2030,140250.0,91953.625,91953.625
mock2_state_pension_uprating,State Pension uprating: higher of CPI and 2.5%,2030,141000.0,92350.5,92350.5
mock2_state_pension_uprating,State Pension uprating: higher of CPI and 2.5%,2030,141750.0,92747.36,92747.36
mock2_state_pension_uprating,State Pension uprating: higher of CPI and 2.5%,2030,142500.0,93144.23,93144.23
mock2_state_pension_uprating,State Pension uprating: higher of CPI and 2.5%,2030,143250.0,93541.086,93541.086
mock2_state_pension_uprating,State Pension uprating: higher of CPI and 2.5%,2030,144000.0,93937.95,93937.95
mock2_state_pension_uprating,State Pension uprating: higher of CPI and 2.5%,2030,144750.0,94334.82,94334.82
mock2_state_pension_uprating,State Pension uprating: higher of CPI and 2.5%,2030,145500.0,94731.68,94731.68
mock2_state_pension_uprating,State Pension uprating: higher of CPI and 2.5%,2030,146250.0,95128.55,95128.55
mock2_state_pension_uprating,State Pension uprating: higher of CPI and 2.5%,2030,147000.0,95525.41,95525.41
mock2_state_pension_uprating,State Pension uprating: higher of CPI and 2.5%,2030,147750.0,95922.266,95922.266
mock2_state_pension_uprating,State Pension uprating: higher of CPI and 2.5%,2030,148500.0,96319.14,96319.14
mock2_state_pension_uprating,State Pension uprating: higher of CPI and 2.5%,2030,149250.0,96716.0,96716.0
mock2_state_pension_uprating,State Pension uprating: higher of CPI and 2.5%,2030,150000.0,97112.86,97112.86
mock2_state_pension_personal_allowance,State Pension personal allowance,2026,0.0,23876.223,23876.223
mock2_state_pension_personal_allowance,State Pension personal allowance,2026,750.0,24626.223,24626.223
mock2_state_pension_personal_allowance,State Pension personal allowance,2026,1500.0,25376.223,25376.223
mock2_state_pension_personal_allowance,State Pension personal allowance,2026,2250.0,26126.223,26126.223
mock2_state_pension_personal_allowance,State Pension personal allowance,2026,3000.0,26876.223,26876.223
mock2_state_pension_personal_allowance,State Pension personal allowance,2026,3750.0,27626.223,27626.223
mock2_state_pension_personal_allowance,State Pension personal allowance,2026,4500.0,28376.223,28376.223
mock2_state_pension_personal_allowance,State Pension personal allowance,2026,5250.0,29126.223,29126.223
mock2_state_pension_personal_allowance,State Pension personal allowance,2026,6000.0,29876.223,29876.223
mock2_state_pension_personal_allowance,State Pension personal allowance,2026,6750.0,30626.223,30626.223
mock2_state_pension_personal_allowance,State Pension personal allowance,2026,7500.0,31376.223,31376.223
mock2_state_pension_personal_allowance,State Pension personal allowance,2026,8250.0,32126.223,32126.223
mock2_state_pension_personal_allowance,State Pension personal allowance,2026,9000.0,32876.223,32876.223
mock2_state_pension_personal_allowance,State Pension personal allowance,2026,9750.0,33626.223,33626.223
mock2_state_pension_personal_allowance,State Pension personal allowance,2026,10500.0,34376.223,34376.223
mock2_state_pension_personal_allowance,State Pension personal allowance,2026,11250.0,35126.223,35126.223
mock2_state_pension_personal_allowance,State Pension personal allowance,2026,12000.0,35876.223,35876.223
mock2_state_pension_personal_allowance,State Pension personal allowance,2026,12750.0,36611.82,36611.82
mock2_state_pension_personal_allowance,State Pension personal allowance,2026,13500.0,37301.82,37301.82
mock2_state_pension_personal_allowance,State Pension personal allowance,2026,14250.0,37991.82,37991.82
mock2_state_pension_personal_allowance,State Pension personal allowance,2026,15000.0,38681.82,38681.82
mock2_state_pension_personal_allowance,State Pension personal allowance,2026,15750.0,39371.82,39371.82
mock2_state_pension_personal_allowance,State Pension personal allowance,2026,16500.0,40061.82,40061.82
mock2_state_pension_personal_allowance,State Pension personal allowance,2026,17250.0,40751.82,40751.82
mock2_state_pension_personal_allowance,State Pension personal allowance,2026,18000.0,41441.82,41441.82
mock2_state_pension_personal_allowance,State Pension personal allowance,2026,18750.0,42131.82,42131.82
mock2_state_pension_personal_allowance,State Pension personal allowance,2026,19500.0,42587.742,42587.742
mock2_state_pension_personal_allowance,State Pension personal allowance,2026,20250.0,42898.242,42898.242
mock2_state_pension_personal_allowance,State Pension personal allowance,2026,21000.0,43208.742,43208.742
mock2_state_pension_personal_allowance,State Pension personal allowance,2026,21750.0,43519.242,43519.242
mock2_state_pension_personal_allowance,State Pension personal allowance,2026,22500.0,43829.742,43829.742
mock2_state_pension_personal_allowance,State Pension personal allowance,2026,23250.0,44140.242,44140.242
mock2_state_pension_personal_allowance,State Pension personal allowance,2026,24000.0,44435.438,44435.438
mock2_state_pension_personal_allowance,State Pension personal allowance,2026,24750.0,44678.438,44678.438
mock2_state_pension_personal_allowance,State Pension personal allowance,2026,25500.0,44921.438,44921.438
mock2_state_pension_personal_allowance,State Pension personal allowance,2026,26250.0,45164.438,45164.438
mock2_state_pension_personal_allowance,State Pension personal allowance,2026,27000.0,45407.438,45407.438
mock2_state_pension_personal_allowance,State Pension personal allowance,2026,27750.0,45650.438,45650.438
mock2_state_pension_personal_allowance,State Pension personal allowance,2026,28500.0,45893.438,45893.438
mock2_state_pension_personal_allowance,State Pension personal allowance,2026,29250.0,46136.438,46136.438
mock2_state_pension_personal_allowance,State Pension personal allowance,2026,30000.0,46379.438,46379.438
mock2_state_pension_personal_allowance,State Pension personal allowance,2026,30750.0,46622.438,46622.438
mock2_state_pension_personal_allowance,State Pension personal allowance,2026,31500.0,46865.438,46865.438
mock2_state_pension_personal_allowance,State Pension personal allowance,2026,32250.0,47108.438,47108.438
mock2_state_pension_personal_allowance,State Pension personal allowance,2026,33000.0,47351.438,47351.438
mock2_state_pension_personal_allowance,State Pension personal allowance,2026,33750.0,47594.438,47594.438
mock2_state_pension_personal_allowance,State Pension personal allowance,2026,34500.0,47837.438,47837.438
mock2_state_pension_personal_allowance,State Pension personal allowance,2026,35250.0,48080.438,48080.438
mock2_state_pension_personal_allowance,State Pension personal allowance,2026,36000.0,48323.438,48323.438
mock2_state_pension_personal_allowance,State Pension personal allowance,2026,36750.0,48566.438,48566.438
mock2_state_pension_personal_allowance,State Pension personal allowance,2026,37500.0,48809.438,48809.438
mock2_state_pension_personal_allowance,State Pension personal allowance,2026,38250.0,49052.438,49052.438
mock2_state_pension_personal_allowance,State Pension personal allowance,2026,39000.0,49295.438,49295.438
mock2_state_pension_personal_allowance,State Pension personal allowance,2026,39750.0,49538.438,49538.438
mock2_state_pension_personal_allowance,State Pension personal allowance,2026,40500.0,49781.438,49781.438
mock2_state_pension_personal_allowance,State Pension personal allowance,2026,41250.0,50024.438,50024.438
mock2_state_pension_personal_allowance,State Pension personal allowance,2026,42000.0,50267.438,50267.438
mock2_state_pension_personal_allowance,State Pension personal allowance,2026,42750.0,50510.438,50510.438
mock2_state_pension_personal_allowance,State Pension personal allowance,2026,43500.0,50753.438,50753.438
mock2_state_pension_personal_allowance,State Pension personal allowance,2026,44250.0,50996.438,50996.438
mock2_state_pension_personal_allowance,State Pension personal allowance,2026,45000.0,51239.438,51239.438
mock2_state_pension_personal_allowance,State Pension personal allowance,2026,45750.0,51482.438,51482.438
mock2_state_pension_personal_allowance,State Pension personal allowance,2026,46500.0,51725.438,51725.438
mock2_state_pension_personal_allowance,State Pension personal allowance,2026,47250.0,51968.438,51968.438
mock2_state_pension_personal_allowance,State Pension personal allowance,2026,48000.0,52211.438,52211.438
mock2_state_pension_personal_allowance,State Pension personal allowance,2026,48750.0,52454.438,52454.438
mock2_state_pension_personal_allowance,State Pension personal allowance,2026,49500.0,52697.438,52697.438
mock2_state_pension_personal_allowance,State Pension personal allowance,2026,50250.0,52940.438,52940.438
mock2_state_pension_personal_allowance,State Pension personal allowance,2026,51000.0,53203.156,53203.156
mock2_state_pension_personal_allowance,State Pension personal allowance,2026,51750.0,53466.406,53466.406
mock2_state_pension_personal_allowance,State Pension personal allowance,2026,52500.0,53729.656,53729.656
mock2_state_pension_personal_allowance,State Pension personal allowance,2026,53250.0,53992.906,53992.906
mock2_state_pension_personal_allowance,State Pension personal allowance,2026,54000.0,54212.355,54212.355
mock2_state_pension_personal_allowance,State Pension personal allowance,2026,54750.0,54430.605,54430.605
mock2_state_pension_personal_allowance,State Pension personal allowance,2026,55500.0,54648.855,54648.855
mock2_state_pension_personal_allowance,State Pension personal allowance,2026,56250.0,54867.105,54867.105
mock2_state_pension_personal_allowance,State Pension personal allowance,2026,57000.0,55085.355,55085.355
mock2_state_pension_personal_allowance,State Pension personal allowance,2026,57750.0,55303.605,55303.605
mock2_state_pension_personal_allowance,State Pension personal allowance,2026,58500.0,55521.855,55521.855
mock2_state_pension_personal_allowance,State Pension personal allowance,2026,59250.0,55740.1,55740.1
mock2_state_pension_personal_allowance,State Pension personal allowance,2026,60000.0,55958.35,55958.35
mock2_state_pension_personal_allowance,State Pension personal allowance,2026,60750.0,55926.242,55926.242
mock2_state_pension_personal_allowance,State Pension personal allowance,2026,61500.0,55999.438,55999.438
mock2_state_pension_personal_allowance,State Pension personal allowance,2026,62250.0,56072.633,56072.633
mock2_state_pension_personal_allowance,State Pension personal allowance,2026,63000.0,56145.82,56145.82
mock2_state_pension_personal_allowance,State Pension personal allowance,2026,63750.0,56219.016,56219.016
mock2_state_pension_personal_allowance,State Pension personal allowance,2026,64500.0,56292.21,56292.21
mock2_state_pension_personal_allowance,State Pension personal allowance,2026,65250.0,56365.4,56365.4
mock2_state_pension_personal_allowance,State Pension personal allowance,2026,66000.0,56438.594,56438.594
mock2_state_pension_personal_allowance,State Pension personal allowance,2026,66750.0,56680.125,56680.125
mock2_state_pension_personal_allowance,State Pension personal allowance,2026,67500.0,56992.562,56992.562
mock2_state_pension_personal_allowance,State Pension personal allowance,2026,68250.0,57305.008,57305.008
mock2_state_pension_personal_allowance,State Pension personal allowance,2026,69000.0,57617.453,57617.453
mock2_state_pension_personal_allowance,State Pension personal allowance,2026,69750.0,57929.89,57929.89
mock2_state_pension_personal_allowance,State Pension personal allowance,2026,70500.0,58242.336,58242.336
mock2_state_pension_personal_allowance,State Pension personal allowance,2026,71250.0,58554.78,58554.78
mock2_state_pension_personal_allowance,State Pension personal allowance,2026,72000.0,58867.22,58867.22
mock2_state_pension_personal_allowance,State Pension personal allowance,2026,72750.0,59179.656,59179.656
mock2_state_pension_personal_allowance,State Pension personal allowance,2026,73500.0,59492.1,59492.1
mock2_state_pension_personal_allowance,State Pension personal allowance,2026,74250.0,59804.547,59804.547
mock2_state_pension_personal_allowance,State Pension personal allowance,2026,75000.0,60116.984,60116.984
mock2_state_pension_personal_allowance,State Pension personal allowance,2026,75750.0,60429.43,60429.43
mock2_state_pension_personal_allowance,State Pension personal allowance,2026,76500.0,60741.875,60741.875
mock2_state_pension_personal_allowance,State Pension personal allowance,2026,77250.0,61054.312,61054.312
mock2_state_pension_personal_allowance,State Pension personal allowance,2026,78000.0,61366.758,61366.758
mock2_state_pension_personal_allowance,State Pension personal allowance,2026,78750.0,61679.203,61679.203
mock2_state_pension_personal_allowance,State Pension personal allowance,2026,79500.0,61991.64,61991.64
mock2_state_pension_personal_allowance,State Pension personal allowance,2026,80250.0,62344.938,62344.938
mock2_state_pension_personal_allowance,State Pension personal allowance,2026,81000.0,62779.938,62779.938
mock2_state_pension_personal_allowance,State Pension personal allowance,2026,81750.0,63214.938,63214.938
mock2_state_pension_personal_allowance,State Pension personal allowance,2026,82500.0,63649.938,63649.938
mock2_state_pension_personal_allowance,State Pension personal allowance,2026,83250.0,64084.938,64084.938
mock2_state_pension_personal_allowance,State Pension personal allowance,2026,84000.0,64519.938,64519.938
mock2_state_pension_personal_allowance,State Pension personal allowance,2026,84750.0,64954.938,64954.938
mock2_state_pension_personal_allowance,State Pension personal allowance,2026,85500.0,65389.938,65389.938
mock2_state_pension_personal_allowance,State Pension personal allowance,2026,86250.0,65824.94,65824.94
mock2_state_pension_personal_allowance,State Pension personal allowance,2026,87000.0,66259.94,66259.94
mock2_state_pension_personal_allowance,State Pension personal allowance,2026,87750.0,66694.94,66694.94
mock2_state_pension_personal_allowance,State Pension personal allowance,2026,88500.0,67129.94,67129.94
mock2_state_pension_personal_allowance,State Pension personal allowance,2026,89250.0,67564.94,67564.94
mock2_state_pension_personal_allowance,State Pension personal allowance,2026,90000.0,67999.94,67999.94
mock2_state_pension_personal_allowance,State Pension personal allowance,2026,90750.0,68434.94,68434.94
mock2_state_pension_personal_allowance,State Pension personal allowance,2026,91500.0,68869.94,68869.94
mock2_state_pension_personal_allowance,State Pension personal allowance,2026,92250.0,69304.94,69304.94
mock2_state_pension_personal_allowance,State Pension personal allowance,2026,93000.0,69739.94,69739.94
mock2_state_pension_personal_allowance,State Pension personal allowance,2026,93750.0,70174.94,70174.94
mock2_state_pension_personal_allowance,State Pension personal allowance,2026,94500.0,70609.94,70609.94
mock2_state_pension_personal_allowance,State Pension personal allowance,2026,95250.0,71044.94,71044.94
mock2_state_pension_personal_allowance,State Pension personal allowance,2026,96000.0,71479.94,71479.94
mock2_state_pension_personal_allowance,State Pension personal allowance,2026,96750.0,71914.94,71914.94
mock2_state_pension_personal_allowance,State Pension personal allowance,2026,97500.0,72349.94,72349.94
mock2_state_pension_personal_allowance,State Pension personal allowance,2026,98250.0,72784.94,72784.94
mock2_state_pension_personal_allowance,State Pension personal allowance,2026,99000.0,73219.94,73219.94
mock2_state_pension_personal_allowance,State Pension personal allowance,2026,99750.0,73654.94,73654.94
mock2_state_pension_personal_allowance,State Pension personal allowance,2026,100500.0,73989.94,73989.94
mock2_state_pension_personal_allowance,State Pension personal allowance,2026,101250.0,74274.94,74274.94
mock2_state_pension_personal_allowance,State Pension personal allowance,2026,102000.0,74559.94,74559.94
mock2_state_pension_personal_allowance,State Pension personal allowance,2026,102750.0,74844.94,74844.94
mock2_state_pension_personal_allowance,State Pension personal allowance,2026,103500.0,75129.94,75129.94
mock2_state_pension_personal_allowance,State Pension personal allowance,2026,104250.0,75414.94,75414.94
mock2_state_pension_personal_allowance,State Pension personal allowance,2026,105000.0,75699.94,75699.94
mock2_state_pension_personal_allowance,State Pension personal allowance,2026,105750.0,75984.94,75984.94
mock2_state_pension_personal_allowance,State Pension personal allowance,2026,106500.0,76269.94,76269.94
mock2_state_pension_personal_allowance,State Pension personal allowance,2026,107250.0,76554.94,76554.94
mock2_state_pension_personal_allowance,State Pension personal allowance,2026,108000.0,76839.94,76839.94
mock2_state_pension_personal_allowance,State Pension personal allowance,2026,108750.0,77124.94,77124.94
mock2_state_pension_personal_allowance,State Pension personal allowance,2026,109500.0,77409.94,77409.94
mock2_state_pension_personal_allowance,State Pension personal allowance,2026,110250.0,77694.94,77694.94
mock2_state_pension_personal_allowance,State Pension personal allowance,2026,111000.0,77979.94,77979.94
mock2_state_pension_personal_allowance,State Pension personal allowance,2026,111750.0,78264.94,78264.94
mock2_state_pension_personal_allowance,State Pension personal allowance,2026,112500.0,78549.94,78549.94
mock2_state_pension_personal_allowance,State Pension personal allowance,2026,113250.0,78834.94,78834.94
mock2_state_pension_personal_allowance,State Pension personal allowance,2026,114000.0,79119.94,79119.94
mock2_state_pension_personal_allowance,State Pension personal allowance,2026,114750.0,79404.94,79404.94
mock2_state_pension_personal_allowance,State Pension personal allowance,2026,115500.0,79689.94,79689.94
mock2_state_pension_personal_allowance,State Pension personal allowance,2026,116250.0,79974.94,79974.94
mock2_state_pension_personal_allowance,State Pension personal allowance,2026,117000.0,80259.94,80259.94
mock2_state_pension_personal_allowance,State Pension personal allowance,2026,117750.0,80544.94,80544.94
mock2_state_pension_personal_allowance,State Pension personal allowance,2026,118500.0,80829.94,80829.94
mock2_state_pension_personal_allowance,State Pension personal allowance,2026,119250.0,81114.94,81114.94
mock2_state_pension_personal_allowance,State Pension personal allowance,2026,120000.0,81399.94,81399.94
mock2_state_pension_personal_allowance,State Pension personal allowance,2026,120750.0,81684.94,81684.94
mock2_state_pension_personal_allowance,State Pension personal allowance,2026,121500.0,81969.94,81969.94
mock2_state_pension_personal_allowance,State Pension personal allowance,2026,122250.0,82254.94,82254.94
mock2_state_pension_personal_allowance,State Pension personal allowance,2026,123000.0,82539.94,82539.94
mock2_state_pension_personal_allowance,State Pension personal allowance,2026,123750.0,82824.94,82824.94
mock2_state_pension_personal_allowance,State Pension personal allowance,2026,124500.0,83109.94,83109.94
mock2_state_pension_personal_allowance,State Pension personal allowance,2026,125250.0,83416.94,83416.94
mock2_state_pension_personal_allowance,State Pension personal allowance,2026,126000.0,83851.94,83851.94
mock2_state_pension_personal_allowance,State Pension personal allowance,2026,126750.0,84286.94,84286.94
mock2_state_pension_personal_allowance,State Pension personal allowance,2026,127500.0,84721.94,84721.94
mock2_state_pension_personal_allowance,State Pension personal allowance,2026,128250.0,85156.94,85156.94
mock2_state_pension_personal_allowance,State Pension personal allowance,2026,129000.0,85591.94,85591.94
mock2_state_pension_personal_allowance,State Pension personal allowance,2026,129750.0,86026.94,86026.94
mock2_state_pension_personal_allowance,State Pension personal allowance,2026,130500.0,86461.94,86461.94
mock2_state_pension_personal_allowance,State Pension personal allowance,2026,131250.0,86896.94,86896.94
mock2_state_pension_personal_allowance,State Pension personal allowance,2026,132000.0,87331.94,87331.94
mock2_state_pension_personal_allowance,State Pension personal allowance,2026,132750.0,87766.94,87766.94
mock2_state_pension_personal_allowance,State Pension personal allowance,2026,133500.0,88201.94,88201.94
mock2_state_pension_personal_allowance,State Pension personal allowance,2026,134250.0,88636.94,88636.94
mock2_state_pension_personal_allowance,State Pension personal allowance,2026,135000.0,89071.94,89071.94
mock2_state_pension_personal_allowance,State Pension personal allowance,2026,135750.0,89476.44,89476.44
mock2_state_pension_personal_allowance,State Pension personal allowance,2026,136500.0,89873.94,89873.94
mock2_state_pension_personal_allowance,State Pension personal allowance,2026,137250.0,90271.44,90271.44
mock2_state_pension_personal_allowance,State Pension personal allowance,2026,138000.0,90668.94,90668.94
mock2_state_pension_personal_allowance,State Pension personal allowance,2026,138750.0,91066.44,91066.44
mock2_state_pension_personal_allowance,State Pension personal allowance,2026,139500.0,91463.94,91463.94
mock2_state_pension_personal_allowance,State Pension personal allowance,2026,140250.0,91861.44,91861.44
mock2_state_pension_personal_allowance,State Pension personal allowance,2026,141000.0,92258.94,92258.94
mock2_state_pension_personal_allowance,State Pension personal allowance,2026,141750.0,92656.44,92656.44
mock2_state_pension_personal_allowance,State Pension personal allowance,2026,142500.0,93053.94,93053.94
mock2_state_pension_personal_allowance,State Pension personal allowance,2026,143250.0,93451.44,93451.44
mock2_state_pension_personal_allowance,State Pension personal allowance,2026,144000.0,93848.94,93848.94
mock2_state_pension_personal_allowance,State Pension personal allowance,2026,144750.0,94246.44,94246.44
mock2_state_pension_personal_allowance,State Pension personal allowance,2026,145500.0,94643.94,94643.94
mock2_state_pension_personal_allowance,State Pension personal allowance,2026,146250.0,95041.44,95041.44
mock2_state_pension_personal_allowance,State Pension personal allowance,2026,147000.0,95438.94,95438.94
mock2_state_pension_personal_allowance,State Pension personal allowance,2026,147750.0,95836.44,95836.44
mock2_state_pension_personal_allowance,State Pension personal allowance,2026,148500.0,96233.94,96233.94
mock2_state_pension_personal_allowance,State Pension personal allowance,2026,149250.0,96631.44,96631.44
mock2_state_pension_personal_allowance,State Pension personal allowance,2026,150000.0,97028.94,97028.94
mock2_state_pension_personal_allowance,State Pension personal allowance,2027,0.0,24420.266,24420.266
mock2_state_pension_personal_allowance,State Pension personal allowance,2027,750.0,25170.266,25170.266
mock2_state_pension_personal_allowance,State Pension personal allowance,2027,1500.0,25920.266,25920.266
mock2_state_pension_personal_allowance,State Pension personal allowance,2027,2250.0,26670.266,26670.266
mock2_state_pension_personal_allowance,State Pension personal allowance,2027,3000.0,27420.266,27420.266
mock2_state_pension_personal_allowance,State Pension personal allowance,2027,3750.0,28170.266,28170.266
mock2_state_pension_personal_allowance,State Pension personal allowance,2027,4500.0,28920.266,28920.266
mock2_state_pension_personal_allowance,State Pension personal allowance,2027,5250.0,29670.266,29670.266
mock2_state_pension_personal_allowance,State Pension personal allowance,2027,6000.0,30420.266,30420.266
mock2_state_pension_personal_allowance,State Pension personal allowance,2027,6750.0,31170.266,31170.266
mock2_state_pension_personal_allowance,State Pension personal allowance,2027,7500.0,31920.266,31920.266
mock2_state_pension_personal_allowance,State Pension personal allowance,2027,8250.0,32670.266,32670.266
mock2_state_pension_personal_allowance,State Pension personal allowance,2027,9000.0,33420.266,33420.266
mock2_state_pension_personal_allowance,State Pension personal allowance,2027,9750.0,34170.266,34170.266
mock2_state_pension_personal_allowance,State Pension personal allowance,2027,10500.0,34920.266,34920.266
mock2_state_pension_personal_allowance,State Pension personal allowance,2027,11250.0,35670.266,35670.266
mock2_state_pension_personal_allowance,State Pension personal allowance,2027,12000.0,36420.266,36420.266
mock2_state_pension_personal_allowance,State Pension personal allowance,2027,12750.0,37155.86,37155.86
mock2_state_pension_personal_allowance,State Pension personal allowance,2027,13500.0,37845.86,37845.86
mock2_state_pension_personal_allowance,State Pension personal allowance,2027,14250.0,38535.86,38535.86
mock2_state_pension_personal_allowance,State Pension personal allowance,2027,15000.0,39225.86,39225.86
mock2_state_pension_personal_allowance,State Pension personal allowance,2027,15750.0,39915.86,39915.86
mock2_state_pension_personal_allowance,State Pension personal allowance,2027,16500.0,40605.86,40605.86
mock2_state_pension_personal_allowance,State Pension personal allowance,2027,17250.0,41295.86,41295.86
mock2_state_pension_personal_allowance,State Pension personal allowance,2027,18000.0,41985.86,41985.86
mock2_state_pension_personal_allowance,State Pension personal allowance,2027,18750.0,42675.86,42675.86
mock2_state_pension_personal_allowance,State Pension personal allowance,2027,19500.0,43239.547,43239.547
mock2_state_pension_personal_allowance,State Pension personal allowance,2027,20250.0,43550.047,43550.047
mock2_state_pension_personal_allowance,State Pension personal allowance,2027,21000.0,43860.547,43860.547
mock2_state_pension_personal_allowance,State Pension personal allowance,2027,21750.0,44171.047,44171.047
mock2_state_pension_personal_allowance,State Pension personal allowance,2027,22500.0,44481.547,44481.547
mock2_state_pension_personal_allowance,State Pension personal allowance,2027,23250.0,44792.047,44792.047
mock2_state_pension_personal_allowance,State Pension personal allowance,2027,24000.0,45087.25,45087.25
mock2_state_pension_personal_allowance,State Pension personal allowance,2027,24750.0,45330.25,45330.25
mock2_state_pension_personal_allowance,State Pension personal allowance,2027,25500.0,45573.25,45573.25
mock2_state_pension_personal_allowance,State Pension personal allowance,2027,26250.0,45816.25,45816.25
mock2_state_pension_personal_allowance,State Pension personal allowance,2027,27000.0,46059.25,46059.25
mock2_state_pension_personal_allowance,State Pension personal allowance,2027,27750.0,46302.25,46302.25
mock2_state_pension_personal_allowance,State Pension personal allowance,2027,28500.0,46545.25,46545.25
mock2_state_pension_personal_allowance,State Pension personal allowance,2027,29250.0,46788.25,46788.25
mock2_state_pension_personal_allowance,State Pension personal allowance,2027,30000.0,47031.25,47031.25
mock2_state_pension_personal_allowance,State Pension personal allowance,2027,30750.0,47274.25,47274.25
mock2_state_pension_personal_allowance,State Pension personal allowance,2027,31500.0,47517.25,47517.25
mock2_state_pension_personal_allowance,State Pension personal allowance,2027,32250.0,47760.25,47760.25
mock2_state_pension_personal_allowance,State Pension personal allowance,2027,33000.0,48003.25,48003.25
mock2_state_pension_personal_allowance,State Pension personal allowance,2027,33750.0,48246.25,48246.25
mock2_state_pension_personal_allowance,State Pension personal allowance,2027,34500.0,48489.25,48489.25
mock2_state_pension_personal_allowance,State Pension personal allowance,2027,35250.0,48732.25,48732.25
mock2_state_pension_personal_allowance,State Pension personal allowance,2027,36000.0,48975.25,48975.25
mock2_state_pension_personal_allowance,State Pension personal allowance,2027,36750.0,49218.25,49218.25
mock2_state_pension_personal_allowance,State Pension personal allowance,2027,37500.0,49461.25,49461.25
mock2_state_pension_personal_allowance,State Pension personal allowance,2027,38250.0,49704.25,49704.25
mock2_state_pension_personal_allowance,State Pension personal allowance,2027,39000.0,49947.25,49947.25
mock2_state_pension_personal_allowance,State Pension personal allowance,2027,39750.0,50190.25,50190.25
mock2_state_pension_personal_allowance,State Pension personal allowance,2027,40500.0,50433.25,50433.25
mock2_state_pension_personal_allowance,State Pension personal allowance,2027,41250.0,50676.25,50676.25
mock2_state_pension_personal_allowance,State Pension personal allowance,2027,42000.0,50919.25,50919.25
mock2_state_pension_personal_allowance,State Pension personal allowance,2027,42750.0,51162.25,51162.25
mock2_state_pension_personal_allowance,State Pension personal allowance,2027,43500.0,51405.25,51405.25
mock2_state_pension_personal_allowance,State Pension personal allowance,2027,44250.0,51648.25,51648.25
mock2_state_pension_personal_allowance,State Pension personal allowance,2027,45000.0,51891.25,51891.25
mock2_state_pension_personal_allowance,State Pension personal allowance,2027,45750.0,52134.25,52134.25
mock2_state_pension_personal_allowance,State Pension personal allowance,2027,46500.0,52377.25,52377.25
mock2_state_pension_personal_allowance,State Pension personal allowance,2027,47250.0,52620.25,52620.25
mock2_state_pension_personal_allowance,State Pension personal allowance,2027,48000.0,52863.25,52863.25
mock2_state_pension_personal_allowance,State Pension personal allowance,2027,48750.0,53106.25,53106.25
mock2_state_pension_personal_allowance,State Pension personal allowance,2027,49500.0,53349.25,53349.25
mock2_state_pension_personal_allowance,State Pension personal allowance,2027,50250.0,53592.25,53592.25
mock2_state_pension_personal_allowance,State Pension personal allowance,2027,51000.0,53854.96,53854.96
mock2_state_pension_personal_allowance,State Pension personal allowance,2027,51750.0,54118.21,54118.21
mock2_state_pension_personal_allowance,State Pension personal allowance,2027,52500.0,54381.46,54381.46
mock2_state_pension_personal_allowance,State Pension personal allowance,2027,53250.0,54644.71,54644.71
mock2_state_pension_personal_allowance,State Pension personal allowance,2027,54000.0,54864.16,54864.16
mock2_state_pension_personal_allowance,State Pension personal allowance,2027,54750.0,55082.41,55082.41
mock2_state_pension_personal_allowance,State Pension personal allowance,2027,55500.0,55300.66,55300.66
mock2_state_pension_personal_allowance,State Pension personal allowance,2027,56250.0,55518.91,55518.91
mock2_state_pension_personal_allowance,State Pension personal allowance,2027,57000.0,55737.156,55737.156
mock2_state_pension_personal_allowance,State Pension personal allowance,2027,57750.0,55955.406,55955.406
mock2_state_pension_personal_allowance,State Pension personal allowance,2027,58500.0,56173.656,56173.656
mock2_state_pension_personal_allowance,State Pension personal allowance,2027,59250.0,56391.906,56391.906
mock2_state_pension_personal_allowance,State Pension personal allowance,2027,60000.0,56610.156,56610.156
mock2_state_pension_personal_allowance,State Pension personal allowance,2027,60750.0,56575.234,56575.234
mock2_state_pension_personal_allowance,State Pension personal allowance,2027,61500.0,56645.61,56645.61
mock2_state_pension_personal_allowance,State Pension personal allowance,2027,62250.0,56715.984,56715.984
mock2_state_pension_personal_allowance,State Pension personal allowance,2027,63000.0,56786.35,56786.35
mock2_state_pension_personal_allowance,State Pension personal allowance,2027,63750.0,56856.727,56856.727
mock2_state_pension_personal_allowance,State Pension personal allowance,2027,64500.0,56927.1,56927.1
mock2_state_pension_personal_allowance,State Pension personal allowance,2027,65250.0,56997.477,56997.477
mock2_state_pension_personal_allowance,State Pension personal allowance,2027,66000.0,57067.85,57067.85
mock2_state_pension_personal_allowance,State Pension personal allowance,2027,66750.0,57138.227,57138.227
mock2_state_pension_personal_allowance,State Pension personal allowance,2027,67500.0,57208.594,57208.594
mock2_state_pension_personal_allowance,State Pension personal allowance,2027,68250.0,57382.344,57382.344
mock2_state_pension_personal_allowance,State Pension personal allowance,2027,69000.0,57691.97,57691.97
mock2_state_pension_personal_allowance,State Pension personal allowance,2027,69750.0,58001.594,58001.594
mock2_state_pension_personal_allowance,State Pension personal allowance,2027,70500.0,58311.22,58311.22
mock2_state_pension_personal_allowance,State Pension personal allowance,2027,71250.0,58620.844,58620.844
mock2_state_pension_personal_allowance,State Pension personal allowance,2027,72000.0,58930.47,58930.47
mock2_state_pension_personal_allowance,State Pension personal allowance,2027,72750.0,59240.094,59240.094
mock2_state_pension_personal_allowance,State Pension personal allowance,2027,73500.0,59549.72,59549.72
mock2_state_pension_personal_allowance,State Pension personal allowance,2027,74250.0,59859.344,59859.344
mock2_state_pension_personal_allowance,State Pension personal allowance,2027,75000.0,60168.96,60168.96
mock2_state_pension_personal_allowance,State Pension personal allowance,2027,75750.0,60478.586,60478.586
mock2_state_pension_personal_allowance,State Pension personal allowance,2027,76500.0,60788.21,60788.21
mock2_state_pension_personal_allowance,State Pension personal allowance,2027,77250.0,61097.836,61097.836
mock2_state_pension_personal_allowance,State Pension personal allowance,2027,78000.0,61407.46,61407.46
mock2_state_pension_personal_allowance,State Pension personal allowance,2027,78750.0,61717.08,61717.08
mock2_state_pension_personal_allowance,State Pension personal allowance,2027,79500.0,62026.703,62026.703
mock2_state_pension_personal_allowance,State Pension personal allowance,2027,80250.0,62378.125,62378.125
mock2_state_pension_personal_allowance,State Pension personal allowance,2027,81000.0,62813.125,62813.125
mock2_state_pension_personal_allowance,State Pension personal allowance,2027,81750.0,63248.125,63248.125
mock2_state_pension_personal_allowance,State Pension personal allowance,2027,82500.0,63683.125,63683.125
mock2_state_pension_personal_allowance,State Pension personal allowance,2027,83250.0,64118.125,64118.125
mock2_state_pension_personal_allowance,State Pension personal allowance,2027,84000.0,64553.125,64553.125
mock2_state_pension_personal_allowance,State Pension personal allowance,2027,84750.0,64988.125,64988.125
mock2_state_pension_personal_allowance,State Pension personal allowance,2027,85500.0,65423.125,65423.125
mock2_state_pension_personal_allowance,State Pension personal allowance,2027,86250.0,65858.125,65858.125
mock2_state_pension_personal_allowance,State Pension personal allowance,2027,87000.0,66293.125,66293.125
mock2_state_pension_personal_allowance,State Pension personal allowance,2027,87750.0,66728.125,66728.125
mock2_state_pension_personal_allowance,State Pension personal allowance,2027,88500.0,67163.125,67163.125
mock2_state_pension_personal_allowance,State Pension personal allowance,2027,89250.0,67598.125,67598.125
mock2_state_pension_personal_allowance,State Pension personal allowance,2027,90000.0,68033.125,68033.125
mock2_state_pension_personal_allowance,State Pension personal allowance,2027,90750.0,68468.125,68468.125
mock2_state_pension_personal_allowance,State Pension personal allowance,2027,91500.0,68903.125,68903.125
mock2_state_pension_personal_allowance,State Pension personal allowance,2027,92250.0,69338.125,69338.125
mock2_state_pension_personal_allowance,State Pension personal allowance,2027,93000.0,69773.125,69773.125
mock2_state_pension_personal_allowance,State Pension personal allowance,2027,93750.0,70208.125,70208.125
mock2_state_pension_personal_allowance,State Pension personal allowance,2027,94500.0,70643.125,70643.125
mock2_state_pension_personal_allowance,State Pension personal allowance,2027,95250.0,71078.125,71078.125
mock2_state_pension_personal_allowance,State Pension personal allowance,2027,96000.0,71513.125,71513.125
mock2_state_pension_personal_allowance,State Pension personal allowance,2027,96750.0,71948.125,71948.125
mock2_state_pension_personal_allowance,State Pension personal allowance,2027,97500.0,72383.125,72383.125
mock2_state_pension_personal_allowance,State Pension personal allowance,2027,98250.0,72818.125,72818.125
mock2_state_pension_personal_allowance,State Pension personal allowance,2027,99000.0,73253.125,73253.125
mock2_state_pension_personal_allowance,State Pension personal allowance,2027,99750.0,73688.125,73688.125
mock2_state_pension_personal_allowance,State Pension personal allowance,2027,100500.0,74023.125,74023.125
mock2_state_pension_personal_allowance,State Pension personal allowance,2027,101250.0,74308.125,74308.125
mock2_state_pension_personal_allowance,State Pension personal allowance,2027,102000.0,74593.125,74593.125
mock2_state_pension_personal_allowance,State Pension personal allowance,2027,102750.0,74878.125,74878.125
mock2_state_pension_personal_allowance,State Pension personal allowance,2027,103500.0,75163.125,75163.125
mock2_state_pension_personal_allowance,State Pension personal allowance,2027,104250.0,75448.125,75448.125
mock2_state_pension_personal_allowance,State Pension personal allowance,2027,105000.0,75733.125,75733.125
mock2_state_pension_personal_allowance,State Pension personal allowance,2027,105750.0,76018.125,76018.125
mock2_state_pension_personal_allowance,State Pension personal allowance,2027,106500.0,76303.125,76303.125
mock2_state_pension_personal_allowance,State Pension personal allowance,2027,107250.0,76588.125,76588.125
mock2_state_pension_personal_allowance,State Pension personal allowance,2027,108000.0,76873.125,76873.125
mock2_state_pension_personal_allowance,State Pension personal allowance,2027,108750.0,77158.125,77158.125
mock2_state_pension_personal_allowance,State Pension personal allowance,2027,109500.0,77443.125,77443.125
mock2_state_pension_personal_allowance,State Pension personal allowance,2027,110250.0,77728.125,77728.125
mock2_state_pension_personal_allowance,State Pension personal allowance,2027,111000.0,78013.125,78013.125
mock2_state_pension_personal_allowance,State Pension personal allowance,2027,111750.0,78298.125,78298.125
mock2_state_pension_personal_allowance,State Pension personal allowance,2027,112500.0,78583.125,78583.125
mock2_state_pension_personal_allowance,State Pension personal allowance,2027,113250.0,78868.125,78868.125
mock2_state_pension_personal_allowance,State Pension personal allowance,2027,114000.0,79153.125,79153.125
mock2_state_pension_personal_allowance,State Pension personal allowance,2027,114750.0,79438.125,79438.125
mock2_state_pension_personal_allowance,State Pension personal allowance,2027,115500.0,79723.125,79723.125
mock2_state_pension_personal_allowance,State Pension personal allowance,2027,116250.0,80008.125,80008.125
mock2_state_pension_personal_allowance,State Pension personal allowance,2027,117000.0,80293.125,80293.125
mock2_state_pension_personal_allowance,State Pension personal allowance,2027,117750.0,80578.125,80578.125
mock2_state_pension_personal_allowance,State Pension personal allowance,2027,118500.0,80863.125,80863.125
mock2_state_pension_personal_allowance,State Pension personal allowance,2027,119250.0,81148.125,81148.125
mock2_state_pension_personal_allowance,State Pension personal allowance,2027,120000.0,81433.125,81433.125
mock2_state_pension_personal_allowance,State Pension personal allowance,2027,120750.0,81718.125,81718.125
mock2_state_pension_personal_allowance,State Pension personal allowance,2027,121500.0,82003.125,82003.125
mock2_state_pension_personal_allowance,State Pension personal allowance,2027,122250.0,82288.125,82288.125
mock2_state_pension_personal_allowance,State Pension personal allowance,2027,123000.0,82573.125,82573.125
mock2_state_pension_personal_allowance,State Pension personal allowance,2027,123750.0,82858.125,82858.125
mock2_state_pension_personal_allowance,State Pension personal allowance,2027,124500.0,83143.125,83143.125
mock2_state_pension_personal_allowance,State Pension personal allowance,2027,125250.0,83450.125,83450.125
mock2_state_pension_personal_allowance,State Pension personal allowance,2027,126000.0,83885.125,83885.125
mock2_state_pension_personal_allowance,State Pension personal allowance,2027,126750.0,84320.125,84320.125
mock2_state_pension_personal_allowance,State Pension personal allowance,2027,127500.0,84755.125,84755.125
mock2_state_pension_personal_allowance,State Pension personal allowance,2027,128250.0,85190.125,85190.125
mock2_state_pension_personal_allowance,State Pension personal allowance,2027,129000.0,85625.125,85625.125
mock2_state_pension_personal_allowance,State Pension personal allowance,2027,129750.0,86060.125,86060.125
mock2_state_pension_personal_allowance,State Pension personal allowance,2027,130500.0,86495.125,86495.125
mock2_state_pension_personal_allowance,State Pension personal allowance,2027,131250.0,86930.125,86930.125
mock2_state_pension_personal_allowance,State Pension personal allowance,2027,132000.0,87365.125,87365.125
mock2_state_pension_personal_allowance,State Pension personal allowance,2027,132750.0,87800.125,87800.125
mock2_state_pension_personal_allowance,State Pension personal allowance,2027,133500.0,88235.125,88235.125
mock2_state_pension_personal_allowance,State Pension personal allowance,2027,134250.0,88670.125,88670.125
mock2_state_pension_personal_allowance,State Pension personal allowance,2027,135000.0,89105.125,89105.125
mock2_state_pension_personal_allowance,State Pension personal allowance,2027,135750.0,89509.625,89509.625
mock2_state_pension_personal_allowance,State Pension personal allowance,2027,136500.0,89907.125,89907.125
mock2_state_pension_personal_allowance,State Pension personal allowance,2027,137250.0,90304.625,90304.625
mock2_state_pension_personal_allowance,State Pension personal allowance,2027,138000.0,90702.125,90702.125
mock2_state_pension_personal_allowance,State Pension personal allowance,2027,138750.0,91099.625,91099.625
mock2_state_pension_personal_allowance,State Pension personal allowance,2027,139500.0,91497.125,91497.125
mock2_state_pension_personal_allowance,State Pension personal allowance,2027,140250.0,91894.625,91894.625
mock2_state_pension_personal_allowance,State Pension personal allowance,2027,141000.0,92292.125,92292.125
mock2_state_pension_personal_allowance,State Pension personal allowance,2027,141750.0,92689.625,92689.625
mock2_state_pension_personal_allowance,State Pension personal allowance,2027,142500.0,93087.125,93087.125
mock2_state_pension_personal_allowance,State Pension personal allowance,2027,143250.0,93484.625,93484.625
mock2_state_pension_personal_allowance,State Pension personal allowance,2027,144000.0,93882.125,93882.125
mock2_state_pension_personal_allowance,State Pension personal allowance,2027,144750.0,94279.625,94279.625
mock2_state_pension_personal_allowance,State Pension personal allowance,2027,145500.0,94677.125,94677.125
mock2_state_pension_personal_allowance,State Pension personal allowance,2027,146250.0,95074.625,95074.625
mock2_state_pension_personal_allowance,State Pension personal allowance,2027,147000.0,95472.125,95472.125
mock2_state_pension_personal_allowance,State Pension personal allowance,2027,147750.0,95869.625,95869.625
mock2_state_pension_personal_allowance,State Pension personal allowance,2027,148500.0,96267.125,96267.125
mock2_state_pension_personal_allowance,State Pension personal allowance,2027,149250.0,96664.625,96664.625
mock2_state_pension_personal_allowance,State Pension personal allowance,2027,150000.0,97062.125,97062.125
mock2_state_pension_personal_allowance,State Pension personal allowance,2028,0.0,24932.484,24932.484
mock2_state_pension_personal_allowance,State Pension personal allowance,2028,750.0,25682.484,25682.484
mock2_state_pension_personal_allowance,State Pension personal allowance,2028,1500.0,26432.484,26432.484
mock2_state_pension_personal_allowance,State Pension personal allowance,2028,2250.0,27182.484,27182.484
mock2_state_pension_personal_allowance,State Pension personal allowance,2028,3000.0,27932.484,27932.484
mock2_state_pension_personal_allowance,State Pension personal allowance,2028,3750.0,28682.484,28682.484
mock2_state_pension_personal_allowance,State Pension personal allowance,2028,4500.0,29432.484,29432.484
mock2_state_pension_personal_allowance,State Pension personal allowance,2028,5250.0,30182.484,30182.484
mock2_state_pension_personal_allowance,State Pension personal allowance,2028,6000.0,30932.484,30932.484
mock2_state_pension_personal_allowance,State Pension personal allowance,2028,6750.0,31682.484,31682.484
mock2_state_pension_personal_allowance,State Pension personal allowance,2028,7500.0,32432.484,32432.484
mock2_state_pension_personal_allowance,State Pension personal allowance,2028,8250.0,33182.484,33182.484
mock2_state_pension_personal_allowance,State Pension personal allowance,2028,9000.0,33932.484,33932.484
mock2_state_pension_personal_allowance,State Pension personal allowance,2028,9750.0,34682.484,34682.484
mock2_state_pension_personal_allowance,State Pension personal allowance,2028,10500.0,35432.484,35432.484
mock2_state_pension_personal_allowance,State Pension personal allowance,2028,11250.0,36182.484,36182.484
mock2_state_pension_personal_allowance,State Pension personal allowance,2028,12000.0,36932.484,36932.484
mock2_state_pension_personal_allowance,State Pension personal allowance,2028,12750.0,37668.082,37668.082
mock2_state_pension_personal_allowance,State Pension personal allowance,2028,13500.0,38358.082,38358.082
mock2_state_pension_personal_allowance,State Pension personal allowance,2028,14250.0,39048.082,39048.082
mock2_state_pension_personal_allowance,State Pension personal allowance,2028,15000.0,39738.082,39738.082
mock2_state_pension_personal_allowance,State Pension personal allowance,2028,15750.0,40428.082,40428.082
mock2_state_pension_personal_allowance,State Pension personal allowance,2028,16500.0,41118.082,41118.082
mock2_state_pension_personal_allowance,State Pension personal allowance,2028,17250.0,41808.082,41808.082
mock2_state_pension_personal_allowance,State Pension personal allowance,2028,18000.0,42498.082,42498.082
mock2_state_pension_personal_allowance,State Pension personal allowance,2028,18750.0,43188.082,43188.082
mock2_state_pension_personal_allowance,State Pension personal allowance,2028,19500.0,43847.637,43847.637
mock2_state_pension_personal_allowance,State Pension personal allowance,2028,20250.0,44158.137,44158.137
mock2_state_pension_personal_allowance,State Pension personal allowance,2028,21000.0,44468.637,44468.637
mock2_state_pension_personal_allowance,State Pension personal allowance,2028,21750.0,44779.137,44779.137
mock2_state_pension_personal_allowance,State Pension personal allowance,2028,22500.0,45089.637,45089.637
mock2_state_pension_personal_allowance,State Pension personal allowance,2028,23250.0,45400.137,45400.137
mock2_state_pension_personal_allowance,State Pension personal allowance,2028,24000.0,45695.34,45695.34
mock2_state_pension_personal_allowance,State Pension personal allowance,2028,24750.0,45938.34,45938.34
mock2_state_pension_personal_allowance,State Pension personal allowance,2028,25500.0,46181.34,46181.34
mock2_state_pension_personal_allowance,State Pension personal allowance,2028,26250.0,46424.34,46424.34
mock2_state_pension_personal_allowance,State Pension personal allowance,2028,27000.0,46667.336,46667.336
mock2_state_pension_personal_allowance,State Pension personal allowance,2028,27750.0,46910.336,46910.336
mock2_state_pension_personal_allowance,State Pension personal allowance,2028,28500.0,47153.336,47153.336
mock2_state_pension_personal_allowance,State Pension personal allowance,2028,29250.0,47396.336,47396.336
mock2_state_pension_personal_allowance,State Pension personal allowance,2028,30000.0,47639.336,47639.336
mock2_state_pension_personal_allowance,State Pension personal allowance,2028,30750.0,47882.336,47882.336
mock2_state_pension_personal_allowance,State Pension personal allowance,2028,31500.0,48125.336,48125.336
mock2_state_pension_personal_allowance,State Pension personal allowance,2028,32250.0,48368.336,48368.336
mock2_state_pension_personal_allowance,State Pension personal allowance,2028,33000.0,48611.336,48611.336
mock2_state_pension_personal_allowance,State Pension personal allowance,2028,33750.0,48854.336,48854.336
mock2_state_pension_personal_allowance,State Pension personal allowance,2028,34500.0,49097.336,49097.336
mock2_state_pension_personal_allowance,State Pension personal allowance,2028,35250.0,49340.336,49340.336
mock2_state_pension_personal_allowance,State Pension personal allowance,2028,36000.0,49583.336,49583.336
mock2_state_pension_personal_allowance,State Pension personal allowance,2028,36750.0,49826.336,49826.336
mock2_state_pension_personal_allowance,State Pension personal allowance,2028,37500.0,50069.336,50069.336
mock2_state_pension_personal_allowance,State Pension personal allowance,2028,38250.0,50312.336,50312.336
mock2_state_pension_personal_allowance,State Pension personal allowance,2028,39000.0,50555.336,50555.336
mock2_state_pension_personal_allowance,State Pension personal allowance,2028,39750.0,50798.336,50798.336
mock2_state_pension_personal_allowance,State Pension personal allowance,2028,40500.0,51041.336,51041.336
mock2_state_pension_personal_allowance,State Pension personal allowance,2028,41250.0,51284.336,51284.336
mock2_state_pension_personal_allowance,State Pension personal allowance,2028,42000.0,51527.336,51527.336
mock2_state_pension_personal_allowance,State Pension personal allowance,2028,42750.0,51770.336,51770.336
mock2_state_pension_personal_allowance,State Pension personal allowance,2028,43500.0,52013.336,52013.336
mock2_state_pension_personal_allowance,State Pension personal allowance,2028,44250.0,52256.336,52256.336
mock2_state_pension_personal_allowance,State Pension personal allowance,2028,45000.0,52499.336,52499.336
mock2_state_pension_personal_allowance,State Pension personal allowance,2028,45750.0,52742.336,52742.336
mock2_state_pension_personal_allowance,State Pension personal allowance,2028,46500.0,52985.336,52985.336
mock2_state_pension_personal_allowance,State Pension personal allowance,2028,47250.0,53228.336,53228.336
mock2_state_pension_personal_allowance,State Pension personal allowance,2028,48000.0,53471.336,53471.336
mock2_state_pension_personal_allowance,State Pension personal allowance,2028,48750.0,53714.336,53714.336
mock2_state_pension_personal_allowance,State Pension personal allowance,2028,49500.0,53957.336,53957.336
mock2_state_pension_personal_allowance,State Pension personal allowance,2028,50250.0,54200.336,54200.336
mock2_state_pension_personal_allowance,State Pension personal allowance,2028,51000.0,54463.05,54463.05
mock2_state_pension_personal_allowance,State Pension personal allowance,2028,51750.0,54726.3,54726.3
mock2_state_pension_personal_allowance,State Pension personal allowance,2028,52500.0,54989.55,54989.55
mock2_state_pension_personal_allowance,State Pension personal allowance,2028,53250.0,55252.8,55252.8
mock2_state_pension_personal_allowance,State Pension personal allowance,2028,54000.0,55472.25,55472.25
mock2_state_pension_personal_allowance,State Pension personal allowance,2028,54750.0,55690.5,55690.5
mock2_state_pension_personal_allowance,State Pension personal allowance,2028,55500.0,55908.75,55908.75
mock2_state_pension_personal_allowance,State Pension personal allowance,2028,56250.0,56127.0,56127.0
mock2_state_pension_personal_allowance,State Pension personal allowance,2028,57000.0,56345.25,56345.25
mock2_state_pension_personal_allowance,State Pension personal allowance,2028,57750.0,56563.5,56563.5
mock2_state_pension_personal_allowance,State Pension personal allowance,2028,58500.0,56781.75,56781.75
mock2_state_pension_personal_allowance,State Pension personal allowance,2028,59250.0,57000.0,57000.0
mock2_state_pension_personal_allowance,State Pension personal allowance,2028,60000.0,57218.25,57218.25
mock2_state_pension_personal_allowance,State Pension personal allowance,2028,60750.0,57180.812,57180.812
mock2_state_pension_personal_allowance,State Pension personal allowance,2028,61500.0,57248.68,57248.68
mock2_state_pension_personal_allowance,State Pension personal allowance,2028,62250.0,57316.547,57316.547
mock2_state_pension_personal_allowance,State Pension personal allowance,2028,63000.0,57384.414,57384.414
mock2_state_pension_personal_allowance,State Pension personal allowance,2028,63750.0,57452.28,57452.28
mock2_state_pension_personal_allowance,State Pension personal allowance,2028,64500.0,57520.15,57520.15
mock2_state_pension_personal_allowance,State Pension personal allowance,2028,65250.0,57588.016,57588.016
mock2_state_pension_personal_allowance,State Pension personal allowance,2028,66000.0,57655.883,57655.883
mock2_state_pension_personal_allowance,State Pension personal allowance,2028,66750.0,57723.75,57723.75
mock2_state_pension_personal_allowance,State Pension personal allowance,2028,67500.0,57791.617,57791.617
mock2_state_pension_personal_allowance,State Pension personal allowance,2028,68250.0,57859.484,57859.484
mock2_state_pension_personal_allowance,State Pension personal allowance,2028,69000.0,57927.35,57927.35
mock2_state_pension_personal_allowance,State Pension personal allowance,2028,69750.0,58093.625,58093.625
mock2_state_pension_personal_allowance,State Pension personal allowance,2028,70500.0,58400.734,58400.734
mock2_state_pension_personal_allowance,State Pension personal allowance,2028,71250.0,58707.86,58707.86
mock2_state_pension_personal_allowance,State Pension personal allowance,2028,72000.0,59014.97,59014.97
mock2_state_pension_personal_allowance,State Pension personal allowance,2028,72750.0,59322.086,59322.086
mock2_state_pension_personal_allowance,State Pension personal allowance,2028,73500.0,59629.203,59629.203
mock2_state_pension_personal_allowance,State Pension personal allowance,2028,74250.0,59936.32,59936.32
mock2_state_pension_personal_allowance,State Pension personal allowance,2028,75000.0,60243.438,60243.438
mock2_state_pension_personal_allowance,State Pension personal allowance,2028,75750.0,60550.555,60550.555
mock2_state_pension_personal_allowance,State Pension personal allowance,2028,76500.0,60857.67,60857.67
mock2_state_pension_personal_allowance,State Pension personal allowance,2028,77250.0,61164.79,61164.79
mock2_state_pension_personal_allowance,State Pension personal allowance,2028,78000.0,61471.906,61471.906
mock2_state_pension_personal_allowance,State Pension personal allowance,2028,78750.0,61779.023,61779.023
mock2_state_pension_personal_allowance,State Pension personal allowance,2028,79500.0,62086.14,62086.14
mock2_state_pension_personal_allowance,State Pension personal allowance,2028,80250.0,62435.883,62435.883
mock2_state_pension_personal_allowance,State Pension personal allowance,2028,81000.0,62870.883,62870.883
mock2_state_pension_personal_allowance,State Pension personal allowance,2028,81750.0,63305.883,63305.883
mock2_state_pension_personal_allowance,State Pension personal allowance,2028,82500.0,63740.883,63740.883
mock2_state_pension_personal_allowance,State Pension personal allowance,2028,83250.0,64175.883,64175.883
mock2_state_pension_personal_allowance,State Pension personal allowance,2028,84000.0,64610.883,64610.883
mock2_state_pension_personal_allowance,State Pension personal allowance,2028,84750.0,65045.883,65045.883
mock2_state_pension_personal_allowance,State Pension personal allowance,2028,85500.0,65480.883,65480.883
mock2_state_pension_personal_allowance,State Pension personal allowance,2028,86250.0,65915.88,65915.88
mock2_state_pension_personal_allowance,State Pension personal allowance,2028,87000.0,66350.88,66350.88
mock2_state_pension_personal_allowance,State Pension personal allowance,2028,87750.0,66785.88,66785.88
mock2_state_pension_personal_allowance,State Pension personal allowance,2028,88500.0,67220.88,67220.88
mock2_state_pension_personal_allowance,State Pension personal allowance,2028,89250.0,67655.88,67655.88
mock2_state_pension_personal_allowance,State Pension personal allowance,2028,90000.0,68090.88,68090.88
mock2_state_pension_personal_allowance,State Pension personal allowance,2028,90750.0,68525.88,68525.88
mock2_state_pension_personal_allowance,State Pension personal allowance,2028,91500.0,68960.88,68960.88
mock2_state_pension_personal_allowance,State Pension personal allowance,2028,92250.0,69395.88,69395.88
mock2_state_pension_personal_allowance,State Pension personal allowance,2028,93000.0,69830.88,69830.88
mock2_state_pension_personal_allowance,State Pension personal allowance,2028,93750.0,70265.88,70265.88
mock2_state_pension_personal_allowance,State Pension personal allowance,2028,94500.0,70700.88,70700.88
mock2_state_pension_personal_allowance,State Pension personal allowance,2028,95250.0,71135.88,71135.88
mock2_state_pension_personal_allowance,State Pension personal allowance,2028,96000.0,71570.88,71570.88
mock2_state_pension_personal_allowance,State Pension personal allowance,2028,96750.0,72005.88,72005.88
mock2_state_pension_personal_allowance,State Pension personal allowance,2028,97500.0,72440.88,72440.88
mock2_state_pension_personal_allowance,State Pension personal allowance,2028,98250.0,72875.88,72875.88
mock2_state_pension_personal_allowance,State Pension personal allowance,2028,99000.0,73310.88,73310.88
mock2_state_pension_personal_allowance,State Pension personal allowance,2028,99750.0,73745.88,73745.88
mock2_state_pension_personal_allowance,State Pension personal allowance,2028,100500.0,74080.88,74080.88
mock2_state_pension_personal_allowance,State Pension personal allowance,2028,101250.0,74365.88,74365.88
mock2_state_pension_personal_allowance,State Pension personal allowance,2028,102000.0,74650.88,74650.88
mock2_state_pension_personal_allowance,State Pension personal allowance,2028,102750.0,74935.88,74935.88
mock2_state_pension_personal_allowance,State Pension personal allowance,2028,103500.0,75220.88,75220.88
mock2_state_pension_personal_allowance,State Pension personal allowance,2028,104250.0,75505.88,75505.88
mock2_state_pension_personal_allowance,State Pension personal allowance,2028,105000.0,75790.88,75790.88
mock2_state_pension_personal_allowance,State Pension personal allowance,2028,105750.0,76075.88,76075.88
mock2_state_pension_personal_allowance,State Pension personal allowance,2028,106500.0,76360.88,76360.88
mock2_state_pension_personal_allowance,State Pension personal allowance,2028,107250.0,76645.88,76645.88
mock2_state_pension_personal_allowance,State Pension personal allowance,2028,108000.0,76930.88,76930.88
mock2_state_pension_personal_allowance,State Pension personal allowance,2028,108750.0,77215.88,77215.88
mock2_state_pension_personal_allowance,State Pension personal allowance,2028,109500.0,77500.88,77500.88
mock2_state_pension_personal_allowance,State Pension personal allowance,2028,110250.0,77785.88,77785.88
mock2_state_pension_personal_allowance,State Pension personal allowance,2028,111000.0,78070.88,78070.88
mock2_state_pension_personal_allowance,State Pension personal allowance,2028,111750.0,78355.88,78355.88
mock2_state_pension_personal_allowance,State Pension personal allowance,2028,112500.0,78640.88,78640.88
mock2_state_pension_personal_allowance,State Pension personal allowance,2028,113250.0,78925.88,78925.88
mock2_state_pension_personal_allowance,State Pension personal allowance,2028,114000.0,79210.88,79210.88
mock2_state_pension_personal_allowance,State Pension personal allowance,2028,114750.0,79495.88,79495.88
mock2_state_pension_personal_allowance,State Pension personal allowance,2028,115500.0,79780.88,79780.88
mock2_state_pension_personal_allowance,State Pension personal allowance,2028,116250.0,80065.88,80065.88
mock2_state_pension_personal_allowance,State Pension personal allowance,2028,117000.0,80350.88,80350.88
mock2_state_pension_personal_allowance,State Pension personal allowance,2028,117750.0,80635.88,80635.88
mock2_state_pension_personal_allowance,State Pension personal allowance,2028,118500.0,80920.88,80920.88
mock2_state_pension_personal_allowance,State Pension personal allowance,2028,119250.0,81205.88,81205.88
mock2_state_pension_personal_allowance,State Pension personal allowance,2028,120000.0,81490.88,81490.88
mock2_state_pension_personal_allowance,State Pension personal allowance,2028,120750.0,81775.88,81775.88
mock2_state_pension_personal_allowance,State Pension personal allowance,2028,121500.0,82060.88,82060.88
mock2_state_pension_personal_allowance,State Pension personal allowance,2028,122250.0,82345.88,82345.88
mock2_state_pension_personal_allowance,State Pension personal allowance,2028,123000.0,82630.88,82630.88
mock2_state_pension_personal_allowance,State Pension personal allowance,2028,123750.0,82915.88,82915.88
mock2_state_pension_personal_allowance,State Pension personal allowance,2028,124500.0,83200.88,83200.88
mock2_state_pension_personal_allowance,State Pension personal allowance,2028,125250.0,83507.88,83507.88
mock2_state_pension_personal_allowance,State Pension personal allowance,2028,126000.0,83942.88,83942.88
mock2_state_pension_personal_allowance,State Pension personal allowance,2028,126750.0,84377.88,84377.88
mock2_state_pension_personal_allowance,State Pension personal allowance,2028,127500.0,84812.88,84812.88
mock2_state_pension_personal_allowance,State Pension personal allowance,2028,128250.0,85247.88,85247.88
mock2_state_pension_personal_allowance,State Pension personal allowance,2028,129000.0,85682.88,85682.88
mock2_state_pension_personal_allowance,State Pension personal allowance,2028,129750.0,86117.88,86117.88
mock2_state_pension_personal_allowance,State Pension personal allowance,2028,130500.0,86552.88,86552.88
mock2_state_pension_personal_allowance,State Pension personal allowance,2028,131250.0,86987.88,86987.88
mock2_state_pension_personal_allowance,State Pension personal allowance,2028,132000.0,87422.88,87422.88
mock2_state_pension_personal_allowance,State Pension personal allowance,2028,132750.0,87857.88,87857.88
mock2_state_pension_personal_allowance,State Pension personal allowance,2028,133500.0,88292.88,88292.88
mock2_state_pension_personal_allowance,State Pension personal allowance,2028,134250.0,88727.88,88727.88
mock2_state_pension_personal_allowance,State Pension personal allowance,2028,135000.0,89162.88,89162.88
mock2_state_pension_personal_allowance,State Pension personal allowance,2028,135750.0,89567.38,89567.38
mock2_state_pension_personal_allowance,State Pension personal allowance,2028,136500.0,89964.88,89964.88
mock2_state_pension_personal_allowance,State Pension personal allowance,2028,137250.0,90362.38,90362.38
mock2_state_pension_personal_allowance,State Pension personal allowance,2028,138000.0,90759.88,90759.88
mock2_state_pension_personal_allowance,State Pension personal allowance,2028,138750.0,91157.38,91157.38
mock2_state_pension_personal_allowance,State Pension personal allowance,2028,139500.0,91554.88,91554.88
mock2_state_pension_personal_allowance,State Pension personal allowance,2028,140250.0,91952.38,91952.38
mock2_state_pension_personal_allowance,State Pension personal allowance,2028,141000.0,92349.88,92349.88
mock2_state_pension_personal_allowance,State Pension personal allowance,2028,141750.0,92747.38,92747.38
mock2_state_pension_personal_allowance,State Pension personal allowance,2028,142500.0,93144.88,93144.88
mock2_state_pension_personal_allowance,State Pension personal allowance,2028,143250.0,93542.38,93542.38
mock2_state_pension_personal_allowance,State Pension personal allowance,2028,144000.0,93939.88,93939.88
mock2_state_pension_personal_allowance,State Pension personal allowance,2028,144750.0,94337.38,94337.38
mock2_state_pension_personal_allowance,State Pension personal allowance,2028,145500.0,94734.88,94734.88
mock2_state_pension_personal_allowance,State Pension personal allowance,2028,146250.0,95132.38,95132.38
mock2_state_pension_personal_allowance,State Pension personal allowance,2028,147000.0,95529.88,95529.88
mock2_state_pension_personal_allowance,State Pension personal allowance,2028,147750.0,95927.38,95927.38
mock2_state_pension_personal_allowance,State Pension personal allowance,2028,148500.0,96324.88,96324.88
mock2_state_pension_personal_allowance,State Pension personal allowance,2028,149250.0,96722.38,96722.38
mock2_state_pension_personal_allowance,State Pension personal allowance,2028,150000.0,97119.88,97119.88
mock2_state_pension_personal_allowance,State Pension personal allowance,2029,0.0,25455.82,25455.82
mock2_state_pension_personal_allowance,State Pension personal allowance,2029,750.0,26204.621,26204.621
mock2_state_pension_personal_allowance,State Pension personal allowance,2029,1500.0,26953.422,26953.422
mock2_state_pension_personal_allowance,State Pension personal allowance,2029,2250.0,27702.219,27702.219
mock2_state_pension_personal_allowance,State Pension personal allowance,2029,3000.0,28451.02,28451.02
mock2_state_pension_personal_allowance,State Pension personal allowance,2029,3750.0,29199.82,29199.82
mock2_state_pension_personal_allowance,State Pension personal allowance,2029,4500.0,29948.621,29948.621
mock2_state_pension_personal_allowance,State Pension personal allowance,2029,5250.0,30697.422,30697.422
mock2_state_pension_personal_allowance,State Pension personal allowance,2029,6000.0,31446.219,31446.219
mock2_state_pension_personal_allowance,State Pension personal allowance,2029,6750.0,32195.02,32195.02
mock2_state_pension_personal_allowance,State Pension personal allowance,2029,7500.0,32943.82,32943.82
mock2_state_pension_personal_allowance,State Pension personal allowance,2029,8250.0,33692.62,33692.62
mock2_state_pension_personal_allowance,State Pension personal allowance,2029,9000.0,34441.42,34441.42
mock2_state_pension_personal_allowance,State Pension personal allowance,2029,9750.0,35190.22,35190.22
mock2_state_pension_personal_allowance,State Pension personal allowance,2029,10500.0,35939.02,35939.02
mock2_state_pension_personal_allowance,State Pension personal allowance,2029,11250.0,36687.82,36687.82
mock2_state_pension_personal_allowance,State Pension personal allowance,2029,12000.0,37436.62,37436.62
mock2_state_pension_personal_allowance,State Pension personal allowance,2029,12750.0,38172.652,38172.652
mock2_state_pension_personal_allowance,State Pension personal allowance,2029,13500.0,38861.547,38861.547
mock2_state_pension_personal_allowance,State Pension personal allowance,2029,14250.0,39550.44,39550.44
mock2_state_pension_personal_allowance,State Pension personal allowance,2029,15000.0,40239.34,40239.34
mock2_state_pension_personal_allowance,State Pension personal allowance,2029,15750.0,40928.234,40928.234
mock2_state_pension_personal_allowance,State Pension personal allowance,2029,16500.0,41617.133,41617.133
mock2_state_pension_personal_allowance,State Pension personal allowance,2029,17250.0,42306.023,42306.023
mock2_state_pension_personal_allowance,State Pension personal allowance,2029,18000.0,42994.92,42994.92
mock2_state_pension_personal_allowance,State Pension personal allowance,2029,18750.0,43683.82,43683.82
mock2_state_pension_personal_allowance,State Pension personal allowance,2029,19500.0,44372.715,44372.715
mock2_state_pension_personal_allowance,State Pension personal allowance,2029,20250.0,44765.85,44765.85
mock2_state_pension_personal_allowance,State Pension personal allowance,2029,21000.0,45075.85,45075.85
mock2_state_pension_personal_allowance,State Pension personal allowance,2029,21750.0,45385.86,45385.86
mock2_state_pension_personal_allowance,State Pension personal allowance,2029,22500.0,45695.86,45695.86
mock2_state_pension_personal_allowance,State Pension personal allowance,2029,23250.0,46005.863,46005.863
mock2_state_pension_personal_allowance,State Pension personal allowance,2029,24000.0,46304.023,46304.023
mock2_state_pension_personal_allowance,State Pension personal allowance,2029,24750.0,46546.633,46546.633
mock2_state_pension_personal_allowance,State Pension personal allowance,2029,25500.0,46789.246,46789.246
mock2_state_pension_personal_allowance,State Pension personal allowance,2029,26250.0,47031.86,47031.86
mock2_state_pension_personal_allowance,State Pension personal allowance,2029,27000.0,47274.47,47274.47
mock2_state_pension_personal_allowance,State Pension personal allowance,2029,27750.0,47517.08,47517.08
mock2_state_pension_personal_allowance,State Pension personal allowance,2029,28500.0,47759.688,47759.688
mock2_state_pension_personal_allowance,State Pension personal allowance,2029,29250.0,48002.3,48002.3
mock2_state_pension_personal_allowance,State Pension personal allowance,2029,30000.0,48244.914,48244.914
mock2_state_pension_personal_allowance,State Pension personal allowance,2029,30750.0,48487.523,48487.523
mock2_state_pension_personal_allowance,State Pension personal allowance,2029,31500.0,48730.137,48730.137
mock2_state_pension_personal_allowance,State Pension personal allowance,2029,32250.0,48972.742,48972.742
mock2_state_pension_personal_allowance,State Pension personal allowance,2029,33000.0,49215.36,49215.36
mock2_state_pension_personal_allowance,State Pension personal allowance,2029,33750.0,49457.97,49457.97
mock2_state_pension_personal_allowance,State Pension personal allowance,2029,34500.0,49700.58,49700.58
mock2_state_pension_personal_allowance,State Pension personal allowance,2029,35250.0,49943.188,49943.188
mock2_state_pension_personal_allowance,State Pension personal allowance,2029,36000.0,50185.805,50185.805
mock2_state_pension_personal_allowance,State Pension personal allowance,2029,36750.0,50428.414,50428.414
mock2_state_pension_personal_allowance,State Pension personal allowance,2029,37500.0,50671.023,50671.023
mock2_state_pension_personal_allowance,State Pension personal allowance,2029,38250.0,50913.633,50913.633
mock2_state_pension_personal_allowance,State Pension personal allowance,2029,39000.0,51156.242,51156.242
mock2_state_pension_personal_allowance,State Pension personal allowance,2029,39750.0,51398.86,51398.86
mock2_state_pension_personal_allowance,State Pension personal allowance,2029,40500.0,51641.47,51641.47
mock2_state_pension_personal_allowance,State Pension personal allowance,2029,41250.0,51884.08,51884.08
mock2_state_pension_personal_allowance,State Pension personal allowance,2029,42000.0,52126.688,52126.688
mock2_state_pension_personal_allowance,State Pension personal allowance,2029,42750.0,52369.297,52369.297
mock2_state_pension_personal_allowance,State Pension personal allowance,2029,43500.0,52611.914,52611.914
mock2_state_pension_personal_allowance,State Pension personal allowance,2029,44250.0,52854.523,52854.523
mock2_state_pension_personal_allowance,State Pension personal allowance,2029,45000.0,53097.133,53097.133
mock2_state_pension_personal_allowance,State Pension personal allowance,2029,45750.0,53339.75,53339.75
mock2_state_pension_personal_allowance,State Pension personal allowance,2029,46500.0,53582.36,53582.36
mock2_state_pension_personal_allowance,State Pension personal allowance,2029,47250.0,53824.97,53824.97
mock2_state_pension_personal_allowance,State Pension personal allowance,2029,48000.0,54067.58,54067.58
mock2_state_pension_personal_allowance,State Pension personal allowance,2029,48750.0,54310.188,54310.188
mock2_state_pension_personal_allowance,State Pension personal allowance,2029,49500.0,54552.805,54552.805
mock2_state_pension_personal_allowance,State Pension personal allowance,2029,50250.0,54795.414,54795.414
mock2_state_pension_personal_allowance,State Pension personal allowance,2029,51000.0,55055.53,55055.53
mock2_state_pension_personal_allowance,State Pension personal allowance,2029,51750.0,55318.367,55318.367
mock2_state_pension_personal_allowance,State Pension personal allowance,2029,52500.0,55581.195,55581.195
mock2_state_pension_personal_allowance,State Pension personal allowance,2029,53250.0,55844.016,55844.016
mock2_state_pension_personal_allowance,State Pension personal allowance,2029,54000.0,56068.227,56068.227
mock2_state_pension_personal_allowance,State Pension personal allowance,2029,54750.0,56286.125,56286.125
mock2_state_pension_personal_allowance,State Pension personal allowance,2029,55500.0,56504.03,56504.03
mock2_state_pension_personal_allowance,State Pension personal allowance,2029,56250.0,56721.93,56721.93
mock2_state_pension_personal_allowance,State Pension personal allowance,2029,57000.0,56939.83,56939.83
mock2_state_pension_personal_allowance,State Pension personal allowance,2029,57750.0,57157.734,57157.734
mock2_state_pension_personal_allowance,State Pension personal allowance,2029,58500.0,57375.64,57375.64
mock2_state_pension_personal_allowance,State Pension personal allowance,2029,59250.0,57593.547,57593.547
mock2_state_pension_personal_allowance,State Pension personal allowance,2029,60000.0,57811.438,57811.438
mock2_state_pension_personal_allowance,State Pension personal allowance,2029,60750.0,57790.914,57790.914
mock2_state_pension_personal_allowance,State Pension personal allowance,2029,61500.0,57856.125,57856.125
mock2_state_pension_personal_allowance,State Pension personal allowance,2029,62250.0,57921.33,57921.33
mock2_state_pension_personal_allowance,State Pension personal allowance,2029,63000.0,57986.53,57986.53
mock2_state_pension_personal_allowance,State Pension personal allowance,2029,63750.0,58051.734,58051.734
mock2_state_pension_personal_allowance,State Pension personal allowance,2029,64500.0,58116.938,58116.938
mock2_state_pension_personal_allowance,State Pension personal allowance,2029,65250.0,58182.15,58182.15
mock2_state_pension_personal_allowance,State Pension personal allowance,2029,66000.0,58247.35,58247.35
mock2_state_pension_personal_allowance,State Pension personal allowance,2029,66750.0,58312.555,58312.555
mock2_state_pension_personal_allowance,State Pension personal allowance,2029,67500.0,58377.758,58377.758
mock2_state_pension_personal_allowance,State Pension personal allowance,2029,68250.0,58442.96,58442.96
mock2_state_pension_personal_allowance,State Pension personal allowance,2029,69000.0,58508.17,58508.17
mock2_state_pension_personal_allowance,State Pension personal allowance,2029,69750.0,58573.375,58573.375
mock2_state_pension_personal_allowance,State Pension personal allowance,2029,70500.0,58638.58,58638.58
mock2_state_pension_personal_allowance,State Pension personal allowance,2029,71250.0,58751.18,58751.18
mock2_state_pension_personal_allowance,State Pension personal allowance,2029,72000.0,59055.25,59055.25
mock2_state_pension_personal_allowance,State Pension personal allowance,2029,72750.0,59359.33,59359.33
mock2_state_pension_personal_allowance,State Pension personal allowance,2029,73500.0,59663.4,59663.4
mock2_state_pension_personal_allowance,State Pension personal allowance,2029,74250.0,59967.47,59967.47
mock2_state_pension_personal_allowance,State Pension personal allowance,2029,75000.0,60271.54,60271.54
mock2_state_pension_personal_allowance,State Pension personal allowance,2029,75750.0,60575.61,60575.61
mock2_state_pension_personal_allowance,State Pension personal allowance,2029,76500.0,60879.688,60879.688
mock2_state_pension_personal_allowance,State Pension personal allowance,2029,77250.0,61183.758,61183.758
mock2_state_pension_personal_allowance,State Pension personal allowance,2029,78000.0,61487.83,61487.83
mock2_state_pension_personal_allowance,State Pension personal allowance,2029,78750.0,61791.9,61791.9
mock2_state_pension_personal_allowance,State Pension personal allowance,2029,79500.0,62095.97,62095.97
mock2_state_pension_personal_allowance,State Pension personal allowance,2029,80250.0,62421.188,62421.188
mock2_state_pension_personal_allowance,State Pension personal allowance,2029,81000.0,62855.492,62855.492
mock2_state_pension_personal_allowance,State Pension personal allowance,2029,81750.0,63289.805,63289.805
mock2_state_pension_personal_allowance,State Pension personal allowance,2029,82500.0,63724.1,63724.1
mock2_state_pension_personal_allowance,State Pension personal allowance,2029,83250.0,64158.406,64158.406
mock2_state_pension_personal_allowance,State Pension personal allowance,2029,84000.0,64592.71,64592.71
mock2_state_pension_personal_allowance,State Pension personal allowance,2029,84750.0,65027.016,65027.016
mock2_state_pension_personal_allowance,State Pension personal allowance,2029,85500.0,65461.32,65461.32
mock2_state_pension_personal_allowance,State Pension personal allowance,2029,86250.0,65895.625,65895.625
mock2_state_pension_personal_allowance,State Pension personal allowance,2029,87000.0,66329.92,66329.92
mock2_state_pension_personal_allowance,State Pension personal allowance,2029,87750.0,66764.234,66764.234
mock2_state_pension_personal_allowance,State Pension personal allowance,2029,88500.0,67198.53,67198.53
mock2_state_pension_personal_allowance,State Pension personal allowance,2029,89250.0,67632.84,67632.84
mock2_state_pension_personal_allowance,State Pension personal allowance,2029,90000.0,68067.14,68067.14
mock2_state_pension_personal_allowance,State Pension personal allowance,2029,90750.0,68501.445,68501.445
mock2_state_pension_personal_allowance,State Pension personal allowance,2029,91500.0,68935.75,68935.75
mock2_state_pension_personal_allowance,State Pension personal allowance,2029,92250.0,69370.055,69370.055
mock2_state_pension_personal_allowance,State Pension personal allowance,2029,93000.0,69804.36,69804.36
mock2_state_pension_personal_allowance,State Pension personal allowance,2029,93750.0,70238.664,70238.664
mock2_state_pension_personal_allowance,State Pension personal allowance,2029,94500.0,70672.96,70672.96
mock2_state_pension_personal_allowance,State Pension personal allowance,2029,95250.0,71107.27,71107.27
mock2_state_pension_personal_allowance,State Pension personal allowance,2029,96000.0,71541.58,71541.58
mock2_state_pension_personal_allowance,State Pension personal allowance,2029,96750.0,71975.875,71975.875
mock2_state_pension_personal_allowance,State Pension personal allowance,2029,97500.0,72410.19,72410.19
mock2_state_pension_personal_allowance,State Pension personal allowance,2029,98250.0,72844.484,72844.484
mock2_state_pension_personal_allowance,State Pension personal allowance,2029,99000.0,73278.79,73278.79
mock2_state_pension_personal_allowance,State Pension personal allowance,2029,99750.0,73713.09,73713.09
mock2_state_pension_personal_allowance,State Pension personal allowance,2029,100500.0,74079.8,74079.8
mock2_state_pension_personal_allowance,State Pension personal allowance,2029,101250.0,74364.1,74364.1
mock2_state_pension_personal_allowance,State Pension personal allowance,2029,102000.0,74648.805,74648.805
mock2_state_pension_personal_allowance,State Pension personal allowance,2029,102750.0,74933.516,74933.516
mock2_state_pension_personal_allowance,State Pension personal allowance,2029,103500.0,75217.81,75217.81
mock2_state_pension_personal_allowance,State Pension personal allowance,2029,104250.0,75502.52,75502.52
mock2_state_pension_personal_allowance,State Pension personal allowance,2029,105000.0,75786.83,75786.83
mock2_state_pension_personal_allowance,State Pension personal allowance,2029,105750.0,76071.53,76071.53
mock2_state_pension_personal_allowance,State Pension personal allowance,2029,106500.0,76356.234,76356.234
mock2_state_pension_personal_allowance,State Pension personal allowance,2029,107250.0,76640.53,76640.53
mock2_state_pension_personal_allowance,State Pension personal allowance,2029,108000.0,76925.234,76925.234
mock2_state_pension_personal_allowance,State Pension personal allowance,2029,108750.0,77209.55,77209.55
mock2_state_pension_personal_allowance,State Pension personal allowance,2029,109500.0,77494.25,77494.25
mock2_state_pension_personal_allowance,State Pension personal allowance,2029,110250.0,77778.95,77778.95
mock2_state_pension_personal_allowance,State Pension personal allowance,2029,111000.0,78063.25,78063.25
mock2_state_pension_personal_allowance,State Pension personal allowance,2029,111750.0,78347.96,78347.96
mock2_state_pension_personal_allowance,State Pension personal allowance,2029,112500.0,78632.266,78632.266
mock2_state_pension_personal_allowance,State Pension personal allowance,2029,113250.0,78916.97,78916.97
mock2_state_pension_personal_allowance,State Pension personal allowance,2029,114000.0,79201.68,79201.68
mock2_state_pension_personal_allowance,State Pension personal allowance,2029,114750.0,79485.97,79485.97
mock2_state_pension_personal_allowance,State Pension personal allowance,2029,115500.0,79770.69,79770.69
mock2_state_pension_personal_allowance,State Pension personal allowance,2029,116250.0,80054.984,80054.984
mock2_state_pension_personal_allowance,State Pension personal allowance,2029,117000.0,80339.69,80339.69
mock2_state_pension_personal_allowance,State Pension personal allowance,2029,117750.0,80624.4,80624.4
mock2_state_pension_personal_allowance,State Pension personal allowance,2029,118500.0,80908.69,80908.69
mock2_state_pension_personal_allowance,State Pension personal allowance,2029,119250.0,81193.41,81193.41
mock2_state_pension_personal_allowance,State Pension personal allowance,2029,120000.0,81477.7,81477.7
mock2_state_pension_personal_allowance,State Pension personal allowance,2029,120750.0,81762.41,81762.41
mock2_state_pension_personal_allowance,State Pension personal allowance,2029,121500.0,82047.11,82047.11
mock2_state_pension_personal_allowance,State Pension personal allowance,2029,122250.0,82331.42,82331.42
mock2_state_pension_personal_allowance,State Pension personal allowance,2029,123000.0,82616.125,82616.125
mock2_state_pension_personal_allowance,State Pension personal allowance,2029,123750.0,82900.42,82900.42
mock2_state_pension_personal_allowance,State Pension personal allowance,2029,124500.0,83185.125,83185.125
mock2_state_pension_personal_allowance,State Pension personal allowance,2029,125250.0,83469.83,83469.83
mock2_state_pension_personal_allowance,State Pension personal allowance,2029,126000.0,83885.74,83885.74
mock2_state_pension_personal_allowance,State Pension personal allowance,2029,126750.0,84320.04,84320.04
mock2_state_pension_personal_allowance,State Pension personal allowance,2029,127500.0,84754.34,84754.34
mock2_state_pension_personal_allowance,State Pension personal allowance,2029,128250.0,85188.64,85188.64
mock2_state_pension_personal_allowance,State Pension personal allowance,2029,129000.0,85622.94,85622.94
mock2_state_pension_personal_allowance,State Pension personal allowance,2029,129750.0,86057.26,86057.26
mock2_state_pension_personal_allowance,State Pension personal allowance,2029,130500.0,86491.56,86491.56
mock2_state_pension_personal_allowance,State Pension personal allowance,2029,131250.0,86925.86,86925.86
mock2_state_pension_personal_allowance,State Pension personal allowance,2029,132000.0,87360.164,87360.164
mock2_state_pension_personal_allowance,State Pension personal allowance,2029,132750.0,87794.47,87794.47
mock2_state_pension_personal_allowance,State Pension personal allowance,2029,133500.0,88228.78,88228.78
mock2_state_pension_personal_allowance,State Pension personal allowance,2029,134250.0,88663.08,88663.08
mock2_state_pension_personal_allowance,State Pension personal allowance,2029,135000.0,89097.38,89097.38
mock2_state_pension_personal_allowance,State Pension personal allowance,2029,135750.0,89512.05,89512.05
mock2_state_pension_personal_allowance,State Pension personal allowance,2029,136500.0,89908.91,89908.91
mock2_state_pension_personal_allowance,State Pension personal allowance,2029,137250.0,90305.78,90305.78
mock2_state_pension_personal_allowance,State Pension personal allowance,2029,138000.0,90702.64,90702.64
mock2_state_pension_personal_allowance,State Pension personal allowance,2029,138750.0,91099.5,91099.5
mock2_state_pension_personal_allowance,State Pension personal allowance,2029,139500.0,91496.36,91496.36
mock2_state_pension_personal_allowance,State Pension personal allowance,2029,140250.0,91893.234,91893.234
mock2_state_pension_personal_allowance,State Pension personal allowance,2029,141000.0,92290.09,92290.09
mock2_state_pension_personal_allowance,State Pension personal allowance,2029,141750.0,92686.96,92686.96
mock2_state_pension_personal_allowance,State Pension personal allowance,2029,142500.0,93083.83,93083.83
mock2_state_pension_personal_allowance,State Pension personal allowance,2029,143250.0,93480.69,93480.69
mock2_state_pension_personal_allowance,State Pension personal allowance,2029,144000.0,93877.55,93877.55
mock2_state_pension_personal_allowance,State Pension personal allowance,2029,144750.0,94274.42,94274.42
mock2_state_pension_personal_allowance,State Pension personal allowance,2029,145500.0,94671.28,94671.28
mock2_state_pension_personal_allowance,State Pension personal allowance,2029,146250.0,95068.14,95068.14
mock2_state_pension_personal_allowance,State Pension personal allowance,2029,147000.0,95465.0,95465.0
mock2_state_pension_personal_allowance,State Pension personal allowance,2029,147750.0,95861.87,95861.87
mock2_state_pension_personal_allowance,State Pension personal allowance,2029,148500.0,96258.734,96258.734
mock2_state_pension_personal_allowance,State Pension personal allowance,2029,149250.0,96655.59,96655.59
mock2_state_pension_personal_allowance,State Pension personal allowance,2029,150000.0,97052.46,97052.46
mock2_state_pension_personal_allowance,State Pension personal allowance,2030,0.0,25989.016,25989.016
mock2_state_pension_personal_allowance,State Pension personal allowance,2030,750.0,26737.812,26737.812
mock2_state_pension_personal_allowance,State Pension personal allowance,2030,1500.0,27486.613,27486.613
mock2_state_pension_personal_allowance,State Pension personal allowance,2030,2250.0,28235.414,28235.414
mock2_state_pension_personal_allowance,State Pension personal allowance,2030,3000.0,28984.215,28984.215
mock2_state_pension_personal_allowance,State Pension personal allowance,2030,3750.0,29733.016,29733.016
mock2_state_pension_personal_allowance,State Pension personal allowance,2030,4500.0,30481.812,30481.812
mock2_state_pension_personal_allowance,State Pension personal allowance,2030,5250.0,31230.613,31230.613
mock2_state_pension_personal_allowance,State Pension personal allowance,2030,6000.0,31979.414,31979.414
mock2_state_pension_personal_allowance,State Pension personal allowance,2030,6750.0,32728.21,32728.21
mock2_state_pension_personal_allowance,State Pension personal allowance,2030,7500.0,33477.016,33477.016
mock2_state_pension_personal_allowance,State Pension personal allowance,2030,8250.0,34225.812,34225.812
mock2_state_pension_personal_allowance,State Pension personal allowance,2030,9000.0,34974.613,34974.613
mock2_state_pension_personal_allowance,State Pension personal allowance,2030,9750.0,35723.414,35723.414
mock2_state_pension_personal_allowance,State Pension personal allowance,2030,10500.0,36472.21,36472.21
mock2_state_pension_personal_allowance,State Pension personal allowance,2030,11250.0,37221.016,37221.016
mock2_state_pension_personal_allowance,State Pension personal allowance,2030,12000.0,37969.812,37969.812
mock2_state_pension_personal_allowance,State Pension personal allowance,2030,12750.0,38705.844,38705.844
mock2_state_pension_personal_allowance,State Pension personal allowance,2030,13500.0,39394.74,39394.74
mock2_state_pension_personal_allowance,State Pension personal allowance,2030,14250.0,40083.633,40083.633
mock2_state_pension_personal_allowance,State Pension personal allowance,2030,15000.0,40772.53,40772.53
mock2_state_pension_personal_allowance,State Pension personal allowance,2030,15750.0,41461.426,41461.426
mock2_state_pension_personal_allowance,State Pension personal allowance,2030,16500.0,42150.32,42150.32
mock2_state_pension_personal_allowance,State Pension personal allowance,2030,17250.0,42839.22,42839.22
mock2_state_pension_personal_allowance,State Pension personal allowance,2030,18000.0,43528.113,43528.113
mock2_state_pension_personal_allowance,State Pension personal allowance,2030,18750.0,44217.01,44217.01
mock2_state_pension_personal_allowance,State Pension personal allowance,2030,19500.0,44905.906,44905.906
mock2_state_pension_personal_allowance,State Pension personal allowance,2030,20250.0,45398.78,45398.78
mock2_state_pension_personal_allowance,State Pension personal allowance,2030,21000.0,45708.785,45708.785
mock2_state_pension_personal_allowance,State Pension personal allowance,2030,21750.0,46018.79,46018.79
mock2_state_pension_personal_allowance,State Pension personal allowance,2030,22500.0,46328.79,46328.79
mock2_state_pension_personal_allowance,State Pension personal allowance,2030,23250.0,46638.793,46638.793
mock2_state_pension_personal_allowance,State Pension personal allowance,2030,24000.0,46936.953,46936.953
mock2_state_pension_personal_allowance,State Pension personal allowance,2030,24750.0,47179.56,47179.56
mock2_state_pension_personal_allowance,State Pension personal allowance,2030,25500.0,47422.17,47422.17
mock2_state_pension_personal_allowance,State Pension personal allowance,2030,26250.0,47664.785,47664.785
mock2_state_pension_personal_allowance,State Pension personal allowance,2030,27000.0,47907.395,47907.395
mock2_state_pension_personal_allowance,State Pension personal allowance,2030,27750.0,48150.008,48150.008
mock2_state_pension_personal_allowance,State Pension personal allowance,2030,28500.0,48392.613,48392.613
mock2_state_pension_personal_allowance,State Pension personal allowance,2030,29250.0,48635.23,48635.23
mock2_state_pension_personal_allowance,State Pension personal allowance,2030,30000.0,48877.84,48877.84
mock2_state_pension_personal_allowance,State Pension personal allowance,2030,30750.0,49120.45,49120.45
mock2_state_pension_personal_allowance,State Pension personal allowance,2030,31500.0,49363.062,49363.062
mock2_state_pension_personal_allowance,State Pension personal allowance,2030,32250.0,49605.67,49605.67
mock2_state_pension_personal_allowance,State Pension personal allowance,2030,33000.0,49848.29,49848.29
mock2_state_pension_personal_allowance,State Pension personal allowance,2030,33750.0,50090.9,50090.9
mock2_state_pension_personal_allowance,State Pension personal allowance,2030,34500.0,50333.504,50333.504
mock2_state_pension_personal_allowance,State Pension personal allowance,2030,35250.0,50576.117,50576.117
mock2_state_pension_personal_allowance,State Pension personal allowance,2030,36000.0,50818.734,50818.734
mock2_state_pension_personal_allowance,State Pension personal allowance,2030,36750.0,51061.344,51061.344
mock2_state_pension_personal_allowance,State Pension personal allowance,2030,37500.0,51303.953,51303.953
mock2_state_pension_personal_allowance,State Pension personal allowance,2030,38250.0,51546.57,51546.57
mock2_state_pension_personal_allowance,State Pension personal allowance,2030,39000.0,51789.18,51789.18
mock2_state_pension_personal_allowance,State Pension personal allowance,2030,39750.0,52031.79,52031.79
mock2_state_pension_personal_allowance,State Pension personal allowance,2030,40500.0,52274.4,52274.4
mock2_state_pension_personal_allowance,State Pension personal allowance,2030,41250.0,52517.008,52517.008
mock2_state_pension_personal_allowance,State Pension personal allowance,2030,42000.0,52759.625,52759.625
mock2_state_pension_personal_allowance,State Pension personal allowance,2030,42750.0,53002.234,53002.234
mock2_state_pension_personal_allowance,State Pension personal allowance,2030,43500.0,53244.844,53244.844
mock2_state_pension_personal_allowance,State Pension personal allowance,2030,44250.0,53487.453,53487.453
mock2_state_pension_personal_allowance,State Pension personal allowance,2030,45000.0,53730.062,53730.062
mock2_state_pension_personal_allowance,State Pension personal allowance,2030,45750.0,53972.68,53972.68
mock2_state_pension_personal_allowance,State Pension personal allowance,2030,46500.0,54215.29,54215.29
mock2_state_pension_personal_allowance,State Pension personal allowance,2030,47250.0,54457.9,54457.9
mock2_state_pension_personal_allowance,State Pension personal allowance,2030,48000.0,54700.508,54700.508
mock2_state_pension_personal_allowance,State Pension personal allowance,2030,48750.0,54943.117,54943.117
mock2_state_pension_personal_allowance,State Pension personal allowance,2030,49500.0,55185.734,55185.734
mock2_state_pension_personal_allowance,State Pension personal allowance,2030,50250.0,55428.344,55428.344
mock2_state_pension_personal_allowance,State Pension personal allowance,2030,51000.0,55688.46,55688.46
mock2_state_pension_personal_allowance,State Pension personal allowance,2030,51750.0,55951.297,55951.297
mock2_state_pension_personal_allowance,State Pension personal allowance,2030,52500.0,56214.125,56214.125
mock2_state_pension_personal_allowance,State Pension personal allowance,2030,53250.0,56476.945,56476.945
mock2_state_pension_personal_allowance,State Pension personal allowance,2030,54000.0,56701.156,56701.156
mock2_state_pension_personal_allowance,State Pension personal allowance,2030,54750.0,56919.055,56919.055
mock2_state_pension_personal_allowance,State Pension personal allowance,2030,55500.0,57136.96,57136.96
mock2_state_pension_personal_allowance,State Pension personal allowance,2030,56250.0,57354.86,57354.86
mock2_state_pension_personal_allowance,State Pension personal allowance,2030,57000.0,57572.758,57572.758
mock2_state_pension_personal_allowance,State Pension personal allowance,2030,57750.0,57790.664,57790.664
mock2_state_pension_personal_allowance,State Pension personal allowance,2030,58500.0,58008.562,58008.562
mock2_state_pension_personal_allowance,State Pension personal allowance,2030,59250.0,58226.47,58226.47
mock2_state_pension_personal_allowance,State Pension personal allowance,2030,60000.0,58444.367,58444.367
mock2_state_pension_personal_allowance,State Pension personal allowance,2030,60750.0,58421.57,58421.57
mock2_state_pension_personal_allowance,State Pension personal allowance,2030,61500.0,58484.17,58484.17
mock2_state_pension_personal_allowance,State Pension personal allowance,2030,62250.0,58546.773,58546.773
mock2_state_pension_personal_allowance,State Pension personal allowance,2030,63000.0,58609.383,58609.383
mock2_state_pension_personal_allowance,State Pension personal allowance,2030,63750.0,58671.977,58671.977
mock2_state_pension_personal_allowance,State Pension personal allowance,2030,64500.0,58734.57,58734.57
mock2_state_pension_personal_allowance,State Pension personal allowance,2030,65250.0,58797.18,58797.18
mock2_state_pension_personal_allowance,State Pension personal allowance,2030,66000.0,58859.78,58859.78
mock2_state_pension_personal_allowance,State Pension personal allowance,2030,66750.0,58922.375,58922.375
mock2_state_pension_personal_allowance,State Pension personal allowance,2030,67500.0,58984.977,58984.977
mock2_state_pension_personal_allowance,State Pension personal allowance,2030,68250.0,59047.58,59047.58
mock2_state_pension_personal_allowance,State Pension personal allowance,2030,69000.0,59110.18,59110.18
mock2_state_pension_personal_allowance,State Pension personal allowance,2030,69750.0,59172.78,59172.78
mock2_state_pension_personal_allowance,State Pension personal allowance,2030,70500.0,59235.383,59235.383
mock2_state_pension_personal_allowance,State Pension personal allowance,2030,71250.0,59297.977,59297.977
mock2_state_pension_personal_allowance,State Pension personal allowance,2030,72000.0,59360.58,59360.58
mock2_state_pension_personal_allowance,State Pension personal allowance,2030,72750.0,59445.336,59445.336
mock2_state_pension_personal_allowance,State Pension personal allowance,2030,73500.0,59746.805,59746.805
mock2_state_pension_personal_allowance,State Pension personal allowance,2030,74250.0,60048.273,60048.273
mock2_state_pension_personal_allowance,State Pension personal allowance,2030,75000.0,60349.734,60349.734
mock2_state_pension_personal_allowance,State Pension personal allowance,2030,75750.0,60651.203,60651.203
mock2_state_pension_personal_allowance,State Pension personal allowance,2030,76500.0,60952.67,60952.67
mock2_state_pension_personal_allowance,State Pension personal allowance,2030,77250.0,61254.14,61254.14
mock2_state_pension_personal_allowance,State Pension personal allowance,2030,78000.0,61555.61,61555.61
mock2_state_pension_personal_allowance,State Pension personal allowance,2030,78750.0,61857.08,61857.08
mock2_state_pension_personal_allowance,State Pension personal allowance,2030,79500.0,62158.54,62158.54
mock2_state_pension_personal_allowance,State Pension personal allowance,2030,80250.0,62481.586,62481.586
mock2_state_pension_personal_allowance,State Pension personal allowance,2030,81000.0,62915.89,62915.89
mock2_state_pension_personal_allowance,State Pension personal allowance,2030,81750.0,63350.188,63350.188
mock2_state_pension_personal_allowance,State Pension personal allowance,2030,82500.0,63784.492,63784.492
mock2_state_pension_personal_allowance,State Pension personal allowance,2030,83250.0,64218.797,64218.797
mock2_state_pension_personal_allowance,State Pension personal allowance,2030,84000.0,64653.1,64653.1
mock2_state_pension_personal_allowance,State Pension personal allowance,2030,84750.0,65087.406,65087.406
mock2_state_pension_personal_allowance,State Pension personal allowance,2030,85500.0,65521.71,65521.71
mock2_state_pension_personal_allowance,State Pension personal allowance,2030,86250.0,65956.016,65956.016
mock2_state_pension_personal_allowance,State Pension personal allowance,2030,87000.0,66390.31,66390.31
mock2_state_pension_personal_allowance,State Pension personal allowance,2030,87750.0,66824.625,66824.625
mock2_state_pension_personal_allowance,State Pension personal allowance,2030,88500.0,67258.92,67258.92
mock2_state_pension_personal_allowance,State Pension personal allowance,2030,89250.0,67693.234,67693.234
mock2_state_pension_personal_allowance,State Pension personal allowance,2030,90000.0,68127.53,68127.53
mock2_state_pension_personal_allowance,State Pension personal allowance,2030,90750.0,68561.836,68561.836
mock2_state_pension_personal_allowance,State Pension personal allowance,2030,91500.0,68996.14,68996.14
mock2_state_pension_personal_allowance,State Pension personal allowance,2030,92250.0,69430.445,69430.445
mock2_state_pension_personal_allowance,State Pension personal allowance,2030,93000.0,69864.75,69864.75
mock2_state_pension_personal_allowance,State Pension personal allowance,2030,93750.0,70299.055,70299.055
mock2_state_pension_personal_allowance,State Pension personal allowance,2030,94500.0,70733.36,70733.36
mock2_state_pension_personal_allowance,State Pension personal allowance,2030,95250.0,71167.664,71167.664
mock2_state_pension_personal_allowance,State Pension personal allowance,2030,96000.0,71601.97,71601.97
mock2_state_pension_personal_allowance,State Pension personal allowance,2030,96750.0,72036.27,72036.27
mock2_state_pension_personal_allowance,State Pension personal allowance,2030,97500.0,72470.58,72470.58
mock2_state_pension_personal_allowance,State Pension personal allowance,2030,98250.0,72904.875,72904.875
mock2_state_pension_personal_allowance,State Pension personal allowance,2030,99000.0,73339.19,73339.19
mock2_state_pension_personal_allowance,State Pension personal allowance,2030,99750.0,73773.484,73773.484
mock2_state_pension_personal_allowance,State Pension personal allowance,2030,100500.0,74140.19,74140.19
mock2_state_pension_personal_allowance,State Pension personal allowance,2030,101250.0,74424.5,74424.5
mock2_state_pension_personal_allowance,State Pension personal allowance,2030,102000.0,74709.2,74709.2
mock2_state_pension_personal_allowance,State Pension personal allowance,2030,102750.0,74993.91,74993.91
mock2_state_pension_personal_allowance,State Pension personal allowance,2030,103500.0,75278.2,75278.2
mock2_state_pension_personal_allowance,State Pension personal allowance,2030,104250.0,75562.91,75562.91
mock2_state_pension_personal_allowance,State Pension personal allowance,2030,105000.0,75847.22,75847.22
mock2_state_pension_personal_allowance,State Pension personal allowance,2030,105750.0,76131.914,76131.914
mock2_state_pension_personal_allowance,State Pension personal allowance,2030,106500.0,76416.625,76416.625
mock2_state_pension_personal_allowance,State Pension personal allowance,2030,107250.0,76700.92,76700.92
mock2_state_pension_personal_allowance,State Pension personal allowance,2030,108000.0,76985.63,76985.63
mock2_state_pension_personal_allowance,State Pension personal allowance,2030,108750.0,77269.94,77269.94
mock2_state_pension_personal_allowance,State Pension personal allowance,2030,109500.0,77554.64,77554.64
mock2_state_pension_personal_allowance,State Pension personal allowance,2030,110250.0,77839.34,77839.34
mock2_state_pension_personal_allowance,State Pension personal allowance,2030,111000.0,78123.64,78123.64
mock2_state_pension_personal_allowance,State Pension personal allowance,2030,111750.0,78408.36,78408.36
mock2_state_pension_personal_allowance,State Pension personal allowance,2030,112500.0,78692.66,78692.66
mock2_state_pension_personal_allowance,State Pension personal allowance,2030,113250.0,78977.36,78977.36
mock2_state_pension_personal_allowance,State Pension personal allowance,2030,114000.0,79262.06,79262.06
mock2_state_pension_personal_allowance,State Pension personal allowance,2030,114750.0,79546.36,79546.36
mock2_state_pension_personal_allowance,State Pension personal allowance,2030,115500.0,79831.08,79831.08
mock2_state_pension_personal_allowance,State Pension personal allowance,2030,116250.0,80115.39,80115.39
mock2_state_pension_personal_allowance,State Pension personal allowance,2030,117000.0,80400.086,80400.086
mock2_state_pension_personal_allowance,State Pension personal allowance,2030,117750.0,80684.78,80684.78
mock2_state_pension_personal_allowance,State Pension personal allowance,2030,118500.0,80969.086,80969.086
mock2_state_pension_personal_allowance,State Pension personal allowance,2030,119250.0,81253.8,81253.8
mock2_state_pension_personal_allowance,State Pension personal allowance,2030,120000.0,81538.1,81538.1
mock2_state_pension_personal_allowance,State Pension personal allowance,2030,120750.0,81822.805,81822.805
mock2_state_pension_personal_allowance,State Pension personal allowance,2030,121500.0,82107.51,82107.51
mock2_state_pension_personal_allowance,State Pension personal allowance,2030,122250.0,82391.83,82391.83
mock2_state_pension_personal_allowance,State Pension personal allowance,2030,123000.0,82676.52,82676.52
mock2_state_pension_personal_allowance,State Pension personal allowance,2030,123750.0,82960.83,82960.83
mock2_state_pension_personal_allowance,State Pension personal allowance,2030,124500.0,83245.52,83245.52
mock2_state_pension_personal_allowance,State Pension personal allowance,2030,125250.0,83530.22,83530.22
mock2_state_pension_personal_allowance,State Pension personal allowance,2030,126000.0,83946.14,83946.14
mock2_state_pension_personal_allowance,State Pension personal allowance,2030,126750.0,84380.44,84380.44
mock2_state_pension_personal_allowance,State Pension personal allowance,2030,127500.0,84814.75,84814.75
mock2_state_pension_personal_allowance,State Pension personal allowance,2030,128250.0,85249.05,85249.05
mock2_state_pension_personal_allowance,State Pension personal allowance,2030,129000.0,85683.34,85683.34
mock2_state_pension_personal_allowance,State Pension personal allowance,2030,129750.0,86117.66,86117.66
mock2_state_pension_personal_allowance,State Pension personal allowance,2030,130500.0,86551.96,86551.96
mock2_state_pension_personal_allowance,State Pension personal allowance,2030,131250.0,86986.266,86986.266
mock2_state_pension_personal_allowance,State Pension personal allowance,2030,132000.0,87420.56,87420.56
mock2_state_pension_personal_allowance,State Pension personal allowance,2030,132750.0,87854.87,87854.87
mock2_state_pension_personal_allowance,State Pension personal allowance,2030,133500.0,88289.18,88289.18
mock2_state_pension_personal_allowance,State Pension personal allowance,2030,134250.0,88723.484,88723.484
mock2_state_pension_personal_allowance,State Pension personal allowance,2030,135000.0,89157.78,89157.78
mock2_state_pension_personal_allowance,State Pension personal allowance,2030,135750.0,89572.445,89572.445
mock2_state_pension_personal_allowance,State Pension personal allowance,2030,136500.0,89969.305,89969.305
mock2_state_pension_personal_allowance,State Pension personal allowance,2030,137250.0,90366.18,90366.18
mock2_state_pension_personal_allowance,State Pension personal allowance,2030,138000.0,90763.05,90763.05
mock2_state_pension_personal_allowance,State Pension personal allowance,2030,138750.0,91159.91,91159.91
mock2_state_pension_personal_allowance,State Pension personal allowance,2030,139500.0,91556.766,91556.766
mock2_state_pension_personal_allowance,State Pension personal allowance,2030,140250.0,91953.625,91953.625
mock2_state_pension_personal_allowance,State Pension personal allowance,2030,141000.0,92350.5,92350.5
mock2_state_pension_personal_allowance,State Pension personal allowance,2030,141750.0,92747.36,92747.36
mock2_state_pension_personal_allowance,State Pension personal allowance,2030,142500.0,93144.23,93144.23
mock2_state_pension_personal_allowance,State Pension personal allowance,2030,143250.0,93541.086,93541.086
mock2_state_pension_personal_allowance,State Pension personal allowance,2030,144000.0,93937.95,93937.95
mock2_state_pension_personal_allowance,State Pension personal allowance,2030,144750.0,94334.82,94334.82
mock2_state_pension_personal_allowance,State Pension personal allowance,2030,145500.0,94731.68,94731.68
mock2_state_pension_personal_allowance,State Pension personal allowance,2030,146250.0,95128.55,95128.55
mock2_state_pension_personal_allowance,State Pension personal allowance,2030,147000.0,95525.41,95525.41
mock2_state_pension_personal_allowance,State Pension personal allowance,2030,147750.0,95922.266,95922.266
mock2_state_pension_personal_allowance,State Pension personal allowance,2030,148500.0,96319.14,96319.14
mock2_state_pension_personal_allowance,State Pension personal allowance,2030,149250.0,96716.0,96716.0
mock2_state_pension_personal_allowance,State Pension personal allowance,2030,150000.0,97112.86,97112.86
mock2_energy_price_payment,Energy Price Protection Payment,2026,0.0,23876.223,24026.223
mock2_energy_price_payment,Energy Price Protection Payment,2026,750.0,24626.223,24776.223
mock2_energy_price_payment,Energy Price Protection Payment,2026,1500.0,25376.223,25526.223
mock2_energy_price_payment,Energy Price Protection Payment,2026,2250.0,26126.223,26276.223
mock2_energy_price_payment,Energy Price Protection Payment,2026,3000.0,26876.223,27026.223
mock2_energy_price_payment,Energy Price Protection Payment,2026,3750.0,27626.223,27776.223
mock2_energy_price_payment,Energy Price Protection Payment,2026,4500.0,28376.223,28526.223
mock2_energy_price_payment,Energy Price Protection Payment,2026,5250.0,29126.223,29276.223
mock2_energy_price_payment,Energy Price Protection Payment,2026,6000.0,29876.223,30026.223
mock2_energy_price_payment,Energy Price Protection Payment,2026,6750.0,30626.223,30776.223
mock2_energy_price_payment,Energy Price Protection Payment,2026,7500.0,31376.223,31526.223
mock2_energy_price_payment,Energy Price Protection Payment,2026,8250.0,32126.223,32276.223
mock2_energy_price_payment,Energy Price Protection Payment,2026,9000.0,32876.223,33026.223
mock2_energy_price_payment,Energy Price Protection Payment,2026,9750.0,33626.223,33776.223
mock2_energy_price_payment,Energy Price Protection Payment,2026,10500.0,34376.223,34526.223
mock2_energy_price_payment,Energy Price Protection Payment,2026,11250.0,35126.223,35276.223
mock2_energy_price_payment,Energy Price Protection Payment,2026,12000.0,35876.223,36026.223
mock2_energy_price_payment,Energy Price Protection Payment,2026,12750.0,36611.82,36761.82
mock2_energy_price_payment,Energy Price Protection Payment,2026,13500.0,37301.82,37451.82
mock2_energy_price_payment,Energy Price Protection Payment,2026,14250.0,37991.82,38141.82
mock2_energy_price_payment,Energy Price Protection Payment,2026,15000.0,38681.82,38831.82
mock2_energy_price_payment,Energy Price Protection Payment,2026,15750.0,39371.82,39521.82
mock2_energy_price_payment,Energy Price Protection Payment,2026,16500.0,40061.82,40211.82
mock2_energy_price_payment,Energy Price Protection Payment,2026,17250.0,40751.82,40901.82
mock2_energy_price_payment,Energy Price Protection Payment,2026,18000.0,41441.82,41591.82
mock2_energy_price_payment,Energy Price Protection Payment,2026,18750.0,42131.82,42281.82
mock2_energy_price_payment,Energy Price Protection Payment,2026,19500.0,42587.742,42737.742
mock2_energy_price_payment,Energy Price Protection Payment,2026,20250.0,42898.242,43048.242
mock2_energy_price_payment,Energy Price Protection Payment,2026,21000.0,43208.742,43358.742
mock2_energy_price_payment,Energy Price Protection Payment,2026,21750.0,43519.242,43669.242
mock2_energy_price_payment,Energy Price Protection Payment,2026,22500.0,43829.742,43979.742
mock2_energy_price_payment,Energy Price Protection Payment,2026,23250.0,44140.242,44290.242
mock2_energy_price_payment,Energy Price Protection Payment,2026,24000.0,44435.438,44585.438
mock2_energy_price_payment,Energy Price Protection Payment,2026,24750.0,44678.438,44828.438
mock2_energy_price_payment,Energy Price Protection Payment,2026,25500.0,44921.438,45071.438
mock2_energy_price_payment,Energy Price Protection Payment,2026,26250.0,45164.438,45314.438
mock2_energy_price_payment,Energy Price Protection Payment,2026,27000.0,45407.438,45557.438
mock2_energy_price_payment,Energy Price Protection Payment,2026,27750.0,45650.438,45800.438
mock2_energy_price_payment,Energy Price Protection Payment,2026,28500.0,45893.438,46043.438
mock2_energy_price_payment,Energy Price Protection Payment,2026,29250.0,46136.438,46286.438
mock2_energy_price_payment,Energy Price Protection Payment,2026,30000.0,46379.438,46529.438
mock2_energy_price_payment,Energy Price Protection Payment,2026,30750.0,46622.438,46772.438
mock2_energy_price_payment,Energy Price Protection Payment,2026,31500.0,46865.438,47015.438
mock2_energy_price_payment,Energy Price Protection Payment,2026,32250.0,47108.438,47258.438
mock2_energy_price_payment,Energy Price Protection Payment,2026,33000.0,47351.438,47501.438
mock2_energy_price_payment,Energy Price Protection Payment,2026,33750.0,47594.438,47744.438
mock2_energy_price_payment,Energy Price Protection Payment,2026,34500.0,47837.438,47987.438
mock2_energy_price_payment,Energy Price Protection Payment,2026,35250.0,48080.438,48230.438
mock2_energy_price_payment,Energy Price Protection Payment,2026,36000.0,48323.438,48473.438
mock2_energy_price_payment,Energy Price Protection Payment,2026,36750.0,48566.438,48716.438
mock2_energy_price_payment,Energy Price Protection Payment,2026,37500.0,48809.438,48959.438
mock2_energy_price_payment,Energy Price Protection Payment,2026,38250.0,49052.438,49202.438
mock2_energy_price_payment,Energy Price Protection Payment,2026,39000.0,49295.438,49445.438
mock2_energy_price_payment,Energy Price Protection Payment,2026,39750.0,49538.438,49688.438
mock2_energy_price_payment,Energy Price Protection Payment,2026,40500.0,49781.438,49931.438
mock2_energy_price_payment,Energy Price Protection Payment,2026,41250.0,50024.438,50174.438
mock2_energy_price_payment,Energy Price Protection Payment,2026,42000.0,50267.438,50417.438
mock2_energy_price_payment,Energy Price Protection Payment,2026,42750.0,50510.438,50660.438
mock2_energy_price_payment,Energy Price Protection Payment,2026,43500.0,50753.438,50903.438
mock2_energy_price_payment,Energy Price Protection Payment,2026,44250.0,50996.438,51146.438
mock2_energy_price_payment,Energy Price Protection Payment,2026,45000.0,51239.438,51389.438
mock2_energy_price_payment,Energy Price Protection Payment,2026,45750.0,51482.438,51632.438
mock2_energy_price_payment,Energy Price Protection Payment,2026,46500.0,51725.438,51875.438
mock2_energy_price_payment,Energy Price Protection Payment,2026,47250.0,51968.438,52118.438
mock2_energy_price_payment,Energy Price Protection Payment,2026,48000.0,52211.438,52361.438
mock2_energy_price_payment,Energy Price Protection Payment,2026,48750.0,52454.438,52604.438
mock2_energy_price_payment,Energy Price Protection Payment,2026,49500.0,52697.438,52847.438
mock2_energy_price_payment,Energy Price Protection Payment,2026,50250.0,52940.438,53090.438
mock2_energy_price_payment,Energy Price Protection Payment,2026,51000.0,53203.156,53353.156
mock2_energy_price_payment,Energy Price Protection Payment,2026,51750.0,53466.406,53616.406
mock2_energy_price_payment,Energy Price Protection Payment,2026,52500.0,53729.656,53879.656
mock2_energy_price_payment,Energy Price Protection Payment,2026,53250.0,53992.906,54142.906
mock2_energy_price_payment,Energy Price Protection Payment,2026,54000.0,54212.355,54362.355
mock2_energy_price_payment,Energy Price Protection Payment,2026,54750.0,54430.605,54580.605
mock2_energy_price_payment,Energy Price Protection Payment,2026,55500.0,54648.855,54798.855
mock2_energy_price_payment,Energy Price Protection Payment,2026,56250.0,54867.105,55017.105
mock2_energy_price_payment,Energy Price Protection Payment,2026,57000.0,55085.355,55235.355
mock2_energy_price_payment,Energy Price Protection Payment,2026,57750.0,55303.605,55453.605
mock2_energy_price_payment,Energy Price Protection Payment,2026,58500.0,55521.855,55671.85
mock2_energy_price_payment,Energy Price Protection Payment,2026,59250.0,55740.1,55890.1
mock2_energy_price_payment,Energy Price Protection Payment,2026,60000.0,55958.35,56108.35
mock2_energy_price_payment,Energy Price Protection Payment,2026,60750.0,55926.242,56076.242
mock2_energy_price_payment,Energy Price Protection Payment,2026,61500.0,55999.438,56149.438
mock2_energy_price_payment,Energy Price Protection Payment,2026,62250.0,56072.633,56222.633
mock2_energy_price_payment,Energy Price Protection Payment,2026,63000.0,56145.82,56295.82
mock2_energy_price_payment,Energy Price Protection Payment,2026,63750.0,56219.016,56369.016
mock2_energy_price_payment,Energy Price Protection Payment,2026,64500.0,56292.21,56442.21
mock2_energy_price_payment,Energy Price Protection Payment,2026,65250.0,56365.4,56515.4
mock2_energy_price_payment,Energy Price Protection Payment,2026,66000.0,56438.594,56588.594
mock2_energy_price_payment,Energy Price Protection Payment,2026,66750.0,56680.125,56680.125
mock2_energy_price_payment,Energy Price Protection Payment,2026,67500.0,56992.562,56992.562
mock2_energy_price_payment,Energy Price Protection Payment,2026,68250.0,57305.008,57305.008
mock2_energy_price_payment,Energy Price Protection Payment,2026,69000.0,57617.453,57617.453
mock2_energy_price_payment,Energy Price Protection Payment,2026,69750.0,57929.89,57929.89
mock2_energy_price_payment,Energy Price Protection Payment,2026,70500.0,58242.336,58242.336
mock2_energy_price_payment,Energy Price Protection Payment,2026,71250.0,58554.78,58554.78
mock2_energy_price_payment,Energy Price Protection Payment,2026,72000.0,58867.22,58867.22
mock2_energy_price_payment,Energy Price Protection Payment,2026,72750.0,59179.656,59179.656
mock2_energy_price_payment,Energy Price Protection Payment,2026,73500.0,59492.1,59492.1
mock2_energy_price_payment,Energy Price Protection Payment,2026,74250.0,59804.547,59804.547
mock2_energy_price_payment,Energy Price Protection Payment,2026,75000.0,60116.984,60116.984
mock2_energy_price_payment,Energy Price Protection Payment,2026,75750.0,60429.43,60429.43
mock2_energy_price_payment,Energy Price Protection Payment,2026,76500.0,60741.875,60741.875
mock2_energy_price_payment,Energy Price Protection Payment,2026,77250.0,61054.312,61054.312
mock2_energy_price_payment,Energy Price Protection Payment,2026,78000.0,61366.758,61366.758
mock2_energy_price_payment,Energy Price Protection Payment,2026,78750.0,61679.203,61679.203
mock2_energy_price_payment,Energy Price Protection Payment,2026,79500.0,61991.64,61991.64
mock2_energy_price_payment,Energy Price Protection Payment,2026,80250.0,62344.938,62344.938
mock2_energy_price_payment,Energy Price Protection Payment,2026,81000.0,62779.938,62779.938
mock2_energy_price_payment,Energy Price Protection Payment,2026,81750.0,63214.938,63214.938
mock2_energy_price_payment,Energy Price Protection Payment,2026,82500.0,63649.938,63649.938
mock2_energy_price_payment,Energy Price Protection Payment,2026,83250.0,64084.938,64084.938
mock2_energy_price_payment,Energy Price Protection Payment,2026,84000.0,64519.938,64519.938
mock2_energy_price_payment,Energy Price Protection Payment,2026,84750.0,64954.938,64954.938
mock2_energy_price_payment,Energy Price Protection Payment,2026,85500.0,65389.938,65389.938
mock2_energy_price_payment,Energy Price Protection Payment,2026,86250.0,65824.94,65824.94
mock2_energy_price_payment,Energy Price Protection Payment,2026,87000.0,66259.94,66259.94
mock2_energy_price_payment,Energy Price Protection Payment,2026,87750.0,66694.94,66694.94
mock2_energy_price_payment,Energy Price Protection Payment,2026,88500.0,67129.94,67129.94
mock2_energy_price_payment,Energy Price Protection Payment,2026,89250.0,67564.94,67564.94
mock2_energy_price_payment,Energy Price Protection Payment,2026,90000.0,67999.94,67999.94
mock2_energy_price_payment,Energy Price Protection Payment,2026,90750.0,68434.94,68434.94
mock2_energy_price_payment,Energy Price Protection Payment,2026,91500.0,68869.94,68869.94
mock2_energy_price_payment,Energy Price Protection Payment,2026,92250.0,69304.94,69304.94
mock2_energy_price_payment,Energy Price Protection Payment,2026,93000.0,69739.94,69739.94
mock2_energy_price_payment,Energy Price Protection Payment,2026,93750.0,70174.94,70174.94
mock2_energy_price_payment,Energy Price Protection Payment,2026,94500.0,70609.94,70609.94
mock2_energy_price_payment,Energy Price Protection Payment,2026,95250.0,71044.94,71044.94
mock2_energy_price_payment,Energy Price Protection Payment,2026,96000.0,71479.94,71479.94
mock2_energy_price_payment,Energy Price Protection Payment,2026,96750.0,71914.94,71914.94
mock2_energy_price_payment,Energy Price Protection Payment,2026,97500.0,72349.94,72349.94
mock2_energy_price_payment,Energy Price Protection Payment,2026,98250.0,72784.94,72784.94
mock2_energy_price_payment,Energy Price Protection Payment,2026,99000.0,73219.94,73219.94
mock2_energy_price_payment,Energy Price Protection Payment,2026,99750.0,73654.94,73654.94
mock2_energy_price_payment,Energy Price Protection Payment,2026,100500.0,73989.94,73989.94
mock2_energy_price_payment,Energy Price Protection Payment,2026,101250.0,74274.94,74274.94
mock2_energy_price_payment,Energy Price Protection Payment,2026,102000.0,74559.94,74559.94
mock2_energy_price_payment,Energy Price Protection Payment,2026,102750.0,74844.94,74844.94
mock2_energy_price_payment,Energy Price Protection Payment,2026,103500.0,75129.94,75129.94
mock2_energy_price_payment,Energy Price Protection Payment,2026,104250.0,75414.94,75414.94
mock2_energy_price_payment,Energy Price Protection Payment,2026,105000.0,75699.94,75699.94
mock2_energy_price_payment,Energy Price Protection Payment,2026,105750.0,75984.94,75984.94
mock2_energy_price_payment,Energy Price Protection Payment,2026,106500.0,76269.94,76269.94
mock2_energy_price_payment,Energy Price Protection Payment,2026,107250.0,76554.94,76554.94
mock2_energy_price_payment,Energy Price Protection Payment,2026,108000.0,76839.94,76839.94
mock2_energy_price_payment,Energy Price Protection Payment,2026,108750.0,77124.94,77124.94
mock2_energy_price_payment,Energy Price Protection Payment,2026,109500.0,77409.94,77409.94
mock2_energy_price_payment,Energy Price Protection Payment,2026,110250.0,77694.94,77694.94
mock2_energy_price_payment,Energy Price Protection Payment,2026,111000.0,77979.94,77979.94
mock2_energy_price_payment,Energy Price Protection Payment,2026,111750.0,78264.94,78264.94
mock2_energy_price_payment,Energy Price Protection Payment,2026,112500.0,78549.94,78549.94
mock2_energy_price_payment,Energy Price Protection Payment,2026,113250.0,78834.94,78834.94
mock2_energy_price_payment,Energy Price Protection Payment,2026,114000.0,79119.94,79119.94
mock2_energy_price_payment,Energy Price Protection Payment,2026,114750.0,79404.94,79404.94
mock2_energy_price_payment,Energy Price Protection Payment,2026,115500.0,79689.94,79689.94
mock2_energy_price_payment,Energy Price Protection Payment,2026,116250.0,79974.94,79974.94
mock2_energy_price_payment,Energy Price Protection Payment,2026,117000.0,80259.94,80259.94
mock2_energy_price_payment,Energy Price Protection Payment,2026,117750.0,80544.94,80544.94
mock2_energy_price_payment,Energy Price Protection Payment,2026,118500.0,80829.94,80829.94
mock2_energy_price_payment,Energy Price Protection Payment,2026,119250.0,81114.94,81114.94
mock2_energy_price_payment,Energy Price Protection Payment,2026,120000.0,81399.94,81399.94
mock2_energy_price_payment,Energy Price Protection Payment,2026,120750.0,81684.94,81684.94
mock2_energy_price_payment,Energy Price Protection Payment,2026,121500.0,81969.94,81969.94
mock2_energy_price_payment,Energy Price Protection Payment,2026,122250.0,82254.94,82254.94
mock2_energy_price_payment,Energy Price Protection Payment,2026,123000.0,82539.94,82539.94
mock2_energy_price_payment,Energy Price Protection Payment,2026,123750.0,82824.94,82824.94
mock2_energy_price_payment,Energy Price Protection Payment,2026,124500.0,83109.94,83109.94
mock2_energy_price_payment,Energy Price Protection Payment,2026,125250.0,83416.94,83416.94
mock2_energy_price_payment,Energy Price Protection Payment,2026,126000.0,83851.94,83851.94
mock2_energy_price_payment,Energy Price Protection Payment,2026,126750.0,84286.94,84286.94
mock2_energy_price_payment,Energy Price Protection Payment,2026,127500.0,84721.94,84721.94
mock2_energy_price_payment,Energy Price Protection Payment,2026,128250.0,85156.94,85156.94
mock2_energy_price_payment,Energy Price Protection Payment,2026,129000.0,85591.94,85591.94
mock2_energy_price_payment,Energy Price Protection Payment,2026,129750.0,86026.94,86026.94
mock2_energy_price_payment,Energy Price Protection Payment,2026,130500.0,86461.94,86461.94
mock2_energy_price_payment,Energy Price Protection Payment,2026,131250.0,86896.94,86896.94
mock2_energy_price_payment,Energy Price Protection Payment,2026,132000.0,87331.94,87331.94
mock2_energy_price_payment,Energy Price Protection Payment,2026,132750.0,87766.94,87766.94
mock2_energy_price_payment,Energy Price Protection Payment,2026,133500.0,88201.94,88201.94
mock2_energy_price_payment,Energy Price Protection Payment,2026,134250.0,88636.94,88636.94
mock2_energy_price_payment,Energy Price Protection Payment,2026,135000.0,89071.94,89071.94
mock2_energy_price_payment,Energy Price Protection Payment,2026,135750.0,89476.44,89476.44
mock2_energy_price_payment,Energy Price Protection Payment,2026,136500.0,89873.94,89873.94
mock2_energy_price_payment,Energy Price Protection Payment,2026,137250.0,90271.44,90271.44
mock2_energy_price_payment,Energy Price Protection Payment,2026,138000.0,90668.94,90668.94
mock2_energy_price_payment,Energy Price Protection Payment,2026,138750.0,91066.44,91066.44
mock2_energy_price_payment,Energy Price Protection Payment,2026,139500.0,91463.94,91463.94
mock2_energy_price_payment,Energy Price Protection Payment,2026,140250.0,91861.44,91861.44
mock2_energy_price_payment,Energy Price Protection Payment,2026,141000.0,92258.94,92258.94
mock2_energy_price_payment,Energy Price Protection Payment,2026,141750.0,92656.44,92656.44
mock2_energy_price_payment,Energy Price Protection Payment,2026,142500.0,93053.94,93053.94
mock2_energy_price_payment,Energy Price Protection Payment,2026,143250.0,93451.44,93451.44
mock2_energy_price_payment,Energy Price Protection Payment,2026,144000.0,93848.94,93848.94
mock2_energy_price_payment,Energy Price Protection Payment,2026,144750.0,94246.44,94246.44
mock2_energy_price_payment,Energy Price Protection Payment,2026,145500.0,94643.94,94643.94
mock2_energy_price_payment,Energy Price Protection Payment,2026,146250.0,95041.44,95041.44
mock2_energy_price_payment,Energy Price Protection Payment,2026,147000.0,95438.94,95438.94
mock2_energy_price_payment,Energy Price Protection Payment,2026,147750.0,95836.44,95836.44
mock2_energy_price_payment,Energy Price Protection Payment,2026,148500.0,96233.94,96233.94
mock2_energy_price_payment,Energy Price Protection Payment,2026,149250.0,96631.44,96631.44
mock2_energy_price_payment,Energy Price Protection Payment,2026,150000.0,97028.94,97028.94
mock2_energy_price_payment,Energy Price Protection Payment,2027,0.0,24420.266,24420.266
mock2_energy_price_payment,Energy Price Protection Payment,2027,750.0,25170.266,25170.266
mock2_energy_price_payment,Energy Price Protection Payment,2027,1500.0,25920.266,25920.266
mock2_energy_price_payment,Energy Price Protection Payment,2027,2250.0,26670.266,26670.266
mock2_energy_price_payment,Energy Price Protection Payment,2027,3000.0,27420.266,27420.266
mock2_energy_price_payment,Energy Price Protection Payment,2027,3750.0,28170.266,28170.266
mock2_energy_price_payment,Energy Price Protection Payment,2027,4500.0,28920.266,28920.266
mock2_energy_price_payment,Energy Price Protection Payment,2027,5250.0,29670.266,29670.266
mock2_energy_price_payment,Energy Price Protection Payment,2027,6000.0,30420.266,30420.266
mock2_energy_price_payment,Energy Price Protection Payment,2027,6750.0,31170.266,31170.266
mock2_energy_price_payment,Energy Price Protection Payment,2027,7500.0,31920.266,31920.266
mock2_energy_price_payment,Energy Price Protection Payment,2027,8250.0,32670.266,32670.266
mock2_energy_price_payment,Energy Price Protection Payment,2027,9000.0,33420.266,33420.266
mock2_energy_price_payment,Energy Price Protection Payment,2027,9750.0,34170.266,34170.266
mock2_energy_price_payment,Energy Price Protection Payment,2027,10500.0,34920.266,34920.266
mock2_energy_price_payment,Energy Price Protection Payment,2027,11250.0,35670.266,35670.266
mock2_energy_price_payment,Energy Price Protection Payment,2027,12000.0,36420.266,36420.266
mock2_energy_price_payment,Energy Price Protection Payment,2027,12750.0,37155.86,37155.86
mock2_energy_price_payment,Energy Price Protection Payment,2027,13500.0,37845.86,37845.86
mock2_energy_price_payment,Energy Price Protection Payment,2027,14250.0,38535.86,38535.86
mock2_energy_price_payment,Energy Price Protection Payment,2027,15000.0,39225.86,39225.86
mock2_energy_price_payment,Energy Price Protection Payment,2027,15750.0,39915.86,39915.86
mock2_energy_price_payment,Energy Price Protection Payment,2027,16500.0,40605.86,40605.86
mock2_energy_price_payment,Energy Price Protection Payment,2027,17250.0,41295.86,41295.86
mock2_energy_price_payment,Energy Price Protection Payment,2027,18000.0,41985.86,41985.86
mock2_energy_price_payment,Energy Price Protection Payment,2027,18750.0,42675.86,42675.86
mock2_energy_price_payment,Energy Price Protection Payment,2027,19500.0,43239.547,43239.547
mock2_energy_price_payment,Energy Price Protection Payment,2027,20250.0,43550.047,43550.047
mock2_energy_price_payment,Energy Price Protection Payment,2027,21000.0,43860.547,43860.547
mock2_energy_price_payment,Energy Price Protection Payment,2027,21750.0,44171.047,44171.047
mock2_energy_price_payment,Energy Price Protection Payment,2027,22500.0,44481.547,44481.547
mock2_energy_price_payment,Energy Price Protection Payment,2027,23250.0,44792.047,44792.047
mock2_energy_price_payment,Energy Price Protection Payment,2027,24000.0,45087.25,45087.25
mock2_energy_price_payment,Energy Price Protection Payment,2027,24750.0,45330.25,45330.25
mock2_energy_price_payment,Energy Price Protection Payment,2027,25500.0,45573.25,45573.25
mock2_energy_price_payment,Energy Price Protection Payment,2027,26250.0,45816.25,45816.25
mock2_energy_price_payment,Energy Price Protection Payment,2027,27000.0,46059.25,46059.25
mock2_energy_price_payment,Energy Price Protection Payment,2027,27750.0,46302.25,46302.25
mock2_energy_price_payment,Energy Price Protection Payment,2027,28500.0,46545.25,46545.25
mock2_energy_price_payment,Energy Price Protection Payment,2027,29250.0,46788.25,46788.25
mock2_energy_price_payment,Energy Price Protection Payment,2027,30000.0,47031.25,47031.25
mock2_energy_price_payment,Energy Price Protection Payment,2027,30750.0,47274.25,47274.25
mock2_energy_price_payment,Energy Price Protection Payment,2027,31500.0,47517.25,47517.25
mock2_energy_price_payment,Energy Price Protection Payment,2027,32250.0,47760.25,47760.25
mock2_energy_price_payment,Energy Price Protection Payment,2027,33000.0,48003.25,48003.25
mock2_energy_price_payment,Energy Price Protection Payment,2027,33750.0,48246.25,48246.25
mock2_energy_price_payment,Energy Price Protection Payment,2027,34500.0,48489.25,48489.25
mock2_energy_price_payment,Energy Price Protection Payment,2027,35250.0,48732.25,48732.25
mock2_energy_price_payment,Energy Price Protection Payment,2027,36000.0,48975.25,48975.25
mock2_energy_price_payment,Energy Price Protection Payment,2027,36750.0,49218.25,49218.25
mock2_energy_price_payment,Energy Price Protection Payment,2027,37500.0,49461.25,49461.25
mock2_energy_price_payment,Energy Price Protection Payment,2027,38250.0,49704.25,49704.25
mock2_energy_price_payment,Energy Price Protection Payment,2027,39000.0,49947.25,49947.25
mock2_energy_price_payment,Energy Price Protection Payment,2027,39750.0,50190.25,50190.25
mock2_energy_price_payment,Energy Price Protection Payment,2027,40500.0,50433.25,50433.25
mock2_energy_price_payment,Energy Price Protection Payment,2027,41250.0,50676.25,50676.25
mock2_energy_price_payment,Energy Price Protection Payment,2027,42000.0,50919.25,50919.25
mock2_energy_price_payment,Energy Price Protection Payment,2027,42750.0,51162.25,51162.25
mock2_energy_price_payment,Energy Price Protection Payment,2027,43500.0,51405.25,51405.25
mock2_energy_price_payment,Energy Price Protection Payment,2027,44250.0,51648.25,51648.25
mock2_energy_price_payment,Energy Price Protection Payment,2027,45000.0,51891.25,51891.25
mock2_energy_price_payment,Energy Price Protection Payment,2027,45750.0,52134.25,52134.25
mock2_energy_price_payment,Energy Price Protection Payment,2027,46500.0,52377.25,52377.25
mock2_energy_price_payment,Energy Price Protection Payment,2027,47250.0,52620.25,52620.25
mock2_energy_price_payment,Energy Price Protection Payment,2027,48000.0,52863.25,52863.25
mock2_energy_price_payment,Energy Price Protection Payment,2027,48750.0,53106.25,53106.25
mock2_energy_price_payment,Energy Price Protection Payment,2027,49500.0,53349.25,53349.25
mock2_energy_price_payment,Energy Price Protection Payment,2027,50250.0,53592.25,53592.25
mock2_energy_price_payment,Energy Price Protection Payment,2027,51000.0,53854.96,53854.96
mock2_energy_price_payment,Energy Price Protection Payment,2027,51750.0,54118.21,54118.21
mock2_energy_price_payment,Energy Price Protection Payment,2027,52500.0,54381.46,54381.46
mock2_energy_price_payment,Energy Price Protection Payment,2027,53250.0,54644.71,54644.71
mock2_energy_price_payment,Energy Price Protection Payment,2027,54000.0,54864.16,54864.16
mock2_energy_price_payment,Energy Price Protection Payment,2027,54750.0,55082.41,55082.41
mock2_energy_price_payment,Energy Price Protection Payment,2027,55500.0,55300.66,55300.66
mock2_energy_price_payment,Energy Price Protection Payment,2027,56250.0,55518.91,55518.91
mock2_energy_price_payment,Energy Price Protection Payment,2027,57000.0,55737.156,55737.156
mock2_energy_price_payment,Energy Price Protection Payment,2027,57750.0,55955.406,55955.406
mock2_energy_price_payment,Energy Price Protection Payment,2027,58500.0,56173.656,56173.656
mock2_energy_price_payment,Energy Price Protection Payment,2027,59250.0,56391.906,56391.906
mock2_energy_price_payment,Energy Price Protection Payment,2027,60000.0,56610.156,56610.156
mock2_energy_price_payment,Energy Price Protection Payment,2027,60750.0,56575.234,56575.234
mock2_energy_price_payment,Energy Price Protection Payment,2027,61500.0,56645.61,56645.61
mock2_energy_price_payment,Energy Price Protection Payment,2027,62250.0,56715.984,56715.984
mock2_energy_price_payment,Energy Price Protection Payment,2027,63000.0,56786.35,56786.35
mock2_energy_price_payment,Energy Price Protection Payment,2027,63750.0,56856.727,56856.727
mock2_energy_price_payment,Energy Price Protection Payment,2027,64500.0,56927.1,56927.1
mock2_energy_price_payment,Energy Price Protection Payment,2027,65250.0,56997.477,56997.477
mock2_energy_price_payment,Energy Price Protection Payment,2027,66000.0,57067.85,57067.85
mock2_energy_price_payment,Energy Price Protection Payment,2027,66750.0,57138.227,57138.227
mock2_energy_price_payment,Energy Price Protection Payment,2027,67500.0,57208.594,57208.594
mock2_energy_price_payment,Energy Price Protection Payment,2027,68250.0,57382.344,57382.344
mock2_energy_price_payment,Energy Price Protection Payment,2027,69000.0,57691.97,57691.97
mock2_energy_price_payment,Energy Price Protection Payment,2027,69750.0,58001.594,58001.594
mock2_energy_price_payment,Energy Price Protection Payment,2027,70500.0,58311.22,58311.22
mock2_energy_price_payment,Energy Price Protection Payment,2027,71250.0,58620.844,58620.844
mock2_energy_price_payment,Energy Price Protection Payment,2027,72000.0,58930.47,58930.47
mock2_energy_price_payment,Energy Price Protection Payment,2027,72750.0,59240.094,59240.094
mock2_energy_price_payment,Energy Price Protection Payment,2027,73500.0,59549.72,59549.72
mock2_energy_price_payment,Energy Price Protection Payment,2027,74250.0,59859.344,59859.344
mock2_energy_price_payment,Energy Price Protection Payment,2027,75000.0,60168.96,60168.96
mock2_energy_price_payment,Energy Price Protection Payment,2027,75750.0,60478.586,60478.586
mock2_energy_price_payment,Energy Price Protection Payment,2027,76500.0,60788.21,60788.21
mock2_energy_price_payment,Energy Price Protection Payment,2027,77250.0,61097.836,61097.836
mock2_energy_price_payment,Energy Price Protection Payment,2027,78000.0,61407.46,61407.46
mock2_energy_price_payment,Energy Price Protection Payment,2027,78750.0,61717.08,61717.08
mock2_energy_price_payment,Energy Price Protection Payment,2027,79500.0,62026.703,62026.703
mock2_energy_price_payment,Energy Price Protection Payment,2027,80250.0,62378.125,62378.125
mock2_energy_price_payment,Energy Price Protection Payment,2027,81000.0,62813.125,62813.125
mock2_energy_price_payment,Energy Price Protection Payment,2027,81750.0,63248.125,63248.125
mock2_energy_price_payment,Energy Price Protection Payment,2027,82500.0,63683.125,63683.125
mock2_energy_price_payment,Energy Price Protection Payment,2027,83250.0,64118.125,64118.125
mock2_energy_price_payment,Energy Price Protection Payment,2027,84000.0,64553.125,64553.125
mock2_energy_price_payment,Energy Price Protection Payment,2027,84750.0,64988.125,64988.125
mock2_energy_price_payment,Energy Price Protection Payment,2027,85500.0,65423.125,65423.125
mock2_energy_price_payment,Energy Price Protection Payment,2027,86250.0,65858.125,65858.125
mock2_energy_price_payment,Energy Price Protection Payment,2027,87000.0,66293.125,66293.125
mock2_energy_price_payment,Energy Price Protection Payment,2027,87750.0,66728.125,66728.125
mock2_energy_price_payment,Energy Price Protection Payment,2027,88500.0,67163.125,67163.125
mock2_energy_price_payment,Energy Price Protection Payment,2027,89250.0,67598.125,67598.125
mock2_energy_price_payment,Energy Price Protection Payment,2027,90000.0,68033.125,68033.125
mock2_energy_price_payment,Energy Price Protection Payment,2027,90750.0,68468.125,68468.125
mock2_energy_price_payment,Energy Price Protection Payment,2027,91500.0,68903.125,68903.125
mock2_energy_price_payment,Energy Price Protection Payment,2027,92250.0,69338.125,69338.125
mock2_energy_price_payment,Energy Price Protection Payment,2027,93000.0,69773.125,69773.125
mock2_energy_price_payment,Energy Price Protection Payment,2027,93750.0,70208.125,70208.125
mock2_energy_price_payment,Energy Price Protection Payment,2027,94500.0,70643.125,70643.125
mock2_energy_price_payment,Energy Price Protection Payment,2027,95250.0,71078.125,71078.125
mock2_energy_price_payment,Energy Price Protection Payment,2027,96000.0,71513.125,71513.125
mock2_energy_price_payment,Energy Price Protection Payment,2027,96750.0,71948.125,71948.125
mock2_energy_price_payment,Energy Price Protection Payment,2027,97500.0,72383.125,72383.125
mock2_energy_price_payment,Energy Price Protection Payment,2027,98250.0,72818.125,72818.125
mock2_energy_price_payment,Energy Price Protection Payment,2027,99000.0,73253.125,73253.125
mock2_energy_price_payment,Energy Price Protection Payment,2027,99750.0,73688.125,73688.125
mock2_energy_price_payment,Energy Price Protection Payment,2027,100500.0,74023.125,74023.125
mock2_energy_price_payment,Energy Price Protection Payment,2027,101250.0,74308.125,74308.125
mock2_energy_price_payment,Energy Price Protection Payment,2027,102000.0,74593.125,74593.125
mock2_energy_price_payment,Energy Price Protection Payment,2027,102750.0,74878.125,74878.125
mock2_energy_price_payment,Energy Price Protection Payment,2027,103500.0,75163.125,75163.125
mock2_energy_price_payment,Energy Price Protection Payment,2027,104250.0,75448.125,75448.125
mock2_energy_price_payment,Energy Price Protection Payment,2027,105000.0,75733.125,75733.125
mock2_energy_price_payment,Energy Price Protection Payment,2027,105750.0,76018.125,76018.125
mock2_energy_price_payment,Energy Price Protection Payment,2027,106500.0,76303.125,76303.125
mock2_energy_price_payment,Energy Price Protection Payment,2027,107250.0,76588.125,76588.125
mock2_energy_price_payment,Energy Price Protection Payment,2027,108000.0,76873.125,76873.125
mock2_energy_price_payment,Energy Price Protection Payment,2027,108750.0,77158.125,77158.125
mock2_energy_price_payment,Energy Price Protection Payment,2027,109500.0,77443.125,77443.125
mock2_energy_price_payment,Energy Price Protection Payment,2027,110250.0,77728.125,77728.125
mock2_energy_price_payment,Energy Price Protection Payment,2027,111000.0,78013.125,78013.125
mock2_energy_price_payment,Energy Price Protection Payment,2027,111750.0,78298.125,78298.125
mock2_energy_price_payment,Energy Price Protection Payment,2027,112500.0,78583.125,78583.125
mock2_energy_price_payment,Energy Price Protection Payment,2027,113250.0,78868.125,78868.125
mock2_energy_price_payment,Energy Price Protection Payment,2027,114000.0,79153.125,79153.125
mock2_energy_price_payment,Energy Price Protection Payment,2027,114750.0,79438.125,79438.125
mock2_energy_price_payment,Energy Price Protection Payment,2027,115500.0,79723.125,79723.125
mock2_energy_price_payment,Energy Price Protection Payment,2027,116250.0,80008.125,80008.125
mock2_energy_price_payment,Energy Price Protection Payment,2027,117000.0,80293.125,80293.125
mock2_energy_price_payment,Energy Price Protection Payment,2027,117750.0,80578.125,80578.125
mock2_energy_price_payment,Energy Price Protection Payment,2027,118500.0,80863.125,80863.125
mock2_energy_price_payment,Energy Price Protection Payment,2027,119250.0,81148.125,81148.125
mock2_energy_price_payment,Energy Price Protection Payment,2027,120000.0,81433.125,81433.125
mock2_energy_price_payment,Energy Price Protection Payment,2027,120750.0,81718.125,81718.125
mock2_energy_price_payment,Energy Price Protection Payment,2027,121500.0,82003.125,82003.125
mock2_energy_price_payment,Energy Price Protection Payment,2027,122250.0,82288.125,82288.125
mock2_energy_price_payment,Energy Price Protection Payment,2027,123000.0,82573.125,82573.125
mock2_energy_price_payment,Energy Price Protection Payment,2027,123750.0,82858.125,82858.125
mock2_energy_price_payment,Energy Price Protection Payment,2027,124500.0,83143.125,83143.125
mock2_energy_price_payment,Energy Price Protection Payment,2027,125250.0,83450.125,83450.125
mock2_energy_price_payment,Energy Price Protection Payment,2027,126000.0,83885.125,83885.125
mock2_energy_price_payment,Energy Price Protection Payment,2027,126750.0,84320.125,84320.125
mock2_energy_price_payment,Energy Price Protection Payment,2027,127500.0,84755.125,84755.125
mock2_energy_price_payment,Energy Price Protection Payment,2027,128250.0,85190.125,85190.125
mock2_energy_price_payment,Energy Price Protection Payment,2027,129000.0,85625.125,85625.125
mock2_energy_price_payment,Energy Price Protection Payment,2027,129750.0,86060.125,86060.125
mock2_energy_price_payment,Energy Price Protection Payment,2027,130500.0,86495.125,86495.125
mock2_energy_price_payment,Energy Price Protection Payment,2027,131250.0,86930.125,86930.125
mock2_energy_price_payment,Energy Price Protection Payment,2027,132000.0,87365.125,87365.125
mock2_energy_price_payment,Energy Price Protection Payment,2027,132750.0,87800.125,87800.125
mock2_energy_price_payment,Energy Price Protection Payment,2027,133500.0,88235.125,88235.125
mock2_energy_price_payment,Energy Price Protection Payment,2027,134250.0,88670.125,88670.125
mock2_energy_price_payment,Energy Price Protection Payment,2027,135000.0,89105.125,89105.125
mock2_energy_price_payment,Energy Price Protection Payment,2027,135750.0,89509.625,89509.625
mock2_energy_price_payment,Energy Price Protection Payment,2027,136500.0,89907.125,89907.125
mock2_energy_price_payment,Energy Price Protection Payment,2027,137250.0,90304.625,90304.625
mock2_energy_price_payment,Energy Price Protection Payment,2027,138000.0,90702.125,90702.125
mock2_energy_price_payment,Energy Price Protection Payment,2027,138750.0,91099.625,91099.625
mock2_energy_price_payment,Energy Price Protection Payment,2027,139500.0,91497.125,91497.125
mock2_energy_price_payment,Energy Price Protection Payment,2027,140250.0,91894.625,91894.625
mock2_energy_price_payment,Energy Price Protection Payment,2027,141000.0,92292.125,92292.125
mock2_energy_price_payment,Energy Price Protection Payment,2027,141750.0,92689.625,92689.625
mock2_energy_price_payment,Energy Price Protection Payment,2027,142500.0,93087.125,93087.125
mock2_energy_price_payment,Energy Price Protection Payment,2027,143250.0,93484.625,93484.625
mock2_energy_price_payment,Energy Price Protection Payment,2027,144000.0,93882.125,93882.125
mock2_energy_price_payment,Energy Price Protection Payment,2027,144750.0,94279.625,94279.625
mock2_energy_price_payment,Energy Price Protection Payment,2027,145500.0,94677.125,94677.125
mock2_energy_price_payment,Energy Price Protection Payment,2027,146250.0,95074.625,95074.625
mock2_energy_price_payment,Energy Price Protection Payment,2027,147000.0,95472.125,95472.125
mock2_energy_price_payment,Energy Price Protection Payment,2027,147750.0,95869.625,95869.625
mock2_energy_price_payment,Energy Price Protection Payment,2027,148500.0,96267.125,96267.125
mock2_energy_price_payment,Energy Price Protection Payment,2027,149250.0,96664.625,96664.625
mock2_energy_price_payment,Energy Price Protection Payment,2027,150000.0,97062.125,97062.125
mock2_energy_price_payment,Energy Price Protection Payment,2028,0.0,24932.484,24932.484
mock2_energy_price_payment,Energy Price Protection Payment,2028,750.0,25682.484,25682.484
mock2_energy_price_payment,Energy Price Protection Payment,2028,1500.0,26432.484,26432.484
mock2_energy_price_payment,Energy Price Protection Payment,2028,2250.0,27182.484,27182.484
mock2_energy_price_payment,Energy Price Protection Payment,2028,3000.0,27932.484,27932.484
mock2_energy_price_payment,Energy Price Protection Payment,2028,3750.0,28682.484,28682.484
mock2_energy_price_payment,Energy Price Protection Payment,2028,4500.0,29432.484,29432.484
mock2_energy_price_payment,Energy Price Protection Payment,2028,5250.0,30182.484,30182.484
mock2_energy_price_payment,Energy Price Protection Payment,2028,6000.0,30932.484,30932.484
mock2_energy_price_payment,Energy Price Protection Payment,2028,6750.0,31682.484,31682.484
mock2_energy_price_payment,Energy Price Protection Payment,2028,7500.0,32432.484,32432.484
mock2_energy_price_payment,Energy Price Protection Payment,2028,8250.0,33182.484,33182.484
mock2_energy_price_payment,Energy Price Protection Payment,2028,9000.0,33932.484,33932.484
mock2_energy_price_payment,Energy Price Protection Payment,2028,9750.0,34682.484,34682.484
mock2_energy_price_payment,Energy Price Protection Payment,2028,10500.0,35432.484,35432.484
mock2_energy_price_payment,Energy Price Protection Payment,2028,11250.0,36182.484,36182.484
mock2_energy_price_payment,Energy Price Protection Payment,2028,12000.0,36932.484,36932.484
mock2_energy_price_payment,Energy Price Protection Payment,2028,12750.0,37668.082,37668.082
mock2_energy_price_payment,Energy Price Protection Payment,2028,13500.0,38358.082,38358.082
mock2_energy_price_payment,Energy Price Protection Payment,2028,14250.0,39048.082,39048.082
mock2_energy_price_payment,Energy Price Protection Payment,2028,15000.0,39738.082,39738.082
mock2_energy_price_payment,Energy Price Protection Payment,2028,15750.0,40428.082,40428.082
mock2_energy_price_payment,Energy Price Protection Payment,2028,16500.0,41118.082,41118.082
mock2_energy_price_payment,Energy Price Protection Payment,2028,17250.0,41808.082,41808.082
mock2_energy_price_payment,Energy Price Protection Payment,2028,18000.0,42498.082,42498.082
mock2_energy_price_payment,Energy Price Protection Payment,2028,18750.0,43188.082,43188.082
mock2_energy_price_payment,Energy Price Protection Payment,2028,19500.0,43847.637,43847.637
mock2_energy_price_payment,Energy Price Protection Payment,2028,20250.0,44158.137,44158.137
mock2_energy_price_payment,Energy Price Protection Payment,2028,21000.0,44468.637,44468.637
mock2_energy_price_payment,Energy Price Protection Payment,2028,21750.0,44779.137,44779.137
mock2_energy_price_payment,Energy Price Protection Payment,2028,22500.0,45089.637,45089.637
mock2_energy_price_payment,Energy Price Protection Payment,2028,23250.0,45400.137,45400.137
mock2_energy_price_payment,Energy Price Protection Payment,2028,24000.0,45695.34,45695.34
mock2_energy_price_payment,Energy Price Protection Payment,2028,24750.0,45938.34,45938.34
mock2_energy_price_payment,Energy Price Protection Payment,2028,25500.0,46181.34,46181.34
mock2_energy_price_payment,Energy Price Protection Payment,2028,26250.0,46424.34,46424.34
mock2_energy_price_payment,Energy Price Protection Payment,2028,27000.0,46667.336,46667.336
mock2_energy_price_payment,Energy Price Protection Payment,2028,27750.0,46910.336,46910.336
mock2_energy_price_payment,Energy Price Protection Payment,2028,28500.0,47153.336,47153.336
mock2_energy_price_payment,Energy Price Protection Payment,2028,29250.0,47396.336,47396.336
mock2_energy_price_payment,Energy Price Protection Payment,2028,30000.0,47639.336,47639.336
mock2_energy_price_payment,Energy Price Protection Payment,2028,30750.0,47882.336,47882.336
mock2_energy_price_payment,Energy Price Protection Payment,2028,31500.0,48125.336,48125.336
mock2_energy_price_payment,Energy Price Protection Payment,2028,32250.0,48368.336,48368.336
mock2_energy_price_payment,Energy Price Protection Payment,2028,33000.0,48611.336,48611.336
mock2_energy_price_payment,Energy Price Protection Payment,2028,33750.0,48854.336,48854.336
mock2_energy_price_payment,Energy Price Protection Payment,2028,34500.0,49097.336,49097.336
mock2_energy_price_payment,Energy Price Protection Payment,2028,35250.0,49340.336,49340.336
mock2_energy_price_payment,Energy Price Protection Payment,2028,36000.0,49583.336,49583.336
mock2_energy_price_payment,Energy Price Protection Payment,2028,36750.0,49826.336,49826.336
mock2_energy_price_payment,Energy Price Protection Payment,2028,37500.0,50069.336,50069.336
mock2_energy_price_payment,Energy Price Protection Payment,2028,38250.0,50312.336,50312.336
mock2_energy_price_payment,Energy Price Protection Payment,2028,39000.0,50555.336,50555.336
mock2_energy_price_payment,Energy Price Protection Payment,2028,39750.0,50798.336,50798.336
mock2_energy_price_payment,Energy Price Protection Payment,2028,40500.0,51041.336,51041.336
mock2_energy_price_payment,Energy Price Protection Payment,2028,41250.0,51284.336,51284.336
mock2_energy_price_payment,Energy Price Protection Payment,2028,42000.0,51527.336,51527.336
mock2_energy_price_payment,Energy Price Protection Payment,2028,42750.0,51770.336,51770.336
mock2_energy_price_payment,Energy Price Protection Payment,2028,43500.0,52013.336,52013.336
mock2_energy_price_payment,Energy Price Protection Payment,2028,44250.0,52256.336,52256.336
mock2_energy_price_payment,Energy Price Protection Payment,2028,45000.0,52499.336,52499.336
mock2_energy_price_payment,Energy Price Protection Payment,2028,45750.0,52742.336,52742.336
mock2_energy_price_payment,Energy Price Protection Payment,2028,46500.0,52985.336,52985.336
mock2_energy_price_payment,Energy Price Protection Payment,2028,47250.0,53228.336,53228.336
mock2_energy_price_payment,Energy Price Protection Payment,2028,48000.0,53471.336,53471.336
mock2_energy_price_payment,Energy Price Protection Payment,2028,48750.0,53714.336,53714.336
mock2_energy_price_payment,Energy Price Protection Payment,2028,49500.0,53957.336,53957.336
mock2_energy_price_payment,Energy Price Protection Payment,2028,50250.0,54200.336,54200.336
mock2_energy_price_payment,Energy Price Protection Payment,2028,51000.0,54463.05,54463.05
mock2_energy_price_payment,Energy Price Protection Payment,2028,51750.0,54726.3,54726.3
mock2_energy_price_payment,Energy Price Protection Payment,2028,52500.0,54989.55,54989.55
mock2_energy_price_payment,Energy Price Protection Payment,2028,53250.0,55252.8,55252.8
mock2_energy_price_payment,Energy Price Protection Payment,2028,54000.0,55472.25,55472.25
mock2_energy_price_payment,Energy Price Protection Payment,2028,54750.0,55690.5,55690.5
mock2_energy_price_payment,Energy Price Protection Payment,2028,55500.0,55908.75,55908.75
mock2_energy_price_payment,Energy Price Protection Payment,2028,56250.0,56127.0,56127.0
mock2_energy_price_payment,Energy Price Protection Payment,2028,57000.0,56345.25,56345.25
mock2_energy_price_payment,Energy Price Protection Payment,2028,57750.0,56563.5,56563.5
mock2_energy_price_payment,Energy Price Protection Payment,2028,58500.0,56781.75,56781.75
mock2_energy_price_payment,Energy Price Protection Payment,2028,59250.0,57000.0,57000.0
mock2_energy_price_payment,Energy Price Protection Payment,2028,60000.0,57218.25,57218.25
mock2_energy_price_payment,Energy Price Protection Payment,2028,60750.0,57180.812,57180.812
mock2_energy_price_payment,Energy Price Protection Payment,2028,61500.0,57248.68,57248.68
mock2_energy_price_payment,Energy Price Protection Payment,2028,62250.0,57316.547,57316.547
mock2_energy_price_payment,Energy Price Protection Payment,2028,63000.0,57384.414,57384.414
mock2_energy_price_payment,Energy Price Protection Payment,2028,63750.0,57452.28,57452.28
mock2_energy_price_payment,Energy Price Protection Payment,2028,64500.0,57520.15,57520.15
mock2_energy_price_payment,Energy Price Protection Payment,2028,65250.0,57588.016,57588.016
mock2_energy_price_payment,Energy Price Protection Payment,2028,66000.0,57655.883,57655.883
mock2_energy_price_payment,Energy Price Protection Payment,2028,66750.0,57723.75,57723.75
mock2_energy_price_payment,Energy Price Protection Payment,2028,67500.0,57791.617,57791.617
mock2_energy_price_payment,Energy Price Protection Payment,2028,68250.0,57859.484,57859.484
mock2_energy_price_payment,Energy Price Protection Payment,2028,69000.0,57927.35,57927.35
mock2_energy_price_payment,Energy Price Protection Payment,2028,69750.0,58093.625,58093.625
mock2_energy_price_payment,Energy Price Protection Payment,2028,70500.0,58400.734,58400.734
mock2_energy_price_payment,Energy Price Protection Payment,2028,71250.0,58707.86,58707.86
mock2_energy_price_payment,Energy Price Protection Payment,2028,72000.0,59014.97,59014.97
mock2_energy_price_payment,Energy Price Protection Payment,2028,72750.0,59322.086,59322.086
mock2_energy_price_payment,Energy Price Protection Payment,2028,73500.0,59629.203,59629.203
mock2_energy_price_payment,Energy Price Protection Payment,2028,74250.0,59936.32,59936.32
mock2_energy_price_payment,Energy Price Protection Payment,2028,75000.0,60243.438,60243.438
mock2_energy_price_payment,Energy Price Protection Payment,2028,75750.0,60550.555,60550.555
mock2_energy_price_payment,Energy Price Protection Payment,2028,76500.0,60857.67,60857.67
mock2_energy_price_payment,Energy Price Protection Payment,2028,77250.0,61164.79,61164.79
mock2_energy_price_payment,Energy Price Protection Payment,2028,78000.0,61471.906,61471.906
mock2_energy_price_payment,Energy Price Protection Payment,2028,78750.0,61779.023,61779.023
mock2_energy_price_payment,Energy Price Protection Payment,2028,79500.0,62086.14,62086.14
mock2_energy_price_payment,Energy Price Protection Payment,2028,80250.0,62435.883,62435.883
mock2_energy_price_payment,Energy Price Protection Payment,2028,81000.0,62870.883,62870.883
mock2_energy_price_payment,Energy Price Protection Payment,2028,81750.0,63305.883,63305.883
mock2_energy_price_payment,Energy Price Protection Payment,2028,82500.0,63740.883,63740.883
mock2_energy_price_payment,Energy Price Protection Payment,2028,83250.0,64175.883,64175.883
mock2_energy_price_payment,Energy Price Protection Payment,2028,84000.0,64610.883,64610.883
mock2_energy_price_payment,Energy Price Protection Payment,2028,84750.0,65045.883,65045.883
mock2_energy_price_payment,Energy Price Protection Payment,2028,85500.0,65480.883,65480.883
mock2_energy_price_payment,Energy Price Protection Payment,2028,86250.0,65915.88,65915.88
mock2_energy_price_payment,Energy Price Protection Payment,2028,87000.0,66350.88,66350.88
mock2_energy_price_payment,Energy Price Protection Payment,2028,87750.0,66785.88,66785.88
mock2_energy_price_payment,Energy Price Protection Payment,2028,88500.0,67220.88,67220.88
mock2_energy_price_payment,Energy Price Protection Payment,2028,89250.0,67655.88,67655.88
mock2_energy_price_payment,Energy Price Protection Payment,2028,90000.0,68090.88,68090.88
mock2_energy_price_payment,Energy Price Protection Payment,2028,90750.0,68525.88,68525.88
mock2_energy_price_payment,Energy Price Protection Payment,2028,91500.0,68960.88,68960.88
mock2_energy_price_payment,Energy Price Protection Payment,2028,92250.0,69395.88,69395.88
mock2_energy_price_payment,Energy Price Protection Payment,2028,93000.0,69830.88,69830.88
mock2_energy_price_payment,Energy Price Protection Payment,2028,93750.0,70265.88,70265.88
mock2_energy_price_payment,Energy Price Protection Payment,2028,94500.0,70700.88,70700.88
mock2_energy_price_payment,Energy Price Protection Payment,2028,95250.0,71135.88,71135.88
mock2_energy_price_payment,Energy Price Protection Payment,2028,96000.0,71570.88,71570.88
mock2_energy_price_payment,Energy Price Protection Payment,2028,96750.0,72005.88,72005.88
mock2_energy_price_payment,Energy Price Protection Payment,2028,97500.0,72440.88,72440.88
mock2_energy_price_payment,Energy Price Protection Payment,2028,98250.0,72875.88,72875.88
mock2_energy_price_payment,Energy Price Protection Payment,2028,99000.0,73310.88,73310.88
mock2_energy_price_payment,Energy Price Protection Payment,2028,99750.0,73745.88,73745.88
mock2_energy_price_payment,Energy Price Protection Payment,2028,100500.0,74080.88,74080.88
mock2_energy_price_payment,Energy Price Protection Payment,2028,101250.0,74365.88,74365.88
mock2_energy_price_payment,Energy Price Protection Payment,2028,102000.0,74650.88,74650.88
mock2_energy_price_payment,Energy Price Protection Payment,2028,102750.0,74935.88,74935.88
mock2_energy_price_payment,Energy Price Protection Payment,2028,103500.0,75220.88,75220.88
mock2_energy_price_payment,Energy Price Protection Payment,2028,104250.0,75505.88,75505.88
mock2_energy_price_payment,Energy Price Protection Payment,2028,105000.0,75790.88,75790.88
mock2_energy_price_payment,Energy Price Protection Payment,2028,105750.0,76075.88,76075.88
mock2_energy_price_payment,Energy Price Protection Payment,2028,106500.0,76360.88,76360.88
mock2_energy_price_payment,Energy Price Protection Payment,2028,107250.0,76645.88,76645.88
mock2_energy_price_payment,Energy Price Protection Payment,2028,108000.0,76930.88,76930.88
mock2_energy_price_payment,Energy Price Protection Payment,2028,108750.0,77215.88,77215.88
mock2_energy_price_payment,Energy Price Protection Payment,2028,109500.0,77500.88,77500.88
mock2_energy_price_payment,Energy Price Protection Payment,2028,110250.0,77785.88,77785.88
mock2_energy_price_payment,Energy Price Protection Payment,2028,111000.0,78070.88,78070.88
mock2_energy_price_payment,Energy Price Protection Payment,2028,111750.0,78355.88,78355.88
mock2_energy_price_payment,Energy Price Protection Payment,2028,112500.0,78640.88,78640.88
mock2_energy_price_payment,Energy Price Protection Payment,2028,113250.0,78925.88,78925.88
mock2_energy_price_payment,Energy Price Protection Payment,2028,114000.0,79210.88,79210.88
mock2_energy_price_payment,Energy Price Protection Payment,2028,114750.0,79495.88,79495.88
mock2_energy_price_payment,Energy Price Protection Payment,2028,115500.0,79780.88,79780.88
mock2_energy_price_payment,Energy Price Protection Payment,2028,116250.0,80065.88,80065.88
mock2_energy_price_payment,Energy Price Protection Payment,2028,117000.0,80350.88,80350.88
mock2_energy_price_payment,Energy Price Protection Payment,2028,117750.0,80635.88,80635.88
mock2_energy_price_payment,Energy Price Protection Payment,2028,118500.0,80920.88,80920.88
mock2_energy_price_payment,Energy Price Protection Payment,2028,119250.0,81205.88,81205.88
mock2_energy_price_payment,Energy Price Protection Payment,2028,120000.0,81490.88,81490.88
mock2_energy_price_payment,Energy Price Protection Payment,2028,120750.0,81775.88,81775.88
mock2_energy_price_payment,Energy Price Protection Payment,2028,121500.0,82060.88,82060.88
mock2_energy_price_payment,Energy Price Protection Payment,2028,122250.0,82345.88,82345.88
mock2_energy_price_payment,Energy Price Protection Payment,2028,123000.0,82630.88,82630.88
mock2_energy_price_payment,Energy Price Protection Payment,2028,123750.0,82915.88,82915.88
mock2_energy_price_payment,Energy Price Protection Payment,2028,124500.0,83200.88,83200.88
mock2_energy_price_payment,Energy Price Protection Payment,2028,125250.0,83507.88,83507.88
mock2_energy_price_payment,Energy Price Protection Payment,2028,126000.0,83942.88,83942.88
mock2_energy_price_payment,Energy Price Protection Payment,2028,126750.0,84377.88,84377.88
mock2_energy_price_payment,Energy Price Protection Payment,2028,127500.0,84812.88,84812.88
mock2_energy_price_payment,Energy Price Protection Payment,2028,128250.0,85247.88,85247.88
mock2_energy_price_payment,Energy Price Protection Payment,2028,129000.0,85682.88,85682.88
mock2_energy_price_payment,Energy Price Protection Payment,2028,129750.0,86117.88,86117.88
mock2_energy_price_payment,Energy Price Protection Payment,2028,130500.0,86552.88,86552.88
mock2_energy_price_payment,Energy Price Protection Payment,2028,131250.0,86987.88,86987.88
mock2_energy_price_payment,Energy Price Protection Payment,2028,132000.0,87422.88,87422.88
mock2_energy_price_payment,Energy Price Protection Payment,2028,132750.0,87857.88,87857.88
mock2_energy_price_payment,Energy Price Protection Payment,2028,133500.0,88292.88,88292.88
mock2_energy_price_payment,Energy Price Protection Payment,2028,134250.0,88727.88,88727.88
mock2_energy_price_payment,Energy Price Protection Payment,2028,135000.0,89162.88,89162.88
mock2_energy_price_payment,Energy Price Protection Payment,2028,135750.0,89567.38,89567.38
mock2_energy_price_payment,Energy Price Protection Payment,2028,136500.0,89964.88,89964.88
mock2_energy_price_payment,Energy Price Protection Payment,2028,137250.0,90362.38,90362.38
mock2_energy_price_payment,Energy Price Protection Payment,2028,138000.0,90759.88,90759.88
mock2_energy_price_payment,Energy Price Protection Payment,2028,138750.0,91157.38,91157.38
mock2_energy_price_payment,Energy Price Protection Payment,2028,139500.0,91554.88,91554.88
mock2_energy_price_payment,Energy Price Protection Payment,2028,140250.0,91952.38,91952.38
mock2_energy_price_payment,Energy Price Protection Payment,2028,141000.0,92349.88,92349.88
mock2_energy_price_payment,Energy Price Protection Payment,2028,141750.0,92747.38,92747.38
mock2_energy_price_payment,Energy Price Protection Payment,2028,142500.0,93144.88,93144.88
mock2_energy_price_payment,Energy Price Protection Payment,2028,143250.0,93542.38,93542.38
mock2_energy_price_payment,Energy Price Protection Payment,2028,144000.0,93939.88,93939.88
mock2_energy_price_payment,Energy Price Protection Payment,2028,144750.0,94337.38,94337.38
mock2_energy_price_payment,Energy Price Protection Payment,2028,145500.0,94734.88,94734.88
mock2_energy_price_payment,Energy Price Protection Payment,2028,146250.0,95132.38,95132.38
mock2_energy_price_payment,Energy Price Protection Payment,2028,147000.0,95529.88,95529.88
mock2_energy_price_payment,Energy Price Protection Payment,2028,147750.0,95927.38,95927.38
mock2_energy_price_payment,Energy Price Protection Payment,2028,148500.0,96324.88,96324.88
mock2_energy_price_payment,Energy Price Protection Payment,2028,149250.0,96722.38,96722.38
mock2_energy_price_payment,Energy Price Protection Payment,2028,150000.0,97119.88,97119.88
mock2_energy_price_payment,Energy Price Protection Payment,2029,0.0,25455.82,25455.82
mock2_energy_price_payment,Energy Price Protection Payment,2029,750.0,26204.621,26204.621
mock2_energy_price_payment,Energy Price Protection Payment,2029,1500.0,26953.422,26953.422
mock2_energy_price_payment,Energy Price Protection Payment,2029,2250.0,27702.219,27702.219
mock2_energy_price_payment,Energy Price Protection Payment,2029,3000.0,28451.02,28451.02
mock2_energy_price_payment,Energy Price Protection Payment,2029,3750.0,29199.82,29199.82
mock2_energy_price_payment,Energy Price Protection Payment,2029,4500.0,29948.621,29948.621
mock2_energy_price_payment,Energy Price Protection Payment,2029,5250.0,30697.422,30697.422
mock2_energy_price_payment,Energy Price Protection Payment,2029,6000.0,31446.219,31446.219
mock2_energy_price_payment,Energy Price Protection Payment,2029,6750.0,32195.02,32195.02
mock2_energy_price_payment,Energy Price Protection Payment,2029,7500.0,32943.82,32943.82
mock2_energy_price_payment,Energy Price Protection Payment,2029,8250.0,33692.62,33692.62
mock2_energy_price_payment,Energy Price Protection Payment,2029,9000.0,34441.42,34441.42
mock2_energy_price_payment,Energy Price Protection Payment,2029,9750.0,35190.22,35190.22
mock2_energy_price_payment,Energy Price Protection Payment,2029,10500.0,35939.02,35939.02
mock2_energy_price_payment,Energy Price Protection Payment,2029,11250.0,36687.82,36687.82
mock2_energy_price_payment,Energy Price Protection Payment,2029,12000.0,37436.62,37436.62
mock2_energy_price_payment,Energy Price Protection Payment,2029,12750.0,38172.652,38172.652
mock2_energy_price_payment,Energy Price Protection Payment,2029,13500.0,38861.547,38861.547
mock2_energy_price_payment,Energy Price Protection Payment,2029,14250.0,39550.44,39550.44
mock2_energy_price_payment,Energy Price Protection Payment,2029,15000.0,40239.34,40239.34
mock2_energy_price_payment,Energy Price Protection Payment,2029,15750.0,40928.234,40928.234
mock2_energy_price_payment,Energy Price Protection Payment,2029,16500.0,41617.133,41617.133
mock2_energy_price_payment,Energy Price Protection Payment,2029,17250.0,42306.023,42306.023
mock2_energy_price_payment,Energy Price Protection Payment,2029,18000.0,42994.92,42994.92
mock2_energy_price_payment,Energy Price Protection Payment,2029,18750.0,43683.82,43683.82
mock2_energy_price_payment,Energy Price Protection Payment,2029,19500.0,44372.715,44372.715
mock2_energy_price_payment,Energy Price Protection Payment,2029,20250.0,44765.85,44765.85
mock2_energy_price_payment,Energy Price Protection Payment,2029,21000.0,45075.85,45075.85
mock2_energy_price_payment,Energy Price Protection Payment,2029,21750.0,45385.86,45385.86
mock2_energy_price_payment,Energy Price Protection Payment,2029,22500.0,45695.86,45695.86
mock2_energy_price_payment,Energy Price Protection Payment,2029,23250.0,46005.863,46005.863
mock2_energy_price_payment,Energy Price Protection Payment,2029,24000.0,46304.023,46304.023
mock2_energy_price_payment,Energy Price Protection Payment,2029,24750.0,46546.633,46546.633
mock2_energy_price_payment,Energy Price Protection Payment,2029,25500.0,46789.246,46789.246
mock2_energy_price_payment,Energy Price Protection Payment,2029,26250.0,47031.86,47031.86
mock2_energy_price_payment,Energy Price Protection Payment,2029,27000.0,47274.47,47274.47
mock2_energy_price_payment,Energy Price Protection Payment,2029,27750.0,47517.08,47517.08
mock2_energy_price_payment,Energy Price Protection Payment,2029,28500.0,47759.688,47759.688
mock2_energy_price_payment,Energy Price Protection Payment,2029,29250.0,48002.3,48002.3
mock2_energy_price_payment,Energy Price Protection Payment,2029,30000.0,48244.914,48244.914
mock2_energy_price_payment,Energy Price Protection Payment,2029,30750.0,48487.523,48487.523
mock2_energy_price_payment,Energy Price Protection Payment,2029,31500.0,48730.137,48730.137
mock2_energy_price_payment,Energy Price Protection Payment,2029,32250.0,48972.742,48972.742
mock2_energy_price_payment,Energy Price Protection Payment,2029,33000.0,49215.36,49215.36
mock2_energy_price_payment,Energy Price Protection Payment,2029,33750.0,49457.97,49457.97
mock2_energy_price_payment,Energy Price Protection Payment,2029,34500.0,49700.58,49700.58
mock2_energy_price_payment,Energy Price Protection Payment,2029,35250.0,49943.188,49943.188
mock2_energy_price_payment,Energy Price Protection Payment,2029,36000.0,50185.805,50185.805
mock2_energy_price_payment,Energy Price Protection Payment,2029,36750.0,50428.414,50428.414
mock2_energy_price_payment,Energy Price Protection Payment,2029,37500.0,50671.023,50671.023
mock2_energy_price_payment,Energy Price Protection Payment,2029,38250.0,50913.633,50913.633
mock2_energy_price_payment,Energy Price Protection Payment,2029,39000.0,51156.242,51156.242
mock2_energy_price_payment,Energy Price Protection Payment,2029,39750.0,51398.86,51398.86
mock2_energy_price_payment,Energy Price Protection Payment,2029,40500.0,51641.47,51641.47
mock2_energy_price_payment,Energy Price Protection Payment,2029,41250.0,51884.08,51884.08
mock2_energy_price_payment,Energy Price Protection Payment,2029,42000.0,52126.688,52126.688
mock2_energy_price_payment,Energy Price Protection Payment,2029,42750.0,52369.297,52369.297
mock2_energy_price_payment,Energy Price Protection Payment,2029,43500.0,52611.914,52611.914
mock2_energy_price_payment,Energy Price Protection Payment,2029,44250.0,52854.523,52854.523
mock2_energy_price_payment,Energy Price Protection Payment,2029,45000.0,53097.133,53097.133
mock2_energy_price_payment,Energy Price Protection Payment,2029,45750.0,53339.75,53339.75
mock2_energy_price_payment,Energy Price Protection Payment,2029,46500.0,53582.36,53582.36
mock2_energy_price_payment,Energy Price Protection Payment,2029,47250.0,53824.97,53824.97
mock2_energy_price_payment,Energy Price Protection Payment,2029,48000.0,54067.58,54067.58
mock2_energy_price_payment,Energy Price Protection Payment,2029,48750.0,54310.188,54310.188
mock2_energy_price_payment,Energy Price Protection Payment,2029,49500.0,54552.805,54552.805
mock2_energy_price_payment,Energy Price Protection Payment,2029,50250.0,54795.414,54795.414
mock2_energy_price_payment,Energy Price Protection Payment,2029,51000.0,55055.53,55055.53
mock2_energy_price_payment,Energy Price Protection Payment,2029,51750.0,55318.367,55318.367
mock2_energy_price_payment,Energy Price Protection Payment,2029,52500.0,55581.195,55581.195
mock2_energy_price_payment,Energy Price Protection Payment,2029,53250.0,55844.016,55844.016
mock2_energy_price_payment,Energy Price Protection Payment,2029,54000.0,56068.227,56068.227
mock2_energy_price_payment,Energy Price Protection Payment,2029,54750.0,56286.125,56286.125
mock2_energy_price_payment,Energy Price Protection Payment,2029,55500.0,56504.03,56504.03
mock2_energy_price_payment,Energy Price Protection Payment,2029,56250.0,56721.93,56721.93
mock2_energy_price_payment,Energy Price Protection Payment,2029,57000.0,56939.83,56939.83
mock2_energy_price_payment,Energy Price Protection Payment,2029,57750.0,57157.734,57157.734
mock2_energy_price_payment,Energy Price Protection Payment,2029,58500.0,57375.64,57375.64
mock2_energy_price_payment,Energy Price Protection Payment,2029,59250.0,57593.547,57593.547
mock2_energy_price_payment,Energy Price Protection Payment,2029,60000.0,57811.438,57811.438
mock2_energy_price_payment,Energy Price Protection Payment,2029,60750.0,57790.914,57790.914
mock2_energy_price_payment,Energy Price Protection Payment,2029,61500.0,57856.125,57856.125
mock2_energy_price_payment,Energy Price Protection Payment,2029,62250.0,57921.33,57921.33
mock2_energy_price_payment,Energy Price Protection Payment,2029,63000.0,57986.53,57986.53
mock2_energy_price_payment,Energy Price Protection Payment,2029,63750.0,58051.734,58051.734
mock2_energy_price_payment,Energy Price Protection Payment,2029,64500.0,58116.938,58116.938
mock2_energy_price_payment,Energy Price Protection Payment,2029,65250.0,58182.15,58182.15
mock2_energy_price_payment,Energy Price Protection Payment,2029,66000.0,58247.35,58247.35
mock2_energy_price_payment,Energy Price Protection Payment,2029,66750.0,58312.555,58312.555
mock2_energy_price_payment,Energy Price Protection Payment,2029,67500.0,58377.758,58377.758
mock2_energy_price_payment,Energy Price Protection Payment,2029,68250.0,58442.96,58442.96
mock2_energy_price_payment,Energy Price Protection Payment,2029,69000.0,58508.17,58508.17
mock2_energy_price_payment,Energy Price Protection Payment,2029,69750.0,58573.375,58573.375
mock2_energy_price_payment,Energy Price Protection Payment,2029,70500.0,58638.58,58638.58
mock2_energy_price_payment,Energy Price Protection Payment,2029,71250.0,58751.18,58751.18
mock2_energy_price_payment,Energy Price Protection Payment,2029,72000.0,59055.25,59055.25
mock2_energy_price_payment,Energy Price Protection Payment,2029,72750.0,59359.33,59359.33
mock2_energy_price_payment,Energy Price Protection Payment,2029,73500.0,59663.4,59663.4
mock2_energy_price_payment,Energy Price Protection Payment,2029,74250.0,59967.47,59967.47
mock2_energy_price_payment,Energy Price Protection Payment,2029,75000.0,60271.54,60271.54
mock2_energy_price_payment,Energy Price Protection Payment,2029,75750.0,60575.61,60575.61
mock2_energy_price_payment,Energy Price Protection Payment,2029,76500.0,60879.688,60879.688
mock2_energy_price_payment,Energy Price Protection Payment,2029,77250.0,61183.758,61183.758
mock2_energy_price_payment,Energy Price Protection Payment,2029,78000.0,61487.83,61487.83
mock2_energy_price_payment,Energy Price Protection Payment,2029,78750.0,61791.9,61791.9
mock2_energy_price_payment,Energy Price Protection Payment,2029,79500.0,62095.97,62095.97
mock2_energy_price_payment,Energy Price Protection Payment,2029,80250.0,62421.188,62421.188
mock2_energy_price_payment,Energy Price Protection Payment,2029,81000.0,62855.492,62855.492
mock2_energy_price_payment,Energy Price Protection Payment,2029,81750.0,63289.805,63289.805
mock2_energy_price_payment,Energy Price Protection Payment,2029,82500.0,63724.1,63724.1
mock2_energy_price_payment,Energy Price Protection Payment,2029,83250.0,64158.406,64158.406
mock2_energy_price_payment,Energy Price Protection Payment,2029,84000.0,64592.71,64592.71
mock2_energy_price_payment,Energy Price Protection Payment,2029,84750.0,65027.016,65027.016
mock2_energy_price_payment,Energy Price Protection Payment,2029,85500.0,65461.32,65461.32
mock2_energy_price_payment,Energy Price Protection Payment,2029,86250.0,65895.625,65895.625
mock2_energy_price_payment,Energy Price Protection Payment,2029,87000.0,66329.92,66329.92
mock2_energy_price_payment,Energy Price Protection Payment,2029,87750.0,66764.234,66764.234
mock2_energy_price_payment,Energy Price Protection Payment,2029,88500.0,67198.53,67198.53
mock2_energy_price_payment,Energy Price Protection Payment,2029,89250.0,67632.84,67632.84
mock2_energy_price_payment,Energy Price Protection Payment,2029,90000.0,68067.14,68067.14
mock2_energy_price_payment,Energy Price Protection Payment,2029,90750.0,68501.445,68501.445
mock2_energy_price_payment,Energy Price Protection Payment,2029,91500.0,68935.75,68935.75
mock2_energy_price_payment,Energy Price Protection Payment,2029,92250.0,69370.055,69370.055
mock2_energy_price_payment,Energy Price Protection Payment,2029,93000.0,69804.36,69804.36
mock2_energy_price_payment,Energy Price Protection Payment,2029,93750.0,70238.664,70238.664
mock2_energy_price_payment,Energy Price Protection Payment,2029,94500.0,70672.96,70672.96
mock2_energy_price_payment,Energy Price Protection Payment,2029,95250.0,71107.27,71107.27
mock2_energy_price_payment,Energy Price Protection Payment,2029,96000.0,71541.58,71541.58
mock2_energy_price_payment,Energy Price Protection Payment,2029,96750.0,71975.875,71975.875
mock2_energy_price_payment,Energy Price Protection Payment,2029,97500.0,72410.19,72410.19
mock2_energy_price_payment,Energy Price Protection Payment,2029,98250.0,72844.484,72844.484
mock2_energy_price_payment,Energy Price Protection Payment,2029,99000.0,73278.79,73278.79
mock2_energy_price_payment,Energy Price Protection Payment,2029,99750.0,73713.09,73713.09
mock2_energy_price_payment,Energy Price Protection Payment,2029,100500.0,74079.8,74079.8
mock2_energy_price_payment,Energy Price Protection Payment,2029,101250.0,74364.1,74364.1
mock2_energy_price_payment,Energy Price Protection Payment,2029,102000.0,74648.805,74648.805
mock2_energy_price_payment,Energy Price Protection Payment,2029,102750.0,74933.516,74933.516
mock2_energy_price_payment,Energy Price Protection Payment,2029,103500.0,75217.81,75217.81
mock2_energy_price_payment,Energy Price Protection Payment,2029,104250.0,75502.52,75502.52
mock2_energy_price_payment,Energy Price Protection Payment,2029,105000.0,75786.83,75786.83
mock2_energy_price_payment,Energy Price Protection Payment,2029,105750.0,76071.53,76071.53
mock2_energy_price_payment,Energy Price Protection Payment,2029,106500.0,76356.234,76356.234
mock2_energy_price_payment,Energy Price Protection Payment,2029,107250.0,76640.53,76640.53
mock2_energy_price_payment,Energy Price Protection Payment,2029,108000.0,76925.234,76925.234
mock2_energy_price_payment,Energy Price Protection Payment,2029,108750.0,77209.55,77209.55
mock2_energy_price_payment,Energy Price Protection Payment,2029,109500.0,77494.25,77494.25
mock2_energy_price_payment,Energy Price Protection Payment,2029,110250.0,77778.95,77778.95
mock2_energy_price_payment,Energy Price Protection Payment,2029,111000.0,78063.25,78063.25
mock2_energy_price_payment,Energy Price Protection Payment,2029,111750.0,78347.96,78347.96
mock2_energy_price_payment,Energy Price Protection Payment,2029,112500.0,78632.266,78632.266
mock2_energy_price_payment,Energy Price Protection Payment,2029,113250.0,78916.97,78916.97
mock2_energy_price_payment,Energy Price Protection Payment,2029,114000.0,79201.68,79201.68
mock2_energy_price_payment,Energy Price Protection Payment,2029,114750.0,79485.97,79485.97
mock2_energy_price_payment,Energy Price Protection Payment,2029,115500.0,79770.69,79770.69
mock2_energy_price_payment,Energy Price Protection Payment,2029,116250.0,80054.984,80054.984
mock2_energy_price_payment,Energy Price Protection Payment,2029,117000.0,80339.69,80339.69
mock2_energy_price_payment,Energy Price Protection Payment,2029,117750.0,80624.4,80624.4
mock2_energy_price_payment,Energy Price Protection Payment,2029,118500.0,80908.69,80908.69
mock2_energy_price_payment,Energy Price Protection Payment,2029,119250.0,81193.41,81193.41
mock2_energy_price_payment,Energy Price Protection Payment,2029,120000.0,81477.7,81477.7
mock2_energy_price_payment,Energy Price Protection Payment,2029,120750.0,81762.41,81762.41
mock2_energy_price_payment,Energy Price Protection Payment,2029,121500.0,82047.11,82047.11
mock2_energy_price_payment,Energy Price Protection Payment,2029,122250.0,82331.42,82331.42
mock2_energy_price_payment,Energy Price Protection Payment,2029,123000.0,82616.125,82616.125
mock2_energy_price_payment,Energy Price Protection Payment,2029,123750.0,82900.42,82900.42
mock2_energy_price_payment,Energy Price Protection Payment,2029,124500.0,83185.125,83185.125
mock2_energy_price_payment,Energy Price Protection Payment,2029,125250.0,83469.83,83469.83
mock2_energy_price_payment,Energy Price Protection Payment,2029,126000.0,83885.74,83885.74
mock2_energy_price_payment,Energy Price Protection Payment,2029,126750.0,84320.04,84320.04
mock2_energy_price_payment,Energy Price Protection Payment,2029,127500.0,84754.34,84754.34
mock2_energy_price_payment,Energy Price Protection Payment,2029,128250.0,85188.64,85188.64
mock2_energy_price_payment,Energy Price Protection Payment,2029,129000.0,85622.94,85622.94
mock2_energy_price_payment,Energy Price Protection Payment,2029,129750.0,86057.26,86057.26
mock2_energy_price_payment,Energy Price Protection Payment,2029,130500.0,86491.56,86491.56
mock2_energy_price_payment,Energy Price Protection Payment,2029,131250.0,86925.86,86925.86
mock2_energy_price_payment,Energy Price Protection Payment,2029,132000.0,87360.164,87360.164
mock2_energy_price_payment,Energy Price Protection Payment,2029,132750.0,87794.47,87794.47
mock2_energy_price_payment,Energy Price Protection Payment,2029,133500.0,88228.78,88228.78
mock2_energy_price_payment,Energy Price Protection Payment,2029,134250.0,88663.08,88663.08
mock2_energy_price_payment,Energy Price Protection Payment,2029,135000.0,89097.38,89097.38
mock2_energy_price_payment,Energy Price Protection Payment,2029,135750.0,89512.05,89512.05
mock2_energy_price_payment,Energy Price Protection Payment,2029,136500.0,89908.91,89908.91
mock2_energy_price_payment,Energy Price Protection Payment,2029,137250.0,90305.78,90305.78
mock2_energy_price_payment,Energy Price Protection Payment,2029,138000.0,90702.64,90702.64
mock2_energy_price_payment,Energy Price Protection Payment,2029,138750.0,91099.5,91099.5
mock2_energy_price_payment,Energy Price Protection Payment,2029,139500.0,91496.36,91496.36
mock2_energy_price_payment,Energy Price Protection Payment,2029,140250.0,91893.234,91893.234
mock2_energy_price_payment,Energy Price Protection Payment,2029,141000.0,92290.09,92290.09
mock2_energy_price_payment,Energy Price Protection Payment,2029,141750.0,92686.96,92686.96
mock2_energy_price_payment,Energy Price Protection Payment,2029,142500.0,93083.83,93083.83
mock2_energy_price_payment,Energy Price Protection Payment,2029,143250.0,93480.69,93480.69
mock2_energy_price_payment,Energy Price Protection Payment,2029,144000.0,93877.55,93877.55
mock2_energy_price_payment,Energy Price Protection Payment,2029,144750.0,94274.42,94274.42
mock2_energy_price_payment,Energy Price Protection Payment,2029,145500.0,94671.28,94671.28
mock2_energy_price_payment,Energy Price Protection Payment,2029,146250.0,95068.14,95068.14
mock2_energy_price_payment,Energy Price Protection Payment,2029,147000.0,95465.0,95465.0
mock2_energy_price_payment,Energy Price Protection Payment,2029,147750.0,95861.87,95861.87
mock2_energy_price_payment,Energy Price Protection Payment,2029,148500.0,96258.734,96258.734
mock2_energy_price_payment,Energy Price Protection Payment,2029,149250.0,96655.59,96655.59
mock2_energy_price_payment,Energy Price Protection Payment,2029,150000.0,97052.46,97052.46
mock2_energy_price_payment,Energy Price Protection Payment,2030,0.0,25989.016,25989.016
mock2_energy_price_payment,Energy Price Protection Payment,2030,750.0,26737.812,26737.812
mock2_energy_price_payment,Energy Price Protection Payment,2030,1500.0,27486.613,27486.613
mock2_energy_price_payment,Energy Price Protection Payment,2030,2250.0,28235.414,28235.414
mock2_energy_price_payment,Energy Price Protection Payment,2030,3000.0,28984.215,28984.215
mock2_energy_price_payment,Energy Price Protection Payment,2030,3750.0,29733.016,29733.016
mock2_energy_price_payment,Energy Price Protection Payment,2030,4500.0,30481.812,30481.812
mock2_energy_price_payment,Energy Price Protection Payment,2030,5250.0,31230.613,31230.613
mock2_energy_price_payment,Energy Price Protection Payment,2030,6000.0,31979.414,31979.414
mock2_energy_price_payment,Energy Price Protection Payment,2030,6750.0,32728.21,32728.21
mock2_energy_price_payment,Energy Price Protection Payment,2030,7500.0,33477.016,33477.016
mock2_energy_price_payment,Energy Price Protection Payment,2030,8250.0,34225.812,34225.812
mock2_energy_price_payment,Energy Price Protection Payment,2030,9000.0,34974.613,34974.613
mock2_energy_price_payment,Energy Price Protection Payment,2030,9750.0,35723.414,35723.414
mock2_energy_price_payment,Energy Price Protection Payment,2030,10500.0,36472.21,36472.21
mock2_energy_price_payment,Energy Price Protection Payment,2030,11250.0,37221.016,37221.016
mock2_energy_price_payment,Energy Price Protection Payment,2030,12000.0,37969.812,37969.812
mock2_energy_price_payment,Energy Price Protection Payment,2030,12750.0,38705.844,38705.844
mock2_energy_price_payment,Energy Price Protection Payment,2030,13500.0,39394.74,39394.74
mock2_energy_price_payment,Energy Price Protection Payment,2030,14250.0,40083.633,40083.633
mock2_energy_price_payment,Energy Price Protection Payment,2030,15000.0,40772.53,40772.53
mock2_energy_price_payment,Energy Price Protection Payment,2030,15750.0,41461.426,41461.426
mock2_energy_price_payment,Energy Price Protection Payment,2030,16500.0,42150.32,42150.32
mock2_energy_price_payment,Energy Price Protection Payment,2030,17250.0,42839.22,42839.22
mock2_energy_price_payment,Energy Price Protection Payment,2030,18000.0,43528.113,43528.113
mock2_energy_price_payment,Energy Price Protection Payment,2030,18750.0,44217.01,44217.01
mock2_energy_price_payment,Energy Price Protection Payment,2030,19500.0,44905.906,44905.906
mock2_energy_price_payment,Energy Price Protection Payment,2030,20250.0,45398.78,45398.78
mock2_energy_price_payment,Energy Price Protection Payment,2030,21000.0,45708.785,45708.785
mock2_energy_price_payment,Energy Price Protection Payment,2030,21750.0,46018.79,46018.79
mock2_energy_price_payment,Energy Price Protection Payment,2030,22500.0,46328.79,46328.79
mock2_energy_price_payment,Energy Price Protection Payment,2030,23250.0,46638.793,46638.793
mock2_energy_price_payment,Energy Price Protection Payment,2030,24000.0,46936.953,46936.953
mock2_energy_price_payment,Energy Price Protection Payment,2030,24750.0,47179.56,47179.56
mock2_energy_price_payment,Energy Price Protection Payment,2030,25500.0,47422.17,47422.17
mock2_energy_price_payment,Energy Price Protection Payment,2030,26250.0,47664.785,47664.785
mock2_energy_price_payment,Energy Price Protection Payment,2030,27000.0,47907.395,47907.395
mock2_energy_price_payment,Energy Price Protection Payment,2030,27750.0,48150.008,48150.008
mock2_energy_price_payment,Energy Price Protection Payment,2030,28500.0,48392.613,48392.613
mock2_energy_price_payment,Energy Price Protection Payment,2030,29250.0,48635.23,48635.23
mock2_energy_price_payment,Energy Price Protection Payment,2030,30000.0,48877.84,48877.84
mock2_energy_price_payment,Energy Price Protection Payment,2030,30750.0,49120.45,49120.45
mock2_energy_price_payment,Energy Price Protection Payment,2030,31500.0,49363.062,49363.062
mock2_energy_price_payment,Energy Price Protection Payment,2030,32250.0,49605.67,49605.67
mock2_energy_price_payment,Energy Price Protection Payment,2030,33000.0,49848.29,49848.29
mock2_energy_price_payment,Energy Price Protection Payment,2030,33750.0,50090.9,50090.9
mock2_energy_price_payment,Energy Price Protection Payment,2030,34500.0,50333.504,50333.504
mock2_energy_price_payment,Energy Price Protection Payment,2030,35250.0,50576.117,50576.117
mock2_energy_price_payment,Energy Price Protection Payment,2030,36000.0,50818.734,50818.734
mock2_energy_price_payment,Energy Price Protection Payment,2030,36750.0,51061.344,51061.344
mock2_energy_price_payment,Energy Price Protection Payment,2030,37500.0,51303.953,51303.953
mock2_energy_price_payment,Energy Price Protection Payment,2030,38250.0,51546.57,51546.57
mock2_energy_price_payment,Energy Price Protection Payment,2030,39000.0,51789.18,51789.18
mock2_energy_price_payment,Energy Price Protection Payment,2030,39750.0,52031.79,52031.79
mock2_energy_price_payment,Energy Price Protection Payment,2030,40500.0,52274.4,52274.4
mock2_energy_price_payment,Energy Price Protection Payment,2030,41250.0,52517.008,52517.008
mock2_energy_price_payment,Energy Price Protection Payment,2030,42000.0,52759.625,52759.625
mock2_energy_price_payment,Energy Price Protection Payment,2030,42750.0,53002.234,53002.234
mock2_energy_price_payment,Energy Price Protection Payment,2030,43500.0,53244.844,53244.844
mock2_energy_price_payment,Energy Price Protection Payment,2030,44250.0,53487.453,53487.453
mock2_energy_price_payment,Energy Price Protection Payment,2030,45000.0,53730.062,53730.062
mock2_energy_price_payment,Energy Price Protection Payment,2030,45750.0,53972.68,53972.68
mock2_energy_price_payment,Energy Price Protection Payment,2030,46500.0,54215.29,54215.29
mock2_energy_price_payment,Energy Price Protection Payment,2030,47250.0,54457.9,54457.9
mock2_energy_price_payment,Energy Price Protection Payment,2030,48000.0,54700.508,54700.508
mock2_energy_price_payment,Energy Price Protection Payment,2030,48750.0,54943.117,54943.117
mock2_energy_price_payment,Energy Price Protection Payment,2030,49500.0,55185.734,55185.734
mock2_energy_price_payment,Energy Price Protection Payment,2030,50250.0,55428.344,55428.344
mock2_energy_price_payment,Energy Price Protection Payment,2030,51000.0,55688.46,55688.46
mock2_energy_price_payment,Energy Price Protection Payment,2030,51750.0,55951.297,55951.297
mock2_energy_price_payment,Energy Price Protection Payment,2030,52500.0,56214.125,56214.125
mock2_energy_price_payment,Energy Price Protection Payment,2030,53250.0,56476.945,56476.945
mock2_energy_price_payment,Energy Price Protection Payment,2030,54000.0,56701.156,56701.156
mock2_energy_price_payment,Energy Price Protection Payment,2030,54750.0,56919.055,56919.055
mock2_energy_price_payment,Energy Price Protection Payment,2030,55500.0,57136.96,57136.96
mock2_energy_price_payment,Energy Price Protection Payment,2030,56250.0,57354.86,57354.86
mock2_energy_price_payment,Energy Price Protection Payment,2030,57000.0,57572.758,57572.758
mock2_energy_price_payment,Energy Price Protection Payment,2030,57750.0,57790.664,57790.664
mock2_energy_price_payment,Energy Price Protection Payment,2030,58500.0,58008.562,58008.562
mock2_energy_price_payment,Energy Price Protection Payment,2030,59250.0,58226.47,58226.47
mock2_energy_price_payment,Energy Price Protection Payment,2030,60000.0,58444.367,58444.367
mock2_energy_price_payment,Energy Price Protection Payment,2030,60750.0,58421.57,58421.57
mock2_energy_price_payment,Energy Price Protection Payment,2030,61500.0,58484.17,58484.17
mock2_energy_price_payment,Energy Price Protection Payment,2030,62250.0,58546.773,58546.773
mock2_energy_price_payment,Energy Price Protection Payment,2030,63000.0,58609.383,58609.383
mock2_energy_price_payment,Energy Price Protection Payment,2030,63750.0,58671.977,58671.977
mock2_energy_price_payment,Energy Price Protection Payment,2030,64500.0,58734.57,58734.57
mock2_energy_price_payment,Energy Price Protection Payment,2030,65250.0,58797.18,58797.18
mock2_energy_price_payment,Energy Price Protection Payment,2030,66000.0,58859.78,58859.78
mock2_energy_price_payment,Energy Price Protection Payment,2030,66750.0,58922.375,58922.375
mock2_energy_price_payment,Energy Price Protection Payment,2030,67500.0,58984.977,58984.977
mock2_energy_price_payment,Energy Price Protection Payment,2030,68250.0,59047.58,59047.58
mock2_energy_price_payment,Energy Price Protection Payment,2030,69000.0,59110.18,59110.18
mock2_energy_price_payment,Energy Price Protection Payment,2030,69750.0,59172.78,59172.78
mock2_energy_price_payment,Energy Price Protection Payment,2030,70500.0,59235.383,59235.383
mock2_energy_price_payment,Energy Price Protection Payment,2030,71250.0,59297.977,59297.977
mock2_energy_price_payment,Energy Price Protection Payment,2030,72000.0,59360.58,59360.58
mock2_energy_price_payment,Energy Price Protection Payment,2030,72750.0,59445.336,59445.336
mock2_energy_price_payment,Energy Price Protection Payment,2030,73500.0,59746.805,59746.805
mock2_energy_price_payment,Energy Price Protection Payment,2030,74250.0,60048.273,60048.273
mock2_energy_price_payment,Energy Price Protection Payment,2030,75000.0,60349.734,60349.734
mock2_energy_price_payment,Energy Price Protection Payment,2030,75750.0,60651.203,60651.203
mock2_energy_price_payment,Energy Price Protection Payment,2030,76500.0,60952.67,60952.67
mock2_energy_price_payment,Energy Price Protection Payment,2030,77250.0,61254.14,61254.14
mock2_energy_price_payment,Energy Price Protection Payment,2030,78000.0,61555.61,61555.61
mock2_energy_price_payment,Energy Price Protection Payment,2030,78750.0,61857.08,61857.08
mock2_energy_price_payment,Energy Price Protection Payment,2030,79500.0,62158.54,62158.54
mock2_energy_price_payment,Energy Price Protection Payment,2030,80250.0,62481.586,62481.586
mock2_energy_price_payment,Energy Price Protection Payment,2030,81000.0,62915.89,62915.89
mock2_energy_price_payment,Energy Price Protection Payment,2030,81750.0,63350.188,63350.188
mock2_energy_price_payment,Energy Price Protection Payment,2030,82500.0,63784.492,63784.492
mock2_energy_price_payment,Energy Price Protection Payment,2030,83250.0,64218.797,64218.797
mock2_energy_price_payment,Energy Price Protection Payment,2030,84000.0,64653.1,64653.1
mock2_energy_price_payment,Energy Price Protection Payment,2030,84750.0,65087.406,65087.406
mock2_energy_price_payment,Energy Price Protection Payment,2030,85500.0,65521.71,65521.71
mock2_energy_price_payment,Energy Price Protection Payment,2030,86250.0,65956.016,65956.016
mock2_energy_price_payment,Energy Price Protection Payment,2030,87000.0,66390.31,66390.31
mock2_energy_price_payment,Energy Price Protection Payment,2030,87750.0,66824.625,66824.625
mock2_energy_price_payment,Energy Price Protection Payment,2030,88500.0,67258.92,67258.92
mock2_energy_price_payment,Energy Price Protection Payment,2030,89250.0,67693.234,67693.234
mock2_energy_price_payment,Energy Price Protection Payment,2030,90000.0,68127.53,68127.53
mock2_energy_price_payment,Energy Price Protection Payment,2030,90750.0,68561.836,68561.836
mock2_energy_price_payment,Energy Price Protection Payment,2030,91500.0,68996.14,68996.14
mock2_energy_price_payment,Energy Price Protection Payment,2030,92250.0,69430.445,69430.445
mock2_energy_price_payment,Energy Price Protection Payment,2030,93000.0,69864.75,69864.75
mock2_energy_price_payment,Energy Price Protection Payment,2030,93750.0,70299.055,70299.055
mock2_energy_price_payment,Energy Price Protection Payment,2030,94500.0,70733.36,70733.36
mock2_energy_price_payment,Energy Price Protection Payment,2030,95250.0,71167.664,71167.664
mock2_energy_price_payment,Energy Price Protection Payment,2030,96000.0,71601.97,71601.97
mock2_energy_price_payment,Energy Price Protection Payment,2030,96750.0,72036.27,72036.27
mock2_energy_price_payment,Energy Price Protection Payment,2030,97500.0,72470.58,72470.58
mock2_energy_price_payment,Energy Price Protection Payment,2030,98250.0,72904.875,72904.875
mock2_energy_price_payment,Energy Price Protection Payment,2030,99000.0,73339.19,73339.19
mock2_energy_price_payment,Energy Price Protection Payment,2030,99750.0,73773.484,73773.484
mock2_energy_price_payment,Energy Price Protection Payment,2030,100500.0,74140.19,74140.19
mock2_energy_price_payment,Energy Price Protection Payment,2030,101250.0,74424.5,74424.5
mock2_energy_price_payment,Energy Price Protection Payment,2030,102000.0,74709.2,74709.2
mock2_energy_price_payment,Energy Price Protection Payment,2030,102750.0,74993.91,74993.91
mock2_energy_price_payment,Energy Price Protection Payment,2030,103500.0,75278.2,75278.2
mock2_energy_price_payment,Energy Price Protection Payment,2030,104250.0,75562.91,75562.91
mock2_energy_price_payment,Energy Price Protection Payment,2030,105000.0,75847.22,75847.22
mock2_energy_price_payment,Energy Price Protection Payment,2030,105750.0,76131.914,76131.914
mock2_energy_price_payment,Energy Price Protection Payment,2030,106500.0,76416.625,76416.625
mock2_energy_price_payment,Energy Price Protection Payment,2030,107250.0,76700.92,76700.92
mock2_energy_price_payment,Energy Price Protection Payment,2030,108000.0,76985.63,76985.63
mock2_energy_price_payment,Energy Price Protection Payment,2030,108750.0,77269.94,77269.94
mock2_energy_price_payment,Energy Price Protection Payment,2030,109500.0,77554.64,77554.64
mock2_energy_price_payment,Energy Price Protection Payment,2030,110250.0,77839.34,77839.34
mock2_energy_price_payment,Energy Price Protection Payment,2030,111000.0,78123.64,78123.64
mock2_energy_price_payment,Energy Price Protection Payment,2030,111750.0,78408.36,78408.36
mock2_energy_price_payment,Energy Price Protection Payment,2030,112500.0,78692.66,78692.66
mock2_energy_price_payment,Energy Price Protection Payment,2030,113250.0,78977.36,78977.36
mock2_energy_price_payment,Energy Price Protection Payment,2030,114000.0,79262.06,79262.06
mock2_energy_price_payment,Energy Price Protection Payment,2030,114750.0,79546.36,79546.36
mock2_energy_price_payment,Energy Price Protection Payment,2030,115500.0,79831.08,79831.08
mock2_energy_price_payment,Energy Price Protection Payment,2030,116250.0,80115.39,80115.39
mock2_energy_price_payment,Energy Price Protection Payment,2030,117000.0,80400.086,80400.086
mock2_energy_price_payment,Energy Price Protection Payment,2030,117750.0,80684.78,80684.78
mock2_energy_price_payment,Energy Price Protection Payment,2030,118500.0,80969.086,80969.086
mock2_energy_price_payment,Energy Price Protection Payment,2030,119250.0,81253.8,81253.8
mock2_energy_price_payment,Energy Price Protection Payment,2030,120000.0,81538.1,81538.1
mock2_energy_price_payment,Energy Price Protection Payment,2030,120750.0,81822.805,81822.805
mock2_energy_price_payment,Energy Price Protection Payment,2030,121500.0,82107.51,82107.51
mock2_energy_price_payment,Energy Price Protection Payment,2030,122250.0,82391.83,82391.83
mock2_energy_price_payment,Energy Price Protection Payment,2030,123000.0,82676.52,82676.52
mock2_energy_price_payment,Energy Price Protection Payment,2030,123750.0,82960.83,82960.83
mock2_energy_price_payment,Energy Price Protection Payment,2030,124500.0,83245.52,83245.52
mock2_energy_price_payment,Energy Price Protection Payment,2030,125250.0,83530.22,83530.22
mock2_energy_price_payment,Energy Price Protection Payment,2030,126000.0,83946.14,83946.14
mock2_energy_price_payment,Energy Price Protection Payment,2030,126750.0,84380.44,84380.44
mock2_energy_price_payment,Energy Price Protection Payment,2030,127500.0,84814.75,84814.75
mock2_energy_price_payment,Energy Price Protection Payment,2030,128250.0,85249.05,85249.05
mock2_energy_price_payment,Energy Price Protection Payment,2030,129000.0,85683.34,85683.34
mock2_energy_price_payment,Energy Price Protection Payment,2030,129750.0,86117.66,86117.66
mock2_energy_price_payment,Energy Price Protection Payment,2030,130500.0,86551.96,86551.96
mock2_energy_price_payment,Energy Price Protection Payment,2030,131250.0,86986.266,86986.266
mock2_energy_price_payment,Energy Price Protection Payment,2030,132000.0,87420.56,87420.56
mock2_energy_price_payment,Energy Price Protection Payment,2030,132750.0,87854.87,87854.87
mock2_energy_price_payment,Energy Price Protection Payment,2030,133500.0,88289.18,88289.18
mock2_energy_price_payment,Energy Price Protection Payment,2030,134250.0,88723.484,88723.484
mock2_energy_price_payment,Energy Price Protection Payment,2030,135000.0,89157.78,89157.78
mock2_energy_price_payment,Energy Price Protection Payment,2030,135750.0,89572.445,89572.445
mock2_energy_price_payment,Energy Price Protection Payment,2030,136500.0,89969.305,89969.305
mock2_energy_price_payment,Energy Price Protection Payment,2030,137250.0,90366.18,90366.18
mock2_energy_price_payment,Energy Price Protection Payment,2030,138000.0,90763.05,90763.05
mock2_energy_price_payment,Energy Price Protection Payment,2030,138750.0,91159.91,91159.91
mock2_energy_price_payment,Energy Price Protection Payment,2030,139500.0,91556.766,91556.766
mock2_energy_price_payment,Energy Price Protection Payment,2030,140250.0,91953.625,91953.625
mock2_energy_price_payment,Energy Price Protection Payment,2030,141000.0,92350.5,92350.5
mock2_energy_price_payment,Energy Price Protection Payment,2030,141750.0,92747.36,92747.36
mock2_energy_price_payment,Energy Price Protection Payment,2030,142500.0,93144.23,93144.23
mock2_energy_price_payment,Energy Price Protection Payment,2030,143250.0,93541.086,93541.086
mock2_energy_price_payment,Energy Price Protection Payment,2030,144000.0,93937.95,93937.95
mock2_energy_price_payment,Energy Price Protection Payment,2030,144750.0,94334.82,94334.82
mock2_energy_price_payment,Energy Price Protection Payment,2030,145500.0,94731.68,94731.68
mock2_energy_price_payment,Energy Price Protection Payment,2030,146250.0,95128.55,95128.55
mock2_energy_price_payment,Energy Price Protection Payment,2030,147000.0,95525.41,95525.41
mock2_energy_price_payment,Energy Price Protection Payment,2030,147750.0,95922.266,95922.266
mock2_energy_price_payment,Energy Price Protection Payment,2030,148500.0,96319.14,96319.14
mock2_energy_price_payment,Energy Price Protection Payment,2030,149250.0,96716.0,96716.0
mock2_energy_price_payment,Energy Price Protection Payment,2030,150000.0,97112.86,97112.86
